product_row_id,product_id,product_name,domain,k_cluster,analytical_role,body_role,primary_tail_type,assignment_basis,fallback_assignment_flag,flag_loss,flag_volatility,flag_impact,n_tail_flags,total_sales,profit_margin,n_orders,cv_not_estimable,cv_order_profit_raw,cv_order_profit_model,primary_action,compound_overlap_flag,assignment_instability,instability_margin,instability_source,deterioration_level,concentration_level,primary_signal,n_active_signals,escalation_status,final_intervention,total_profit,mean_order_profit,cv_order_profit,pct_orders_loss,profit_scale
0,TEC-CO-10004722,Canon imageCLASS 2200 Advanced Copier,Extreme Tail,Unclustered,Extreme Impact Tail,,Extreme Impact Tail,profit_scale_above_body_p95,False,False,False,True,1,61599.824,0.40909090909090906,5,False,0.5499442985887083,0.5499442985887083,Optimize,False,none,0.9731982210425365,excess_over_impact_p95,none,extreme,Extreme Concentration,1,Reroute Action,Reroute to Correct,25199.928,5039.9856,0.5499442985887083,0.0,1.0
1,OFF-BI-10003527,Fellowes PB500 Electric Punch Plastic Comb Binding Machine with Manual Bind,Extreme Tail,Unclustered,Extreme Impact Tail,,Extreme Impact Tail,profit_scale_above_body_p95,False,False,False,True,1,27453.384,0.28240740740740744,10,False,2.0137278562785217,2.0137278562785217,Optimize,False,none,0.28085937785219084,excess_over_impact_p95,moderate,extreme,Extreme Concentration,2,Reroute Action,Reroute to Correct,7753.039,775.3039,2.0137278562785217,0.2,0.3076611568096544
2,TEC-CO-10001449,Hewlett Packard LaserJet 3310 Copier,Extreme Tail,Unclustered,Extreme Impact Tail,,Extreme Impact Tail,profit_scale_above_body_p95,False,False,False,True,1,18839.686,0.37070063694267513,8,False,0.9420202092562737,0.9420202092562737,Optimize,False,none,0.25033725096357434,excess_over_impact_p95,none,extreme,Extreme Concentration,1,Reroute Action,Reroute to Correct,6983.8836,872.98545,0.9420202092562737,0.0,0.2771390299210379
3,TEC-CO-10003763,Canon PC1060 Personal Laser Copier,Extreme Tail,Unclustered,Extreme Impact Tail,,Extreme Impact Tail,profit_scale_above_body_p95,False,False,False,True,1,11619.834,0.3933734939759036,4,False,0.7159900715763089,0.7159900715763089,Optimize,False,none,0.15458503690962944,excess_over_impact_p95,none,extreme,Extreme Concentration,1,Reroute Action,Reroute to Correct,4570.9347,1142.733675,0.7159900715763089,0.0,0.18138681586709296
4,TEC-MA-10001127,"HP Designjet T520 Inkjet Large Format Printer - 24"" Color",Extreme Tail,Unclustered,Extreme Impact Tail,,Extreme Impact Tail,profit_scale_above_body_p95,False,False,False,True,1,18374.895,0.22285714285714284,3,False,1.4795924821274122,1.4795924821274122,Optimize,False,none,0.13569775675549567,excess_over_impact_p95,moderate,extreme,Extreme Concentration,2,Reroute Action,Reroute to Correct,4094.9766,1364.9922,1.4795924821274122,0.3333333333333333,0.1624995357129592
5,TEC-MA-10003979,Ativa V4110MDD Micro-Cut Shredder,Extreme Tail,Unclustered,Extreme Impact Tail,,Extreme Impact Tail,profit_scale_above_body_p95,False,False,False,True,1,7699.89,0.49,2,False,0.3856428210156909,0.3856428210156909,Optimize,False,none,0.1229187321487587,excess_over_impact_p95,none,extreme,Extreme Concentration,1,Reroute Action,Reroute to Correct,3772.9461,1886.47305,0.3856428210156909,0.0,0.14972051110622223
6,TEC-MA-10001047,"3D Systems Cube Printer, 2nd Generation, Magenta",Extreme Tail,Unclustered,Extreme Impact Tail,,Extreme Impact Tail,profit_scale_above_body_p95,False,False,False,True,1,14299.89,0.26,2,False,0.3856420553880657,0.3856420553880657,Optimize,False,none,0.12073719020149598,excess_over_impact_p95,none,extreme,Extreme Concentration,1,Reroute Action,Reroute to Correct,3717.9714000000004,1858.9857000000002,0.3856420553880657,0.0,0.1475389691589595
7,TEC-AC-10002049,Plantronics Savi W720 Multi-Device Wireless Headset System,Extreme Tail,Unclustered,Extreme Impact Tail,,Extreme Impact Tail,profit_scale_above_body_p95,False,False,False,True,1,9367.289999999999,0.3945945945945946,7,False,0.3444449827627768,0.3444449827627768,Optimize,False,none,0.11987649726618282,excess_over_impact_p95,none,extreme,Extreme Concentration,1,Reroute Action,Reroute to Correct,3696.2819999999997,528.0402857142857,0.3444449827627768,0.0,0.14667827622364635
8,OFF-BI-10001120,Ibico EPK-21 Electric Binding System,Extreme Tail,Unclustered,Extreme Impact Tail,,Extreme Impact Tail,profit_scale_above_body_p95,False,False,False,True,1,15875.916000000001,0.2107142857142857,3,False,3.4138792943345844,3.4138792943345844,Optimize,False,none,0.10594789794637524,excess_over_impact_p95,severe,extreme,Severe Deterioration,2,Reroute Action,Reroute to Correct,3345.2823,1115.0941,3.4138792943345844,0.3333333333333333,0.13274967690383876
9,TEC-MA-10000045,Zebra ZM400 Thermal Label Printer,Extreme Tail,Unclustered,Extreme Impact Tail,,Extreme Impact Tail,profit_scale_above_body_p95,False,False,False,True,1,6965.700000000001,0.48,2,False,0.4713330979314393,0.4713330979314393,Optimize,False,none,0.10587860012933387,excess_over_impact_p95,none,extreme,Extreme Concentration,1,Reroute Action,Reroute to Correct,3343.536,1671.768,0.4713330979314393,0.0,0.1326803790867974
10,OFF-AP-10002945,Honeywell Enviracaire Portable HEPA Air Cleaner for 17' x 22' Room,Extreme Tail,Unclustered,Extreme Impact Tail,,Extreme Impact Tail,profit_scale_above_body_p95,False,False,False,True,1,11304.44,0.28723404255319146,8,False,0.5731442900030385,0.5731442900030385,Optimize,False,none,0.10204858918644547,excess_over_impact_p95,none,extreme,Extreme Concentration,1,Reroute Action,Reroute to Correct,3247.02,405.8775,0.5731442900030385,0.0,0.128850368143909
11,TEC-CO-10002095,Hewlett Packard 610 Color Digital Copier / Printer,Extreme Tail,Unclustered,Extreme Impact Tail,,Extreme Impact Tail,profit_scale_above_body_p95,False,False,False,True,1,8899.822,0.35112359550561795,7,False,0.5918082938419217,0.5918082938419217,Optimize,False,none,0.09720403169405897,excess_over_impact_p95,none,extreme,Extreme Concentration,1,Reroute Action,Reroute to Correct,3124.9375,446.41964285714283,0.5918082938419217,0.0,0.1240058106515225
12,TEC-AC-10003033,Plantronics CS510 - Over-the-Head monaural Wireless Headset System,Extreme Tail,Unclustered,Extreme Impact Tail,,Extreme Impact Tail,profit_scale_above_body_p95,False,False,False,True,1,10822.36,0.2850609756097561,10,False,0.8124992383271485,0.8124992383271485,Optimize,False,none,0.09562049542363787,excess_over_impact_p95,none,extreme,Extreme Concentration,1,Reroute Action,Reroute to Correct,3085.0325,308.50325,0.8124992383271485,0.0,0.1224222743811014
13,TEC-CO-10001046,Canon Imageclass D680 Copier / Fax,Extreme Tail,Unclustered,Extreme Impact Tail,,Extreme Impact Tail,profit_scale_above_body_p95,False,False,False,True,1,8959.872,0.3125,5,False,0.7638431563548297,0.7638431563548297,Optimize,False,none,0.08430806230874963,excess_over_impact_p95,none,extreme,Extreme Concentration,1,Reroute Action,Reroute to Correct,2799.96,559.992,0.7638431563548297,0.0,0.11110984126621315
14,OFF-BI-10003925,Fellowes PB300 Plastic Comb Binding Machine,Extreme Tail,Unclustered,Extreme Impact Tail,,Extreme Impact Tail,profit_scale_above_body_p95,False,False,False,True,1,8070.191999999999,0.3120192307692308,6,False,1.4889215427966003,1.4889215427966003,Optimize,False,none,0.07312132796569912,excess_over_impact_p95,none,extreme,Extreme Concentration,1,Reroute Action,Reroute to Correct,2518.0551,419.67585,1.4889215427966003,0.16666666666666666,0.09992310692316264
15,OFF-BI-10004600,Ibico Ibimaster 300 Manual Binding System,Extreme Tail,Unclustered,Extreme Impact Tail,,Extreme Impact Tail,profit_scale_above_body_p95,False,False,False,True,1,7985.383000000001,0.29032258064516125,8,False,1.1477594278951935,1.1477594278951935,Optimize,False,none,0.06519598389328748,excess_over_impact_p95,none,extreme,Extreme Concentration,1,Reroute Action,Reroute to Correct,2318.337,289.792125,1.1477594278951935,0.125,0.09199776285075101
16,TEC-AC-10003870,Logitech Z-906 Speaker sys - home theater - 5.1-CH,Extreme Tail,Unclustered,Extreme Impact Tail,,Extreme Impact Tail,profit_scale_above_body_p95,False,False,False,True,1,5609.83,0.4,4,False,0.22517528166542125,0.22517528166542125,Optimize,False,none,0.062243396092242984,excess_over_impact_p95,none,extreme,Extreme Concentration,1,Reroute Action,Reroute to Correct,2243.9320000000002,560.9830000000001,0.22517528166542125,0.0,0.08904517504970651
17,OFF-BI-10001359,GBC DocuBind TL300 Electric Binding System,Extreme Tail,Unclustered,Extreme Impact Tail,,Extreme Impact Tail,profit_scale_above_body_p95,False,False,False,True,1,19823.479,0.11266968325791857,11,False,5.171399939695551,5.171399939695551,Optimize,False,none,0.061829629037035524,excess_over_impact_p95,severe,extreme,Severe Deterioration,2,Reroute Action,Reroute to Correct,2233.5051000000003,203.04591818181822,5.171399939695551,0.36363636363636365,0.08863140799449905
18,TEC-AC-10001838,Razer Tiamat Over Ear 7.1 Surround Sound PC Gaming Headset,Extreme Tail,Unclustered,Extreme Impact Tail,,Extreme Impact Tail,profit_scale_above_body_p95,False,False,False,True,1,5119.744000000001,0.42109375,7,False,0.7145632351946719,0.7145632351946719,Optimize,False,none,0.05874974325323487,excess_over_impact_p95,none,extreme,Extreme Concentration,1,Reroute Action,Reroute to Correct,2155.8922000000002,307.98460000000006,0.7145632351946719,0.0,0.0855515222106984
19,TEC-CO-10001766,Canon PC940 Copier,Extreme Tail,Unclustered,Extreme Impact Tail,,Extreme Impact Tail,profit_scale_above_body_p95,False,False,False,True,1,5669.874,0.36904761904761907,3,False,1.005486568154644,1.005486568154644,Optimize,False,none,0.056232327330459214,excess_over_impact_p95,none,extreme,Extreme Concentration,1,Reroute Action,Reroute to Correct,2092.4535,697.4845,1.005486568154644,0.0,0.08303410628792274
20,TEC-CO-10004115,Sharp AL-1530CS Digital Copier,Clustered Body,2,High-Impact Profit Cluster,High-Impact Profit Cluster,,,False,False,False,False,0,6399.872,0.32265625000000003,4,False,0.684530390880185,0.684530390880185,Optimize,False,none,0.36099253453408653,cluster_margin,none,extreme,Extreme Concentration,1,Reroute Action,Reroute to Correct,2064.9587,516.239675,0.684530390880185,0.0,0.08194303967852608
21,OFF-ST-10001490,"Hot File 7-Pocket, Floor Stand",Clustered Body,2,High-Impact Profit Cluster,High-Impact Profit Cluster,,,False,False,False,False,0,8138.232,0.24780701754385961,13,False,0.7893485140324467,0.7893485140324467,Optimize,False,none,0.4600653153145024,cluster_margin,none,extreme,Extreme Concentration,1,Reroute Action,Reroute to Correct,2016.7109999999998,155.13161538461537,0.7893485140324467,0.0,0.08002844293840838
22,TEC-MA-10002927,Canon imageCLASS MF7460 Monochrome Digital Laser Multifunction Copier,Extreme Tail,Unclustered,Extreme Impact Tail,,Extreme Impact Tail,profit_scale_above_body_p95,False,False,False,True,1,3991.98,0.5,1,True,,0.0,Optimize,False,none,0.052404399726856524,excess_over_impact_p95,none,extreme,Extreme Concentration,1,Reroute Action,Reroute to Correct,1995.99,1995.99,0.0,0.0,0.07920617868432005
23,TEC-CO-10002313,Canon PC1080F Personal Copier,Clustered Body,2,High-Impact Profit Cluster,High-Impact Profit Cluster,,,False,False,False,False,0,5999.9,0.329,4,False,0.400503305140623,0.400503305140623,Optimize,False,none,0.3780414643664419,cluster_margin,none,extreme,Extreme Concentration,1,Reroute Action,Reroute to Correct,1973.9670999999998,493.49177499999996,0.400503305140623,0.0,0.07833225158421087
24,OFF-ST-10003208,Adjustable Depth Letter/Legal Cart,Clustered Body,2,High-Impact Profit Cluster,High-Impact Profit Cluster,,,False,False,False,False,0,7730.196,0.25,11,False,0.9922445838887066,0.9922445838887066,Optimize,False,none,0.4942813991892964,cluster_margin,none,extreme,Extreme Concentration,1,Reroute Action,Reroute to Correct,1932.549,175.68627272727272,0.9922445838887066,0.0,0.07668867149144236
25,FUR-CH-10000454,"Hon Deluxe Fabric Upholstered Stacking Chairs, Rounded Back",Clustered Body,2,High-Impact Profit Cluster,High-Impact Profit Cluster,,,False,False,False,False,0,10637.528,0.1811926605504587,12,False,1.0575878425478131,1.0575878425478131,Optimize,False,none,0.48629724876994335,cluster_margin,none,extreme,Extreme Concentration,1,Reroute Action,Reroute to Correct,1927.442,160.62016666666668,1.0575878425478131,0.0,0.07648601218225703
26,TEC-PH-10001459,Samsung Galaxy Mega 6.3,Clustered Body,2,High-Impact Profit Cluster,High-Impact Profit Cluster,,,False,False,False,False,0,13943.668,0.13072289156626507,6,False,0.8255571405453624,0.8255571405453624,Optimize,False,none,0.5133795282983975,cluster_margin,none,extreme,Extreme Concentration,1,Reroute Action,Reroute to Correct,1822.7566000000002,303.7927666666667,0.8255571405453624,0.0,0.07233181777344762
27,TEC-CO-10003236,Canon Image Class D660 Copier,Extreme Tail,Unclustered,Extreme Impact Tail,,Extreme Impact Tail,profit_scale_above_body_p95,False,False,False,True,1,3959.9339999999997,0.4272727272727273,2,False,0.8923923988881765,0.8923923988881765,Optimize,False,none,0.040340150971860084,excess_over_impact_p95,none,extreme,Extreme Concentration,1,Reroute Action,Reroute to Correct,1691.9718,845.9859,0.8923923988881765,0.0,0.06714192992932361
28,TEC-MA-10003673,Hewlett-Packard Desktjet 6988DT Refurbished Printer,Extreme Tail,Unclustered,Extreme Impact Tail,,Extreme Impact Tail,profit_scale_above_body_p95,False,False,False,True,1,3404.5,0.49,1,True,,0.0,Optimize,False,none,0.03939702129307687,excess_over_impact_p95,none,extreme,Extreme Concentration,1,Reroute Action,Reroute to Correct,1668.205,1668.205,0.0,0.0,0.0661988002505404
29,OFF-AP-10000275,"Sanyo Counter Height Refrigerator with Crisper, 3.6 Cubic Foot, Stainless Steel/Black",Clustered Body,2,High-Impact Profit Cluster,High-Impact Profit Cluster,,,False,False,False,False,0,5906.52,0.28,3,False,0.28854253973178534,0.28854253973178534,Optimize,False,none,0.3546599358300113,cluster_margin,none,extreme,Extreme Concentration,1,Reroute Action,Reroute to Correct,1653.8256000000001,551.2752,0.28854253973178534,0.0,0.06562818750910718
30,TEC-CO-10001571,Sharp 1540cs Digital Laser Copier,Clustered Body,2,High-Impact Profit Cluster,High-Impact Profit Cluster,,,False,False,False,False,0,4399.92,0.375,7,False,0.3737640359252405,0.3737640359252405,Optimize,False,none,0.5883912141741193,cluster_margin,none,extreme,Extreme Concentration,1,Reroute Action,Reroute to Correct,1649.97,235.71,0.3737640359252405,0.0,0.06547518707196306
31,TEC-AC-10003832,Logitech P710e Mobile Speakerphone,Clustered Body,2,High-Impact Profit Cluster,High-Impact Profit Cluster,,,False,False,False,False,0,10196.604,0.16136363636363638,9,False,1.1033645225252893,1.1033645225252893,Optimize,False,none,0.5679630012570069,cluster_margin,moderate,extreme,Extreme Concentration,2,Reroute Action,Reroute to Correct,1645.3611,182.8179,1.1033645225252893,0.3333333333333333,0.06529229369226769
32,OFF-ST-10002615,"Dual Level, Single-Width Filing Carts",Clustered Body,2,High-Impact Profit Cluster,High-Impact Profit Cluster,,,False,False,False,False,0,6574.544,0.24952830188679245,9,False,0.6556308663417635,0.6556308663417635,Optimize,False,none,0.5884393556023286,cluster_margin,none,extreme,Extreme Concentration,1,Reroute Action,Reroute to Correct,1640.5348,182.28164444444442,0.6556308663417635,0.0,0.06510077330379674
33,TEC-PH-10002885,Apple iPhone 5,Clustered Body,2,High-Impact Profit Cluster,High-Impact Profit Cluster,,,False,False,False,False,0,12996.6,0.124,6,False,1.9906879904097454,1.9906879904097454,Optimize,False,none,0.5663825610559882,cluster_margin,moderate,extreme,Extreme Concentration,2,Reroute Action,Reroute to Correct,1611.5784,268.5964,1.9906879904097454,0.3333333333333333,0.06395170652868533
34,OFF-BI-10003091,GBC DocuBind TL200 Manual Binding Machine,Clustered Body,2,High-Impact Profit Cluster,High-Impact Profit Cluster,,,False,False,False,False,0,4322.814,0.3683937823834197,6,False,0.6099999811799879,0.6099999811799879,Optimize,False,none,0.5931384713288661,cluster_margin,none,extreme,Extreme Concentration,1,Reroute Action,Reroute to Correct,1592.4978,265.41630000000004,0.6099999811799879,0.16666666666666666,0.06319453769867914
35,OFF-ST-10000078,Tennsco 6- and 18-Compartment Lockers,Clustered Body,2,High-Impact Profit Cluster,High-Impact Profit Cluster,,,False,False,False,False,0,10925.003999999999,0.1441747572815534,11,False,0.9134311978484574,0.9134311978484574,Optimize,False,none,0.5668084130512518,cluster_margin,moderate,extreme,Extreme Concentration,2,Reroute Action,Reroute to Correct,1575.1098,143.1918,0.9134311978484574,0.2727272727272727,0.06250453572724493
36,FUR-CH-10004063,Global Deluxe High-Back Manager's Chair,Clustered Body,2,High-Impact Profit Cluster,High-Impact Profit Cluster,,,False,False,False,False,0,8665.194,0.17986798679867988,8,False,1.5189021686028115,1.5189021686028115,Optimize,False,none,0.5899297404617865,cluster_margin,moderate,extreme,Extreme Concentration,2,Reroute Action,Reroute to Correct,1558.591,194.823875,1.5189021686028115,0.375,0.061849025917851824
37,FUR-CH-10002320,Hon Pagoda Stacking Chairs,Clustered Body,2,High-Impact Profit Cluster,High-Impact Profit Cluster,,,False,False,False,False,0,6483.796,0.23762376237623764,4,False,0.8187882187080527,0.8187882187080527,Optimize,False,none,0.48925170478373425,cluster_margin,none,extreme,Extreme Concentration,1,Reroute Action,Reroute to Correct,1540.7040000000002,385.17600000000004,0.8187882187080527,0.0,0.06113922230253992
38,OFF-LA-10003930,"Dot Matrix Printer Tape Reel Labels, White, 5000/Box",Clustered Body,2,High-Impact Profit Cluster,High-Impact Profit Cluster,,,False,False,False,False,0,3322.878,0.45680473372781066,8,False,0.5459741993104916,0.5459741993104916,Optimize,False,none,0.6386074167688826,cluster_margin,none,extreme,Extreme Concentration,1,Reroute Action,Reroute to Correct,1517.9064,189.7383,0.5459741993104916,0.0,0.06023455305110396
39,OFF-AP-10003057,Honeywell Enviracaire Portable HEPA Air Cleaner for 16' x 20' Room,Clustered Body,2,High-Impact Profit Cluster,High-Impact Profit Cluster,,,False,False,False,False,0,3855.1800000000003,0.38999999999999996,3,False,0.4458459228717705,0.4458459228717705,Optimize,False,none,0.3901234017106769,cluster_margin,none,extreme,Extreme Concentration,1,Reroute Action,Reroute to Correct,1503.5202,501.17339999999996,0.4458459228717705,0.0,0.0596636704676299
40,TEC-CO-10001943,Canon PC-428 Personal Copier,Clustered Body,2,High-Impact Profit Cluster,High-Impact Profit Cluster,,,False,False,False,False,0,4119.794,0.3567961165048544,6,False,1.0332240755303232,1.0332240755303232,Optimize,False,none,0.6438771802828692,cluster_margin,none,extreme,Extreme Concentration,1,Reroute Action,Reroute to Correct,1469.9265,244.98775,1.0332240755303232,0.0,0.05833058332547617
41,TEC-MA-10000010,Hewlett-Packard Deskjet 3050a All-in-One Color Inkjet Printer,Extreme Tail,Unclustered,Extreme Impact Tail,,Extreme Impact Tail,profit_scale_above_body_p95,False,False,False,True,1,3040.0,0.48000000000000004,1,True,,0.0,Optimize,False,none,0.031103148389947943,excess_over_impact_p95,none,extreme,Extreme Concentration,1,Reroute Action,Reroute to Correct,1459.2,1459.2,0.0,0.0,0.05790492734741147
42,TEC-AC-10004145,Logitech diNovo Edge Keyboard,Clustered Body,2,High-Impact Profit Cluster,High-Impact Profit Cluster,,,False,False,False,False,0,7399.704,0.1935810810810811,5,False,0.7681653424395101,0.7681653424395101,Optimize,False,none,0.6126035640040782,cluster_margin,none,extreme,Extreme Concentration,1,Reroute Action,Reroute to Correct,1432.4427,286.48854,0.7681653424395101,0.0,0.0568431266946477
43,FUR-CH-10004086,Hon 4070 Series Pagoda Armless Upholstered Stacking Chairs,Clustered Body,2,High-Impact Profit Cluster,High-Impact Profit Cluster,,,False,False,False,False,0,8430.997,0.1647058823529412,8,False,1.2807067491524327,1.2807067491524327,Optimize,False,none,0.6744218323224679,cluster_margin,moderate,extreme,Extreme Concentration,2,Reroute Action,Reroute to Correct,1388.6348,173.57935,1.2807067491524327,0.25,0.055104712997592696
44,OFF-ST-10001526,Iceberg Mobile Mega Data/Printer Cart,Clustered Body,2,High-Impact Profit Cluster,High-Impact Profit Cluster,,,False,False,False,False,0,5751.773999999999,0.24142259414225942,8,False,0.8125278605735409,0.8125278605735409,Optimize,False,none,0.6882413399244383,cluster_margin,none,elevated,Elevated Concentration,1,Intensify Action,Optimize (Risk-Controlled),1388.6082,173.576025,0.8125278605735409,0.0,0.05510365743902125
45,OFF-ST-10000142,Deluxe Rollaway Locking File with Drawer,Clustered Body,2,High-Impact Profit Cluster,High-Impact Profit Cluster,,,False,False,False,False,0,5572.792,0.24776119402985075,5,False,0.8236876800919387,0.8236876800919387,Optimize,False,none,0.6371648863517556,cluster_margin,none,elevated,Elevated Concentration,1,Intensify Action,Optimize (Risk-Controlled),1380.7216,276.14432,0.8236876800919387,0.0,0.05479069622738605
46,TEC-MA-10000488,Bady BDG101FRU Card Printer,Clustered Body,2,High-Impact Profit Cluster,High-Impact Profit Cluster,,,False,False,False,False,0,9279.884,0.14310344827586208,4,False,1.7955482874930948,1.7955482874930948,Optimize,False,none,0.5646354474081964,cluster_margin,moderate,extreme,Extreme Concentration,2,Reroute Action,Reroute to Correct,1327.9834,331.99585,1.7955482874930948,0.25,0.052697904533695494
47,FUR-CH-10001854,Office Star - Professional Matrix Back Chair with 2-to-1 Synchro Tilt and Mesh Fabric Seat,Clustered Body,2,High-Impact Profit Cluster,High-Impact Profit Cluster,,,False,False,False,False,0,8774.5,0.14880000000000002,8,False,1.3025083127895511,1.3025083127895511,Optimize,False,none,0.7177829294687961,cluster_margin,moderate,extreme,Extreme Concentration,2,Reroute Action,Reroute to Correct,1305.6456,163.2057,1.3025083127895511,0.0,0.05181148136613724
48,FUR-CH-10002073,Hon Olson Stacker Chairs,Clustered Body,2,High-Impact Profit Cluster,High-Impact Profit Cluster,,,False,False,False,False,0,5427.99,0.2380487804878049,4,False,0.6509441049380426,0.6509441049380426,Optimize,False,none,0.5863516352464256,cluster_margin,none,elevated,Elevated Concentration,1,Intensify Action,Optimize (Risk-Controlled),1292.1264,323.0316,0.6509441049380426,0.0,0.05127500364286756
49,OFF-PA-10000994,Xerox 1915,Clustered Body,2,High-Impact Profit Cluster,High-Impact Profit Cluster,,,False,False,False,False,0,2789.0099999999998,0.45263157894736844,9,False,0.6889146323541039,0.6889146323541039,Optimize,False,none,0.6950413238319242,cluster_margin,none,elevated,Elevated Concentration,1,Intensify Action,Optimize (Risk-Controlled),1262.394,140.266,0.6889146323541039,0.0,0.05009514312898037
50,OFF-ST-10001496,Standard Rollaway File with Lock,Clustered Body,2,High-Impact Profit Cluster,High-Impact Profit Cluster,,,False,False,False,False,0,6594.954,0.19125683060109291,10,False,0.6612443994105858,0.6612443994105858,Optimize,False,none,0.6571671352144413,cluster_margin,none,elevated,Elevated Concentration,1,Intensify Action,Optimize (Risk-Controlled),1261.3300000000002,126.13300000000001,0.6612443994105858,0.0,0.05005292078612289
51,FUR-FU-10002937,"GE 48"" Fluorescent Tube, Cool White Energy Saver, 34 Watts, 30/Box",Clustered Body,2,High-Impact Profit Cluster,High-Impact Profit Cluster,,,False,False,False,False,0,2699.056,0.46691176470588236,8,False,0.6284042964945493,0.6284042964945493,Optimize,False,none,0.7314873464726331,cluster_margin,none,elevated,Elevated Concentration,1,Intensify Action,Optimize (Risk-Controlled),1260.221,157.527625,0.6284042964945493,0.0,0.05000891272387763
52,OFF-ST-10003306,Letter Size Cart,Clustered Body,2,High-Impact Profit Cluster,High-Impact Profit Cluster,,,False,False,False,False,0,4600.092,0.27236024844720497,8,False,0.7173873674109597,0.7173873674109597,Optimize,False,none,0.7342132923406379,cluster_margin,none,elevated,Elevated Concentration,1,Intensify Action,Optimize (Risk-Controlled),1252.8822,156.610275,0.7173873674109597,0.0,0.04971768966958953
53,FUR-CH-10002335,Hon GuestStacker Chair,Clustered Body,2,High-Impact Profit Cluster,High-Impact Profit Cluster,,,False,False,False,False,0,6936.102,0.17777777777777778,9,False,0.9664013832573646,0.9664013832573646,Optimize,False,none,0.6997339733123132,cluster_margin,none,elevated,Elevated Concentration,1,Intensify Action,Optimize (Risk-Controlled),1233.0848,137.00942222222224,0.9664013832573646,0.0,0.04893207631386884
54,TEC-AC-10004666,Maxell iVDR EX 500GB Cartridge,Extreme Tail,Unclustered,Extreme Impact Tail,,Extreme Impact Tail,profit_scale_above_body_p95,False,False,False,True,1,2755.4,0.43000000000000005,2,False,0.5654436276172715,0.5654436276172715,Optimize,False,none,0.020215101408226414,excess_over_impact_p95,none,elevated,Elevated Concentration,1,Intensify Action,Optimize (Risk-Controlled),1184.8220000000001,592.4110000000001,0.5654436276172715,0.0,0.04701688036568994
55,FUR-CH-10004287,SAFCO Arco Folding Chair,Clustered Body,2,High-Impact Profit Cluster,High-Impact Profit Cluster,,,False,False,False,False,0,11572.78,0.10190930787589499,13,False,0.9979566520497098,0.9979566520497098,Optimize,False,none,0.5381515689601002,cluster_margin,none,elevated,Elevated Concentration,1,Intensify Action,Optimize (Risk-Controlled),1179.374,90.72107692307692,0.9979566520497098,0.23076923076923078,0.04680068927181062
56,TEC-PH-10000984,Panasonic KX-TG9471B,Clustered Body,2,High-Impact Profit Cluster,High-Impact Profit Cluster,,,False,False,False,False,0,4978.146000000001,0.23464566929133857,7,False,0.553518322770749,0.553518322770749,Optimize,False,none,0.7939452230929801,cluster_margin,none,elevated,Elevated Concentration,1,Intensify Action,Optimize (Risk-Controlled),1168.1004,166.8714857142857,0.553518322770749,0.0,0.046353322914255944
57,TEC-CO-10004202,Brother DCP1000 Digital 3 in 1 Multifunction Machine,Clustered Body,2,High-Impact Profit Cluster,High-Impact Profit Cluster,,,False,False,False,False,0,4859.838,0.23765432098765435,7,False,0.5292738994143878,0.5292738994143878,Optimize,False,none,0.7977137697250682,cluster_margin,none,elevated,Elevated Concentration,1,Intensify Action,Optimize (Risk-Controlled),1154.9615000000001,164.99450000000002,0.5292738994143878,0.0,0.04583193650394557
58,TEC-PH-10003072,Panasonic KX-TG9541B DECT 6.0 Digital 2-Line Expandable Cordless Phone With Digital Answering System,Clustered Body,2,High-Impact Profit Cluster,High-Impact Profit Cluster,,,False,False,False,False,0,3059.7960000000003,0.375,5,False,1.0891066535718366,1.0891066535718366,Optimize,False,none,0.7748326781021733,cluster_margin,none,elevated,Elevated Concentration,1,Intensify Action,Optimize (Risk-Controlled),1147.4235,229.48470000000003,1.0891066535718366,0.0,0.045532808665167616
59,OFF-ST-10001780,Tennsco 16-Compartment Lockers with Coat Rack,Clustered Body,2,High-Impact Profit Cluster,High-Impact Profit Cluster,,,False,False,False,False,0,7515.523999999999,0.1482758620689655,5,False,1.1128318070450793,1.1128318070450793,Optimize,False,none,0.7982892807026422,cluster_margin,none,elevated,Elevated Concentration,1,Intensify Action,Optimize (Risk-Controlled),1114.3708,222.87416,1.1128318070450793,0.0,0.04422118983832017
60,OFF-ST-10002011,Smead Adjustable Mobile File Trolley with Lockable Top,Clustered Body,2,High-Impact Profit Cluster,High-Impact Profit Cluster,,,False,False,False,False,0,4778.766,0.23157894736842105,3,False,1.010797155773716,1.010797155773716,Optimize,False,none,0.5252208477216117,cluster_margin,none,elevated,Elevated Concentration,1,Intensify Action,Optimize (Risk-Controlled),1106.6616,368.88719999999995,1.010797155773716,0.0,0.04391526832933808
61,TEC-PH-10002624,Samsung Galaxy S4 Mini,Clustered Body,2,High-Impact Profit Cluster,High-Impact Profit Cluster,,,False,False,False,False,0,6109.87,0.18076923076923077,5,False,0.845427217098671,0.845427217098671,Optimize,False,none,0.8053571840001417,cluster_margin,none,elevated,Elevated Concentration,1,Intensify Action,Optimize (Risk-Controlled),1104.4765,220.8953,0.845427217098671,0.0,0.043828557764133295
62,TEC-MA-10002428,Fellowes Powershred HS-440 4-Sheet High Security Shredder,Clustered Body,2,High-Impact Profit Cluster,High-Impact Profit Cluster,,,False,False,False,False,0,2541.8360000000002,0.42987804878048785,3,False,0.9659508526144585,0.9659508526144585,Optimize,False,none,0.5313920546878693,cluster_margin,none,elevated,Elevated Concentration,1,Intensify Action,Optimize (Risk-Controlled),1092.6795000000002,364.22650000000004,0.9659508526144585,0.0,0.043360421505966217
63,OFF-BI-10004318,Ibico EB-19 Dual Function Manual Binding System,Clustered Body,2,High-Impact Profit Cluster,High-Impact Profit Cluster,,,False,False,False,False,0,3234.913,0.3358288770053476,8,False,0.9011228112572307,0.9011228112572307,Optimize,False,none,0.7608210898973055,cluster_margin,none,elevated,Elevated Concentration,1,Intensify Action,Optimize (Risk-Controlled),1086.3772,135.79715,0.9011228112572307,0.125,0.04311032952157641
64,TEC-PH-10001795,ClearOne CHATAttach 160 - speaker phone,Clustered Body,2,High-Impact Profit Cluster,High-Impact Profit Cluster,,,False,False,False,False,0,6695.892,0.15740740740740744,4,False,1.3622462861914622,1.3622462861914622,Optimize,False,none,0.7019871125200698,cluster_margin,moderate,extreme,Extreme Concentration,2,Reroute Action,Reroute to Correct,1053.9830000000002,263.49575000000004,1.3622462861914622,0.25,0.041824841721770006
65,FUR-CH-10003746,Hon 4070 Series Pagoda Round Back Stacking Chairs,Clustered Body,2,High-Impact Profit Cluster,High-Impact Profit Cluster,,,False,False,False,False,0,5906.032,0.1782608695652174,7,False,1.2553685785530624,1.2553685785530624,Optimize,False,none,0.7449435952105224,cluster_margin,moderate,extreme,Extreme Concentration,2,Reroute Action,Reroute to Correct,1052.8144,150.40205714285713,1.2553685785530624,0.2857142857142857,0.04177846857340227
66,OFF-BI-10004390,GBC DocuBind 200 Manual Binding Machine,Clustered Body,2,High-Impact Profit Cluster,High-Impact Profit Cluster,,,False,False,False,False,0,4209.799999999999,0.25000000000000006,4,False,1.893012460286006,1.893012460286006,Optimize,False,none,0.6980956144657692,cluster_margin,moderate,extreme,Extreme Concentration,2,Reroute Action,Reroute to Correct,1052.45,263.1125,1.893012460286006,0.25,0.04176400821462665
67,TEC-PH-10004586,Wilson SignalBoost 841262 DB PRO Amplifier Kit,Clustered Body,2,High-Impact Profit Cluster,High-Impact Profit Cluster,,,False,False,False,False,0,5327.259999999999,0.19594594594594597,6,False,1.262884135587212,1.262884135587212,Optimize,False,none,0.8793131970536266,cluster_margin,moderate,extreme,Extreme Concentration,2,Reroute Action,Reroute to Correct,1043.855,173.97583333333333,1.262884135587212,0.16666666666666666,0.04142293581156264
68,TEC-PH-10000730,Samsung Galaxy S4 Active,Clustered Body,2,High-Impact Profit Cluster,High-Impact Profit Cluster,,,False,False,False,False,0,3999.92,0.26,2,False,1.0601436895552154,1.0601436895552154,Optimize,False,none,0.36334342807193926,cluster_margin,none,elevated,Elevated Concentration,1,Intensify Action,Optimize (Risk-Controlled),1039.9792,519.9896,1.0601436895552154,0.0,0.04126913378482669
69,TEC-AC-10004171,Razer Kraken 7.1 Surround Sound Over Ear USB Gaming Headset,Clustered Body,2,High-Impact Profit Cluster,High-Impact Profit Cluster,,,False,False,False,False,0,2619.738,0.3801526717557252,6,False,0.7860922527706153,0.7860922527706153,Optimize,False,none,0.8766421260958008,cluster_margin,none,elevated,Elevated Concentration,1,Intensify Action,Optimize (Risk-Controlled),995.9004,165.9834,0.7860922527706153,0.0,0.039519970057057305
70,FUR-CH-10004675,"Lifetime Advantage Folding Chairs, 4/Carton",Clustered Body,2,High-Impact Profit Cluster,High-Impact Profit Cluster,,,False,False,False,False,0,5212.112,0.18661087866108786,7,False,1.2141191806071445,1.2141191806071445,Optimize,False,none,0.7094907534678137,cluster_margin,moderate,extreme,Extreme Concentration,2,Reroute Action,Reroute to Correct,972.6368,138.9481142857143,1.2141191806071445,0.2857142857142857,0.038596808689294666
71,TEC-PH-10001760,Bose SoundLink Bluetooth Speaker,Clustered Body,2,High-Impact Profit Cluster,High-Impact Profit Cluster,,,False,False,False,False,0,2865.6000000000004,0.33749999999999997,5,False,0.6945970306470957,0.6945970306470957,Optimize,False,none,0.897729019255183,cluster_margin,none,elevated,Elevated Concentration,1,Intensify Action,Optimize (Risk-Controlled),967.14,193.428,0.6945970306470957,0.0,0.03837868108194595
72,OFF-AP-10001058,Sanyo 2.5 Cubic Foot Mid-Size Office Refrigerators,Clustered Body,2,High-Impact Profit Cluster,High-Impact Profit Cluster,,,False,False,False,False,0,4476.96,0.21375,4,False,1.207932848495508,1.207932848495508,Optimize,False,none,0.7799031621564738,cluster_margin,none,elevated,Elevated Concentration,1,Intensify Action,Optimize (Risk-Controlled),956.9502,239.23755,1.207932848495508,0.0,0.03797432278377938
73,FUR-CH-10001215,Global Troy Executive Leather Low-Back Tilter,Clustered Body,2,High-Impact Profit Cluster,High-Impact Profit Cluster,,,False,False,False,False,0,12975.382,0.07335907335907337,9,False,1.1005104536813453,1.1005104536813453,Optimize,False,none,0.6059893237909826,cluster_margin,none,elevated,Elevated Concentration,1,Intensify Action,Optimize (Risk-Controlled),951.862,105.76244444444444,1.1005104536813453,0.1111111111111111,0.03777240950847161
74,TEC-PH-10003012,Nortel Meridian M3904 Professional Digital phone,Clustered Body,2,High-Impact Profit Cluster,High-Impact Profit Cluster,,,False,False,False,False,0,4434.912,0.21111111111111108,10,False,0.5838275122331477,0.5838275122331477,Optimize,False,none,0.5084313859491951,cluster_margin,none,elevated,Elevated Concentration,1,Intensify Action,Optimize (Risk-Controlled),936.2592,93.62592,0.5838275122331477,0.0,0.03715324900928288
75,FUR-CH-10003379,Global Commerce Series High-Back Swivel/Tilt Chairs,Clustered Body,2,High-Impact Profit Cluster,High-Impact Profit Cluster,,,False,False,False,False,0,7979.4400000000005,0.11607142857142858,9,False,1.5895648446868296,1.5895648446868296,Optimize,False,none,0.4471315248177235,cluster_margin,severe,extreme,Severe Deterioration,2,Reroute Action,Reroute to Correct,926.1850000000001,102.90944444444445,1.5895648446868296,0.4444444444444444,0.036753478025810235
76,TEC-PH-10002496,Cisco SPA301,Clustered Body,2,High-Impact Profit Cluster,High-Impact Profit Cluster,,,False,False,False,False,0,4180.532,0.21641791044776118,9,False,1.7902490537332827,1.7902490537332827,Optimize,False,none,0.545038501851233,cluster_margin,moderate,extreme,Extreme Concentration,2,Reroute Action,Reroute to Correct,904.742,100.52688888888889,1.7902490537332827,0.1111111111111111,0.03590256289621145
77,TEC-PH-10000895,Polycom VVX 310 VoIP phone,Clustered Body,2,High-Impact Profit Cluster,High-Impact Profit Cluster,,,False,False,False,False,0,6227.654,0.1445086705202312,8,False,1.4091576620686486,1.4091576620686486,Optimize,False,none,0.6221620109001939,cluster_margin,moderate,extreme,Extreme Concentration,2,Reroute Action,Reroute to Correct,899.95,112.49375,1.4091576620686486,0.125,0.03571240362274051
78,TEC-PH-10001494,Polycom CX600 IP Phone VoIP phone,Clustered Body,2,High-Impact Profit Cluster,High-Impact Profit Cluster,,,False,False,False,False,0,4619.23,0.1941558441558442,4,False,1.4977250836881795,1.4977250836881795,Optimize,False,none,0.7760174975320469,cluster_margin,moderate,extreme,Extreme Concentration,2,Reroute Action,Reroute to Correct,896.8505000000001,224.21262500000003,1.4977250836881795,0.25,0.035589407239576244
79,TEC-AC-10004571,Logitech G700s Rechargeable Gaming Mouse,Clustered Body,2,High-Impact Profit Cluster,High-Impact Profit Cluster,,,False,False,False,False,0,2339.766,0.3803418803418804,9,False,1.101099973311747,1.101099973311747,Optimize,False,none,0.5174667331042623,cluster_margin,none,elevated,Elevated Concentration,1,Intensify Action,Optimize (Risk-Controlled),889.9110000000001,98.879,1.101099973311747,0.0,0.035314029468655625
80,TEC-AC-10000990,Imation Bio 2GB USB Flash Drive Imation Corp,Clustered Body,2,High-Impact Profit Cluster,High-Impact Profit Cluster,,,False,False,False,False,0,2098.88,0.42,3,False,0.4714581968488187,0.4714581968488187,Optimize,False,none,0.633950995650249,cluster_margin,none,elevated,Elevated Concentration,1,Intensify Action,Optimize (Risk-Controlled),881.5296,293.84319999999997,0.4714581968488187,0.0,0.03498143328028556
81,TEC-MA-10000984,Okidata MB760 Printer,Clustered Body,2,High-Impact Profit Cluster,High-Impact Profit Cluster,,,False,False,False,False,0,7834.4,0.1125,2,False,0.20191443772764545,0.20191443772764545,Optimize,False,none,0.41773666686843597,cluster_margin,none,elevated,Elevated Concentration,1,Intensify Action,Optimize (Risk-Controlled),881.37,440.685,0.20191443772764545,0.0,0.03497509992885694
82,TEC-PH-10001835,Jawbone JAMBOX Wireless Bluetooth Speaker,Clustered Body,2,High-Impact Profit Cluster,High-Impact Profit Cluster,,,False,False,False,False,0,2022.272,0.43125,3,False,0.07524098878442183,0.07524098878442183,Optimize,False,none,0.6352360132842018,cluster_margin,none,elevated,Elevated Concentration,1,Intensify Action,Optimize (Risk-Controlled),872.1048000000001,290.70160000000004,0.07524098878442183,0.0,0.03460743221171109
83,FUR-CH-10000595,Safco Contoured Stacking Chairs,Clustered Body,2,High-Impact Profit Cluster,High-Impact Profit Cluster,,,False,False,False,False,0,5697.76,0.1527196652719665,8,False,0.9734314523287934,0.9734314523287934,Optimize,False,none,0.5687106021139909,cluster_margin,none,elevated,Elevated Concentration,1,Intensify Action,Optimize (Risk-Controlled),870.16,108.77,0.9734314523287934,0.0,0.03453025738803698
84,FUR-CH-10004495,"Global Leather and Oak Executive Chair, Black",Clustered Body,2,High-Impact Profit Cluster,High-Impact Profit Cluster,,,False,False,False,False,0,6410.874,0.13333333333333336,8,False,1.628899745653421,1.628899745653421,Optimize,False,none,0.5237777418702373,cluster_margin,moderate,extreme,Extreme Concentration,2,Reroute Action,Reroute to Correct,854.7832000000001,106.84790000000001,1.628899745653421,0.25,0.033920065168440164
85,OFF-PA-10004359,Multicolor Computer Printout Paper,Clustered Body,2,High-Impact Profit Cluster,High-Impact Profit Cluster,,,False,False,False,False,0,1887.3,0.45111111111111113,5,False,0.449336284455609,0.449336284455609,Optimize,False,none,0.8476277336368678,cluster_margin,none,elevated,Elevated Concentration,1,Intensify Action,Optimize (Risk-Controlled),851.3820000000001,170.27640000000002,0.449336284455609,0.0,0.03378509652884723
86,TEC-CO-10000971,Hewlett Packard 310 Color Digital Copier,Clustered Body,2,High-Impact Profit Cluster,High-Impact Profit Cluster,,,False,False,False,False,0,4199.86,0.2,6,False,1.0962523338029193,1.0962523338029193,Optimize,False,none,0.7320429391424704,cluster_margin,none,elevated,Elevated Concentration,1,Intensify Action,Optimize (Risk-Controlled),839.972,139.99533333333332,1.0962523338029193,0.0,0.03333231745741496
87,TEC-PH-10004977,GE 30524EE4,Clustered Body,2,High-Impact Profit Cluster,High-Impact Profit Cluster,,,False,False,False,False,0,5291.7300000000005,0.1585185185185185,9,False,0.9349832766203372,0.9349832766203372,Optimize,False,none,0.45401580432259825,cluster_margin,none,elevated,Elevated Concentration,1,Intensify Action,Optimize (Risk-Controlled),838.8371999999999,93.20413333333333,0.9349832766203372,0.1111111111111111,0.03328728558272071
88,FUR-CH-10000988,Hon Olson Stacker Stools,Clustered Body,2,High-Impact Profit Cluster,High-Impact Profit Cluster,,,False,False,False,False,0,5294.456,0.1574468085106383,10,False,1.4609268678026954,1.4609268678026954,Optimize,False,none,0.37610230182900317,cluster_margin,moderate,extreme,Extreme Concentration,2,Reroute Action,Reroute to Correct,833.5952,83.35952,1.4609268678026954,0.1,0.033079269115372074
89,FUR-CH-10002331,Hon 4700 Series Mobuis Mid-Back Task Chairs with Adjustable Arms,Clustered Body,2,High-Impact Profit Cluster,High-Impact Profit Cluster,,,False,False,False,False,0,7582.374,0.10985915492957747,6,False,1.3713399248257294,1.3713399248257294,Optimize,False,none,0.7255810344543543,cluster_margin,moderate,extreme,Extreme Concentration,2,Reroute Action,Reroute to Correct,832.9932,138.8322,1.3713399248257294,0.16666666666666666,0.03305538015822902
90,FUR-CH-10000015,Hon Multipurpose Stacking Arm Chairs,Clustered Body,2,High-Impact Profit Cluster,High-Impact Profit Cluster,,,False,False,False,False,0,6584.64,0.12368421052631577,6,False,1.3241547097675976,1.3241547097675976,Optimize,False,none,0.5985799271435717,cluster_margin,moderate,extreme,Extreme Concentration,2,Reroute Action,Reroute to Correct,814.4159999999999,135.736,1.3241547097675976,0.3333333333333333,0.032318187575774024
91,OFF-PA-10001970,Xerox 1908,Clustered Body,2,High-Impact Profit Cluster,High-Impact Profit Cluster,,,False,False,False,False,0,1712.9879999999998,0.46666666666666673,7,False,0.5433023901595769,0.5433023901595769,Optimize,False,none,0.5447351104820044,cluster_margin,none,elevated,Elevated Concentration,1,Intensify Action,Optimize (Risk-Controlled),799.3944,114.1992,0.5433023901595769,0.0,0.03172209063454467
92,FUR-CH-10000785,Global Ergonomic Managers Chair,Clustered Body,2,High-Impact Profit Cluster,High-Impact Profit Cluster,,,False,False,False,False,0,6008.536,0.13072289156626507,11,False,1.1474331568621319,1.1474331568621319,Optimize,False,none,0.22117832609862614,cluster_margin,moderate,extreme,Extreme Concentration,2,Reroute Action,Reroute to Correct,785.4532,71.40483636363636,1.1474331568621319,0.2727272727272727,0.031168866831683014
93,TEC-PH-10004165,Mitel MiVoice 5330e IP Phone,Clustered Body,2,High-Impact Profit Cluster,High-Impact Profit Cluster,,,False,False,False,False,0,7699.72,0.10142857142857142,9,False,1.4843538429792773,1.4843538429792773,Optimize,False,none,0.3346964462338258,cluster_margin,moderate,extreme,Extreme Concentration,2,Reroute Action,Reroute to Correct,780.9716,86.77462222222222,1.4843538429792773,0.2222222222222222,0.030991025053722376
94,FUR-BO-10002545,"Atlantic Metals Mobile 3-Shelf Bookcases, Custom Colors",Clustered Body,2,High-Impact Profit Cluster,High-Impact Profit Cluster,,,False,False,False,False,0,7539.7122,0.10349601938386985,8,False,2.169288802546086,2.169288802546086,Optimize,False,none,0.3505527750640243,cluster_margin,severe,extreme,Severe Deterioration,2,Reroute Action,Reroute to Correct,780.3302,97.541275,2.169288802546086,0.375,0.0309655726000487
95,FUR-CH-10003973,GuestStacker Chair with Chrome Finish Legs,Clustered Body,2,High-Impact Profit Cluster,High-Impact Profit Cluster,,,False,False,False,False,0,9070.944,0.08524590163934427,8,False,0.9635081975616486,0.9635081975616486,Optimize,False,none,0.39049947827591663,cluster_margin,none,elevated,Elevated Concentration,1,Intensify Action,Optimize (Risk-Controlled),773.2608,96.6576,0.9635081975616486,0.25,0.03068504005249539
96,TEC-AC-10002001,Logitech Wireless Gaming Headset G930,Clustered Body,2,High-Impact Profit Cluster,High-Impact Profit Cluster,,,False,False,False,False,0,2879.82,0.26499999999999996,6,False,0.4776810672863463,0.4776810672863463,Optimize,False,none,0.5906300500266203,cluster_margin,none,elevated,Elevated Concentration,1,Intensify Action,Optimize (Risk-Controlled),763.1523,127.19205,0.4776810672863463,0.0,0.030283907954022724
97,OFF-BI-10000545,GBC Ibimaster 500 Manual ProClick Binding System,Extreme Tail,Unclustered,Extreme Volatility Tail,,Extreme Volatility Tail,cv_above_body_p95,False,False,True,True,2,19024.5,0.03999999999999999,9,False,22.680179975447356,22.66768706900737,Contain,True,none,16.021137452302877,excess_over_cv_p95,severe,none,Tail Overlap,2,Reassess Classification,Reassess Classification,760.9799999999998,84.55333333333331,22.66768706900737,0.6666666666666666,0.030197705326777118
98,OFF-PA-10000100,Xerox 1945,Clustered Body,2,High-Impact Profit Cluster,High-Impact Profit Cluster,,,False,False,False,False,0,1696.986,0.44565217391304346,8,False,0.5737872728587345,0.5737872728587345,Optimize,False,none,0.3553471131883309,cluster_margin,none,elevated,Elevated Concentration,1,Intensify Action,Optimize (Risk-Controlled),756.2655,94.5331875,0.5737872728587345,0.0,0.030010621458918453
99,TEC-AC-10003174,Plantronics S12 Corded Telephone Headset System,Clustered Body,2,High-Impact Profit Cluster,High-Impact Profit Cluster,,,False,False,False,False,0,2242.032,0.33653846153846156,6,False,0.5665608174089078,0.5665608174089078,Optimize,False,none,0.5742909664106877,cluster_margin,none,elevated,Elevated Concentration,1,Intensify Action,Optimize (Risk-Controlled),754.5300000000001,125.75500000000001,0.5665608174089078,0.0,0.02994175221453014
100,FUR-CH-10000847,Global Executive Mid-Back Manager's Chair,Clustered Body,2,High-Impact Profit Cluster,High-Impact Profit Cluster,,,False,False,False,False,0,4626.582,0.16226415094339622,6,False,1.1996066064879758,1.1996066064879758,Optimize,False,none,0.5787804740781892,cluster_margin,none,elevated,Elevated Concentration,1,Intensify Action,Optimize (Risk-Controlled),750.7284,125.1214,1.1996066064879758,0.16666666666666666,0.029790894640651353
101,OFF-PA-10000418,Xerox 189,Clustered Body,2,High-Impact Profit Cluster,High-Impact Profit Cluster,,,False,False,False,False,0,1782.4499999999998,0.41882352941176476,6,False,0.4891801908998665,0.4891801908998665,Optimize,False,none,0.5560432505271171,cluster_margin,none,elevated,Elevated Concentration,1,Intensify Action,Optimize (Risk-Controlled),746.532,124.42200000000001,0.4891801908998665,0.0,0.029624370355343873
102,TEC-PH-10004539,Wireless Extenders zBoost YX545 SOHO Signal Booster,Clustered Body,2,High-Impact Profit Cluster,High-Impact Profit Cluster,,,False,False,False,False,0,4044.3860000000004,0.18130841121495322,7,False,1.3724699683119457,1.3724699683119457,Optimize,False,none,0.42254653273797027,cluster_margin,moderate,extreme,Extreme Concentration,2,Reroute Action,Reroute to Correct,733.2811999999999,104.75445714285713,1.3724699683119457,0.14285714285714285,0.029098543456155902
103,OFF-PA-10000675,Xerox 1919,Clustered Body,2,High-Impact Profit Cluster,High-Impact Profit Cluster,,,False,False,False,False,0,1565.818,0.46596858638743455,9,False,0.5587195671855174,0.5587195671855174,Optimize,False,none,0.2049284034891406,cluster_margin,none,elevated,Elevated Concentration,1,Intensify Action,Optimize (Risk-Controlled),729.622,81.06911111111111,0.5587195671855174,0.0,0.028953336692073086
104,TEC-AC-10002049,Logitech G19 Programmable Gaming Keyboard,Clustered Body,2,High-Impact Profit Cluster,High-Impact Profit Cluster,,,False,False,False,False,0,4389.246,0.16610169491525423,8,False,0.6508873639231483,0.6508873639231483,Optimize,False,none,0.30800258255474927,cluster_margin,none,elevated,Elevated Concentration,1,Intensify Action,Optimize (Risk-Controlled),729.0612,91.13265,0.6508873639231483,0.125,0.02893108266023617
105,TEC-AC-10003911,NETGEAR AC1750 Dual Band Gigabit Smart WiFi Router,Clustered Body,2,High-Impact Profit Cluster,High-Impact Profit Cluster,,,False,False,False,False,0,2623.8360000000002,0.27560975609756094,5,False,0.35142559609180274,0.35142559609180274,Optimize,False,none,0.6390518231265178,cluster_margin,none,elevated,Elevated Concentration,1,Intensify Action,Optimize (Risk-Controlled),723.1547999999999,144.63096,0.35142559609180274,0.0,0.02869670103819344
106,TEC-AC-10001432,Enermax Aurora Lite Keyboard,Clustered Body,2,High-Impact Profit Cluster,High-Impact Profit Cluster,,,False,False,False,False,0,1641.15,0.43999999999999995,5,False,0.5152743331993255,0.5152743331993255,Optimize,False,none,0.6403753110059346,cluster_margin,none,elevated,Elevated Concentration,1,Intensify Action,Optimize (Risk-Controlled),722.106,144.4212,0.5152743331993255,0.0,0.02865508187166249
107,TEC-AC-10001908,Logitech Wireless Headset h800,Clustered Body,2,High-Impact Profit Cluster,High-Impact Profit Cluster,,,False,False,False,False,0,2799.72,0.2571428571428572,6,False,0.5534834800181814,0.5534834800181814,Optimize,False,none,0.49674990448005957,cluster_margin,none,elevated,Elevated Concentration,1,Intensify Action,Optimize (Risk-Controlled),719.928,119.988,0.5534834800181814,0.0,0.028568653053294438
108,OFF-AP-10003849,Hoover Shoulder Vac Commercial Portable Vacuum,Clustered Body,2,High-Impact Profit Cluster,High-Impact Profit Cluster,,,False,False,False,False,0,5009.48,0.14285714285714285,6,False,2.7431734861963446,2.7431734861963446,Optimize,False,none,0.4663935216259066,cluster_margin,severe,extreme,Severe Deterioration,2,Reroute Action,Reroute to Correct,715.6399999999999,119.27333333333331,2.7431734861963446,0.16666666666666666,0.028398493836966514
109,TEC-PH-10002834,Google Nexus 5,Clustered Body,2,High-Impact Profit Cluster,High-Impact Profit Cluster,,,False,False,False,False,0,3815.7880000000005,0.18632075471698112,5,False,1.520492000732625,1.520492000732625,Optimize,False,none,0.6134220364349938,cluster_margin,moderate,extreme,Extreme Concentration,2,Reroute Action,Reroute to Correct,710.9605,142.1921,1.520492000732625,0.2,0.028212798861965004
110,OFF-PA-10003395,Xerox 1941,Clustered Body,2,High-Impact Profit Cluster,High-Impact Profit Cluster,,,False,False,False,False,0,1740.51,0.40481927710843374,5,False,0.8749139977196578,0.8749139977196578,Optimize,False,none,0.6064326112152973,cluster_margin,none,elevated,Elevated Concentration,1,Intensify Action,Optimize (Risk-Controlled),704.592,140.9184,0.8749139977196578,0.0,0.02796007988594253
111,FUR-CH-10001394,Global Leather Executive Chair,Clustered Body,2,High-Impact Profit Cluster,High-Impact Profit Cluster,,,False,False,False,False,0,5861.533,0.11976047904191614,7,False,0.7105952743745337,0.7105952743745337,Optimize,False,none,0.32604089503246064,cluster_margin,none,elevated,Elevated Concentration,1,Intensify Action,Optimize (Risk-Controlled),701.9799999999999,100.28285714285713,0.7105952743745337,0.0,0.027856428796145763
112,TEC-AC-10003095,Logitech G35 7.1-Channel Surround Sound Headset,Clustered Body,2,High-Impact Profit Cluster,High-Impact Profit Cluster,,,False,False,False,False,0,2157.8340000000003,0.32409638554216863,6,False,0.4126558159220397,0.4126558159220397,Optimize,False,none,0.44384256094254015,cluster_margin,none,elevated,Elevated Concentration,1,Intensify Action,Optimize (Risk-Controlled),699.3462,116.5577,0.4126558159220397,0.0,0.027751912624512258
113,OFF-AP-10003590,Hoover WindTunnel Plus Canister Vacuum,Clustered Body,2,High-Impact Profit Cluster,High-Impact Profit Cluster,,,False,False,False,False,0,3051.3,0.22857142857142856,3,False,0.5406767117790309,0.5406767117790309,Optimize,False,none,0.6901293625663046,cluster_margin,none,elevated,Elevated Concentration,1,Intensify Action,Optimize (Risk-Controlled),697.44,232.48000000000002,0.5406767117790309,0.0,0.02767626955124634
114,FUR-CH-10000309,Global Comet Stacking Arm Chair,Clustered Body,2,High-Impact Profit Cluster,High-Impact Profit Cluster,,,False,False,False,False,0,6084.144,0.11458333333333331,5,False,1.5883838435292992,1.5883838435292992,Optimize,False,none,0.472118853199652,cluster_margin,moderate,extreme,Extreme Concentration,2,Reroute Action,Reroute to Correct,697.1415,139.42829999999998,1.5883838435292992,0.4,0.027664424279307463
115,OFF-ST-10000585,Economy Rollaway Files,Clustered Body,2,High-Impact Profit Cluster,High-Impact Profit Cluster,,,False,False,False,False,0,3138.8,0.22105263157894733,7,False,1.0013221939840176,1.0013221939840176,Optimize,False,none,0.30532384160154447,cluster_margin,none,elevated,Elevated Concentration,1,Intensify Action,Optimize (Risk-Controlled),693.8399999999999,99.11999999999999,1.0013221939840176,0.0,0.027533412000224758
116,OFF-BI-10003656,Fellowes PB200 Plastic Comb Binding Machine,Clustered Body,2,High-Impact Profit Cluster,High-Impact Profit Cluster,,,False,False,False,False,0,4181.754,0.16585365853658537,9,False,3.1940330412324798,3.1940330412324798,Optimize,False,none,0.12414611096452106,cluster_margin,severe,extreme,Severe Deterioration,2,Reroute Action,Reroute to Correct,693.5592,77.06213333333334,3.1940330412324798,0.3333333333333333,0.02752226911124508
117,TEC-AC-10000844,Logitech Gaming G510s - Keyboard,Clustered Body,2,High-Impact Profit Cluster,High-Impact Profit Cluster,,,False,False,False,False,0,2362.7219999999998,0.2863309352517986,8,False,0.37747736751332833,0.37747736751332833,Optimize,False,none,0.14073810263783698,cluster_margin,none,elevated,Elevated Concentration,1,Intensify Action,Optimize (Risk-Controlled),676.5204,84.56505,0.37747736751332833,0.0,0.026846124322259968
118,TEC-PH-10002103,Jabra SPEAK 410,Clustered Body,0,Stable Profit Cluster,Stable Profit Cluster,,,False,False,False,False,0,3158.064,0.20714285714285716,9,False,0.7540309011470412,0.7540309011470412,Protect,False,high,0.020918584774296825,cluster_margin,none,none,High Classification Instability,1,Reassess Classification,Reassess Classification,654.1704,72.6856,0.7540309011470412,0.0,0.02595921702633436
119,TEC-MA-10004212,Cisco SPA525G2 5-Line IP Phone,Extreme Tail,Unclustered,Extreme Impact Tail,,Extreme Impact Tail,mean_order_profit_above_selected_upper_boundary,True,False,False,False,0,1379.92,0.47,1,True,,0.0,Optimize,False,high,-0.00106510224949833,excess_over_impact_p95,none,none,High Classification Instability,1,Reassess Classification,Reassess Classification,648.5624,648.5624,0.0,0.0,0.025736676707965197
120,TEC-AC-10004469,Microsoft Sculpt Comfort Mouse,Clustered Body,0,Stable Profit Cluster,Stable Profit Cluster,,,False,False,False,False,0,1574.03,0.40304568527918777,10,False,0.4474040190653655,0.4474040190653655,Protect,False,none,0.14669251438976655,cluster_margin,none,none,No Signal,0,No Escalation,Protect,634.406,63.440599999999996,0.4474040190653655,0.0,0.02517491319816469
121,OFF-EN-10000056,Cameo Buff Policy Envelopes,Clustered Body,0,Stable Profit Cluster,Stable Profit Cluster,,,False,False,False,False,0,1555.75,0.4064,8,False,0.4833810959086151,0.4833810959086151,Protect,False,high,0.008240972053444762,cluster_margin,none,none,High Classification Instability,1,Reassess Classification,Reassess Classification,632.2568,79.0321,0.4833810959086151,0.0,0.025089627240204814
122,TEC-AC-10003198,Enermax Acrylux Wireless Keyboard,Clustered Body,2,High-Impact Profit Cluster,High-Impact Profit Cluster,,,False,False,False,False,0,2450.16,0.2573170731707317,6,False,0.5876581663485707,0.5876581663485707,Optimize,False,none,0.24453694231149703,cluster_margin,none,none,No Signal,0,No Escalation,Optimize,630.468,105.07799999999999,0.5876581663485707,0.0,0.025018642910408315
123,FUR-FU-10003664,"Electrix Architect's Clamp-On Swing Arm Lamp, Black",Clustered Body,2,High-Impact Profit Cluster,High-Impact Profit Cluster,,,False,False,False,False,0,2863.8,0.21899999999999997,4,False,1.4473658762450607,1.4473658762450607,Optimize,False,none,0.5520805723063373,cluster_margin,moderate,none,Moderate Deterioration,1,Intensify Action,Optimize (Risk-Controlled),627.1722,156.79305,1.4473658762450607,0.25,0.024887856822448064
124,TEC-AC-10000892,NETGEAR N750 Dual Band Wi-Fi Gigabit Router,Clustered Body,2,High-Impact Profit Cluster,High-Impact Profit Cluster,,,False,False,False,False,0,1890.0,0.3295238095238095,7,False,0.6214545001785509,0.6214545001785509,Optimize,False,watch,0.07483910494082557,cluster_margin,none,none,Classification Instability Watch,1,Intensify Action,Optimize (Risk-Controlled),622.8,88.97142857142856,0.6214545001785509,0.0,0.02471435632673236
125,OFF-PA-10001033,Xerox 1893,Clustered Body,0,Stable Profit Cluster,Stable Profit Cluster,,,False,False,False,False,0,1434.65,0.43171428571428566,11,False,0.7590167222517781,0.7590167222517781,Protect,False,none,0.2278596103804935,cluster_margin,none,none,No Signal,0,No Escalation,Protect,619.3589,56.30535454545454,0.7590167222517781,0.0,0.024577804349282265
126,FUR-TA-10001307,"SAFCO PlanMaster Heigh-Adjustable Drafting Table Base, 43w x 30d x 30-37h, Black",Clustered Body,2,High-Impact Profit Cluster,High-Impact Profit Cluster,,,False,False,False,False,0,3739.115,0.16261682242990655,5,False,2.3533810050080617,2.3533810050080617,Optimize,False,none,0.28536312796558594,cluster_margin,severe,none,Severe Deterioration,1,Reroute Action,Reroute to Correct,608.043,121.6086,2.3533810050080617,0.4,0.024128759415503093
127,TEC-PH-10003601,"Ativa D5772 2-Line 5.8GHz Digital Expandable Corded/Cordless Phone System with Answering & Caller ID/Call Waiting, Black/Silver",Clustered Body,2,High-Impact Profit Cluster,High-Impact Profit Cluster,,,False,False,False,False,0,1979.88,0.3,4,False,0.5434039936202099,0.5434039936202099,Optimize,False,none,0.48776245713573846,cluster_margin,none,none,No Signal,0,No Escalation,Optimize,593.964,148.491,0.5434039936202099,0.0,0.023570067343049554
128,TEC-PH-10002114,Xiaomi Mi3,Extreme Tail,Unclustered,Extreme Impact Tail,,Extreme Impact Tail,mean_order_profit_above_selected_upper_boundary,True,False,False,False,0,2279.96,0.25999999999999995,1,True,,0.0,Optimize,False,high,-0.0032783149221694598,excess_over_impact_p95,none,none,High Classification Instability,1,Reassess Classification,Reassess Classification,592.7896,592.7896,0.0,0.0,0.023523464035294067
129,TEC-AC-10004975,Plantronics Audio 995 Wireless Stereo Headset,Clustered Body,2,High-Impact Profit Cluster,High-Impact Profit Cluster,,,False,False,False,False,0,1913.13,0.3068965517241379,4,False,1.036549479016619,1.036549479016619,Optimize,False,none,0.47200980836489664,cluster_margin,none,none,No Signal,0,No Escalation,Optimize,587.1329999999999,146.78324999999998,1.036549479016619,0.0,0.023298995139986112
130,OFF-AP-10002118,"1.7 Cubic Foot Compact ""Cube"" Office Refrigerators",Clustered Body,2,High-Impact Profit Cluster,High-Impact Profit Cluster,,,False,False,False,False,0,2706.08,0.21384615384615385,6,False,0.9796349482394072,0.9796349482394072,Optimize,False,watch,0.054387485629403536,cluster_margin,none,none,Classification Instability Watch,1,Intensify Action,Optimize (Risk-Controlled),578.6848,96.44746666666667,0.9796349482394072,0.0,0.022963748150391542
131,TEC-PH-10001557,Pyle PMP37LED,Clustered Body,0,Stable Profit Cluster,Stable Profit Cluster,,,False,False,False,False,0,3590.026,0.1606951871657754,10,False,0.6509690390099113,0.6509690390099113,Protect,False,none,0.29768772520820985,cluster_margin,none,none,No Signal,0,No Escalation,Protect,576.8999,57.68999,0.6509690390099113,0.0,0.022892918582941985
132,TEC-PH-10003645,Aastra 57i VoIP phone,Clustered Body,0,Stable Profit Cluster,Stable Profit Cluster,,,False,False,False,False,0,3684.708,0.15614035087719297,7,False,1.7304849386574717,1.7304849386574717,Protect,False,watch,0.07258065572623316,cluster_margin,severe,none,Severe Deterioration,2,Reroute Action,Reroute to Contain / Correct,575.3316,82.19022857142856,1.7304849386574717,0.14285714285714285,0.022830684278145556
133,OFF-PA-10003228,Xerox 1917,Clustered Body,2,High-Impact Profit Cluster,High-Impact Profit Cluster,,,False,False,False,False,0,1222.75,0.47,5,False,0.4680100623547196,0.4680100623547196,Optimize,False,none,0.2228964753968949,cluster_margin,none,none,No Signal,0,No Escalation,Optimize,574.6925,114.9385,0.4680100623547196,0.0,0.02280532309457392
134,FUR-CH-10000665,"Global Airflow Leather Mesh Back Chair, Black",Clustered Body,0,Stable Profit Cluster,Stable Profit Cluster,,,False,False,False,False,0,3955.676,0.1450381679389313,9,False,0.8405108201556761,0.8405108201556761,Protect,False,none,0.2624764352310789,cluster_margin,none,none,No Signal,0,No Escalation,Protect,573.7239999999999,63.7471111111111,0.8405108201556761,0.0,0.022766890445083808
135,TEC-PH-10001336,Digium D40 VoIP phone,Clustered Body,0,Stable Profit Cluster,Stable Profit Cluster,,,False,False,False,False,0,3044.164,0.18771186440677964,9,False,1.17955325215872,1.17955325215872,Protect,False,none,0.2516408571059124,cluster_margin,moderate,none,Moderate Deterioration,1,Intensify Action,Protect (Tight Control),571.4257,63.49174444444444,1.17955325215872,0.1111111111111111,0.022675687803552454
136,OFF-EN-10003296,Tyvek Side-Opening Peel & Seel Expanding Envelopes,Clustered Body,2,High-Impact Profit Cluster,High-Impact Profit Cluster,,,False,False,False,False,0,1266.72,0.45,5,False,0.2981446472973386,0.2981446472973386,Optimize,False,none,0.20315513304882066,cluster_margin,none,none,No Signal,0,No Escalation,Optimize,570.024,114.0048,0.2981446472973386,0.0,0.02262006462875608
137,FUR-FU-10004665,"3M Polarizing Task Lamp with Clamp Arm, Light Gray",Clustered Body,2,High-Impact Profit Cluster,High-Impact Profit Cluster,,,False,False,False,False,0,2191.68,0.26000000000000006,4,False,0.576325413836234,0.576325413836234,Optimize,False,none,0.4172931426048046,cluster_margin,none,none,No Signal,0,No Escalation,Optimize,569.8368,142.4592,0.576325413836234,0.0,0.022612636036102963
138,OFF-BI-10001718,GBC DocuBind P50 Personal Binding Machine,Clustered Body,0,Stable Profit Cluster,Stable Profit Cluster,,,False,False,False,False,0,2264.892,0.2514124293785311,10,False,2.094364754370369,2.094364754370369,Protect,False,none,0.13589089976919375,cluster_margin,severe,none,Severe Deterioration,1,Reroute Action,Reroute to Contain / Correct,569.422,56.9422,2.094364754370369,0.4,0.022596175671613032
139,FUR-BO-10004695,O'Sullivan 2-Door Barrister Bookcase in Odessa Pine,Clustered Body,0,Stable Profit Cluster,Stable Profit Cluster,,,False,False,False,False,0,4886.46,0.11592592592592592,7,False,2.501738999680875,2.501738999680875,Protect,False,watch,0.09424679558777681,cluster_margin,severe,none,Severe Deterioration,2,Reroute Action,Reroute to Contain / Correct,566.4674,80.92391428571429,2.501738999680875,0.14285714285714285,0.02247892930487738
140,OFF-AP-10000891,Kensington 7 Outlet MasterPiece HOMEOFFICE Power Control Center,Clustered Body,2,High-Impact Profit Cluster,High-Impact Profit Cluster,,,False,False,False,False,0,2491.2799999999997,0.22631578947368425,5,False,2.1133195251652843,2.1133195251652843,Optimize,False,none,0.20405078169789936,cluster_margin,severe,none,Severe Deterioration,1,Reroute Action,Reroute to Correct,563.816,112.76320000000001,2.1133195251652843,0.2,0.02237371471854999
141,OFF-BI-10001071,GBC ProClick Punch Binding System,Clustered Body,0,Stable Profit Cluster,Stable Profit Cluster,,,False,False,False,False,0,1573.908,0.3573170731707317,7,False,1.5213130295733215,1.5213130295733215,Protect,False,watch,0.08342990099697692,cluster_margin,severe,none,Severe Deterioration,2,Reroute Action,Reroute to Contain / Correct,562.3842,80.3406,1.5213130295733215,0.2857142857142857,0.022316897095896463
142,OFF-EN-10003001,Ames Color-File Green Diamond Border X-ray Mailers,Clustered Body,2,High-Impact Profit Cluster,High-Impact Profit Cluster,,,False,False,False,False,0,1360.4759999999999,0.4111111111111112,4,False,0.5022700332789917,0.5022700332789917,Optimize,False,none,0.382818748589824,cluster_margin,none,none,No Signal,0,No Escalation,Optimize,559.3068000000001,139.82670000000002,0.5022700332789917,0.0,0.022194777699364857
143,TEC-AC-10002926,Logitech Wireless Marathon Mouse M705,Clustered Body,0,Stable Profit Cluster,Stable Profit Cluster,,,False,False,False,False,0,1409.718,0.39361702127659576,8,False,0.5331467427434157,0.5331467427434157,Protect,False,none,0.2585508934466188,cluster_margin,none,none,No Signal,0,No Escalation,Protect,554.889,69.361125,0.5331467427434157,0.0,0.022019467674669547
144,OFF-AP-10001005,Honeywell Quietcare HEPA Air Cleaner,Clustered Body,0,Stable Profit Cluster,Stable Profit Cluster,,,False,False,False,False,0,1761.76,0.31205357142857143,6,False,0.5528145671577049,0.5528145671577049,Protect,False,watch,0.07121976177037799,cluster_margin,none,none,Classification Instability Watch,1,Intensify Action,Protect (Tight Control),549.7635,91.62725,0.5528145671577049,0.0,0.021816074236402583
145,TEC-PH-10003691,BlackBerry Q10,Clustered Body,0,Stable Profit Cluster,Stable Profit Cluster,,,False,False,False,False,0,3099.354,0.17682926829268292,6,False,0.8099671896204231,0.8099671896204231,Protect,False,watch,0.07676921767852667,cluster_margin,none,none,Classification Instability Watch,1,Intensify Action,Protect (Tight Control),548.0564999999999,91.34274999999998,0.8099671896204231,0.0,0.021748335947626513
146,OFF-PA-10001289,White Computer Printout Paper by Universal,Clustered Body,0,Stable Profit Cluster,Stable Profit Cluster,,,False,False,False,False,0,1279.08,0.4281818181818182,8,False,0.640469953647466,0.640469953647466,Protect,False,none,0.2789642177577139,cluster_margin,none,none,No Signal,0,No Escalation,Protect,547.6788,68.45985,0.640469953647466,0.0,0.021733347809565172
147,OFF-PA-10001878,Xerox 1891,Clustered Body,0,Stable Profit Cluster,Stable Profit Cluster,,,False,False,False,False,0,1320.57,0.4111111111111112,7,False,0.49156282058306355,0.49156282058306355,Protect,False,none,0.21760868887733778,cluster_margin,none,none,No Signal,0,No Escalation,Protect,542.9010000000001,77.55728571428573,0.49156282058306355,0.0,0.02154375202976771
148,FUR-TA-10004619,Hon Non-Folding Utility Tables,Clustered Body,2,High-Impact Profit Cluster,High-Impact Profit Cluster,,,False,False,False,False,0,3775.647,0.14345991561181434,5,False,1.2595355464095086,1.2595355464095086,Optimize,False,watch,0.09430122255599102,cluster_margin,moderate,none,Moderate Deterioration,2,Intensify Action,Optimize (Risk-Controlled),541.654,108.3308,1.2595355464095086,0.0,0.021494267761399954
149,TEC-AC-10000736,Logitech G600 MMO Gaming Mouse,Clustered Body,0,Stable Profit Cluster,Stable Profit Cluster,,,False,False,False,False,0,1615.798,0.3346534653465346,8,False,0.5576904567562531,0.5576904567562531,Protect,False,none,0.2983332894844678,cluster_margin,none,none,No Signal,0,No Escalation,Protect,540.7324,67.59155,0.5576904567562531,0.0,0.02145769622833843
150,TEC-PH-10001944,Wi-Ex zBoost YX540 Cellular Phone Signal Booster,Clustered Body,0,Stable Profit Cluster,Stable Profit Cluster,,,False,False,False,False,0,2481.15,0.2176470588235294,6,False,0.5451868860994211,0.5451868860994211,Protect,False,none,0.11022738899423679,cluster_margin,none,none,No Signal,0,No Escalation,Protect,540.015,90.0025,0.5451868860994211,0.0,0.021429227893032074
151,OFF-PA-10000357,Xerox 1888,Clustered Body,0,Stable Profit Cluster,Stable Profit Cluster,,,False,False,False,False,0,1231.656,0.4378378378378378,6,False,0.2836338477405217,0.2836338477405217,Protect,False,none,0.11389696002905261,cluster_margin,none,none,No Signal,0,No Escalation,Protect,539.2656,89.87759999999999,0.2836338477405217,0.0,0.02139948971282775
152,OFF-ST-10003805,"24 Capacity Maxi Data Binder Racks, Pearl",Clustered Body,2,High-Impact Profit Cluster,High-Impact Profit Cluster,,,False,False,False,False,0,3537.24,0.15178571428571427,4,False,0.9292918057941797,0.9292918057941797,Optimize,False,none,0.30901498632465874,cluster_margin,none,none,No Signal,0,No Escalation,Optimize,536.9024999999999,134.22562499999998,0.9292918057941797,0.0,0.021305715635378003
153,TEC-AC-10003628,Logitech 910-002974 M325 Wireless Mouse for Web Scrolling,Clustered Body,0,Stable Profit Cluster,Stable Profit Cluster,,,False,False,False,False,0,1409.53,0.3804255319148936,15,False,0.619062327286515,0.619062327286515,Protect,False,none,0.4719125454594407,cluster_margin,none,none,No Signal,0,No Escalation,Protect,536.2212,35.748079999999995,0.619062327286515,0.0,0.02127867984384717
154,OFF-PA-10000806,Xerox 1934,Clustered Body,2,High-Impact Profit Cluster,High-Impact Profit Cluster,,,False,False,False,False,0,1097.208,0.47959183673469385,5,False,0.7096769488562163,0.7096769488562163,Optimize,False,high,0.021080841332388148,cluster_margin,none,none,High Classification Instability,1,Reassess Classification,Reassess Classification,526.212,105.2424,0.7096769488562163,0.0,0.02088148823282352
155,OFF-LA-10003510,"Avery 4027 File Folder Labels for Dot Matrix Printers, 5000 Labels per Box, White",Clustered Body,0,Stable Profit Cluster,Stable Profit Cluster,,,False,False,False,False,0,1233.412,0.42524752475247524,11,False,1.1048178112867937,1.1048178112867937,Protect,False,none,0.43990431494663906,cluster_margin,moderate,none,Moderate Deterioration,1,Intensify Action,Protect (Tight Control),524.5054,47.682309090909094,1.1048178112867937,0.0,0.020813765817108684
156,TEC-PH-10001578,Polycom SoundStation2 EX Conference phone,Clustered Body,2,High-Impact Profit Cluster,High-Impact Profit Cluster,,,False,False,False,False,0,3968.5099999999998,0.1306122448979592,4,False,1.3927219067741785,1.3927219067741785,Optimize,False,none,0.2500273266374927,cluster_margin,moderate,none,Moderate Deterioration,1,Intensify Action,Optimize (Risk-Controlled),518.336,129.584,1.3927219067741785,0.25,0.02056894765731077
157,TEC-AC-10003610,Logitech Illuminated - Keyboard,Clustered Body,0,Stable Profit Cluster,Stable Profit Cluster,,,False,False,False,False,0,1139.81,0.45263157894736844,6,False,0.2114821982327337,0.2114821982327337,Protect,False,none,0.20013595947374344,cluster_margin,none,none,No Signal,0,No Escalation,Protect,515.914,85.98566666666666,0.2114821982327337,0.0,0.020472836271595695
158,TEC-PH-10001817,Wilson Electronics DB Pro Signal Booster,Clustered Body,0,Stable Profit Cluster,Stable Profit Cluster,,,False,False,False,False,0,8878.4,0.05806451612903226,10,False,2.2000973074377193,2.2000973074377193,Protect,False,none,0.37223175483333754,cluster_margin,severe,none,Severe Deterioration,1,Reroute Action,Reroute to Contain / Correct,515.52,51.552,2.2000973074377193,0.2,0.020457201306289446
159,TEC-AC-10002567,Logitech G602 Wireless Gaming Mouse,Clustered Body,0,Stable Profit Cluster,Stable Profit Cluster,,,False,False,False,False,0,1999.75,0.25760000000000005,9,False,0.4187449181412616,0.4187449181412616,Protect,False,none,0.40811042986479884,cluster_margin,none,none,No Signal,0,No Escalation,Protect,515.1356000000001,57.2372888888889,0.4187449181412616,0.0,0.02044194729445259
160,TEC-AC-10002800,Plantronics Audio 478 Stereo USB Headset,Clustered Body,0,Stable Profit Cluster,Stable Profit Cluster,,,False,False,False,False,0,1619.676,0.31790123456790126,9,False,0.7803523310499205,0.7803523310499205,Protect,False,none,0.40920612228439324,cluster_margin,none,none,No Signal,0,No Escalation,Protect,514.897,57.210777777777786,0.7803523310499205,0.0,0.020432479013432103
161,OFF-EN-10002230,Airmail Envelopes,Clustered Body,0,Stable Profit Cluster,Stable Profit Cluster,,,False,False,False,False,0,1359.666,0.3783950617283951,6,False,0.3223408592997765,0.3223408592997765,Protect,False,none,0.20535016040144038,cluster_margin,none,none,No Signal,0,No Escalation,Protect,514.4909,85.74848333333334,0.3223408592997765,0.0,0.020416363888023807
162,FUR-CH-10000155,Global Comet Stacking Armless Chair,Clustered Body,0,Stable Profit Cluster,Stable Profit Cluster,,,False,False,False,False,0,3528.79,0.14576271186440679,6,False,0.9655496774894202,0.9655496774894202,Protect,False,none,0.20403823307264776,cluster_margin,none,none,No Signal,0,No Escalation,Protect,514.366,85.72766666666666,0.9655496774894202,0.0,0.02041140752465642
163,TEC-PH-10001363,Apple iPhone 5S,Clustered Body,2,High-Impact Profit Cluster,High-Impact Profit Cluster,,,False,False,False,False,0,4901.914000000001,0.10465116279069765,4,False,1.4655663540307657,1.4655663540307657,Optimize,False,none,0.23092272896167512,cluster_margin,moderate,none,Moderate Deterioration,1,Intensify Action,Optimize (Risk-Controlled),512.991,128.24775,1.4655663540307657,0.25,0.02035684387669679
164,OFF-ST-10001932,Fellowes Staxonsteel Drawer Files,Clustered Body,0,Stable Profit Cluster,Stable Profit Cluster,,,False,False,False,False,0,4829.25,0.1056,7,False,0.8648276638119095,0.8648276638119095,Protect,False,none,0.2937542723765553,cluster_margin,none,none,No Signal,0,No Escalation,Protect,509.9688,72.85268571428571,0.8648276638119095,0.14285714285714285,0.020236914962614178
165,TEC-MA-10004002,Zebra GX420t Direct Thermal/Thermal Transfer Printer,Clustered Body,2,High-Impact Profit Cluster,High-Impact Profit Cluster,,,False,False,False,False,0,5787.3550000000005,0.08807339449541284,3,False,1.4390858726174318,1.4390858726174318,Optimize,False,none,0.4118217889417918,cluster_margin,moderate,none,Moderate Deterioration,1,Intensify Action,Optimize (Risk-Controlled),509.712,169.904,1.4390858726174318,0.3333333333333333,0.020226724457307974
166,TEC-PH-10002310,Plantronics Calisto P620-M USB Wireless Speakerphone System,Clustered Body,2,High-Impact Profit Cluster,High-Impact Profit Cluster,,,False,False,False,False,0,2508.672,0.2015625,4,False,0.8669870554598273,0.8669870554598273,Optimize,False,none,0.18546614068604922,cluster_margin,none,none,No Signal,0,No Escalation,Optimize,505.6542,126.41355,0.8669870554598273,0.0,0.02006570018771482
167,FUR-CH-10004218,"Global Fabric Manager's Chair, Dark Gray",Clustered Body,0,Stable Profit Cluster,Stable Profit Cluster,,,False,False,False,False,0,3150.576,0.15865384615384615,9,False,1.433731207999638,1.433731207999638,Protect,False,none,0.4243955542891476,cluster_margin,moderate,none,Moderate Deterioration,1,Intensify Action,Protect (Tight Control),499.851,55.539,1.433731207999638,0.1111111111111111,0.019835413815468043
168,TEC-AC-10002842,WD My Passport Ultra 2TB Portable External Hard Drive,Clustered Body,0,Stable Profit Cluster,Stable Profit Cluster,,,False,False,False,False,0,3998.4,0.125,8,False,0.9524832752066004,0.9524832752066004,Protect,False,none,0.38661777119167995,cluster_margin,none,none,No Signal,0,No Escalation,Protect,499.8,62.475,0.9524832752066004,0.125,0.019833390000161905
169,FUR-CH-10002084,Hon Mobius Operator's Chair,Clustered Body,0,Stable Profit Cluster,Stable Profit Cluster,,,False,False,False,False,0,2705.7799999999997,0.18454545454545457,5,False,0.5119984257223501,0.5119984257223501,Protect,False,none,0.10332674493143157,cluster_margin,none,none,No Signal,0,No Escalation,Protect,499.3394,99.86788,0.5119984257223501,0.0,0.019815112170161756
170,TEC-AC-10001606,Logitech Wireless Performance Mouse MX for PC and Mac,Clustered Body,0,Stable Profit Cluster,Stable Profit Cluster,,,False,False,False,False,0,1799.8200000000002,0.2766666666666666,7,False,0.4372304979869143,0.4372304979869143,Protect,False,none,0.3516658644963962,cluster_margin,none,none,No Signal,0,No Escalation,Protect,497.9502,71.13574285714286,0.4372304979869143,0.0,0.019759985028528652
171,OFF-PA-10003302,Xerox 1906,Clustered Body,0,Stable Profit Cluster,Stable Profit Cluster,,,False,False,False,False,0,1098.6399999999999,0.4529032258064517,7,False,0.6309543914391961,0.6309543914391961,Protect,False,none,0.35307053863291404,cluster_margin,none,none,No Signal,0,No Escalation,Protect,497.5776,71.08251428571428,0.6309543914391961,0.0,0.019745199271997922
172,OFF-BI-10003650,GBC DocuBind 300 Electric Binding Machine,Clustered Body,3,Risk-Oriented Profit Cluster,Risk-Oriented Profit Cluster,,,False,False,False,False,0,6785.142,0.07286821705426358,8,False,8.854167346376538,8.854167346376538,Contain,False,none,0.22429639278607758,cluster_margin,severe,none,Severe Deterioration,1,Reroute Action,Reroute to Correct,494.4212000000001,61.802650000000014,8.854167346376538,0.5,0.019619944945874452
173,FUR-CH-10004853,"Global Manager's Adjustable Task Chair, Storm",Clustered Body,0,Stable Profit Cluster,Stable Profit Cluster,,,False,False,False,False,0,2959.208,0.16683673469387753,6,False,1.3939050054948292,1.3939050054948292,Protect,False,none,0.23878109521728805,cluster_margin,moderate,none,Moderate Deterioration,1,Intensify Action,Protect (Tight Control),493.70459999999997,82.2841,1.3939050054948292,0.16666666666666666,0.019591508356690542
174,OFF-PA-10004071,"Eaton Premium Continuous-Feed Paper, 25% Cotton, Letter Size, White, 1000 Shts/Box",Clustered Body,0,Stable Profit Cluster,Stable Profit Cluster,,,False,False,False,False,0,1098.504,0.44848484848484854,10,False,0.6909786449810901,0.6909786449810901,Protect,False,none,0.4851622157768517,cluster_margin,none,none,No Signal,0,No Escalation,Protect,492.6624,49.266239999999996,0.6909786449810901,0.0,0.019550151095669797
175,OFF-BI-10004519,GBC DocuBind P100 Manual Binding Machine,Clustered Body,0,Stable Profit Cluster,Stable Profit Cluster,,,False,False,False,False,0,2954.444,0.1657303370786517,8,False,3.0081688188722233,3.0081688188722233,Protect,False,none,0.29113234870791205,cluster_margin,severe,none,Severe Deterioration,1,Reroute Action,Reroute to Contain / Correct,489.6410000000001,61.20512500000001,3.0081688188722233,0.25,0.019430253927709636
176,FUR-CH-10002602,DMI Arturo Collection Mission-style Design Wood Chair,Clustered Body,0,Stable Profit Cluster,Stable Profit Cluster,,,False,False,False,False,0,4619.987999999999,0.10522875816993467,11,False,2.092811664324816,2.092811664324816,Protect,False,none,0.309826125135038,cluster_margin,severe,none,Severe Deterioration,1,Reroute Action,Reroute to Contain / Correct,486.15560000000005,44.19596363636364,2.092811664324816,0.2727272727272727,0.019291944008728915
177,OFF-ST-10004340,"Fellowes Mobile File Cart, Black",Clustered Body,0,Stable Profit Cluster,Stable Profit Cluster,,,False,False,False,False,0,2300.66,0.2108108108108108,10,False,0.9148692117990761,0.9148692117990761,Protect,False,none,0.4998952655893713,cluster_margin,none,none,No Signal,0,No Escalation,Protect,485.00399999999996,48.5004,0.9148692117990761,0.0,0.019246245465463233
178,TEC-PH-10002200,Aastra 6757i CT Wireless VoIP phone,Clustered Body,0,Stable Profit Cluster,Stable Profit Cluster,,,False,False,False,False,0,2929.984,0.16470588235294117,6,False,1.2458718423612853,1.2458718423612853,Protect,False,none,0.27608983342074916,cluster_margin,moderate,none,Moderate Deterioration,1,Intensify Action,Protect (Tight Control),482.5856,80.43093333333333,1.2458718423612853,0.16666666666666666,0.019150276937299187
179,TEC-AC-10002402,Razer Kraken PRO Over Ear PC and Music Headset,Clustered Body,0,Stable Profit Cluster,Stable Profit Cluster,,,False,False,False,False,0,2159.73,0.2222222222222222,8,False,0.7997910661468448,0.7997910661468448,Protect,False,none,0.4516879614507135,cluster_margin,none,none,No Signal,0,No Escalation,Protect,479.94,59.9925,0.7997910661468448,0.0,0.019045292510359555
180,TEC-PH-10000441,VTech DS6151,Clustered Body,0,Stable Profit Cluster,Stable Profit Cluster,,,False,False,False,False,0,2746.582,0.1743119266055046,8,False,0.9331706723378154,0.9331706723378154,Protect,False,none,0.4538397969676357,cluster_margin,none,none,No Signal,0,No Escalation,Protect,478.762,59.84525,0.9331706723378154,0.0,0.01899854634505305
181,OFF-AP-10000938,Avanti 1.7 Cu. Ft. Refrigerator,Clustered Body,2,High-Impact Profit Cluster,High-Impact Profit Cluster,,,False,False,False,False,0,2221.56,0.21454545454545457,4,False,0.7794762814887011,0.7794762814887011,Optimize,False,watch,0.051307538751588895,cluster_margin,none,none,Classification Instability Watch,1,Intensify Action,Optimize (Risk-Controlled),476.6256,119.1564,0.7794762814887011,0.0,0.018913768325052357
182,TEC-PH-10002447,AT&T CL83451 4-Handset Telephone,Clustered Body,2,High-Impact Profit Cluster,High-Impact Profit Cluster,,,False,False,False,False,0,1936.306,0.24468085106382978,4,False,1.0776843072913391,1.0776843072913391,Optimize,False,high,0.03897189130697943,cluster_margin,none,none,High Classification Instability,1,Reassess Classification,Reassess Classification,473.777,118.44425,1.0776843072913391,0.0,0.01880072831954123
183,OFF-ST-10000046,Fellowes Super Stor/Drawer Files,Clustered Body,0,Stable Profit Cluster,Stable Profit Cluster,,,False,False,False,False,0,4006.44,0.11814516129032258,9,False,0.9997330774606065,0.9997330774606065,Protect,False,none,0.2778467915961032,cluster_margin,moderate,none,Moderate Deterioration,1,Intensify Action,Protect (Tight Control),473.3415,52.5935,0.9997330774606065,0.3333333333333333,0.018783446524132927
184,TEC-PH-10004094,Motorola L703CM,Clustered Body,0,Stable Profit Cluster,Stable Profit Cluster,,,False,False,False,False,0,4211.73,0.11111111111111113,6,False,1.241759661395442,1.241759661395442,Protect,False,none,0.35275690635175144,cluster_margin,moderate,none,Moderate Deterioration,1,Intensify Action,Protect (Tight Control),467.97,77.995,1.241759661395442,0.0,0.01857029115321282
185,OFF-PA-10000474,Easy-staple paper,Clustered Body,0,Stable Profit Cluster,Stable Profit Cluster,,,False,False,False,False,0,1105.7279999999998,0.4224358974358975,12,False,0.5176762148416475,0.5176762148416475,Protect,False,none,0.5627432131238929,cluster_margin,none,none,No Signal,0,No Escalation,Protect,467.0992,38.924933333333335,0.5176762148416475,0.0,0.01853573549892682
186,TEC-MA-10000864,Cisco 9971 IP Video Phone Charcoal,Clustered Body,2,High-Impact Profit Cluster,High-Impact Profit Cluster,,,False,False,False,False,0,4268.0,0.10927835051546392,2,False,7.170012001714386,7.170012001714386,Optimize,False,none,0.28830449717205436,cluster_margin,severe,none,Severe Deterioration,1,Reroute Action,Reroute to Correct,466.4,233.2,7.170012001714386,0.5,0.018507989387906185
187,TEC-MA-10003183,DYMO CardScan Personal V9 Business Card Scanner,Clustered Body,2,High-Impact Profit Cluster,High-Impact Profit Cluster,,,False,False,False,False,0,1343.916,0.3452380952380953,3,False,1.2321562139952107,1.2321562139952107,Optimize,False,none,0.2917881051375799,cluster_margin,moderate,none,Moderate Deterioration,1,Intensify Action,Optimize (Risk-Controlled),463.97100000000006,154.657,1.2321562139952107,0.3333333333333333,0.01841160022361969
188,OFF-PA-10001815,Xerox 1885,Clustered Body,0,Stable Profit Cluster,Stable Profit Cluster,,,False,False,False,False,0,960.8,0.48000000000000004,5,False,0.3053475778796687,0.3053475778796687,Protect,False,none,0.25458815233964477,cluster_margin,none,none,No Signal,0,No Escalation,Protect,461.184,92.2368,0.3053475778796687,0.0,0.01830100466953715
189,FUR-TA-10003569,Bretford CR8500 Series Meeting Room Furniture,Clustered Body,0,Stable Profit Cluster,Stable Profit Cluster,,,False,False,False,False,0,6776.562,0.06804733727810652,6,False,3.0296385389619127,3.0296385389619127,Protect,False,none,0.19178955933503922,cluster_margin,severe,none,Severe Deterioration,1,Reroute Action,Reroute to Contain / Correct,461.12700000000007,76.85450000000002,3.0296385389619127,0.3333333333333333,0.018298742758312645
190,OFF-AP-10002651,Hoover Upright Vacuum With Dirt Cup,Clustered Body,3,Risk-Oriented Profit Cluster,Risk-Oriented Profit Cluster,,,False,False,False,False,0,6832.907999999999,0.06737288135593218,6,False,8.181751701095484,8.181751701095484,Contain,False,watch,0.09313360187875944,cluster_margin,severe,none,Severe Deterioration,2,Reroute Action,Reroute to Correct,460.35269999999986,76.72544999999998,8.181751701095484,0.16666666666666666,0.01826801648004708
191,OFF-PA-10000482,"Snap-A-Way Black Print Carbonless Ruled Speed Letter, Triplicate",Clustered Body,0,Stable Profit Cluster,Stable Profit Cluster,,,False,False,False,False,0,1016.7919999999999,0.44626865671641797,6,False,0.7124544687370451,0.7124544687370451,Protect,False,none,0.39784480294729935,cluster_margin,none,none,No Signal,0,No Escalation,Protect,453.7624,75.62706666666666,0.7124544687370451,0.0,0.018006495891575564
192,OFF-BI-10002867,GBC Recycled Regency Composition Covers,Clustered Body,0,Stable Profit Cluster,Stable Profit Cluster,,,False,False,False,False,0,1291.248,0.35,6,False,1.151612623490684,1.151612623490684,Protect,False,none,0.3678920387009765,cluster_margin,moderate,none,Moderate Deterioration,1,Intensify Action,Protect (Tight Control),451.9368,75.3228,1.151612623490684,0.16666666666666666,0.017934051240146402
193,FUR-FU-10000965,"Howard Miller 11-1/2"" Diameter Ridgewood Wall Clock",Clustered Body,0,Stable Profit Cluster,Stable Profit Cluster,,,False,False,False,False,0,1184.232,0.3789473684210527,6,False,0.97347784152973,0.97347784152973,Protect,False,none,0.37825135610805805,cluster_margin,none,none,No Signal,0,No Escalation,Protect,448.76160000000004,74.79360000000001,0.97347784152973,0.16666666666666666,0.017808050880145372
194,OFF-AR-10000380,"Hunt PowerHouse Electric Pencil Sharpener, Blue",Clustered Body,0,Stable Profit Cluster,Stable Profit Cluster,,,False,False,False,False,0,1617.9479999999999,0.27699530516431925,10,False,0.7279542744261932,0.7279542744261932,Protect,False,none,0.5701435059060788,cluster_margin,none,none,No Signal,0,No Escalation,Protect,448.164,44.8164,0.7279542744261932,0.0,0.01778433652667579
195,FUR-TA-10003748,Bevis 36 x 72 Conference Tables,Clustered Body,0,Stable Profit Cluster,Stable Profit Cluster,,,False,False,False,False,0,4332.252,0.10344827586206895,8,False,2.4853477915041293,2.4853477915041293,Protect,False,none,0.33339585259224097,cluster_margin,severe,none,Severe Deterioration,1,Reroute Action,Reroute to Contain / Correct,448.164,56.0205,2.4853477915041293,0.25,0.01778433652667579
196,TEC-PH-10002584,Samsung Galaxy S4,Clustered Body,0,Stable Profit Cluster,Stable Profit Cluster,,,False,False,False,False,0,6134.702,0.07142857142857142,5,False,2.2296230014292293,2.2296230014292293,Protect,False,none,0.26913848393073136,cluster_margin,severe,none,Severe Deterioration,1,Reroute Action,Reroute to Contain / Correct,438.193,87.6386,2.2296230014292293,0.2,0.01738866079299909
197,TEC-PH-10002726,netTALK DUO VoIP Telephone Service,Clustered Body,0,Stable Profit Cluster,Stable Profit Cluster,,,False,False,False,False,0,1112.788,0.3867924528301887,7,False,0.6105246014576806,0.6105246014576806,Protect,False,none,0.5209168716274332,cluster_margin,none,none,No Signal,0,No Escalation,Protect,430.418,61.488285714285716,0.6105246014576806,0.0,0.017080128165445553
198,FUR-TA-10000617,"Hon Practical Foundations 30 x 60 Training Table, Light Gray/Charcoal",Clustered Body,0,Stable Profit Cluster,Stable Profit Cluster,,,False,False,False,False,0,4334.8275,0.09921259842519686,6,False,2.8114091722844012,2.8114091722844012,Protect,False,none,0.2020203787704573,cluster_margin,severe,none,Severe Deterioration,1,Reroute Action,Reroute to Contain / Correct,430.06950000000006,71.67825,2.8114091722844012,0.3333333333333333,0.017066298760853606
199,OFF-ST-10003716,Tennsco Double-Tier Lockers,Clustered Body,1,Stable Loss Cluster,Stable Loss Cluster,,,False,False,False,False,0,9630.856,0.04462616822429907,12,False,2.8646278408045456,2.8646278408045456,Correct,False,none,0.1444482317124512,cluster_margin,severe,none,Severe Deterioration,1,Reroute Action,Exit / Restructure,429.7882000000001,35.81568333333334,2.8646278408045456,0.5,0.017055136030547393
200,TEC-AC-10000420,Logitech G500s Laser Gaming Mouse with Adjustable Weight Tuning,Clustered Body,0,Stable Profit Cluster,Stable Profit Cluster,,,False,False,False,False,0,1399.8,0.30700000000000005,4,False,0.5805787567377613,0.5805787567377613,Protect,False,none,0.17780115180703526,cluster_margin,none,none,No Signal,0,No Escalation,Protect,429.7386,107.43465,0.5805787567377613,0.0,0.017053167770955537
201,FUR-CH-10001708,Office Star - Contemporary Swivel Chair with Padded Adjustable Arms and Flex Back,Clustered Body,0,Stable Profit Cluster,Stable Profit Cluster,,,False,False,False,False,0,3989.734,0.10671378091872791,7,False,1.7206230230687767,1.7206230230687767,Protect,False,none,0.4943293217314351,cluster_margin,severe,none,Severe Deterioration,1,Reroute Action,Reroute to Contain / Correct,425.7596,60.822799999999994,1.7206230230687767,0.14285714285714285,0.016895270494423634
202,TEC-PH-10004447,Toshiba IPT2010-SD IP Telephone,Clustered Body,0,Stable Profit Cluster,Stable Profit Cluster,,,False,False,False,False,0,3613.7400000000002,0.11769230769230768,8,False,1.279079170745532,1.279079170745532,Protect,False,none,0.5644695029176994,cluster_margin,moderate,none,Moderate Deterioration,1,Intensify Action,Protect (Tight Control),425.3094,53.163675,1.279079170745532,0.0,0.016877405364015326
203,OFF-PA-10001497,Xerox 1914,Clustered Body,0,Stable Profit Cluster,Stable Profit Cluster,,,False,False,False,False,0,956.304,0.443103448275862,5,False,0.4307232762712601,0.4307232762712601,Protect,False,none,0.3816940701365316,cluster_margin,none,none,No Signal,0,No Escalation,Protect,423.74159999999995,84.74831999999999,0.4307232762712601,0.0,0.016815190900545427
204,TEC-PH-10002922,ShoreTel ShorePhone IP 230 VoIP phone,Clustered Body,0,Stable Profit Cluster,Stable Profit Cluster,,,False,False,False,False,0,2906.628,0.14534883720930233,4,False,0.15282179032970333,0.15282179032970333,Protect,False,none,0.20878936148643773,cluster_margin,none,none,No Signal,0,No Escalation,Protect,422.475,105.61875,0.15282179032970333,0.0,0.016764928852177674
205,OFF-EN-10001453,"Tyvek Interoffice Envelopes, 9 1/2"" x 12 1/2"", 100/Box",Clustered Body,0,Stable Profit Cluster,Stable Profit Cluster,,,False,False,False,False,0,939.092,0.4493506493506494,5,False,0.435386746116439,0.435386746116439,Protect,False,none,0.38722722739985277,cluster_margin,none,none,No Signal,0,No Escalation,Protect,421.9816,84.39632,0.435386746116439,0.0,0.016745349431157106
206,OFF-ST-10003816,Fellowes High-Stak Drawer Files,Clustered Body,0,Stable Profit Cluster,Stable Profit Cluster,,,False,False,False,False,0,3946.656,0.10625,8,False,0.9992029912736589,0.9992029912736589,Protect,False,none,0.5797847712944852,cluster_margin,none,none,No Signal,0,No Escalation,Protect,419.3322,52.416525,0.9992029912736589,0.0,0.01664021421013584
207,TEC-PH-10000526,Vtech CS6719,Clustered Body,0,Stable Profit Cluster,Stable Profit Cluster,,,False,False,False,False,0,2630.126,0.15912408759124086,7,False,1.0487524006973208,1.0487524006973208,Protect,False,none,0.5222284991496083,cluster_margin,moderate,none,Moderate Deterioration,1,Intensify Action,Protect (Tight Control),418.5164,59.78805714285714,1.0487524006973208,0.14285714285714285,0.016607841101768227
208,OFF-AP-10000179,Honeywell Enviracaire Portable HEPA Air Cleaner for up to 10 x 16 Room,Clustered Body,2,High-Impact Profit Cluster,High-Impact Profit Cluster,,,False,False,False,False,0,1320.166,0.31588785046728973,3,False,0.3074589696025647,0.3074589696025647,Optimize,False,none,0.1040644892160558,cluster_margin,none,none,No Signal,0,No Escalation,Optimize,417.0244,139.00813333333335,0.3074589696025647,0.0,0.016548634583400397
209,OFF-ST-10000036,"Recycled Data-Pak for Archival Bound Computer Printouts, 12-1/2 x 12-1/2 x 16",Clustered Body,0,Stable Profit Cluster,Stable Profit Cluster,,,False,False,False,False,0,1857.252,0.22340425531914895,6,False,0.7467947208741622,0.7467947208741622,Protect,False,none,0.5010709385676421,cluster_margin,none,none,No Signal,0,No Escalation,Protect,414.918,69.153,0.7467947208741622,0.0,0.01646504704299155
210,FUR-CH-10004626,Office Star Flex Back Scooter Chair with Aluminum Finish Frame,Clustered Body,0,Stable Profit Cluster,Stable Profit Cluster,,,False,False,False,False,0,1947.1770000000001,0.21243523316062174,6,False,0.7331963123843259,0.7331963123843259,Protect,False,none,0.5042318328638987,cluster_margin,none,none,No Signal,0,No Escalation,Protect,413.649,68.9415,0.7331963123843259,0.0,0.016414689756256446
211,OFF-BI-10003718,GBC Therma-A-Bind 250T Electric Binding System,Clustered Body,2,High-Impact Profit Cluster,High-Impact Profit Cluster,,,False,False,False,False,0,1180.704,0.35000000000000003,2,False,0.0,0.0,Optimize,False,none,0.4062546301487564,cluster_margin,none,none,No Signal,0,No Escalation,Optimize,413.2464,206.6232,0.0,0.0,0.016398713520133865
212,TEC-PH-10001619,LG G3,Clustered Body,0,Stable Profit Cluster,Stable Profit Cluster,,,False,False,False,False,0,1803.1080000000002,0.22826086956521738,4,False,0.7697098747774895,0.7697098747774895,Protect,False,none,0.25382770954625294,cluster_margin,none,none,No Signal,0,No Escalation,Protect,411.579,102.89475,0.7697098747774895,0.0,0.01633254666441904
213,TEC-AC-10002473,Maxell 4.7GB DVD-R,Clustered Body,0,Stable Profit Cluster,Stable Profit Cluster,,,False,False,False,False,0,1231.692,0.3338709677419355,11,False,0.7299903418880416,0.7299903418880416,Protect,False,none,0.6423850450196339,cluster_margin,none,none,No Signal,0,No Escalation,Protect,411.2262,37.3842,0.7299903418880416,0.0,0.016318546624418926
214,FUR-BO-10002916,"Rush Hierlooms Collection 1"" Thick Stackable Bookcases",Clustered Body,0,Stable Profit Cluster,Stable Profit Cluster,,,False,False,False,False,0,2487.759,0.16494845360824742,4,False,1.0713741594003514,1.0713741594003514,Protect,False,none,0.2569872139546525,cluster_margin,moderate,none,Moderate Deterioration,1,Intensify Action,Protect (Tight Control),410.352,102.588,1.0713741594003514,0.0,0.01628385604911252
215,TEC-AC-10004659,Imation Secure+ Hardware Encrypted USB 2.0 Flash Drive; 16GB,Clustered Body,0,Stable Profit Cluster,Stable Profit Cluster,,,False,False,False,False,0,1926.9360000000001,0.21212121212121213,5,False,0.4921771728472086,0.4921771728472086,Protect,False,none,0.4278001677310851,cluster_margin,none,none,No Signal,0,No Escalation,Protect,408.744,81.7488,0.4921771728472086,0.0,0.016220046342989552
216,OFF-PA-10000357,"White Dual Perf Computer Printout Paper, 2700 Sheets, 1 Part, Heavyweight, 20 lbs., 14 7/8 x 11",Clustered Body,0,Stable Profit Cluster,Stable Profit Cluster,,,False,False,False,False,0,909.9780000000001,0.44864864864864856,6,False,0.856372343602427,0.856372343602427,Protect,False,none,0.517187663592033,cluster_margin,none,none,No Signal,0,No Escalation,Protect,408.26039999999995,68.04339999999999,0.856372343602427,0.0,0.016200855811968985
217,OFF-PA-10001125,Xerox 1988,Clustered Body,0,Stable Profit Cluster,Stable Profit Cluster,,,False,False,False,False,0,1102.888,0.3665730337078652,9,False,0.4075246971313983,0.4075246971313983,Protect,False,none,0.6290145226968735,cluster_margin,none,none,No Signal,0,No Escalation,Protect,404.289,44.921,0.4075246971313983,0.0,0.016043260123600352
218,OFF-AP-10002684,"Acco 7-Outlet Masterpiece Power Center, Wihtout Fax/Phone Line Protection",Clustered Body,0,Stable Profit Cluster,Stable Profit Cluster,,,False,False,False,False,0,3039.5,0.132,7,False,4.085477390313949,4.085477390313949,Protect,False,none,0.17874451733860203,cluster_margin,severe,none,Severe Deterioration,1,Reroute Action,Reroute to Contain / Correct,401.21400000000006,57.31628571428572,4.085477390313949,0.2857142857142857,0.015921235965436095
219,OFF-PA-10003641,Xerox 1909,Clustered Body,0,Stable Profit Cluster,Stable Profit Cluster,,,False,False,False,False,0,970.784,0.41304347826086957,9,False,0.5770758624055868,0.5770758624055868,Protect,False,none,0.63624268754217,cluster_margin,none,none,No Signal,0,No Escalation,Protect,400.976,44.55288888888889,0.5770758624055868,0.0,0.015911791494007444
220,TEC-AC-10002253,Imation Bio 8GB USB Flash Drive Imation Corp,Clustered Body,0,Stable Profit Cluster,Stable Profit Cluster,,,False,False,False,False,0,2659.84,0.15,4,False,0.9550016002493746,0.9550016002493746,Protect,False,none,0.3026054838457104,cluster_margin,none,none,No Signal,0,No Escalation,Protect,398.976,99.744,0.9550016002493746,0.0,0.015832426187884347
221,TEC-PH-10002660,Nortel Networks T7316 E Nt8 B27,Clustered Body,0,Stable Profit Cluster,Stable Profit Cluster,,,False,False,False,False,0,1876.524,0.21195652173913043,6,False,0.8692269293485952,0.8692269293485952,Protect,False,none,0.5423148461639913,cluster_margin,none,none,No Signal,0,No Escalation,Protect,397.7415,66.29025,0.8692269293485952,0.0,0.015783437952679863
222,TEC-MA-10002859,Ativa MDM8000 8-Sheet Micro-Cut Shredder,Clustered Body,2,High-Impact Profit Cluster,High-Impact Profit Cluster,,,False,False,False,False,0,917.8979999999999,0.42843137254901964,2,False,0.7142769968388287,0.7142769968388287,Optimize,False,none,0.3667604413046138,cluster_margin,none,none,No Signal,0,No Escalation,Optimize,393.2563,196.62815,0.7142769968388287,0.0,0.015605453317168208
223,OFF-ST-10000689,"Fellowes Strictly Business Drawer File, Letter/Legal Size",Clustered Body,0,Stable Profit Cluster,Stable Profit Cluster,,,False,False,False,False,0,4479.03,0.08679245283018867,7,False,1.2082511470751052,1.2082511470751052,Protect,False,none,0.3666064381895298,cluster_margin,moderate,none,Moderate Deterioration,1,Intensify Action,Protect (Tight Control),388.746,55.53514285714285,1.2082511470751052,0.2857142857142857,0.015426472647064706
224,TEC-PH-10003505,Geemarc AmpliPOWER60,Clustered Body,0,Stable Profit Cluster,Stable Profit Cluster,,,False,False,False,False,0,3415.04,0.1125,11,False,1.5536269026527108,1.5536269026527108,Protect,False,none,0.6077656115664617,cluster_margin,severe,none,Severe Deterioration,1,Reroute Action,Reroute to Contain / Correct,384.192,34.926545454545455,1.5536269026527108,0.09090909090909091,0.015245757845022415
225,OFF-AP-10000828,Avanti 4.4 Cu. Ft. Refrigerator,Clustered Body,0,Stable Profit Cluster,Stable Profit Cluster,,,False,False,False,False,0,3511.012,0.10927835051546392,7,False,4.361521907589808,4.361521907589808,Protect,False,none,0.3372998874986535,cluster_margin,severe,none,Severe Deterioration,1,Reroute Action,Reroute to Contain / Correct,383.67760000000004,54.81108571428572,4.361521907589808,0.14285714285714285,0.015225345088287556
226,OFF-AP-10002311,"Holmes Replacement Filter for HEPA Air Cleaner, Very Large Room, HEPA Filter",Clustered Body,0,Stable Profit Cluster,Stable Profit Cluster,,,False,False,False,False,0,1383.0810000000001,0.2756218905472636,10,False,1.8274022078709966,1.8274022078709966,Protect,False,none,0.47562631927590954,cluster_margin,severe,none,Severe Deterioration,1,Reroute Action,Reroute to Contain / Correct,381.20739999999995,38.12074,1.8274022078709966,0.2,0.015127320998694915
227,OFF-PA-10000062,Green Bar Computer Printout Paper,Clustered Body,0,Stable Profit Cluster,Stable Profit Cluster,,,False,False,False,False,0,857.376,0.4442307692307692,5,False,0.40017636750387403,0.40017636750387403,Protect,False,none,0.5057277309788275,cluster_margin,none,none,No Signal,0,No Escalation,Protect,380.8728,76.17456,0.40017636750387403,0.0,0.015114043182980522
228,OFF-AP-10004487,Kensington 4 Outlet MasterPiece Compact Power Control Center,Clustered Body,0,Stable Profit Cluster,Stable Profit Cluster,,,False,False,False,False,0,2488.392,0.15294117647058825,7,False,1.6609497525764116,1.6609497525764116,Protect,False,none,0.5408632240174551,cluster_margin,severe,none,Severe Deterioration,1,Reroute Action,Reroute to Contain / Correct,380.5776,54.368228571428574,1.6609497525764116,0.14285714285714285,0.015102328863796755
229,TEC-AC-10001539,Logitech G430 Surround Sound Gaming Headset with Dolby 7.1 Technology,Clustered Body,0,Stable Profit Cluster,Stable Profit Cluster,,,False,False,False,False,0,1247.844,0.30256410256410254,4,False,0.518260214182863,0.518260214182863,Protect,False,none,0.3819196555742853,cluster_margin,none,none,No Signal,0,No Escalation,Protect,377.5528,94.3882,0.518260214182863,0.0,0.014982296774816183
230,TEC-PH-10000673,Plantronics Voyager Pro HD - Bluetooth Headset,Clustered Body,0,Stable Profit Cluster,Stable Profit Cluster,,,False,False,False,False,0,1221.812,0.3085106382978724,5,False,0.3749026932831084,0.3749026932831084,Protect,False,none,0.5159177990650812,cluster_margin,none,none,No Signal,0,No Escalation,Protect,376.942,75.3884,0.3749026932831084,0.0,0.014958058610326189
231,FUR-FU-10004864,"Howard Miller 14-1/2"" Diameter Chrome Round Wall Clock",Clustered Body,0,Stable Profit Cluster,Stable Profit Cluster,,,False,False,False,False,0,1636.864,0.2296875,7,False,0.9990599615403487,0.9990599615403487,Protect,False,none,0.569481854030093,cluster_margin,none,none,No Signal,0,No Escalation,Protect,375.9672,53.7096,0.9990599615403487,0.14285714285714285,0.01491937596012179
232,OFF-PA-10001144,Xerox 1913,Clustered Body,0,Stable Profit Cluster,Stable Profit Cluster,,,False,False,False,False,0,865.4879999999999,0.43333333333333335,5,False,0.3067133292614644,0.3067133292614644,Protect,False,none,0.5201413395006776,cluster_margin,none,none,No Signal,0,No Escalation,Protect,375.0448,75.00896,0.3067133292614644,0.0,0.014882772680937819
233,OFF-AP-10001394,Harmony Air Purifier,Clustered Body,0,Stable Profit Cluster,Stable Profit Cluster,,,False,False,False,False,0,1946.7,0.19223300970873788,5,False,2.0128837712631125,2.0128837712631125,Protect,False,none,0.4325536461528456,cluster_margin,severe,none,Severe Deterioration,1,Reroute Action,Reroute to Contain / Correct,374.22,74.84400000000001,2.0128837712631125,0.2,0.014850042428692655
234,OFF-BI-10002735,GBC Prestige Therm-A-Bind Covers,Clustered Body,0,Stable Profit Cluster,Stable Profit Cluster,,,False,False,False,False,0,1073.903,0.33961661341853033,10,False,0.8597650335738621,0.8597650335738621,Protect,False,none,0.6413668604451486,cluster_margin,none,none,No Signal,0,No Escalation,Protect,364.7153,36.47153,0.8597650335738621,0.1,0.014472870716138555
235,FUR-BO-10002598,"Hon Metal Bookcases, Putty",Clustered Body,0,Stable Profit Cluster,Stable Profit Cluster,,,False,False,False,False,0,1320.228,0.2747311827956989,5,False,0.930217347954228,0.930217347954228,Protect,False,none,0.5538032611569481,cluster_margin,none,none,No Signal,0,No Escalation,Protect,362.7078,72.54156,0.930217347954228,0.0,0.014393207790117496
236,TEC-PH-10002352,Avaya IP Phone 1140E VoIP phone,Clustered Body,2,High-Impact Profit Cluster,High-Impact Profit Cluster,,,False,False,False,False,0,1394.95,0.26,1,True,,0.0,Optimize,False,none,0.36439372440926154,cluster_margin,none,none,No Signal,0,No Escalation,Optimize,362.687,362.687,0.0,0.0,0.014392382390933815
237,FUR-FU-10003192,Luxo Adjustable Task Clamp Lamp,Clustered Body,0,Stable Profit Cluster,Stable Profit Cluster,,,False,False,False,False,0,1545.816,0.23448275862068968,4,False,0.9272139156844588,0.9272139156844588,Protect,False,none,0.4324843171926301,cluster_margin,none,none,No Signal,0,No Escalation,Protect,362.46720000000005,90.61680000000001,0.9272139156844588,0.0,0.014383660143790888
238,TEC-AC-10000474,Kensington Expert Mouse Optical USB Trackball for PC or Mac,Clustered Body,0,Stable Profit Cluster,Stable Profit Cluster,,,False,False,False,False,0,1690.8220000000001,0.2134831460674157,6,False,0.7616727605761386,0.7616727605761386,Protect,False,none,0.6242389783181682,cluster_margin,none,none,No Signal,0,No Escalation,Protect,360.962,60.160333333333334,0.7616727605761386,0.0,0.014323929814402643
239,TEC-MA-10004241,Star Micronics TSP800 TSP847IIU Receipt Printer,Clustered Body,2,High-Impact Profit Cluster,High-Impact Profit Cluster,,,False,False,False,False,0,1286.85,0.28,2,False,0.3362447068703324,0.3362447068703324,Optimize,False,none,0.2615520715824788,cluster_margin,none,none,No Signal,0,No Escalation,Optimize,360.318,180.159,0.3362447068703324,0.0,0.014298374185831006
240,TEC-AC-10001990,Kensington Orbit Wireless Mobile Trackball for PC and Mac,Clustered Body,0,Stable Profit Cluster,Stable Profit Cluster,,,False,False,False,False,0,1703.7160000000001,0.20985915492957744,5,False,0.9990809128413767,0.9990809128413767,Protect,False,none,0.5662036300690207,cluster_margin,none,none,No Signal,0,No Escalation,Protect,357.5404,71.50807999999999,0.9990809128413767,0.0,0.01418815164868725
241,OFF-PA-10000157,Xerox 191,Clustered Body,0,Stable Profit Cluster,Stable Profit Cluster,,,False,False,False,False,0,767.232,0.46171875000000007,10,False,0.6486736587494067,0.6486736587494067,Protect,False,none,0.6963299562869874,cluster_margin,none,none,No Signal,0,No Escalation,Protect,354.2454,35.42454,0.6486736587494067,0.0,0.01405739730684945
242,FUR-TA-10003392,Global Adaptabilities Conference Tables,Clustered Body,1,Stable Loss Cluster,Stable Loss Cluster,,,False,False,False,False,0,3540.348,0.1,4,False,2.166258424953417,2.166258424953417,Correct,False,high,0.015345574622380238,cluster_margin,moderate,none,High Classification Instability,2,Reassess Classification,Reassess Classification,354.0348,88.5087,2.166258424953417,0.5,0.014049040140114688
243,OFF-PA-10002254,Xerox 1883,Clustered Body,0,Stable Profit Cluster,Stable Profit Cluster,,,False,False,False,False,0,881.092,0.40179640718562876,7,False,0.5939863466398213,0.5939863466398213,Protect,False,none,0.6748669312150716,cluster_margin,none,none,No Signal,0,No Escalation,Protect,354.0196,50.57422857142858,0.5939863466398213,0.0,0.014048436963788151
244,FUR-FU-10004188,Luxo Professional Combination Clamp-On Lamps,Clustered Body,0,Stable Profit Cluster,Stable Profit Cluster,,,False,False,False,False,0,1329.9,0.26,5,False,0.5811691607197865,0.5811691607197865,Protect,False,none,0.5954534817247281,cluster_margin,none,none,No Signal,0,No Escalation,Protect,345.774,69.1548,0.5811691607197865,0.0,0.013721229679703847
245,FUR-CH-10004983,Office Star - Mid Back Dual function Ergonomic High Back Chair with 2-Way Adjustable Arms,Clustered Body,0,Stable Profit Cluster,Stable Profit Cluster,,,False,False,False,False,0,4185.48,0.08192307692307693,5,False,1.3838968138247352,1.3838968138247352,Protect,False,none,0.485804364344785,cluster_margin,moderate,none,Moderate Deterioration,1,Intensify Action,Protect (Tight Control),342.8874,68.57748000000001,1.3838968138247352,0.2,0.013606681733376381
246,OFF-PA-10002377,Xerox 1916,Clustered Body,0,Stable Profit Cluster,Stable Profit Cluster,,,False,False,False,False,0,831.98,0.4117647058823529,7,False,0.6132669327787723,0.6132669327787723,Protect,False,none,0.6874025518692745,cluster_margin,none,none,No Signal,0,No Escalation,Protect,342.58,48.94,0.6132669327787723,0.0,0.01359448328582526
247,TEC-AC-10003832,Imation 16GB Mini TravelDrive USB 2.0 Flash Drive,Clustered Body,0,Stable Profit Cluster,Stable Profit Cluster,,,False,False,False,False,0,1007.152,0.3401315789473684,9,False,0.34247850169916183,0.34247850169916183,Protect,False,none,0.7035210981867035,cluster_margin,none,none,No Signal,0,No Escalation,Protect,342.56419999999997,38.062688888888886,0.34247850169916183,0.0,0.013593856299906887
248,TEC-PH-10001128,Motorola Droid Maxx,Clustered Body,0,Stable Profit Cluster,Stable Profit Cluster,,,False,False,False,False,0,2609.826,0.13103448275862067,4,False,1.9173263764988355,1.9173263764988355,Protect,False,none,0.36946505614582714,cluster_margin,severe,none,Severe Deterioration,1,Reroute Action,Reroute to Contain / Correct,341.9772,85.4943,1.9173263764988355,0.25,0.013570562582559759
249,FUR-FU-10002253,"Howard Miller 13"" Diameter Pewter Finish Round Wall Clock",Clustered Body,0,Stable Profit Cluster,Stable Profit Cluster,,,False,False,False,False,0,1047.7359999999999,0.32500000000000007,7,False,0.6780118258970126,0.6780118258970126,Protect,False,none,0.6894513268841715,cluster_margin,none,none,No Signal,0,No Escalation,Protect,340.5142,48.644885714285714,0.6780118258970126,0.0,0.013512506861130716
250,TEC-PH-10003273,AT&T TR1909W,Clustered Body,0,Stable Profit Cluster,Stable Profit Cluster,,,False,False,False,False,0,1738.662,0.1956521739130435,4,False,0.8586998671517927,0.8586998671517927,Protect,False,none,0.5029318312449708,cluster_margin,none,none,No Signal,0,No Escalation,Protect,340.173,85.04325,0.8586998671517927,0.0,0.013498967139906113
251,TEC-PH-10002415,Polycom VoiceStation 500 Conference phone,Clustered Body,0,Stable Profit Cluster,Stable Profit Cluster,,,False,False,False,False,0,3657.38,0.09274193548387097,5,False,0.74398539002939,0.74398539002939,Protect,False,none,0.6113590715315513,cluster_margin,none,none,No Signal,0,No Escalation,Protect,339.1925,67.8385,0.74398539002939,0.0,0.013460058298579266
252,FUR-CH-10001270,Harbour Creations Steel Folding Chair,Clustered Body,0,Stable Profit Cluster,Stable Profit Cluster,,,False,False,False,False,0,2389.125,0.1407942238267148,8,False,1.263696641355324,1.263696641355324,Protect,False,none,0.6937816509415983,cluster_margin,moderate,none,Moderate Deterioration,1,Intensify Action,Protect (Tight Control),336.375,42.046875,1.263696641355324,0.0,0.013348252423578353
253,TEC-PH-10000455,GE 30522EE2,Clustered Body,0,Stable Profit Cluster,Stable Profit Cluster,,,False,False,False,False,0,1159.9,0.29,3,False,0.4572245285547099,0.4572245285547099,Protect,False,none,0.30022029000932104,cluster_margin,none,none,No Signal,0,No Escalation,Protect,336.371,112.12366666666667,0.4572245285547099,0.0,0.013348093692966106
254,OFF-PA-10003039,Xerox 1960,Clustered Body,0,Stable Profit Cluster,Stable Profit Cluster,,,False,False,False,False,0,879.832,0.38028169014084506,6,False,0.6470841149551945,0.6470841149551945,Protect,False,none,0.6770462848144925,cluster_margin,none,none,No Signal,0,No Escalation,Protect,334.584,55.764,0.6470841149551945,0.0,0.01327718079194512
255,OFF-BI-10000632,Satellite Sectional Post Binders,Clustered Body,0,Stable Profit Cluster,Stable Profit Cluster,,,False,False,False,False,0,1219.821,0.26975088967971533,11,False,2.4816440212956836,2.4816440212956836,Protect,False,watch,0.08356562812833984,cluster_margin,severe,none,Severe Deterioration,2,Reroute Action,Reroute to Contain / Correct,329.0478,29.913436363636364,2.4816440212956836,0.36363636363636365,0.013057489688065775
256,OFF-BI-10000977,Ibico Plastic Spiral Binding Combs,Clustered Body,0,Stable Profit Cluster,Stable Profit Cluster,,,False,False,False,False,0,1100.48,0.29889502762430936,13,False,2.095814575220024,2.095814575220024,Protect,False,high,0.04661973594001129,cluster_margin,severe,none,High Classification Instability,2,Reassess Classification,Reassess Classification,328.928,25.302153846153846,2.095814575220024,0.38461538461538464,0.013052735706229002
257,OFF-PA-10003892,Xerox 1943,Clustered Body,0,Stable Profit Cluster,Stable Profit Cluster,,,False,False,False,False,0,743.432,0.4421052631578948,4,False,0.6475680345576273,0.6475680345576273,Protect,False,none,0.5369112304979902,cluster_margin,none,none,No Signal,0,No Escalation,Protect,328.6752,82.1688,0.6475680345576273,0.0,0.013042703931535043
258,TEC-PH-10002033,Konftel 250 Conference phone - Charcoal black,Clustered Body,0,Stable Profit Cluster,Stable Profit Cluster,,,False,False,False,False,0,2221.596,0.14615384615384616,4,False,0.5891230895716912,0.5891230895716912,Protect,False,none,0.5480482833015797,cluster_margin,none,none,No Signal,0,No Escalation,Protect,324.69480000000004,81.17370000000001,0.5891230895716912,0.0,0.012884751099288856
259,TEC-PH-10004536,Avaya 5420 Digital phone,Clustered Body,0,Stable Profit Cluster,Stable Profit Cluster,,,False,False,False,False,0,1538.886,0.2105263157894737,3,False,1.0489520927459455,1.0489520927459455,Protect,False,none,0.3508122882912638,cluster_margin,moderate,none,Moderate Deterioration,1,Intensify Action,Protect (Tight Control),323.976,107.992,1.0489520927459455,0.0,0.012856227208268215
260,OFF-PA-10003129,Tops White Computer Printout Paper,Clustered Body,0,Stable Profit Cluster,Stable Profit Cluster,,,False,False,False,False,0,684.74,0.47000000000000003,4,False,0.3676978121256492,0.3676978121256492,Protect,False,none,0.5543659027273761,cluster_margin,none,none,No Signal,0,No Escalation,Protect,321.8278,80.45695,0.3676978121256492,0.0,0.012770980932961397
261,TEC-AC-10001465,SanDisk Cruzer 64 GB USB Flash Drive,Clustered Body,0,Stable Profit Cluster,Stable Profit Cluster,,,False,False,False,False,0,1184.032,0.26993865030674846,9,False,1.1664560326194904,1.1664560326194904,Protect,False,none,0.7211370508031394,cluster_margin,moderate,none,Moderate Deterioration,1,Intensify Action,Protect (Tight Control),319.616,35.51288888888889,1.1664560326194904,0.0,0.012683210840919862
262,FUR-FU-10000308,Deflect-o Glass Clear Studded Chair Mats,Clustered Body,0,Stable Profit Cluster,Stable Profit Cluster,,,False,False,False,False,0,1579.372,0.2015748031496063,7,False,0.7088894226166483,0.7088894226166483,Protect,False,none,0.7146039835301219,cluster_margin,none,none,No Signal,0,No Escalation,Protect,318.3616,45.480228571428576,0.7088894226166483,0.0,0.012633432920919457
263,TEC-PH-10000369,HTC One Mini,Clustered Body,0,Stable Profit Cluster,Stable Profit Cluster,,,False,False,False,False,0,2041.038,0.15555555555555556,4,False,0.85285175253647,0.85285175253647,Protect,False,none,0.568203850981226,cluster_margin,none,none,No Signal,0,No Escalation,Protect,317.4948,79.3737,0.85285175253647,0.0,0.012599035997245706
264,TEC-PH-10003484,Ooma Telo VoIP Home Phone System,Clustered Body,0,Stable Profit Cluster,Stable Profit Cluster,,,False,False,False,False,0,2015.8400000000001,0.15625,5,False,0.9884965043678009,0.9884965043678009,Protect,False,none,0.6643320101484054,cluster_margin,none,none,No Signal,0,No Escalation,Protect,314.975,62.995000000000005,0.9884965043678009,0.0,0.012499043648061217
265,FUR-FU-10004306,Electrix Halogen Magnifier Lamp,Clustered Body,0,Stable Profit Cluster,Stable Profit Cluster,,,False,False,False,False,0,2759.06,0.11408450704225354,6,False,2.0100858114121203,2.0100858114121203,Protect,False,none,0.5377817401576249,cluster_margin,severe,none,Severe Deterioration,1,Reroute Action,Reroute to Contain / Correct,314.766,52.461000000000006,2.0100858114121203,0.16666666666666666,0.012490749973571354
266,OFF-PA-10001954,Xerox 1964,Clustered Body,0,Stable Profit Cluster,Stable Profit Cluster,,,False,False,False,False,0,721.744,0.43607594936708854,4,False,0.8251587090418393,0.8251587090418393,Protect,False,none,0.5758548871567942,cluster_margin,none,none,No Signal,0,No Escalation,Protect,314.73519999999996,78.68379999999999,0.8251587090418393,0.0,0.012489527747857056
267,TEC-PH-10002563,Adtran 1202752G1,Clustered Body,0,Stable Profit Cluster,Stable Profit Cluster,,,False,False,False,False,0,1990.6419999999998,0.1569620253164557,5,False,1.487105282028318,1.487105282028318,Protect,False,none,0.6577023404680231,cluster_margin,moderate,none,Moderate Deterioration,1,Intensify Action,Protect (Tight Control),312.4552,62.49104,1.487105282028318,0.0,0.012399051298876727
268,FUR-TA-10001771,"Bush Cubix Conference Tables, Fully Assembled",Clustered Body,0,Stable Profit Cluster,Stable Profit Cluster,,,False,False,False,False,0,3603.288,0.08653846153846155,4,False,1.0943072908427025,1.0943072908427025,Protect,False,none,0.4232897319000744,cluster_margin,moderate,none,Moderate Deterioration,1,Intensify Action,Protect (Tight Control),311.82300000000004,77.95575000000001,1.0943072908427025,0.25,0.012373963925611218
269,FUR-FU-10001185,"Advantus Employee of the Month Certificate Frame, 11 x 13-1/2",Clustered Body,0,Stable Profit Cluster,Stable Profit Cluster,,,False,False,False,False,0,822.738,0.37894736842105264,5,False,0.5450706537760605,0.5450706537760605,Protect,False,none,0.6713378144424298,cluster_margin,none,none,No Signal,0,No Escalation,Protect,311.7744,62.35488,0.5450706537760605,0.0,0.012372035348672426
270,OFF-AP-10003779,Kensington 7 Outlet MasterPiece Power Center with Fax/Phone Line Protection,Clustered Body,0,Stable Profit Cluster,Stable Profit Cluster,,,False,False,False,False,0,1473.108,0.21126760563380284,4,False,0.4539420212791442,0.4539420212791442,Protect,False,none,0.5841589146705476,cluster_margin,none,none,No Signal,0,No Escalation,Protect,311.22,77.805,0.4539420212791442,0.0,0.012350035285815103
271,FUR-BO-10000362,Sauder Inglewood Library Bookcases,Clustered Body,0,Stable Profit Cluster,Stable Profit Cluster,,,False,False,False,False,0,2154.348,0.14444444444444446,5,False,1.6889392606230402,1.6889392606230402,Protect,False,none,0.4978452051292233,cluster_margin,severe,none,Severe Deterioration,1,Reroute Action,Reroute to Contain / Correct,311.1836,62.236720000000005,1.6889392606230402,0.2,0.012348590837243663
272,OFF-AR-10002135,Boston Heavy-Duty Trimline Electric Pencil Sharpeners,Clustered Body,0,Stable Profit Cluster,Stable Profit Cluster,,,False,False,False,False,0,1166.44,0.2665289256198347,5,False,0.588177163311825,0.588177163311825,Protect,False,none,0.673534367003689,cluster_margin,none,none,No Signal,0,No Escalation,Protect,310.89,62.178,0.588177163311825,0.0,0.012336940010304791
273,OFF-EN-10001434,"Strathmore #10 Envelopes, Ultimate White",Clustered Body,0,Stable Profit Cluster,Stable Profit Cluster,,,False,False,False,False,0,632.52,0.49,4,False,0.2712785946571288,0.2712785946571288,Protect,False,none,0.5853238170880463,cluster_margin,none,none,No Signal,0,No Escalation,Protect,309.9348,77.4837,0.2712785946571288,0.0,0.0122990351401004
274,OFF-PA-10001357,Xerox 1886,Clustered Body,0,Stable Profit Cluster,Stable Profit Cluster,,,False,False,False,False,0,651.4399999999999,0.46470588235294125,5,False,0.6181830681960161,0.6181830681960161,Protect,False,none,0.688223154997111,cluster_margin,none,none,No Signal,0,No Escalation,Protect,302.728,60.5456,0.6181830681960161,0.0,0.012013050196016433
275,TEC-PH-10001819,Innergie mMini Combo Duo USB Travel Charging Kit,Clustered Body,0,Stable Profit Cluster,Stable Profit Cluster,,,False,False,False,False,0,746.8340000000001,0.40481927710843374,6,False,0.4444085458425991,0.4444085458425991,Protect,False,none,0.716544174574138,cluster_margin,none,none,No Signal,0,No Escalation,Protect,302.3328,50.3888,0.4444085458425991,0.0,0.01199736761152651
276,OFF-LA-10002762,Avery 485,Clustered Body,0,Stable Profit Cluster,Stable Profit Cluster,,,False,False,False,False,0,639.03,0.4700000000000001,8,False,0.4922787083500987,0.4922787083500987,Protect,False,none,0.7451478145818019,cluster_margin,none,none,No Signal,0,No Escalation,Protect,300.3441,37.5430125,0.4922787083500987,0.0,0.011918450719383009
277,TEC-PH-10004345,Cisco SPA 502G IP Phone,Clustered Body,0,Stable Profit Cluster,Stable Profit Cluster,,,False,False,False,False,0,2063.14,0.14534883720930233,5,False,0.5077572285891906,0.5077572285891906,Protect,False,none,0.6918908589941271,cluster_margin,none,none,No Signal,0,No Escalation,Protect,299.875,59.975,0.5077572285891906,0.0,0.011899835586831836
278,OFF-EN-10003055,"Blue String-Tie & Button Interoffice Envelopes, 10 x 13",Clustered Body,0,Stable Profit Cluster,Stable Profit Cluster,,,False,False,False,False,0,783.608,0.38265306122448983,7,False,0.6252110387120022,0.6252110387120022,Protect,False,none,0.7367341466939819,cluster_margin,none,none,No Signal,0,No Escalation,Protect,299.85,42.83571428571429,0.6252110387120022,0.0,0.011898843520505298
279,FUR-FU-10004091,"Howard Miller 13"" Diameter Goldtone Round Wall Clock",Clustered Body,0,Stable Profit Cluster,Stable Profit Cluster,,,False,False,False,False,0,1042.068,0.28243243243243243,6,False,0.883211900784903,0.883211900784903,Protect,False,none,0.6133302099433705,cluster_margin,none,none,No Signal,0,No Escalation,Protect,294.3138,49.0523,0.883211900784903,0.16666666666666666,0.011679152416625952
280,OFF-AP-10004540,"Eureka The Boss Lite 10-Amp Upright Vacuum, Blue",Clustered Body,0,Stable Profit Cluster,Stable Profit Cluster,,,False,False,False,False,0,1042.08,0.28,4,False,0.4599411542463926,0.4599411542463926,Protect,False,none,0.6343333398620713,cluster_margin,none,none,No Signal,0,No Escalation,Protect,291.7824,72.9456,0.4599411542463926,0.0,0.011578699748665948
281,OFF-AP-10002734,Holmes Harmony HEPA Air Purifier for 17 x 20 Room,Clustered Body,2,High-Impact Profit Cluster,High-Impact Profit Cluster,,,False,False,False,False,0,675.12,0.43,1,True,,0.0,Optimize,False,none,0.35212750321182656,cluster_margin,none,none,No Signal,0,No Escalation,Optimize,290.3016,290.3016,0.0,0.0,0.011519937676012408
282,FUR-FU-10000576,Luxo Professional Fluorescent Magnifier Lamp with Clamp-Mount Base,Clustered Body,0,Stable Profit Cluster,Stable Profit Cluster,,,False,False,False,False,0,3861.0560000000005,0.07499999999999997,5,False,4.430333324850511,4.430333324850511,Protect,False,none,0.2720870249657828,cluster_margin,severe,none,Severe Deterioration,1,Reroute Action,Reroute to Contain / Correct,289.5791999999999,57.91583999999998,4.430333324850511,0.2,0.011491270927440742
283,FUR-FU-10001979,Dana Halogen Swing-Arm Architect Lamp,Clustered Body,0,Stable Profit Cluster,Stable Profit Cluster,,,False,False,False,False,0,1114.384,0.25882352941176473,6,False,0.8047033991974707,0.8047033991974707,Protect,False,none,0.7335038792762364,cluster_margin,none,none,No Signal,0,No Escalation,Protect,288.4288,48.07146666666667,0.8047033991974707,0.0,0.01144562000335874
284,OFF-ST-10001272,"Mini 13-1/2 Capacity Data Binder Rack, Pearl",Clustered Body,0,Stable Profit Cluster,Stable Profit Cluster,,,False,False,False,False,0,1465.7440000000001,0.1964285714285714,5,False,0.8443810631827241,0.8443810631827241,Protect,False,none,0.7058081053663267,cluster_margin,none,none,No Signal,0,No Escalation,Protect,287.914,57.5828,0.8443810631827241,0.0,0.011425191373562654
285,TEC-AC-10001109,Logitech Trackman Marble Mouse,Clustered Body,0,Stable Profit Cluster,Stable Profit Cluster,,,False,False,False,False,0,773.742,0.3705426356589147,9,False,0.596328266002212,0.596328266002212,Protect,False,none,0.7665082574017654,cluster_margin,none,none,No Signal,0,No Escalation,Protect,286.70439999999996,31.85604444444444,0.596328266002212,0.0,0.011377191236419405
286,OFF-PA-10001736,Xerox 1880,Clustered Body,0,Stable Profit Cluster,Stable Profit Cluster,,,False,False,False,False,0,623.744,0.4579545454545454,5,False,0.827450491722899,0.827450491722899,Protect,False,none,0.7090236220127333,cluster_margin,none,none,No Signal,0,No Escalation,Protect,285.64639999999997,57.129279999999994,0.827450491722899,0.0,0.011335206989480286
287,TEC-PH-10004389,Nokia Lumia 925,Clustered Body,0,Stable Profit Cluster,Stable Profit Cluster,,,False,False,False,False,0,1310.296,0.21730769230769229,3,False,0.7420141773173148,0.7420141773173148,Protect,False,none,0.500313943527515,cluster_margin,none,none,No Signal,0,No Escalation,Protect,284.7374,94.91246666666666,0.7420141773173148,0.0,0.01129913545784734
288,OFF-BI-10001989,Premium Transparent Presentation Covers by GBC,Clustered Body,0,Stable Profit Cluster,Stable Profit Cluster,,,False,False,False,False,0,753.182,0.37715877437325906,10,False,1.033075138879967,1.033075138879967,Protect,False,none,0.5830107147337142,cluster_margin,moderate,none,Moderate Deterioration,1,Intensify Action,Protect (Tight Control),284.0692,28.406920000000003,1.033075138879967,0.2,0.011272619509071614
289,FUR-CH-10004477,"Global Push Button Manager's Chair, Indigo",Clustered Body,0,Stable Profit Cluster,Stable Profit Cluster,,,False,False,False,False,0,2185.951,0.1298050139275766,9,False,1.667573403996291,1.667573403996291,Protect,False,none,0.23229881192201132,cluster_margin,severe,none,Severe Deterioration,1,Reroute Action,Reroute to Contain / Correct,283.74739999999997,31.527488888888886,1.667573403996291,0.3333333333333333,0.011259849631316406
290,FUR-CH-10004997,Hon Every-Day Series Multi-Task Chairs,Clustered Body,0,Stable Profit Cluster,Stable Profit Cluster,,,False,False,False,False,0,6748.482,0.04178272980501392,10,False,3.55473277041008,3.55473277041008,Protect,False,none,0.12015392999621372,cluster_margin,severe,none,Severe Deterioration,1,Reroute Action,Reroute to Contain / Correct,281.96999999999997,28.196999999999996,3.55473277041008,0.3,0.01118931768376481
291,OFF-BI-10001543,GBC VeloBinder Manual Binding System,Clustered Body,0,Stable Profit Cluster,Stable Profit Cluster,,,False,False,False,False,0,842.166,0.33333333333333337,8,False,1.5257363424745787,1.5257363424745787,Protect,False,none,0.45750228732066783,cluster_margin,severe,none,Severe Deterioration,1,Reroute Action,Reroute to Contain / Correct,280.72200000000004,35.090250000000005,1.5257363424745787,0.25,0.011139793732744
292,TEC-AC-10001772,Memorex Mini Travel Drive 16 GB USB 2.0 Flash Drive,Clustered Body,0,Stable Profit Cluster,Stable Profit Cluster,,,False,False,False,False,0,718.6500000000001,0.38999999999999996,6,False,0.49442137765655153,0.49442137765655153,Protect,False,none,0.7442640738162448,cluster_margin,none,none,No Signal,0,No Escalation,Protect,280.2735,46.712250000000004,0.49442137765655153,0.0,0.011121996062845894
293,OFF-PA-10004327,Xerox 1911,Clustered Body,0,Stable Profit Cluster,Stable Profit Cluster,,,False,False,False,False,0,603.54,0.4634920634920635,5,False,0.5316635475220308,0.5316635475220308,Protect,False,none,0.7181523140891067,cluster_margin,none,none,No Signal,0,No Escalation,Protect,279.736,55.947199999999995,0.5316635475220308,0.0,0.011100666636825312
294,OFF-PA-10004475,Xerox 1940,Clustered Body,0,Stable Profit Cluster,Stable Profit Cluster,,,False,False,False,False,0,615.552,0.45357142857142857,4,False,0.3669835207543778,0.3669835207543778,Protect,False,none,0.6636692695585167,cluster_margin,none,none,No Signal,0,No Escalation,Protect,279.1968,69.7992,0.3669835207543778,0.0,0.011079269750294525
295,OFF-PA-10002923,Xerox 1942,Clustered Body,0,Stable Profit Cluster,Stable Profit Cluster,,,False,False,False,False,0,597.068,0.4672131147540983,6,False,0.6711774588492189,0.6711774588492189,Protect,False,none,0.7464740432535468,cluster_margin,none,none,No Signal,0,No Escalation,Protect,278.95799999999997,46.492999999999995,0.6711774588492189,0.0,0.011069793532743425
296,OFF-ST-10002974,"Trav-L-File Heavy-Duty Shuttle II, Black",Clustered Body,0,Stable Profit Cluster,Stable Profit Cluster,,,False,False,False,False,0,1193.818,0.23357664233576644,7,False,0.8590574940014927,0.8590574940014927,Protect,False,none,0.760893742670973,cluster_margin,none,none,No Signal,0,No Escalation,Protect,278.848,39.83542857142857,0.8590574940014927,0.0,0.011065428440906657
297,OFF-ST-10003282,"Advantus 10-Drawer Portable Organizer, Chrome Metal Frame, Smoke Drawers",Clustered Body,0,Stable Profit Cluster,Stable Profit Cluster,,,False,False,False,False,0,1051.7759999999998,0.26363636363636367,4,False,0.9383983178766504,0.9383983178766504,Protect,False,none,0.6704994840096634,cluster_margin,none,none,No Signal,0,No Escalation,Protect,277.2864,69.3216,0.9383983178766504,0.0,0.011003460009885743
298,TEC-PH-10001079,Polycom SoundPoint Pro SE-225 Corded phone,Clustered Body,0,Stable Profit Cluster,Stable Profit Cluster,,,False,False,False,False,0,1903.8400000000001,0.145,4,False,1.7514028472372996,1.7514028472372996,Protect,False,none,0.41701269253139644,cluster_margin,severe,none,Severe Deterioration,1,Reroute Action,Reroute to Contain / Correct,276.0568,69.0142,1.7514028472372996,0.25,0.010954666219681263
299,TEC-AC-10004353,Hypercom P1300 Pinpad,Clustered Body,0,Stable Profit Cluster,Stable Profit Cluster,,,False,False,False,False,0,1108.8,0.24829545454545457,7,False,0.666366706186704,0.666366706186704,Protect,False,none,0.7666588141308923,cluster_margin,none,none,No Signal,0,No Escalation,Protect,275.31,39.33,0.666366706186704,0.0,0.010925031214374898
300,OFF-EN-10002831,"Tyvek  Top-Opening Peel & Seel  Envelopes, Gray",Clustered Body,0,Stable Profit Cluster,Stable Profit Cluster,,,False,False,False,False,0,610.98,0.44999999999999996,3,False,0.5657098476977662,0.5657098476977662,Protect,False,none,0.5332126651087212,cluster_margin,none,none,No Signal,0,No Escalation,Protect,274.941,91.64699999999999,0.5657098476977662,0.0,0.010910388315395186
301,TEC-PH-10004042,ClearOne Communications CHAT 70 OC Speaker Phone,Clustered Body,0,Stable Profit Cluster,Stable Profit Cluster,,,False,False,False,False,0,1685.294,0.16226415094339622,4,False,0.9455311197962307,0.9455311197962307,Protect,False,none,0.6767844934198003,cluster_margin,none,none,No Signal,0,No Escalation,Protect,273.4628,68.3657,0.9455311197962307,0.0,0.010851729417639606
302,OFF-PA-10004039,Xerox 1882,Clustered Body,0,Stable Profit Cluster,Stable Profit Cluster,,,False,False,False,False,0,615.78,0.4436363636363637,5,False,0.7205232671200646,0.7205232671200646,Protect,False,none,0.7267575972819931,cluster_margin,none,none,No Signal,0,No Escalation,Protect,273.18240000000003,54.636480000000006,0.7205232671200646,0.0,0.010840602401721149
303,TEC-PH-10004120,AT&T 1080 Phone,Clustered Body,0,Stable Profit Cluster,Stable Profit Cluster,,,False,False,False,False,0,1589.084,0.1706896551724138,3,False,1.1992540433886232,1.1992540433886232,Protect,False,none,0.5425262214496287,cluster_margin,moderate,none,Moderate Deterioration,1,Intensify Action,Protect (Tight Control),271.2402,90.41340000000001,1.1992540433886232,0.0,0.010763530752945009
304,TEC-MA-10004552,Star Micronics TSP100 TSP143LAN Receipt Printer,Clustered Body,2,High-Impact Profit Cluster,High-Impact Profit Cluster,,,False,False,False,False,0,1035.8,0.26,1,True,,0.0,Optimize,False,none,0.33104271916402417,cluster_margin,none,none,No Signal,0,No Escalation,Optimize,269.308,269.308,0.0,0.0,0.010686855930699485
305,FUR-CH-10002965,"Global Leather Highback Executive Chair with Pneumatic Height Adjustment, Black",Clustered Body,1,Stable Loss Cluster,Stable Loss Cluster,,,False,False,False,False,0,5989.204,0.04463087248322148,10,False,1.9920922304410043,1.9920922304410043,Correct,False,high,0.03125884051978676,cluster_margin,moderate,none,High Classification Instability,2,Reassess Classification,Reassess Classification,267.3034,26.73034,1.9920922304410043,0.4,0.010607308084372305
306,FUR-FU-10001290,Executive Impressions Supervisor Wall Clock,Clustered Body,0,Stable Profit Cluster,Stable Profit Cluster,,,False,False,False,False,0,867.2599999999999,0.3067961165048544,4,False,1.1053905505406632,1.1053905505406632,Protect,False,none,0.6841162951732686,cluster_margin,moderate,none,Moderate Deterioration,1,Intensify Action,Protect (Tight Control),266.072,66.518,1.1053905505406632,0.0,0.010558442865392315
307,OFF-BI-10002026,Ibico Recycled Linen-Style Covers,Clustered Body,0,Stable Profit Cluster,Stable Profit Cluster,,,False,False,False,False,0,749.952,0.35000000000000003,4,False,1.2387952339481407,1.2387952339481407,Protect,False,none,0.45257214638629134,cluster_margin,moderate,none,Moderate Deterioration,1,Intensify Action,Protect (Tight Control),262.4832,65.6208,1.2387952339481407,0.25,0.01041602976008503
308,OFF-ST-10000675,"File Shuttle II and Handi-File, Black",Clustered Body,0,Stable Profit Cluster,Stable Profit Cluster,,,False,False,False,False,0,1125.148,0.2319277108433735,7,False,0.828392418284458,0.828392418284458,Protect,False,none,0.7838032719829086,cluster_margin,none,none,No Signal,0,No Escalation,Protect,260.953,37.278999999999996,0.828392418284458,0.0,0.010355307364370247
309,OFF-PA-10002222,"Xerox Color Copier Paper, 11"" x 17"", Ream",Clustered Body,0,Stable Profit Cluster,Stable Profit Cluster,,,False,False,False,False,0,593.84,0.43923076923076915,6,False,0.41982999535004895,0.41982999535004895,Protect,False,none,0.7681896457884414,cluster_margin,none,none,No Signal,0,No Escalation,Protect,260.83279999999996,43.472133333333325,0.41982999535004895,0.0,0.010350537509472247
310,OFF-BI-10002082,GBC Twin Loop Wire Binding Elements,Clustered Body,1,Stable Loss Cluster,Stable Loss Cluster,,,False,False,False,False,0,1041.664,0.24920127795527158,10,False,2.527159776013869,2.527159776013869,Correct,False,watch,0.09698334471493454,cluster_margin,severe,none,Severe Deterioration,2,Reroute Action,Exit / Restructure,259.584,25.9584,2.527159776013869,0.4,0.010300981812328988
311,TEC-PH-10003811,Jabra Supreme Plus Driver Edition Headset,Clustered Body,0,Stable Profit Cluster,Stable Profit Cluster,,,False,False,False,False,0,2159.82,0.12,5,False,1.592489432226346,1.592489432226346,Protect,False,none,0.5466649101736121,cluster_margin,severe,none,Severe Deterioration,1,Reroute Action,Reroute to Contain / Correct,259.1784,51.83568,1.592489432226346,0.2,0.010284886528247224
312,OFF-ST-10001837,"SAFCO Mobile Desk Side File, Wire Frame",Clustered Body,0,Stable Profit Cluster,Stable Profit Cluster,,,False,False,False,False,0,1240.04,0.20896551724137932,8,False,1.1669397905653074,1.1669397905653074,Protect,False,none,0.7854044268532139,cluster_margin,moderate,none,Moderate Deterioration,1,Intensify Action,Protect (Tight Control),259.1256,32.3907,1.1669397905653074,0.0,0.010282791284165574
313,OFF-PA-10002319,Xerox 1944,Clustered Body,0,Stable Profit Cluster,Stable Profit Cluster,,,False,False,False,False,0,573.648,0.4486486486486486,6,False,0.6903473190928787,0.6903473190928787,Protect,False,none,0.7747412429485105,cluster_margin,none,none,No Signal,0,No Escalation,Protect,257.3664,42.8944,0.6903473190928787,0.0,0.010212981560899698
314,FUR-FU-10001215,"Howard Miller 11-1/2"" Diameter Brentwood Wall Clock",Clustered Body,0,Stable Profit Cluster,Stable Profit Cluster,,,False,False,False,False,0,681.454,0.37594936708860766,4,False,1.4704067841316453,1.4704067841316453,Protect,False,none,0.4451779066960201,cluster_margin,moderate,none,Moderate Deterioration,1,Intensify Action,Protect (Tight Control),256.1922,64.04805,1.4704067841316453,0.25,0.010166386189674827
315,TEC-AC-10000109,Sony Micro Vault Click 16 GB USB 2.0 Flash Drive,Clustered Body,0,Stable Profit Cluster,Stable Profit Cluster,,,False,False,False,False,0,1489.334,0.17142857142857143,9,False,0.8141240147955953,0.8141240147955953,Protect,False,none,0.8024410290455855,cluster_margin,none,none,No Signal,0,No Escalation,Protect,255.3144,28.368266666666667,0.8141240147955953,0.0,0.0101315527568174
316,OFF-PA-10003790,Xerox 1991,Clustered Body,0,Stable Profit Cluster,Stable Profit Cluster,,,False,False,False,False,0,575.568,0.44285714285714284,6,False,0.785910329464693,0.785910329464693,Protect,False,none,0.7775834820128454,cluster_margin,none,none,No Signal,0,No Escalation,Protect,254.8944,42.4824,0.785910329464693,0.0,0.01011488604253155
317,FUR-CH-10004875,Harbour Creations 67200 Series Stacking Chairs,Clustered Body,0,Stable Profit Cluster,Stable Profit Cluster,,,False,False,False,False,0,1501.8980000000001,0.1696682464454976,8,False,1.37957826638891,1.37957826638891,Protect,False,none,0.7088011145261555,cluster_margin,moderate,none,Moderate Deterioration,1,Intensify Action,Protect (Tight Control),254.8244,31.85305,1.37957826638891,0.125,0.010112108256817241
318,OFF-ST-10000877,Recycled Steel Personal File for Standard File Folders,Clustered Body,0,Stable Profit Cluster,Stable Profit Cluster,,,False,False,False,False,0,1072.626,0.2371134020618557,4,False,0.7716361971024114,0.7716361971024114,Protect,False,none,0.7069724996273422,cluster_margin,none,none,No Signal,0,No Escalation,Protect,254.334,63.5835,0.7716361971024114,0.0,0.010092647883755858
319,FUR-CH-10002439,"Iceberg Nesting Folding Chair, 19w x 6d x 43h",Clustered Body,0,Stable Profit Cluster,Stable Profit Cluster,,,False,False,False,False,0,1589.406,0.15970695970695972,6,False,0.6517366708687014,0.6517366708687014,Protect,False,none,0.7794496491490654,cluster_margin,none,none,No Signal,0,No Escalation,Protect,253.8392,42.306533333333334,0.6517366708687014,0.0,0.010073012907021004
320,TEC-PH-10002555,Nortel Meridian M5316 Digital phone,Clustered Body,1,Stable Loss Cluster,Stable Loss Cluster,,,False,False,False,False,0,2744.87,0.09245283018867925,4,False,3.504977878653016,3.504977878653016,Correct,False,none,0.20972834936167198,cluster_margin,severe,none,Severe Deterioration,1,Reroute Action,Exit / Restructure,253.77100000000002,63.442750000000004,3.504977878653016,0.5,0.010070306550082207
321,TEC-PH-10000486,Plantronics HL10 Handset Lifter,Clustered Body,0,Stable Profit Cluster,Stable Profit Cluster,,,False,False,False,False,0,2227.008,0.1125,3,False,0.4984878778982892,0.4984878778982892,Protect,False,none,0.6097227024829416,cluster_margin,none,none,No Signal,0,No Escalation,Protect,250.5384,83.5128,0.4984878778982892,0.0,0.009942028405795444
322,FUR-FU-10003553,"Howard Miller 13-1/2"" Diameter Rosebrook Wall Clock",Clustered Body,0,Stable Profit Cluster,Stable Profit Cluster,,,False,False,False,False,0,949.026,0.2608695652173913,5,False,1.2754721970647647,1.2754721970647647,Protect,False,none,0.5747211452435748,cluster_margin,moderate,none,Moderate Deterioration,1,Intensify Action,Protect (Tight Control),247.57199999999997,49.514399999999995,1.2754721970647647,0.2,0.009824313783753667
323,FUR-CH-10003817,"Global Value Steno Chair, Gray",Clustered Body,0,Stable Profit Cluster,Stable Profit Cluster,,,False,False,False,False,0,2204.862,0.11157024793388429,10,False,1.849152232645389,1.849152232645389,Protect,False,none,0.2899704183870469,cluster_margin,severe,none,Severe Deterioration,1,Reroute Action,Reroute to Contain / Correct,245.99699999999999,24.5997,1.849152232645389,0.3,0.009761813605181729
324,OFF-PA-10002581,Xerox 1951,Clustered Body,0,Stable Profit Cluster,Stable Profit Cluster,,,False,False,False,False,0,755.912,0.3237704918032787,6,False,0.7850223620539677,0.7850223620539677,Protect,False,none,0.7913244394383635,cluster_margin,none,none,No Signal,0,No Escalation,Protect,244.74200000000002,40.790333333333336,0.7850223620539677,0.0,0.009712011875589486
325,FUR-FU-10000277,Deflect-o DuraMat Antistatic Studded Beveled Mat for Medium Pile Carpeting,Clustered Body,0,Stable Profit Cluster,Stable Profit Cluster,,,False,False,False,False,0,1685.44,0.145,5,False,2.0381880776844694,2.0381880776844694,Protect,False,none,0.5236009059772796,cluster_margin,severe,none,Severe Deterioration,1,Reroute Action,Reroute to Contain / Correct,244.3888,48.87776,2.0381880776844694,0.2,0.009697995962528147
326,OFF-LA-10001474,Avery 477,Clustered Body,0,Stable Profit Cluster,Stable Profit Cluster,,,False,False,False,False,0,573.9639999999999,0.4255319148936171,4,False,0.7698089752896572,0.7698089752896572,Protect,False,none,0.7222308919670474,cluster_margin,none,none,No Signal,0,No Escalation,Protect,244.24,61.06,0.7698089752896572,0.0,0.00969209118375259
327,OFF-LA-10003923,Alphabetical Labels for Top Tab Filing,Clustered Body,0,Stable Profit Cluster,Stable Profit Cluster,,,False,False,False,False,0,518.0,0.4714285714285714,9,False,0.6467998639792449,0.6467998639792449,Protect,False,none,0.8158855674352817,cluster_margin,none,none,No Signal,0,No Escalation,Protect,244.2,27.133333333333333,0.6467998639792449,0.0,0.009690503877630126
328,TEC-PH-10001580,Logitech Mobile Speakerphone P710e - speaker phone,Clustered Body,0,Stable Profit Cluster,Stable Profit Cluster,,,False,False,False,False,0,1916.716,0.12605633802816904,5,False,0.8085575575581269,0.8085575575581269,Protect,False,none,0.7704811969800809,cluster_margin,none,none,No Signal,0,No Escalation,Protect,241.6142,48.32284,0.8085575575581269,0.0,0.009587892473343575
329,OFF-AP-10001271,Eureka The Boss Cordless Rechargeable Stick Vac,Clustered Body,0,Stable Profit Cluster,Stable Profit Cluster,,,False,False,False,False,0,948.228,0.25430107526881723,6,False,0.5298773351367031,0.5298773351367031,Protect,False,none,0.7955971585078961,cluster_margin,none,none,No Signal,0,No Escalation,Protect,241.1354,40.189233333333334,0.5298773351367031,0.0,0.009568892419057706
330,OFF-PA-10003656,Xerox 1935,Clustered Body,0,Stable Profit Cluster,Stable Profit Cluster,,,False,False,False,False,0,538.152,0.4441176470588235,4,False,0.5207983982564849,0.5207983982564849,Protect,False,none,0.7306817302792793,cluster_margin,none,none,No Signal,0,No Escalation,Protect,239.0028,59.7507,0.5207983982564849,0.0,0.009484265193138648
331,OFF-PA-10004353,Southworth 25% Cotton Premium Laser Paper and Envelopes,Clustered Body,0,Stable Profit Cluster,Stable Profit Cluster,,,False,False,False,False,0,527.472,0.4484848484848485,5,False,0.9450543204144017,0.9450543204144017,Protect,False,none,0.7758034443870923,cluster_margin,none,none,No Signal,0,No Escalation,Protect,236.5632,47.31264,0.9450543204144017,0.0,0.009387455392729694
332,OFF-PA-10001790,Xerox 1910,Clustered Body,0,Stable Profit Cluster,Stable Profit Cluster,,,False,False,False,False,0,586.088,0.4032786885245902,5,False,0.4789305491657001,0.4789305491657001,Protect,False,none,0.7774884583807946,cluster_margin,none,none,No Signal,0,No Escalation,Protect,236.3568,47.27136,0.4789305491657001,0.0,0.00937926489313779
333,OFF-PA-10002120,Xerox 1889,Clustered Body,0,Stable Profit Cluster,Stable Profit Cluster,,,False,False,False,False,0,516.624,0.45744680851063824,3,False,0.6134982701542914,0.6134982701542914,Protect,False,none,0.6518817629449557,cluster_margin,none,none,No Signal,0,No Escalation,Protect,236.32799999999997,78.776,0.6134982701542914,0.0,0.009378122032729617
334,OFF-AP-10001391,Kensington 6 Outlet MasterPiece HOMEOFFICE Power Control Center,Clustered Body,0,Stable Profit Cluster,Stable Profit Cluster,,,False,False,False,False,0,812.1600000000001,0.2899999999999999,2,False,0.47039262402189685,0.47039262402189685,Protect,False,none,0.3845349011882573,cluster_margin,none,none,No Signal,0,No Escalation,Protect,235.52639999999997,117.76319999999998,0.47039262402189685,0.0,0.009346312418035478
335,OFF-BI-10004492,Tuf-Vin Binders,Clustered Body,0,Stable Profit Cluster,Stable Profit Cluster,,,False,False,False,False,0,669.496,0.35000000000000003,7,False,1.3641992978598154,1.3641992978598154,Protect,False,none,0.39061986622110884,cluster_margin,moderate,none,Moderate Deterioration,1,Intensify Action,Protect (Tight Control),234.3236,33.4748,1.3641992978598154,0.2857142857142857,0.009298582122933049
336,FUR-CH-10002647,"Situations Contoured Folding Chairs, 4/Set",Clustered Body,1,Stable Loss Cluster,Stable Loss Cluster,,,False,False,False,False,0,3641.2740000000003,0.06432748538011696,15,False,2.1431239516957787,2.1431239516957787,Correct,False,none,0.13414893053776616,cluster_margin,moderate,none,Moderate Deterioration,1,Intensify Action,Correct — Accelerated,234.234,15.6156,2.1431239516957787,0.4,0.009295026557218736
337,OFF-ST-10000532,Advantus Rolling Drawer Organizers,Clustered Body,0,Stable Profit Cluster,Stable Profit Cluster,,,False,False,False,False,0,1115.92,0.20896551724137932,6,False,1.0899146785763163,1.0899146785763163,Protect,False,none,0.8008074596901735,cluster_margin,moderate,none,Moderate Deterioration,1,Intensify Action,Protect (Tight Control),233.18880000000001,38.8648,1.0899146785763163,0.0,0.009253550248238806
338,FUR-CH-10000749,Office Star - Ergonomic Mid Back Chair with 2-Way Adjustable Arms,Clustered Body,0,Stable Profit Cluster,Stable Profit Cluster,,,False,False,False,False,0,2207.956,0.10491803278688525,2,False,1.7639090532363981,1.7639090532363981,Protect,False,high,0.010861279862050429,cluster_margin,severe,none,High Classification Instability,2,Reassess Classification,Reassess Classification,231.6544,115.8272,1.7639090532363981,0.5,0.009192661185381165
339,TEC-PH-10001061,Apple iPhone 5C,Clustered Body,0,Stable Profit Cluster,Stable Profit Cluster,,,False,False,False,False,0,1339.866,0.17164179104477612,4,False,1.4379801729568245,1.4379801729568245,Protect,False,none,0.7258435287191304,cluster_margin,moderate,none,Moderate Deterioration,1,Intensify Action,Protect (Tight Control),229.97699999999998,57.494249999999994,1.4379801729568245,0.0,0.009126097503135722
340,FUR-BO-10000711,"Hon Metal Bookcases, Gray",Clustered Body,0,Stable Profit Cluster,Stable Profit Cluster,,,False,False,False,False,0,851.76,0.27,2,False,0.7055523784396642,0.7055523784396642,Protect,False,none,0.41117432941246557,cluster_margin,none,none,No Signal,0,No Escalation,Protect,229.9752,114.9876,0.7055523784396642,0.0,0.009126026074360213
341,TEC-PH-10001750,Samsung Rugby III,Clustered Body,0,Stable Profit Cluster,Stable Profit Cluster,,,False,False,False,False,0,1385.79,0.1657142857142857,8,False,0.7987209659258833,0.7987209659258833,Protect,False,none,0.8304497650868775,cluster_margin,none,none,No Signal,0,No Escalation,Protect,229.6452,28.70565,0.7987209659258833,0.0,0.009112930798849901
342,OFF-AP-10002518,Kensington 7 Outlet MasterPiece Power Center,Clustered Body,0,Stable Profit Cluster,Stable Profit Cluster,,,False,False,False,False,0,2883.276,0.07962962962962965,5,False,6.539796483860875,6.539796483860875,Protect,False,watch,0.07599999848934032,cluster_margin,severe,none,Severe Deterioration,2,Reroute Action,Reroute to Contain / Correct,229.59420000000003,45.91884,6.539796483860875,0.2,0.009110906983543764
343,FUR-CH-10001891,Global Deluxe Office Fabric Chairs,Clustered Body,0,Stable Profit Cluster,Stable Profit Cluster,,,False,False,False,False,0,1420.504,0.1614864864864865,6,False,0.5879378379344117,0.5879378379344117,Protect,False,none,0.8121012487113007,cluster_margin,none,none,No Signal,0,No Escalation,Protect,229.3922,38.232033333333334,0.5879378379344117,0.0,0.00910289108762533
344,TEC-PH-10004434,Cisco IP Phone 7961G VoIP phone - Dark gray,Clustered Body,0,Stable Profit Cluster,Stable Profit Cluster,,,False,False,False,False,0,1386.69,0.16470588235294117,3,False,0.46377159361738746,0.46377159361738746,Protect,False,none,0.6703946137840483,cluster_margin,none,none,No Signal,0,No Escalation,Protect,228.39600000000002,76.132,0.46377159361738746,0.0,0.009063359228645415
345,TEC-AC-10003399,Memorex Mini Travel Drive 64 GB USB 2.0 Flash Drive,Clustered Body,0,Stable Profit Cluster,Stable Profit Cluster,,,False,False,False,False,0,543.6,0.42,6,False,0.8239721022870122,0.8239721022870122,Protect,False,none,0.8135515384376217,cluster_margin,none,none,No Signal,0,No Escalation,Protect,228.312,38.052,0.8239721022870122,0.0,0.009060025885788246
346,OFF-EN-10002504,"Tyvek  Top-Opening Peel & Seel Envelopes, Plain White",Clustered Body,0,Stable Profit Cluster,Stable Profit Cluster,,,False,False,False,False,0,570.78,0.3942857142857143,7,False,0.6042225131537309,0.6042225131537309,Protect,False,none,0.8301086619140116,cluster_margin,none,none,No Signal,0,No Escalation,Protect,225.0504,32.15005714285714,0.6042225131537309,0.0,0.008930596944562698
347,OFF-EN-10004483,"#10 White Business Envelopes,4 1/8 x 9 1/2",Clustered Body,0,Stable Profit Cluster,Stable Profit Cluster,,,False,False,False,False,0,488.904,0.4564102564102564,7,False,0.6218721051885078,0.6218721051885078,Protect,False,none,0.832746107310042,cluster_margin,none,none,No Signal,0,No Escalation,Protect,223.14079999999998,31.87725714285714,0.6218721051885078,0.0,0.008854818950276365
348,OFF-ST-10002292,"Sauder Facets Collection Locker/File Cabinet, Sky Alder Finish",Clustered Body,0,Stable Profit Cluster,Stable Profit Cluster,,,False,False,False,False,0,1706.508,0.13043478260869565,2,False,1.4110018168622886,1.4110018168622886,Protect,False,none,0.43978337186668587,cluster_margin,moderate,none,Moderate Deterioration,1,Intensify Action,Protect (Tight Control),222.588,111.294,1.4110018168622886,0.0,0.008832882379663941
349,TEC-PH-10000215,Plantronics Cordless Phone Headset with In-line Volume - M214C,Clustered Body,0,Stable Profit Cluster,Stable Profit Cluster,,,False,False,False,False,0,908.6999999999999,0.24192307692307694,6,False,0.9095778205221329,0.9095778205221329,Protect,False,none,0.8240434960085921,cluster_margin,none,none,No Signal,0,No Escalation,Protect,219.8355,36.63925,0.9095778205221329,0.0,0.00872365587711203
350,TEC-MA-10004626,Lexmark 20R1285 X6650 Wireless All-in-One Printer,Clustered Body,0,Stable Profit Cluster,Stable Profit Cluster,,,False,False,False,False,0,600.0,0.364,2,False,1.5039694070260612,1.5039694070260612,Protect,False,high,0.006658738202019172,cluster_margin,severe,none,High Classification Instability,2,Reassess Classification,Reassess Classification,218.4,109.2,1.5039694070260612,0.5,0.008666691428642178
351,TEC-PH-10000011,PureGear Roll-On Screen Protector,Clustered Body,0,Stable Profit Cluster,Stable Profit Cluster,,,False,False,False,False,0,571.7139999999999,0.38181818181818183,5,False,1.1672183869535628,1.1672183869535628,Protect,False,none,0.7959635700268093,cluster_margin,moderate,none,Moderate Deterioration,1,Intensify Action,Protect (Tight Control),218.2908,43.658159999999995,1.1672183869535628,0.0,0.008662358082927856
352,OFF-PA-10000176,Xerox 1887,Clustered Body,0,Stable Profit Cluster,Stable Profit Cluster,,,False,False,False,False,0,512.1899999999999,0.4222222222222223,8,False,0.7207433834376465,0.7207433834376465,Protect,False,none,0.8470679244865618,cluster_margin,none,none,No Signal,0,No Escalation,Protect,216.258,27.03225,0.7207433834376465,0.0,0.00858169118578434
353,OFF-BI-10001597,"Wilson Jones Ledger-Size, Piano-Hinge Binder, 2"", Blue",Clustered Body,1,Stable Loss Cluster,Stable Loss Cluster,,,False,False,False,False,0,1217.106,0.1771043771043771,12,False,3.6225888304583975,3.6225888304583975,Correct,False,none,0.2978543517118748,cluster_margin,severe,none,Severe Deterioration,1,Reroute Action,Exit / Restructure,215.5548,17.9629,3.6225888304583975,0.4166666666666667,0.00855378634415146
354,TEC-AC-10003590,"TRENDnet 56K USB 2.0 Phone, Internet and Fax Modem",Clustered Body,0,Stable Profit Cluster,Stable Profit Cluster,,,False,False,False,False,0,626.538,0.33884297520661155,5,False,0.8367362153029946,0.8367362153029946,Protect,False,none,0.8136203401384279,cluster_margin,none,none,No Signal,0,No Escalation,Protect,212.298,42.4596,0.8367362153029946,0.0,0.00842454787966061
355,TEC-AC-10001714,Logitech MX Performance Wireless Mouse,Clustered Body,0,Stable Profit Cluster,Stable Profit Cluster,,,False,False,False,False,0,789.822,0.2681818181818182,7,False,0.5298248443267026,0.5298248443267026,Protect,False,none,0.8455831224149455,cluster_margin,none,none,No Signal,0,No Escalation,Protect,211.8159,30.259414285714286,0.5298248443267026,0.0,0.008405416872619637
356,TEC-PH-10002275,Mitel 5320 IP Phone VoIP phone,Clustered Body,0,Stable Profit Cluster,Stable Profit Cluster,,,False,False,False,False,0,2116.688,0.09999999999999998,4,False,0.544494558809574,0.544494558809574,Protect,False,none,0.773623853851823,cluster_margin,none,none,No Signal,0,No Escalation,Protect,211.66879999999998,52.917199999999994,0.544494558809574,0.0,0.008399579554354282
357,OFF-BI-10000666,Surelock Post Binders,Clustered Body,0,Stable Profit Cluster,Stable Profit Cluster,,,False,False,False,False,0,653.984,0.32242990654205606,8,False,1.4795085028763892,1.4795085028763892,Protect,False,none,0.4739445261866262,cluster_margin,moderate,none,Moderate Deterioration,1,Intensify Action,Protect (Tight Control),210.864,26.358,1.4795085028763892,0.25,0.008367642955170349
358,FUR-TA-10001705,Bush Advantage Collection Round Conference Table,Clustered Body,1,Stable Loss Cluster,Stable Loss Cluster,,,False,False,False,False,0,3401.6,0.061875,4,False,4.502178878525179,4.502178878525179,Correct,False,none,0.3056407514601582,cluster_margin,severe,none,Severe Deterioration,1,Reroute Action,Exit / Restructure,210.474,52.6185,4.502178878525179,0.5,0.008352166720476345
359,TEC-PH-10003885,Cisco SPA508G,Clustered Body,0,Stable Profit Cluster,Stable Profit Cluster,,,False,False,False,False,0,910.662,0.22826086956521738,5,False,0.7953644314538977,0.7953644314538977,Protect,False,none,0.6266141450913882,cluster_margin,none,none,No Signal,0,No Escalation,Protect,207.86849999999998,41.573699999999995,0.7953644314538977,0.2,0.00824877356792448
360,OFF-PA-10001970,Xerox 1881,Clustered Body,0,Stable Profit Cluster,Stable Profit Cluster,,,False,False,False,False,0,454.36,0.4556756756756757,11,False,0.6074521477952437,0.6074521477952437,Protect,False,none,0.8545421124249869,cluster_margin,none,none,No Signal,0,No Escalation,Protect,207.04080000000002,18.82189090909091,0.6074521477952437,0.0,0.008215928235985437
361,OFF-AP-10001205,Belkin 5 Outlet SurgeMaster Power Centers,Clustered Body,0,Stable Profit Cluster,Stable Profit Cluster,,,False,False,False,False,0,1776.048,0.11656441717791412,10,False,4.680285512413576,4.680285512413576,Protect,False,none,0.3459109327127932,cluster_margin,severe,none,Severe Deterioration,1,Reroute Action,Reroute to Contain / Correct,207.024,20.7024,4.680285512413576,0.1,0.008215261567414003
362,FUR-BO-10003404,"Global Adaptabilites Bookcase, Cherry/Storm Gray Finish",Clustered Body,0,Stable Profit Cluster,Stable Profit Cluster,,,False,False,False,False,0,3447.84,0.060000000000000005,2,False,0.3526895977596855,0.3526895977596855,Protect,False,none,0.5127138639926889,cluster_margin,none,none,No Signal,0,No Escalation,Protect,206.87040000000002,103.43520000000001,0.3526895977596855,0.0,0.00820916631190375
363,OFF-AR-10001953,Boston 1645 Deluxe Heavier-Duty Electric Pencil Sharpener,Clustered Body,0,Stable Profit Cluster,Stable Profit Cluster,,,False,False,False,False,0,1073.1119999999999,0.19221311475409839,7,False,0.8962354488246483,0.8962354488246483,Protect,False,none,0.853443378318541,cluster_margin,none,none,No Signal,0,No Escalation,Protect,206.2662,29.4666,0.8962354488246483,0.0,0.00818519005292396
364,OFF-ST-10003058,Eldon Mobile Mega Data Cart  Mega Stackable  Add-On Trays,Clustered Body,0,Stable Profit Cluster,Stable Profit Cluster,,,False,False,False,False,0,709.5,0.29,6,False,0.5177116970897128,0.5177116970897128,Protect,False,none,0.8430252348590378,cluster_margin,none,none,No Signal,0,No Escalation,Protect,205.755,34.2925,0.5177116970897128,0.0,0.008164904280678897
365,OFF-PA-10001019,Xerox 1884,Clustered Body,0,Stable Profit Cluster,Stable Profit Cluster,,,False,False,False,False,0,543.456,0.3764705882352941,8,False,0.5841186906267276,0.5841186906267276,Protect,False,none,0.8594535150536936,cluster_margin,none,none,No Signal,0,No Escalation,Protect,204.5952,25.5744,0.5841186906267276,0.0,0.008118880339658114
366,FUR-CH-10003761,Global Italian Leather Office Chair,Clustered Body,1,Stable Loss Cluster,Stable Loss Cluster,,,False,False,False,False,0,969.252,0.21081081081081082,2,False,1.5192320976487919,1.5192320976487919,Correct,False,high,0.014029149416134609,cluster_margin,moderate,none,High Classification Instability,2,Reassess Classification,Reassess Classification,204.3288,102.1644,1.5192320976487919,0.5,0.008108308880882516
367,FUR-FU-10004848,"Howard Miller 13-3/4"" Diameter Brushed Chrome Round Wall Clock",Clustered Body,0,Stable Profit Cluster,Stable Profit Cluster,,,False,False,False,False,0,1324.8,0.15234375,9,False,2.2847647458292624,2.2847647458292624,Protect,False,none,0.6740926946873071,cluster_margin,severe,none,Severe Deterioration,1,Reroute Action,Reroute to Contain / Correct,201.825,22.424999999999997,2.2847647458292624,0.1111111111111111,0.008008951454147012
368,TEC-PH-10001425,Mophie Juice Pack Helium for iPhone,Clustered Body,0,Stable Profit Cluster,Stable Profit Cluster,,,False,False,False,False,0,1583.8020000000001,0.12727272727272726,6,False,1.1164397504258483,1.1164397504258483,Protect,False,none,0.696636325193155,cluster_margin,moderate,none,Moderate Deterioration,1,Intensify Action,Protect (Tight Control),201.57479999999998,33.5958,1.1164397504258483,0.16666666666666666,0.007999022854351012
369,OFF-AP-10001154,Bionaire Personal Warm Mist Humidifier/Vaporizer,Clustered Body,0,Stable Profit Cluster,Stable Profit Cluster,,,False,False,False,False,0,515.79,0.39,3,False,0.5655902559385325,0.5655902559385325,Protect,False,none,0.7179378780624791,cluster_margin,none,none,No Signal,0,No Escalation,Protect,201.1581,67.0527,0.5655902559385325,0.0,0.007982487092820265
370,OFF-ST-10003123,Fellowes Bases and Tops For Staxonsteel/High-Stak Systems,Clustered Body,0,Stable Profit Cluster,Stable Profit Cluster,,,False,False,False,False,0,858.8820000000001,0.23410852713178296,10,False,0.7363564793576804,0.7363564793576804,Protect,False,none,0.8637812092419388,cluster_margin,none,none,No Signal,0,No Escalation,Protect,201.07160000000002,20.10716,0.7363564793576804,0.0,0.007979054543330442
371,OFF-PA-10004243,Xerox 1939,Clustered Body,0,Stable Profit Cluster,Stable Profit Cluster,,,False,False,False,False,0,417.34,0.48,5,False,0.7591876609881522,0.7591876609881522,Protect,False,none,0.8324430643087001,cluster_margin,none,none,No Signal,0,No Escalation,Protect,200.32319999999999,40.06464,0.7591876609881522,0.0,0.007949356045779178
372,OFF-PA-10003134,Xerox 1937,Clustered Body,0,Stable Profit Cluster,Stable Profit Cluster,,,False,False,False,False,0,499.616,0.4,4,False,0.6154607593953663,0.6154607593953663,Protect,False,none,0.793374151666793,cluster_margin,none,none,No Signal,0,No Escalation,Protect,199.84640000000002,49.961600000000004,0.6154607593953663,0.0,0.007930435356799433
373,OFF-AP-10000576,"Belkin 325VA UPS Surge Protector, 6'",Clustered Body,0,Stable Profit Cluster,Stable Profit Cluster,,,False,False,False,False,0,1379.172,0.14473684210526316,4,False,0.6409973627852629,0.6409973627852629,Protect,False,none,0.7938709125734054,cluster_margin,none,none,No Signal,0,No Escalation,Protect,199.61700000000002,49.904250000000005,0.6409973627852629,0.0,0.007921332156187113
374,OFF-ST-10000604,Home/Office Personal File Carts,Clustered Body,0,Stable Profit Cluster,Stable Profit Cluster,,,False,False,False,False,0,980.232,0.2021276595744681,7,False,0.4965550829934007,0.4965550829934007,Protect,False,none,0.8614532945356709,cluster_margin,none,none,No Signal,0,No Escalation,Protect,198.132,28.30457142857143,0.4965550829934007,0.0,0.007862403416390714
375,FUR-CH-10001146,"Global Value Mid-Back Manager's Chair, Gray",Clustered Body,0,Stable Profit Cluster,Stable Profit Cluster,,,False,False,False,False,0,1978.925,0.09999999999999999,10,False,1.497342051364071,1.497342051364071,Protect,False,none,0.30263093135124214,cluster_margin,moderate,none,Moderate Deterioration,1,Intensify Action,Protect (Tight Control),197.89249999999998,19.78925,1.497342051364071,0.3,0.007852899420982473
376,OFF-ST-10003442,Eldon Portable Mobile Manager,Clustered Body,0,Stable Profit Cluster,Stable Profit Cluster,,,False,False,False,False,0,899.304,0.21949685534591198,9,False,0.694467421467992,0.694467421467992,Protect,False,none,0.8690943591764299,cluster_margin,none,none,No Signal,0,No Escalation,Protect,197.39440000000002,21.932711111111114,0.694467421467992,0.0,0.007833133491492516
377,FUR-FU-10001861,"Floodlight Indoor Halogen Bulbs, 1 Bulb per Pack, 60 Watts",Clustered Body,0,Stable Profit Cluster,Stable Profit Cluster,,,False,False,False,False,0,434.56,0.4535714285714286,6,False,0.6691722175736889,0.6691722175736889,Protect,False,none,0.7127457470828414,cluster_margin,none,none,No Signal,0,No Escalation,Protect,197.104,32.85066666666667,0.6691722175736889,0.16666666666666666,0.007821609649043442
378,OFF-EN-10004773,Staple envelope,Clustered Body,0,Stable Profit Cluster,Stable Profit Cluster,,,False,False,False,False,0,433.72,0.4535714285714285,4,False,0.9802273920069466,0.9802273920069466,Protect,False,none,0.7953412085166051,cluster_margin,none,none,No Signal,0,No Escalation,Protect,196.72299999999998,49.180749999999996,0.9802273920069466,0.0,0.007806490558226991
379,TEC-AC-10000358,Imation Secure Drive + Hardware Encrypted USB flash drive - 16 GB,Clustered Body,0,Stable Profit Cluster,Stable Profit Cluster,,,False,False,False,False,0,888.966,0.2205128205128205,6,False,0.6340054963515734,0.6340054963515734,Protect,False,none,0.8583817245380222,cluster_margin,none,none,No Signal,0,No Escalation,Protect,196.0284,32.6714,0.6340054963515734,0.0,0.00777892698741044
380,TEC-PH-10003095,Samsung HM1900 Bluetooth Headset,Clustered Body,0,Stable Profit Cluster,Stable Profit Cluster,,,False,False,False,False,0,491.68,0.39732142857142855,7,False,0.4648729019406798,0.4648729019406798,Protect,False,none,0.863668736173037,cluster_margin,none,none,No Signal,0,No Escalation,Protect,195.355,27.907857142857143,0.4648729019406798,0.0,0.007752204688838793
381,OFF-PA-10003823,Xerox 197,Clustered Body,0,Stable Profit Cluster,Stable Profit Cluster,,,False,False,False,False,0,501.87600000000003,0.3888888888888889,3,False,0.1232380384470974,0.1232380384470974,Protect,False,none,0.7227730057146013,cluster_margin,none,none,No Signal,0,No Escalation,Protect,195.174,65.058,0.1232380384470974,0.0,0.007745022128634653
382,TEC-PH-10003215,Jackery Bar Premium Fast-charging Portable Charger,Clustered Body,0,Stable Profit Cluster,Stable Profit Cluster,,,False,False,False,False,0,467.22,0.4115384615384615,4,False,0.5516101296588604,0.5516101296588604,Protect,False,none,0.805298047361246,cluster_margin,none,none,No Signal,0,No Escalation,Protect,192.279,48.06975,0.5516101296588604,0.0,0.00763014084802147
383,FUR-FU-10003535,Howard Miller Distant Time Traveler Alarm Clock,Clustered Body,0,Stable Profit Cluster,Stable Profit Cluster,,,False,False,False,False,0,531.948,0.36134020618556706,6,False,1.3229446789981334,1.3229446789981334,Protect,False,none,0.6915635324169098,cluster_margin,moderate,none,Moderate Deterioration,1,Intensify Action,Protect (Tight Control),192.2142,32.0357,1.3229446789981334,0.16666666666666666,0.007627569412103082
384,TEC-MA-10004458,Lexmark X 9575 Professional All-in-One Color Printer,Clustered Body,2,High-Impact Profit Cluster,High-Impact Profit Cluster,,,False,False,False,False,0,396.0,0.48000000000000004,1,True,,0.0,Optimize,False,watch,0.06423343952902498,cluster_margin,none,none,Classification Instability Watch,1,Intensify Action,Optimize (Risk-Controlled),190.08,190.08,0.0,0.0,0.007542878693939126
385,TEC-AC-10003116,Memorex Froggy Flash Drive 8 GB,Clustered Body,0,Stable Profit Cluster,Stable Profit Cluster,,,False,False,False,False,0,536.05,0.3536423841059603,8,False,0.6462447753203282,0.6462447753203282,Protect,False,none,0.8775088411483897,cluster_margin,none,none,No Signal,0,No Escalation,Protect,189.57,23.69625,0.6462447753203282,0.0,0.0075226405408777355
386,OFF-AP-10001293,Belkin 8 Outlet Surge Protector,Clustered Body,0,Stable Profit Cluster,Stable Profit Cluster,,,False,False,False,False,0,1073.676,0.17557251908396948,7,False,2.084825591903152,2.084825591903152,Protect,False,none,0.6622772560559365,cluster_margin,severe,none,Severe Deterioration,1,Reroute Action,Reroute to Contain / Correct,188.508,26.929714285714287,2.084825591903152,0.14285714285714285,0.007480497563326372
387,OFF-PA-10000241,"IBM Multi-Purpose Copy Paper, 8 1/2 x 11"", Case",Clustered Body,0,Stable Profit Cluster,Stable Profit Cluster,,,False,False,False,False,0,458.504,0.4054054054054054,6,False,0.9079985262222072,0.9079985262222072,Protect,False,none,0.8711676595372605,cluster_margin,none,none,No Signal,0,No Escalation,Protect,185.88,30.98,0.9079985262222072,0.0,0.007376211551080622
388,OFF-ST-10001476,Steel Personal Filing/Posting Tote,Clustered Body,0,Stable Profit Cluster,Stable Profit Cluster,,,False,False,False,False,0,937.4639999999999,0.19810606060606062,5,False,0.6051302885691031,0.6051302885691031,Protect,False,none,0.85376255067664,cluster_margin,none,none,No Signal,0,No Escalation,Protect,185.7173,37.14346,0.6051302885691031,0.0,0.007369755183427508
389,OFF-PA-10001977,Xerox 194,Clustered Body,0,Stable Profit Cluster,Stable Profit Cluster,,,False,False,False,False,0,443.84,0.41500000000000004,4,False,0.649405344329098,0.649405344329098,Protect,False,none,0.8196855453932227,cluster_margin,none,none,No Signal,0,No Escalation,Protect,184.1936,46.0484,0.649405344329098,0.0,0.007309290724957627
390,TEC-AC-10001114,Microsoft Wireless Mobile Mouse 4000,Clustered Body,0,Stable Profit Cluster,Stable Profit Cluster,,,False,False,False,False,0,591.852,0.31081081081081086,4,False,0.6079908731477868,0.6079908731477868,Protect,False,none,0.8197722918573978,cluster_margin,none,none,No Signal,0,No Escalation,Protect,183.954,45.9885,0.6079908731477868,0.0,0.00729978276128408
391,FUR-FU-10000629,9-3/4 Diameter Round Wall Clock,Clustered Body,0,Stable Profit Cluster,Stable Profit Cluster,,,False,False,False,False,0,455.07,0.4024242424242424,8,False,0.7121648144288594,0.7121648144288594,Protect,False,none,0.8852235478563084,cluster_margin,none,none,No Signal,0,No Escalation,Protect,183.13119999999998,22.891399999999997,0.7121648144288594,0.0,0.007267131874345037
392,OFF-PA-10000167,Xerox 1925,Clustered Body,0,Stable Profit Cluster,Stable Profit Cluster,,,False,False,False,False,0,489.48400000000004,0.37341772151898733,6,False,0.2584491805007905,0.2584491805007905,Protect,False,none,0.8609464652940912,cluster_margin,none,none,No Signal,0,No Escalation,Protect,182.782,30.46366666666667,0.2584491805007905,0.0,0.007253274691895946
393,OFF-BI-10003364,Binding Machine Supplies,Clustered Body,0,Stable Profit Cluster,Stable Profit Cluster,,,False,False,False,False,0,667.9929999999999,0.27336244541484717,9,False,1.6238510990302228,1.6238510990302228,Protect,False,none,0.7685791070650688,cluster_margin,severe,none,Severe Deterioration,1,Reroute Action,Reroute to Contain / Correct,182.6042,20.289355555555556,1.6238510990302228,0.1111111111111111,0.007246219116181602
394,OFF-ST-10003470,"Tennsco Snap-Together Open Shelving Units, Starter Sets and Add-On Units",Clustered Body,0,Stable Profit Cluster,Stable Profit Cluster,,,False,False,False,False,0,6819.312,0.02663934426229508,6,False,2.530540496478286,2.530540496478286,Protect,False,none,0.5610073637451074,cluster_margin,severe,none,Severe Deterioration,1,Reroute Action,Reroute to Contain / Correct,181.66199999999998,30.276999999999997,2.530540496478286,0.16666666666666666,0.00720883012046701
395,TEC-AC-10000023,"Maxell 74 Minute CD-R Spindle, 50/Pack",Clustered Body,0,Stable Profit Cluster,Stable Profit Cluster,,,False,False,False,False,0,503.28,0.36000000000000004,5,False,0.963746943878184,0.963746943878184,Protect,False,none,0.8584299515483976,cluster_margin,none,none,No Signal,0,No Escalation,Protect,181.1808,36.23616,0.963746943878184,0.0,0.007189734827813794
396,FUR-FU-10000076,24-Hour Round Wall Clock,Clustered Body,0,Stable Profit Cluster,Stable Profit Cluster,,,False,False,False,False,0,487.512,0.36926229508196723,6,False,0.6720729064375058,0.6720729064375058,Protect,False,none,0.8805425848532362,cluster_margin,none,none,No Signal,0,No Escalation,Protect,180.0198,30.0033,0.6720729064375058,0.0,0.007143663267609336
397,TEC-MA-10000112,Panasonic KX MB2061 Multifunction Printer,Clustered Body,0,Stable Profit Cluster,Stable Profit Cluster,,,False,False,False,False,0,2396.4,0.075,1,True,,0.0,Protect,False,high,0.009129469689865796,cluster_margin,none,none,High Classification Instability,1,Reassess Classification,Reassess Classification,179.73,179.73,0.0,0.0,0.007132163234752099
398,FUR-FU-10001876,"Computer Room Manger, 14""",Clustered Body,0,Stable Profit Cluster,Stable Profit Cluster,,,False,False,False,False,0,636.6080000000001,0.2816326530612245,7,False,1.0165047100742661,1.0165047100742661,Protect,False,none,0.8827733678171276,cluster_margin,moderate,none,Moderate Deterioration,1,Intensify Action,Protect (Tight Control),179.2896,25.6128,1.0165047100742661,0.0,0.007114686994343793
399,OFF-PA-10000659,"TOPS Carbonless Receipt Book, Four 2-3/4 x 7-1/4 Money Receipts per Page",Clustered Body,0,Stable Profit Cluster,Stable Profit Cluster,,,False,False,False,False,0,406.464,0.43965517241379315,4,False,0.7413345878998608,0.7413345878998608,Protect,False,none,0.8291641295055993,cluster_margin,none,none,No Signal,0,No Escalation,Protect,178.704,44.676,0.7413345878998608,0.0,0.007091448832710951
400,TEC-PH-10004908,Panasonic KX TS3282W Corded phone,Clustered Body,0,Stable Profit Cluster,Stable Profit Cluster,,,False,False,False,False,0,1665.804,0.10714285714285712,7,False,0.9901620974046994,0.9901620974046994,Protect,False,none,0.7690526628275054,cluster_margin,none,none,No Signal,0,No Escalation,Protect,178.47899999999998,25.496999999999996,0.9901620974046994,0.14285714285714285,0.007082520235772102
401,TEC-PH-10002468,"Plantronics CS 50-USB - headset - Convertible, Monaural",Clustered Body,0,Stable Profit Cluster,Stable Profit Cluster,,,False,False,False,False,0,1468.692,0.1212962962962963,5,False,0.5422264130705157,0.5422264130705157,Protect,False,none,0.8636656839737294,cluster_margin,none,none,No Signal,0,No Escalation,Protect,178.14690000000002,35.629380000000005,0.5422264130705157,0.0,0.007069341626690363
402,OFF-EN-10000927,Jet-Pak Recycled Peel 'N' Seal Padded Mailers,Clustered Body,0,Stable Profit Cluster,Stable Profit Cluster,,,False,False,False,False,0,552.706,0.3214285714285714,4,False,0.5085734819172997,0.5085734819172997,Protect,False,none,0.8287660002012119,cluster_margin,none,none,No Signal,0,No Escalation,Protect,177.6555,44.413875,0.5085734819172997,0.0,0.007049841570975917
403,TEC-MA-10001031,Socket Bluetooth Cordless Hand Scanner (CHS),Clustered Body,0,Stable Profit Cluster,Stable Profit Cluster,,,False,False,False,False,0,506.28,0.35000000000000003,1,True,,0.0,Protect,False,high,0.028478253876858144,cluster_margin,none,none,High Classification Instability,1,Reassess Classification,Reassess Classification,177.198,177.198,0.0,0.0,0.007031686757200259
404,OFF-AP-10000576,Belkin 7 Outlet SurgeMaster II,Clustered Body,0,Stable Profit Cluster,Stable Profit Cluster,,,False,False,False,False,0,631.6800000000001,0.28,3,False,0.7545301165614121,0.7545301165614121,Protect,False,none,0.7630332896483241,cluster_margin,none,none,No Signal,0,No Escalation,Protect,176.87040000000002,58.95680000000001,0.7545301165614121,0.0,0.0070186867200572964
405,TEC-PH-10001530,Plantronics Voyager Pro Legend,Clustered Body,0,Stable Profit Cluster,Stable Profit Cluster,,,False,False,False,False,0,1359.534,0.12727272727272726,3,False,1.9240846626147508,1.9240846626147508,Protect,False,none,0.22167029877547303,cluster_margin,severe,none,Severe Deterioration,1,Reroute Action,Reroute to Contain / Correct,173.0316,57.6772,1.9240846626147508,0.3333333333333333,0.006866352951484623
406,OFF-PA-10004381,14-7/8 x 11 Blue Bar Computer Printout Paper,Clustered Body,0,Stable Profit Cluster,Stable Profit Cluster,,,False,False,False,False,0,422.752,0.4090909090909091,4,False,0.07653162030076881,0.07653162030076881,Protect,False,none,0.8186960758045373,cluster_margin,none,none,No Signal,0,No Escalation,Protect,172.94400000000002,43.236000000000004,0.07653162030076881,0.0,0.006862876751076432
407,FUR-FU-10003708,"Tenex Traditional Chairmats for Medium Pile Carpet, Standard Lip, 36"" x 48""",Clustered Body,0,Stable Profit Cluster,Stable Profit Cluster,,,False,False,False,False,0,1322.17,0.13027522935779817,6,False,2.150594105796218,2.150594105796218,Protect,False,none,0.6148732069262853,cluster_margin,severe,none,Severe Deterioration,1,Reroute Action,Reroute to Contain / Correct,172.246,28.707666666666668,2.150594105796218,0.16666666666666666,0.006835178259239471
408,OFF-PA-10004092,Tops Green Bar Computer Printout Paper,Clustered Body,0,Stable Profit Cluster,Stable Profit Cluster,,,False,False,False,False,0,342.58,0.5,3,False,0.4926856878014804,0.4926856878014804,Protect,False,none,0.7730911714500424,cluster_margin,none,none,No Signal,0,No Escalation,Protect,171.29,57.096666666666664,0.4926856878014804,0.0,0.00679724164291263
409,TEC-PH-10003589,invisibleSHIELD by ZAGG Smudge-Free Screen Protector,Clustered Body,0,Stable Profit Cluster,Stable Profit Cluster,,,False,False,False,False,0,442.554,0.3869918699186992,7,False,0.5913534573886281,0.5913534573886281,Protect,False,none,0.8951941801027347,cluster_margin,none,none,No Signal,0,No Escalation,Protect,171.2648,24.4664,0.5913534573886281,0.0,0.00679624164005548
410,FUR-CH-10001797,"Safco Chair Connectors, 6/Carton",Clustered Body,0,Stable Profit Cluster,Stable Profit Cluster,,,False,False,False,False,0,881.192,0.19388646288209607,4,False,1.5990217318429822,1.5990217318429822,Protect,False,none,0.47284776359698577,cluster_margin,severe,none,Severe Deterioration,1,Reroute Action,Reroute to Contain / Correct,170.8512,42.7128,1.5990217318429822,0.25,0.006779828894749223
411,OFF-AP-10002578,"Fellowes Premier Superior Surge Suppressor, 10-Outlet, With Phone and Remote",Clustered Body,0,Stable Profit Cluster,Stable Profit Cluster,,,False,False,False,False,0,929.48,0.18210526315789474,7,False,1.662096776460768,1.662096776460768,Protect,False,none,0.7215056353514854,cluster_margin,severe,none,Severe Deterioration,1,Reroute Action,Reroute to Contain / Correct,169.2632,24.180457142857144,1.662096776460768,0.14285714285714285,0.006716812841687484
412,OFF-PA-10001295,Computer Printout Paper with Letter-Trim Perforations,Clustered Body,0,Stable Profit Cluster,Stable Profit Cluster,,,False,False,False,False,0,405.95799999999997,0.4168224299065421,7,False,0.4922956238068565,0.4922956238068565,Protect,False,none,0.8934706151212081,cluster_margin,none,none,No Signal,0,No Escalation,Protect,169.2124,24.1732,0.4922956238068565,0.0,0.006714796962911958
413,OFF-AP-10001124,Belkin 8 Outlet SurgeMaster II Gold Surge Protector with Phone Protection,Clustered Body,0,Stable Profit Cluster,Stable Profit Cluster,,,False,False,False,False,0,647.84,0.26,1,True,,0.0,Protect,False,watch,0.09599411475595102,cluster_margin,none,none,Classification Instability Watch,1,Intensify Action,Protect (Tight Control),168.4384,168.4384,0.0,0.0,0.006684082589442319
414,TEC-PH-10002890,AT&T 17929 Lendline Telephone,Clustered Body,0,Stable Profit Cluster,Stable Profit Cluster,,,False,False,False,False,0,1339.104,0.125,10,False,1.2829386873257431,1.2829386873257431,Protect,False,none,0.8242760499144739,cluster_margin,moderate,none,Moderate Deterioration,1,Intensify Action,Protect (Tight Control),167.388,16.7388,1.2829386873257431,0.1,0.006642399930666469
415,OFF-AP-10001469,Fellowes 8 Outlet Superior Workstation Surge Protector,Clustered Body,0,Stable Profit Cluster,Stable Profit Cluster,,,False,False,False,False,0,759.1220000000001,0.21978021978021978,5,False,0.6943378658801355,0.6943378658801355,Protect,False,none,0.8831003976970989,cluster_margin,none,none,No Signal,0,No Escalation,Protect,166.84,33.368,0.6943378658801355,0.0,0.0066206538367887405
416,FUR-FU-10002045,"Executive Impressions 14""",Clustered Body,0,Stable Profit Cluster,Stable Profit Cluster,,,False,False,False,False,0,377.91,0.43999999999999995,4,False,0.518570590211018,0.518570590211018,Protect,False,none,0.847758937299283,cluster_margin,none,none,No Signal,0,No Escalation,Protect,166.2804,41.5701,0.518570590211018,0.0,0.006598447424135497
417,OFF-LA-10004544,Avery 505,Clustered Body,0,Stable Profit Cluster,Stable Profit Cluster,,,False,False,False,False,0,372.96000000000004,0.44444444444444436,7,False,0.4682331917828366,0.4682331917828366,Protect,False,none,0.8955827266637469,cluster_margin,none,none,No Signal,0,No Escalation,Protect,165.76,23.68,0.4682331917828366,0.0,0.006577796571482267
418,TEC-PH-10004614,AT&T 841000 Phone,Clustered Body,0,Stable Profit Cluster,Stable Profit Cluster,,,False,False,False,False,0,1614.6,0.10256410256410256,7,False,1.7141956806680299,1.7141956806680299,Protect,False,none,0.33048791523383125,cluster_margin,severe,none,Severe Deterioration,1,Reroute Action,Reroute to Contain / Correct,165.6,23.657142857142855,1.7141956806680299,0.2857142857142857,0.006571447346992419
419,OFF-AR-10000937,"Dixon Ticonderoga Core-Lock Colored Pencils, 48-Color Set",Clustered Body,0,Stable Profit Cluster,Stable Profit Cluster,,,False,False,False,False,0,431.28999999999996,0.38305084745762713,2,False,0.5115528900614627,0.5115528900614627,Protect,False,none,0.6577254700595067,cluster_margin,none,none,No Signal,0,No Escalation,Protect,165.206,82.603,0.5115528900614627,0.0,0.006555812381686169
420,OFF-EN-10002500,Globe Weis Peel & Seel First Class Envelopes,Clustered Body,0,Stable Profit Cluster,Stable Profit Cluster,,,False,False,False,False,0,375.73199999999997,0.4387755102040817,7,False,0.642072572717101,0.642072572717101,Protect,False,none,0.9031939660704795,cluster_margin,none,none,No Signal,0,No Escalation,Protect,164.862,23.551714285714286,0.642072572717101,0.0,0.006542161549032997
421,TEC-PH-10001468,Panasonic Business Telephones KX-T7736,Clustered Body,0,Stable Profit Cluster,Stable Profit Cluster,,,False,False,False,False,0,546.06,0.30000000000000004,1,True,,0.0,Protect,False,none,0.13178863702231322,cluster_margin,none,none,No Signal,0,No Escalation,Protect,163.818,163.818,0.0,0.0,0.006500732859236741
422,TEC-PH-10003171,Plantronics Encore H101 Dual Earpieces Headset,Clustered Body,0,Stable Profit Cluster,Stable Profit Cluster,,,False,False,False,False,0,746.17,0.21927710843373494,7,False,0.8809017112315918,0.8809017112315918,Protect,False,none,0.9044529163643823,cluster_margin,none,none,No Signal,0,No Escalation,Protect,163.618,23.374,0.8809017112315918,0.0,0.006492796328624431
423,OFF-BI-10003876,"Green Canvas Binder for 8-1/2"" x 14"" Sheets",Clustered Body,0,Stable Profit Cluster,Stable Profit Cluster,,,False,False,False,False,0,569.24,0.28571428571428575,5,False,1.371213137961423,1.371213137961423,Protect,False,none,0.6244678661569719,cluster_margin,moderate,none,Moderate Deterioration,1,Intensify Action,Protect (Tight Control),162.64000000000001,32.528000000000006,1.371213137961423,0.2,0.006453986693930237
424,TEC-PH-10002549,Polycom SoundPoint IP 450 VoIP phone,Clustered Body,1,Stable Loss Cluster,Stable Loss Cluster,,,False,False,False,False,0,3839.62,0.0423529411764706,6,False,4.293205435867257,4.293205435867257,Correct,False,none,0.13803122893546102,cluster_margin,severe,none,Severe Deterioration,1,Reroute Action,Exit / Restructure,162.61920000000003,27.103200000000005,4.293205435867257,0.3333333333333333,0.006453161294746558
425,OFF-AP-10000240,Belkin F9G930V10-GRY 9 Outlet Surge,Clustered Body,0,Stable Profit Cluster,Stable Profit Cluster,,,False,False,False,False,0,770.112,0.21111111111111114,5,False,1.6798888475442562,1.6798888475442562,Protect,False,none,0.5971711107449702,cluster_margin,severe,none,Severe Deterioration,1,Reroute Action,Reroute to Contain / Correct,162.57920000000001,32.515840000000004,1.6798888475442562,0.2,0.006451573988624095
426,TEC-PH-10002170,ClearSounds CSC500 Amplified Spirit Phone Corded phone,Clustered Body,0,Stable Profit Cluster,Stable Profit Cluster,,,False,False,False,False,0,1119.84,0.14500000000000002,6,False,1.7449217833592192,1.7449217833592192,Protect,False,none,0.6672704833891341,cluster_margin,severe,none,Severe Deterioration,1,Reroute Action,Reroute to Contain / Correct,162.3768,27.0628,1.7449217833592192,0.16666666666666666,0.006443542219644437
427,FUR-FU-10002878,"Seth Thomas 14"" Day/Date Wall Clock",Clustered Body,0,Stable Profit Cluster,Stable Profit Cluster,,,False,False,False,False,0,467.072,0.3469512195121951,6,False,0.683622336288464,0.683622336288464,Protect,False,none,0.9036402464858362,cluster_margin,none,none,No Signal,0,No Escalation,Protect,162.0512,27.008533333333332,0.683622336288464,0.0,0.006430621547807597
428,OFF-LA-10001074,Round Specialty Laser Printer Labels,Clustered Body,0,Stable Profit Cluster,Stable Profit Cluster,,,False,False,False,False,0,421.008,0.3848214285714286,6,False,0.454404169454668,0.454404169454668,Protect,False,none,0.8954418759148602,cluster_margin,none,none,No Signal,0,No Escalation,Protect,162.0129,27.00215,0.454404169454668,0.0,0.00642910170219534
429,TEC-AC-10001013,Logitech ClearChat Comfort/USB Headset H390,Clustered Body,0,Stable Profit Cluster,Stable Profit Cluster,,,False,False,False,False,0,533.078,0.30054945054945054,6,False,0.9411951769764246,0.9411951769764246,Protect,False,none,0.9031813581405567,cluster_margin,none,none,No Signal,0,No Escalation,Protect,160.2163,26.702716666666664,0.9411951769764246,0.0,0.006357807847704961
430,OFF-PA-10000483,Xerox 19,Clustered Body,0,Stable Profit Cluster,Stable Profit Cluster,,,False,False,False,False,0,415.132,0.3843283582089552,4,False,0.6855359302206614,0.6855359302206614,Protect,False,none,0.8617238583721399,cluster_margin,none,none,No Signal,0,No Escalation,Protect,159.547,39.88675,0.6855359302206614,0.0,0.006331248248010867
431,OFF-BI-10001765,Wilson Jones Heavy-Duty Casebound Ring Binders with Metal Hinges,Clustered Body,0,Stable Profit Cluster,Stable Profit Cluster,,,False,False,False,False,0,554.24,0.285,6,False,2.369935621260748,2.369935621260748,Protect,False,watch,0.06601412001065589,cluster_margin,severe,none,Severe Deterioration,2,Reroute Action,Reroute to Contain / Correct,157.95839999999998,26.326399999999996,2.369935621260748,0.3333333333333333,0.006268208385357291
432,TEC-PH-10002538,Grandstream GXP1160 VoIP phone,Clustered Body,0,Stable Profit Cluster,Stable Profit Cluster,,,False,False,False,False,0,803.692,0.19622641509433963,6,False,0.9832115151140637,0.9832115151140637,Protect,False,none,0.7295412888067182,cluster_margin,none,none,No Signal,0,No Escalation,Protect,157.7056,26.284266666666667,0.9832115151140637,0.16666666666666666,0.006258176610663332
433,OFF-PA-10004530,Personal Creations Ink Jet Cards and Labels,Clustered Body,0,Stable Profit Cluster,Stable Profit Cluster,,,False,False,False,False,0,321.44,0.49000000000000005,4,False,0.7510967429696792,0.7510967429696792,Protect,False,none,0.865385814416105,cluster_margin,none,none,No Signal,0,No Escalation,Protect,157.50560000000002,39.376400000000004,0.7510967429696792,0.0,0.006250240080051023
434,TEC-AC-10004568,Maxell LTO Ultrium - 800 GB,Clustered Body,0,Stable Profit Cluster,Stable Profit Cluster,,,False,False,False,False,0,1086.012,0.14407216494845362,8,False,1.0343161771880551,1.0343161771880551,Protect,False,high,0.03986671292524895,cluster_margin,moderate,none,High Classification Instability,2,Reassess Classification,Reassess Classification,156.4641,19.5580125,1.0343161771880551,0.375,0.0062089105968874195
435,OFF-PA-10003441,Xerox 226,Clustered Body,0,Stable Profit Cluster,Stable Profit Cluster,,,False,False,False,False,0,334.368,0.4658914728682171,11,False,0.5646360073848646,0.5646360073848646,Protect,False,none,0.8919838768098505,cluster_margin,none,none,No Signal,0,No Escalation,Protect,155.7792,14.161745454545455,0.5646360073848646,0.0,0.006181731947805565
436,OFF-AR-10002987,Prismacolor Color Pencil Set,Clustered Body,0,Stable Profit Cluster,Stable Profit Cluster,,,False,False,False,False,0,436.48,0.3563636363636363,7,False,0.6492779679767555,0.6492779679767555,Protect,False,none,0.9120715375932726,cluster_margin,none,none,No Signal,0,No Escalation,Protect,155.54559999999998,22.220799999999997,0.6492779679767555,0.0,0.0061724620800503865
437,FUR-CH-10003199,Office Star - Contemporary Task Swivel Chair,Clustered Body,0,Stable Profit Cluster,Stable Profit Cluster,,,False,False,False,False,0,1842.268,0.08433734939759037,6,False,1.8886743330068676,1.8886743330068676,Protect,False,none,0.1298529129192285,cluster_margin,severe,none,Severe Deterioration,1,Reroute Action,Reroute to Contain / Correct,155.372,25.895333333333337,1.8886743330068676,0.3333333333333333,0.006165573171478903
438,TEC-PH-10001305,Panasonic KX TS208W Corded phone,Clustered Body,0,Stable Profit Cluster,Stable Profit Cluster,,,False,False,False,False,0,1283.538,0.12061068702290077,6,False,2.1104223572942327,2.1104223572942327,Protect,False,none,0.6221931427148369,cluster_margin,severe,none,Severe Deterioration,1,Reroute Action,Reroute to Contain / Correct,154.8084,25.8014,2.1104223572942327,0.16666666666666666,0.006143208028213414
439,OFF-PA-10000595,Xerox 1929,Clustered Body,0,Stable Profit Cluster,Stable Profit Cluster,,,False,False,False,False,0,351.736,0.43896103896103894,4,False,0.4383911676554307,0.4383911676554307,Protect,False,none,0.8643034525375207,cluster_margin,none,none,No Signal,0,No Escalation,Protect,154.39839999999998,38.599599999999995,0.4383911676554307,0.0,0.006126938140458178
440,TEC-PH-10002680,Samsung Galaxy Note 3,Clustered Body,0,Stable Profit Cluster,Stable Profit Cluster,,,False,False,False,False,0,2155.902,0.07142857142857142,3,False,3.257193422132056,3.257193422132056,Protect,False,watch,0.055746182674545924,cluster_margin,severe,none,Severe Deterioration,2,Reroute Action,Reroute to Contain / Correct,153.993,51.330999999999996,3.257193422132056,0.3333333333333333,0.0061108507929070275
441,OFF-AR-10004010,Hunt Boston Vacuum Mount KS Pencil Sharpener,Clustered Body,0,Stable Profit Cluster,Stable Profit Cluster,,,False,False,False,False,0,671.808,0.22916666666666669,5,False,0.791053885021228,0.791053885021228,Protect,False,none,0.9019699403876932,cluster_margin,none,none,No Signal,0,No Escalation,Protect,153.95600000000002,30.791200000000003,0.791053885021228,0.0,0.006109382534743751
442,OFF-ST-10000060,Fellowes Bankers Box Staxonsteel Drawer File/Stacking System,Clustered Body,1,Stable Loss Cluster,Stable Loss Cluster,,,False,False,False,False,0,2612.196,0.05870646766169155,8,False,2.0395328619090933,2.0395328619090933,Correct,False,none,0.11147577154635124,cluster_margin,moderate,none,Moderate Deterioration,1,Intensify Action,Correct — Accelerated,153.3528,19.1691,2.0395328619090933,0.375,0.006085445958417024
443,TEC-MA-10002981,I.R.I.S IRISCard Anywhere 5 Card Scanner,Clustered Body,0,Stable Profit Cluster,Stable Profit Cluster,,,False,False,False,False,0,350.973,0.43333333333333335,1,True,,0.0,Protect,False,none,0.22239926538635715,cluster_margin,none,none,No Signal,0,No Escalation,Protect,152.0883,152.0883,0.0,0.0,0.006035267243620696
444,OFF-ST-10003692,Recycled Steel Personal File for Hanging File Folders,Clustered Body,0,Stable Profit Cluster,Stable Profit Cluster,,,False,False,False,False,0,1053.032,0.14402173913043478,6,False,0.9254020380713844,0.9254020380713844,Protect,False,none,0.9132303713748432,cluster_margin,none,none,No Signal,0,No Escalation,Protect,151.65949999999998,25.27658333333333,0.9254020380713844,0.0,0.006018251321987903
445,FUR-CH-10003606,SAFCO Folding Chair Trolley,Clustered Body,0,Stable Profit Cluster,Stable Profit Cluster,,,False,False,False,False,0,705.32,0.21454545454545454,3,False,1.5969667835883197,1.5969667835883197,Protect,False,none,0.23312484758961458,cluster_margin,severe,none,Severe Deterioration,1,Reroute Action,Reroute to Contain / Correct,151.3232,50.44106666666667,1.5969667835883197,0.3333333333333333,0.006004906045763306
446,OFF-EN-10001335,"White Business Envelopes with Contemporary Seam, Recycled White Business Envelopes",Clustered Body,0,Stable Profit Cluster,Stable Profit Cluster,,,False,False,False,False,0,336.952,0.448051948051948,6,False,0.5989275057888281,0.5989275057888281,Protect,False,none,0.9136862382217014,cluster_margin,none,none,No Signal,0,No Escalation,Protect,150.97199999999998,25.161999999999995,0.5989275057888281,0.0,0.005990969498008088
447,FUR-FU-10004017,"Tenex Contemporary Contur Chairmats for Low and Medium Pile Carpet, Computer, 39"" x 49""",Clustered Body,0,Stable Profit Cluster,Stable Profit Cluster,,,False,False,False,False,0,1010.7819999999999,0.14893617021276598,4,False,0.8514118977791668,0.8514118977791668,Protect,False,none,0.8763509421712715,cluster_margin,none,none,No Signal,0,No Escalation,Protect,150.542,37.6355,0.8514118977791668,0.0,0.0059739059571916235
448,TEC-AC-10001284,Enermax Briskie RF Wireless Keyboard and Mouse Combo,Clustered Body,0,Stable Profit Cluster,Stable Profit Cluster,,,False,False,False,False,0,469.402,0.32035398230088497,5,False,0.5483505026678132,0.5483505026678132,Protect,False,none,0.9024441624302963,cluster_margin,none,none,No Signal,0,No Escalation,Protect,150.3748,30.074959999999997,0.5483505026678132,0.0,0.005967271017599733
449,OFF-AR-10003373,"Boston School Pro Electric Pencil Sharpener, 1670",Clustered Body,0,Stable Profit Cluster,Stable Profit Cluster,,,False,False,False,False,0,873.636,0.17163120567375886,7,False,0.7415524875860475,0.7415524875860475,Protect,False,none,0.9181096419611112,cluster_margin,none,none,No Signal,0,No Escalation,Protect,149.9432,21.420457142857142,0.7415524875860475,0.0,0.005950143984538368
450,OFF-EN-10004206,Multimedia Mailers,Clustered Body,0,Stable Profit Cluster,Stable Profit Cluster,,,False,False,False,False,0,325.86,0.45999999999999996,1,True,,0.0,Protect,False,none,0.23920668664674488,cluster_margin,none,none,No Signal,0,No Escalation,Protect,149.8956,149.8956,0.0,0.0,0.005948255090252639
451,OFF-ST-10000777,"Companion Letter/Legal File, Black",Clustered Body,0,Stable Profit Cluster,Stable Profit Cluster,,,False,False,False,False,0,611.712,0.24444444444444444,5,False,1.016776369632368,1.016776369632368,Protect,False,none,0.9015233772102998,cluster_margin,moderate,none,Moderate Deterioration,1,Intensify Action,Protect (Tight Control),149.5296,29.90592,1.016776369632368,0.0,0.005933731239232112
452,TEC-AC-10002647,"Logitech Wireless Boombox Speaker - portable - wireless, wired",Clustered Body,0,Stable Profit Cluster,Stable Profit Cluster,,,False,False,False,False,0,383.04,0.3888888888888889,2,False,0.40269134156155006,0.40269134156155006,Protect,False,none,0.695052634944924,cluster_margin,none,none,No Signal,0,No Escalation,Protect,148.96,74.48,0.40269134156155006,0.0,0.005911128000048255
453,FUR-FU-10001488,"Tenex 46"" x 60"" Computer Anti-Static Chairmat, Rectangular Shaped",Clustered Body,0,Stable Profit Cluster,Stable Profit Cluster,,,False,False,False,False,0,2267.9719999999998,0.06542056074766356,7,False,1.892238657691167,1.892238657691167,Protect,False,none,0.8165212770588729,cluster_margin,severe,none,Severe Deterioration,1,Reroute Action,Reroute to Contain / Correct,148.372,21.196,1.892238657691167,0.0,0.005887794600048064
454,FUR-FU-10003930,Howard Miller 12-3/4 Diameter Accuwave DS  Wall Clock,Clustered Body,1,Stable Loss Cluster,Stable Loss Cluster,,,False,False,False,False,0,786.9,0.188,2,False,2.219034323645249,2.219034323645249,Correct,False,none,0.17500734275199947,cluster_margin,moderate,none,Moderate Deterioration,1,Intensify Action,Correct — Accelerated,147.9372,73.9686,2.219034323645249,0.5,0.005870540582496902
455,FUR-BO-10001519,O'Sullivan 3-Shelf Heavy-Duty Bookcases,Clustered Body,0,Stable Profit Cluster,Stable Profit Cluster,,,False,False,False,False,0,1119.195,0.13142857142857145,5,False,2.1036820878539055,2.1036820878539055,Protect,False,none,0.5483511045924562,cluster_margin,severe,none,Severe Deterioration,1,Reroute Action,Reroute to Contain / Correct,147.0942,29.41884,2.1036820878539055,0.2,0.005837088105966017
456,OFF-BI-10001670,Vinyl Sectional Post Binders,Clustered Body,1,Stable Loss Cluster,Stable Loss Cluster,,,False,False,False,False,0,901.03,0.1631799163179916,11,False,3.0001471884845334,3.0001471884845334,Correct,False,none,0.4606081407573967,cluster_margin,severe,none,Severe Deterioration,1,Reroute Action,Exit / Restructure,147.02999999999997,13.366363636363634,3.0001471884845334,0.45454545454545453,0.0058345404796394645
457,OFF-AP-10002457,"Eureka The Boss Plus 12-Amp Hard Box Upright Vacuum, Red",Clustered Body,0,Stable Profit Cluster,Stable Profit Cluster,,,False,False,False,False,0,1674.4,0.08750000000000001,6,False,4.188752436818345,4.188752436818345,Protect,False,none,0.3023717843376896,cluster_margin,severe,none,Severe Deterioration,1,Reroute Action,Reroute to Contain / Correct,146.51000000000002,24.418333333333337,4.188752436818345,0.16666666666666666,0.005813905500047461
458,TEC-PH-10000576,AT&T 1080 Corded phone,Clustered Body,0,Stable Profit Cluster,Stable Profit Cluster,,,False,False,False,False,0,1945.258,0.07464788732394366,7,False,1.2495135576150072,1.2495135576150072,Protect,False,none,0.7679288563853688,cluster_margin,moderate,none,Moderate Deterioration,1,Intensify Action,Protect (Tight Control),145.2094,20.7442,1.2495135576150072,0.14285714285714285,0.00576229424147561
459,FUR-FU-10004018,Tensor Computer Mounted Lamp,Clustered Body,0,Stable Profit Cluster,Stable Profit Cluster,,,False,False,False,False,0,536.04,0.27,8,False,0.5973116584786783,0.5973116584786783,Protect,False,none,0.9133769932221217,cluster_margin,none,none,No Signal,0,No Escalation,Protect,144.7308,18.09135,0.5973116584786783,0.0,0.005743302123720353
460,TEC-PH-10004241,Nokia Lumia 1020,Clustered Body,0,Stable Profit Cluster,Stable Profit Cluster,,,False,False,False,False,0,1439.968,0.1,1,True,,0.0,Protect,False,none,0.2840806057028981,cluster_margin,none,none,No Signal,0,No Escalation,Protect,143.9968,143.9968,0.0,0.0,0.005714175056373177
461,TEC-AC-10001267,Imation 32GB Pocket Pro USB 3.0 Flash Drive - 32 GB - Black - 1 P ...,Clustered Body,0,Stable Profit Cluster,Stable Profit Cluster,,,False,False,False,False,0,467.22,0.30769230769230765,5,False,0.4477111928811645,0.4477111928811645,Protect,False,none,0.9049982747187554,cluster_margin,none,none,No Signal,0,No Escalation,Protect,143.76,28.752,0.4477111928811645,0.0,0.005704778204128202
462,OFF-AP-10003842,Euro-Pro Shark Turbo Vacuum,Clustered Body,0,Stable Profit Cluster,Stable Profit Cluster,,,False,False,False,False,0,693.952,0.20714285714285713,6,False,0.6113450782866134,0.6113450782866134,Protect,False,none,0.9208026273576528,cluster_margin,none,none,No Signal,0,No Escalation,Protect,143.7472,23.957866666666664,0.6113450782866134,0.0,0.005704270266169014
463,TEC-PH-10002483,Motorola Moto X,Clustered Body,0,Stable Profit Cluster,Stable Profit Cluster,,,False,False,False,False,0,1631.952,0.0875,2,False,0.9394756571889359,0.9394756571889359,Protect,False,none,0.7074941333604472,cluster_margin,none,none,No Signal,0,No Escalation,Protect,142.79579999999999,71.39789999999999,0.9394756571889359,0.0,0.005666516190046256
464,OFF-PA-10003127,Easy-staple paper,Clustered Body,0,Stable Profit Cluster,Stable Profit Cluster,,,False,False,False,False,0,327.112,0.4338709677419355,6,False,0.559585873910199,0.559585873910199,Protect,False,none,0.9199388726677047,cluster_margin,none,none,No Signal,0,No Escalation,Protect,141.92440000000002,23.65406666666667,0.559585873910199,0.0,0.005631936726168425
465,OFF-PA-10003625,Xerox 1979,Clustered Body,0,Stable Profit Cluster,Stable Profit Cluster,,,False,False,False,False,0,328.38800000000003,0.4292452830188679,3,False,0.5959651039646828,0.5959651039646828,Protect,False,none,0.8334837793737558,cluster_margin,none,none,No Signal,0,No Escalation,Protect,140.959,46.986333333333334,0.5959651039646828,0.0,0.0055936270929028056
466,OFF-AR-10003903,Sanford 52201 APSCO Electric Pencil Sharpener,Clustered Body,0,Stable Profit Cluster,Stable Profit Cluster,,,False,False,False,False,0,565.386,0.2492753623188406,4,False,0.969405082230931,0.969405082230931,Protect,False,none,0.8889685043354351,cluster_margin,none,none,No Signal,0,No Escalation,Protect,140.9368,35.2342,0.969405082230931,0.0,0.005592746138004839
467,TEC-MA-10003246,Hewlett-Packard Deskjet D4360 Printer,Clustered Body,0,Stable Profit Cluster,Stable Profit Cluster,,,False,False,False,False,0,447.968,0.3125,1,True,,0.0,Protect,False,none,0.31421515270801376,cluster_margin,none,none,No Signal,0,No Escalation,Protect,139.99,139.99,0.0,0.0,0.005555174602086165
468,TEC-MA-10003626,Hewlett-Packard Deskjet 6540 Color Inkjet Printer,Clustered Body,1,Stable Loss Cluster,Stable Loss Cluster,,,False,False,False,False,0,1396.21,0.1,2,False,1.740653190248826,1.740653190248826,Correct,False,none,0.16734446471635064,cluster_margin,moderate,none,Moderate Deterioration,1,Intensify Action,Correct — Accelerated,139.621,69.8105,1.740653190248826,0.5,0.005540531703106454
469,FUR-CH-10003846,Hon Valutask Swivel Chairs,Clustered Body,0,Stable Profit Cluster,Stable Profit Cluster,,,False,False,False,False,0,1242.054,0.1121951219512195,4,False,1.0933715621752171,1.0933715621752171,Protect,False,none,0.5102121626105567,cluster_margin,moderate,none,Moderate Deterioration,1,Intensify Action,Protect (Tight Control),139.3524,34.8381,1.0933715621752171,0.25,0.005529872942494121
470,OFF-EN-10000483,"White Envelopes, White Envelopes with Clear Poly Window",Clustered Body,0,Stable Profit Cluster,Stable Profit Cluster,,,False,False,False,False,0,320.25,0.4342857142857142,5,False,0.9395876581594446,0.9395876581594446,Protect,False,none,0.9177831806076912,cluster_margin,none,none,No Signal,0,No Escalation,Protect,139.07999999999998,27.815999999999995,0.9395876581594446,0.0,0.005519063387800155
471,OFF-PA-10001363,Xerox 1933,Clustered Body,0,Stable Profit Cluster,Stable Profit Cluster,,,False,False,False,False,0,294.72,0.47000000000000003,5,False,0.39710593409310707,0.39710593409310707,Protect,False,none,0.9067535009759935,cluster_margin,none,none,No Signal,0,No Escalation,Protect,138.5184,27.703680000000002,0.39710593409310707,0.0,0.00549677760984079
472,OFF-BI-10004593,Ibico Laser Imprintable Binding System Covers,Clustered Body,1,Stable Loss Cluster,Stable Loss Cluster,,,False,False,False,False,0,1100.4,0.12571428571428572,8,False,3.797635373918729,3.797635373918729,Correct,False,none,0.29516096656059765,cluster_margin,severe,none,Severe Deterioration,1,Reroute Action,Exit / Restructure,138.336,17.292,3.797635373918729,0.375,0.005489539493922364
473,FUR-FU-10001588,"Deflect-o SuperTray Unbreakable Stackable Tray, Letter, Black",Clustered Body,0,Stable Profit Cluster,Stable Profit Cluster,,,False,False,False,False,0,437.70000000000005,0.31599999999999995,4,False,1.1861998278092096,1.1861998278092096,Protect,False,none,0.5039315773926493,cluster_margin,moderate,none,Moderate Deterioration,1,Intensify Action,Protect (Tight Control),138.3132,34.5783,1.1861998278092096,0.25,0.00548863472943256
474,OFF-PA-10000565,Easy-staple paper,Clustered Body,0,Stable Profit Cluster,Stable Profit Cluster,,,False,False,False,False,0,279.9,0.4900000000000001,2,False,0.2818016904554932,0.2818016904554932,Protect,False,none,0.7218480239180438,cluster_margin,none,none,No Signal,0,No Escalation,Protect,137.151,68.5755,0.2818016904554932,0.0,0.0054425155500444295
475,FUR-FU-10003268,Eldon Radial Chair Mat for Low to Medium Pile Carpets,Clustered Body,0,Stable Profit Cluster,Stable Profit Cluster,,,False,False,False,False,0,775.612,0.17525773195876287,6,False,0.8085844047915315,0.8085844047915315,Protect,False,none,0.9297878979350327,cluster_margin,none,none,No Signal,0,No Escalation,Protect,135.932,22.65533333333333,0.8085844047915315,0.0,0.005394142395962401
476,FUR-BO-10004015,"Bush Andora Bookcase, Maple/Graphite Gray Finish",Clustered Body,0,Stable Profit Cluster,Stable Profit Cluster,,,False,False,False,False,0,3317.7235,0.04086799276672695,9,False,4.825039430337494,4.825039430337494,Protect,False,none,0.2892935311039326,cluster_margin,severe,none,Severe Deterioration,1,Reroute Action,Reroute to Contain / Correct,135.58870000000002,15.065411111111112,4.825039430337494,0.1111111111111111,0.005380519341166372
477,OFF-AR-10002067,Newell 334,Clustered Body,0,Stable Profit Cluster,Stable Profit Cluster,,,False,False,False,False,0,531.712,0.25447761194029855,6,False,0.4677183783640262,0.4677183783640262,Protect,False,none,0.9184784520112049,cluster_margin,none,none,No Signal,0,No Escalation,Protect,135.30880000000002,22.55146666666667,0.4677183783640262,0.0,0.005369412166574445
478,TEC-PH-10001809,Panasonic KX T7736-B Digital phone,Clustered Body,0,Stable Profit Cluster,Stable Profit Cluster,,,False,False,False,False,0,1259.58,0.10714285714285714,5,False,1.8522067203522885,1.8522067203522885,Protect,False,none,0.5777459255341681,cluster_margin,severe,none,Severe Deterioration,1,Reroute Action,Reroute to Contain / Correct,134.95499999999998,26.990999999999996,1.8522067203522885,0.2,0.0053553724439212675
479,TEC-PH-10002398,AT&T 1070 Corded Phone,Clustered Body,0,Stable Profit Cluster,Stable Profit Cluster,,,False,False,False,False,0,1070.304,0.125,3,False,0.4305668509382566,0.4305668509382566,Protect,False,none,0.8434429400115757,cluster_margin,none,none,No Signal,0,No Escalation,Protect,133.788,44.596000000000004,0.4305668509382566,0.0,0.005309062787798442
480,TEC-PH-10002262,LG Electronics Tone+ HBS-730 Bluetooth Headset,Clustered Body,0,Stable Profit Cluster,Stable Profit Cluster,,,False,False,False,False,0,904.5519999999999,0.14736842105263157,4,False,1.2773265798427795,1.2773265798427795,Protect,False,none,0.49597912709278846,cluster_margin,moderate,none,Moderate Deterioration,1,Intensify Action,Protect (Tight Control),133.30239999999998,33.325599999999994,1.2773265798427795,0.25,0.005289792891471753
481,TEC-AC-10004001,Logitech Wireless Headset H600 Over-The-Head Design,Clustered Body,0,Stable Profit Cluster,Stable Profit Cluster,,,False,False,False,False,0,386.90999999999997,0.3444444444444445,2,False,0.4544701311554298,0.4544701311554298,Protect,False,none,0.7335896377903312,cluster_margin,none,none,No Signal,0,No Escalation,Protect,133.269,66.6345,0.4544701311554298,0.0,0.005288467490859498
482,OFF-LA-10003498,Avery 475,Clustered Body,0,Stable Profit Cluster,Stable Profit Cluster,,,False,False,False,False,0,266.4,0.5,4,False,0.6616333016409606,0.6616333016409606,Protect,False,none,0.9040495793352453,cluster_margin,none,none,No Signal,0,No Escalation,Protect,133.2,33.3,0.6616333016409606,0.0,0.00528572938779825
483,FUR-FU-10004960,"Seth Thomas 12"" Clock w/ Goldtone Case",Clustered Body,0,Stable Profit Cluster,Stable Profit Cluster,,,False,False,False,False,0,390.66,0.33999999999999997,3,False,0.36526288141900937,0.36526288141900937,Protect,False,none,0.8428102216462808,cluster_margin,none,none,No Signal,0,No Escalation,Protect,132.8244,44.2748,0.36526288141900937,0.0,0.005270824583308333
484,TEC-PH-10002597,Xblue XB-1670-86 X16 Small Office Telephone - Titanium,Clustered Body,0,Stable Profit Cluster,Stable Profit Cluster,,,False,False,False,False,0,604.752,0.21875000000000003,2,False,1.2746447664466267,1.2746447664466267,Protect,False,none,0.7243901255023731,cluster_margin,moderate,none,Moderate Deterioration,1,Intensify Action,Protect (Tight Control),132.2895,66.14475,1.2746447664466267,0.0,0.0052495983321857115
485,TEC-AC-10000158,Sony 64GB Class 10 Micro SDHC R40 Memory Card,Clustered Body,0,Stable Profit Cluster,Stable Profit Cluster,,,False,False,False,False,0,899.75,0.1468,9,False,0.8231571264968024,0.8231571264968024,Protect,False,none,0.9124061962940011,cluster_margin,none,none,No Signal,0,No Escalation,Protect,132.0833,14.675922222222223,0.8231571264968024,0.0,0.00524141576912442
486,TEC-PH-10001615,AT&T CL82213,Clustered Body,0,Stable Profit Cluster,Stable Profit Cluster,,,False,False,False,False,0,481.234,0.2728915662650603,5,False,0.7533071939104673,0.7533071939104673,Protect,False,none,0.9296394409626572,cluster_margin,none,none,No Signal,0,No Escalation,Protect,131.3247,26.264940000000003,0.7533071939104673,0.0,0.00521131250851193
487,OFF-EN-10003286,Staple envelope,Clustered Body,0,Stable Profit Cluster,Stable Profit Cluster,,,False,False,False,False,0,284.832,0.46075581395348836,7,False,0.6058361942967133,0.6058361942967133,Protect,False,none,0.9237480637321964,cluster_margin,none,none,No Signal,0,No Escalation,Protect,131.238,18.748285714285714,0.6058361942967133,0.0,0.005207872022491493
488,TEC-PH-10004922,RCA Visys Integrated PBX 8-Line Router,Clustered Body,0,Stable Profit Cluster,Stable Profit Cluster,,,False,False,False,False,0,1085.238,0.12037037037037035,5,False,0.6049611926387639,0.6049611926387639,Protect,False,none,0.9265472859857229,cluster_margin,none,none,No Signal,0,No Escalation,Protect,130.63049999999998,26.126099999999997,0.6049611926387639,0.0,0.005183764810756601
489,OFF-AP-10003287,Tripp Lite TLP810NET Broadband Surge for Modem/Fax,Clustered Body,0,Stable Profit Cluster,Stable Profit Cluster,,,False,False,False,False,0,937.848,0.13913043478260873,6,False,2.265157148110897,2.265157148110897,Protect,False,none,0.5957812706143506,cluster_margin,severe,none,Severe Deterioration,1,Reroute Action,Reroute to Contain / Correct,130.4832,21.747200000000003,2.265157148110897,0.16666666666666666,0.0051779195559606365
490,TEC-MA-10001570,Cisco Desktop Collaboration Experience DX650 IP Video Phone,Clustered Body,0,Stable Profit Cluster,Stable Profit Cluster,,,False,False,False,False,0,385.8,0.3375,1,True,,0.0,Protect,False,none,0.3863008367403516,cluster_margin,none,none,No Signal,0,No Escalation,Protect,130.2075,130.2075,0.0,0.0,0.0051669790485115675
491,TEC-AC-10004864,Memorex Micro Travel Drive 32 GB,Clustered Body,0,Stable Profit Cluster,Stable Profit Cluster,,,False,False,False,False,0,379.70399999999995,0.3423076923076923,5,False,0.5314225594900837,0.5314225594900837,Protect,False,none,0.9232315201301945,cluster_margin,none,none,No Signal,0,No Escalation,Protect,129.9756,25.995119999999996,0.5314225594900837,0.0,0.005157776641266594
492,OFF-SU-10002573,"Acme 10"" Easy Grip Assistive Scissors",Clustered Body,0,Stable Profit Cluster,Stable Profit Cluster,,,False,False,False,False,0,448.76800000000003,0.2890625,8,False,0.6200240984380251,0.6200240984380251,Protect,False,none,0.9173600359434465,cluster_margin,none,none,No Signal,0,No Escalation,Protect,129.722,16.21525,0.6200240984380251,0.0,0.005147713120450185
493,TEC-PH-10001254,Jabra BIZ 2300 Duo QD Duo Corded Headset,Clustered Body,0,Stable Profit Cluster,Stable Profit Cluster,,,False,False,False,False,0,1727.064,0.075,4,False,0.614009668935962,0.614009668935962,Protect,False,none,0.9081098832250394,cluster_margin,none,none,No Signal,0,No Escalation,Protect,129.5298,32.38245,0.614009668935962,0.0,0.005140086114531756
494,OFF-PA-10000380,"REDIFORM Incoming/Outgoing Call Register, 11"" X 8 1/2"", 100 Messages",Clustered Body,0,Stable Profit Cluster,Stable Profit Cluster,,,False,False,False,False,0,281.892,0.45266272189349116,8,False,0.46072217403921806,0.46072217403921806,Protect,False,none,0.9089623058513397,cluster_margin,none,none,No Signal,0,No Escalation,Protect,127.602,15.95025,0.46072217403921806,0.0,0.005063585895959703
495,TEC-AC-10000710,Maxell DVD-RAM Discs,Clustered Body,0,Stable Profit Cluster,Stable Profit Cluster,,,False,False,False,False,0,296.64,0.43,3,False,0.5973660410266396,0.5973660410266396,Protect,False,none,0.8595667071955628,cluster_margin,none,none,No Signal,0,No Escalation,Protect,127.5552,42.5184,0.5973660410266396,0.0,0.005061728747796423
496,TEC-PH-10003437,Blue Parrot B250XT Professional Grade Wireless Bluetooth Headset with,Clustered Body,0,Stable Profit Cluster,Stable Profit Cluster,,,False,False,False,False,0,1229.836,0.10365853658536586,4,False,0.9972501254567777,0.9972501254567777,Protect,False,none,0.513018869076558,cluster_margin,none,none,No Signal,0,No Escalation,Protect,127.483,31.87075,0.9972501254567777,0.25,0.005058863660245379
497,OFF-ST-10000943,Eldon ProFile File 'N Store Portable File Tub Letter/Legal Size Black,Clustered Body,0,Stable Profit Cluster,Stable Profit Cluster,,,False,False,False,False,0,614.058,0.20754716981132076,7,False,1.3893947414531502,1.3893947414531502,Protect,False,none,0.8840396016821784,cluster_margin,moderate,none,Moderate Deterioration,1,Intensify Action,Protect (Tight Control),127.446,18.20657142857143,1.3893947414531502,0.0,0.005057395402082101
498,FUR-FU-10004460,"Howard Miller 12"" Round Wall Clock",Clustered Body,0,Stable Profit Cluster,Stable Profit Cluster,,,False,False,False,False,0,479.33799999999997,0.2655737704918033,2,False,0.15651191539770878,0.15651191539770878,Protect,False,none,0.742688070073439,cluster_margin,none,none,No Signal,0,No Escalation,Protect,127.2996,63.6498,0.15651191539770878,0.0,0.00505158586167389
499,TEC-AC-10004114,KeyTronic 6101 Series - Keyboard - Black,Clustered Body,0,Stable Profit Cluster,Stable Profit Cluster,,,False,False,False,False,0,360.712,0.35227272727272724,2,False,0.1544912953697264,0.1544912953697264,Protect,False,none,0.7431803020784028,cluster_margin,none,none,No Signal,0,No Escalation,Protect,127.06899999999999,63.534499999999994,0.1544912953697264,0.0,0.005042435041877897
500,OFF-AR-10002240,Panasonic KP-150 Electric Pencil Sharpener,Clustered Body,0,Stable Profit Cluster,Stable Profit Cluster,,,False,False,False,False,0,573.648,0.22105263157894736,4,False,0.8143743257350757,0.8143743257350757,Protect,False,none,0.914084061693542,cluster_margin,none,none,No Signal,0,No Escalation,Protect,126.8064,31.7016,0.8143743257350757,0.0,0.005032014377183935
501,OFF-LA-10001158,"Avery Address/Shipping Labels for Typewriters, 4"" x 2""",Clustered Body,0,Stable Profit Cluster,Stable Profit Cluster,,,False,False,False,False,0,277.38,0.45671641791044776,7,False,0.732386380346848,0.732386380346848,Protect,False,none,0.9276375976823893,cluster_margin,none,none,No Signal,0,No Escalation,Protect,126.684,18.097714285714286,0.732386380346848,0.0,0.005027157220449201
502,FUR-FU-10001473,DAX Wood Document Frame,Clustered Body,0,Stable Profit Cluster,Stable Profit Cluster,,,False,False,False,False,0,477.80400000000003,0.26436781609195403,9,False,1.632439966040203,1.632439966040203,Protect,False,none,0.7775994890622456,cluster_margin,severe,none,Severe Deterioration,1,Reroute Action,Reroute to Contain / Correct,126.316,14.035111111111112,1.632439966040203,0.1111111111111111,0.005012554004122552
503,TEC-AC-10002006,Memorex Micro Travel Drive 16 GB,Clustered Body,0,Stable Profit Cluster,Stable Profit Cluster,,,False,False,False,False,0,556.452,0.2267241379310345,6,False,0.373916656021636,0.373916656021636,Protect,False,none,0.9139361207827936,cluster_margin,none,none,No Signal,0,No Escalation,Protect,126.1611,21.02685,0.373916656021636,0.0,0.005006407161163318
504,TEC-PH-10001051,HTC One,Clustered Body,0,Stable Profit Cluster,Stable Profit Cluster,,,False,False,False,False,0,1119.888,0.11250000000000002,4,False,0.16364105442369456,0.16364105442369456,Protect,False,none,0.88233954454903,cluster_margin,none,none,No Signal,0,No Escalation,Protect,125.98740000000001,31.496850000000002,0.16364105442369456,0.0,0.004999514284326527
505,OFF-BI-10000069,"GBC Prepunched Paper, 19-Hole, for Binding Systems, 24-lb",Clustered Body,1,Stable Loss Cluster,Stable Loss Cluster,,,False,False,False,False,0,433.789,0.28996539792387543,7,False,2.2543657408017816,2.2543657408017816,Correct,False,none,0.3541604353545934,cluster_margin,moderate,none,Moderate Deterioration,1,Intensify Action,Correct — Accelerated,125.7838,17.969114285714287,2.2543657408017816,0.42857142857142855,0.004991434896163195
506,FUR-CH-10004754,"Global Stack Chair with Arms, Black",Clustered Body,0,Stable Profit Cluster,Stable Profit Cluster,,,False,False,False,False,0,803.464,0.15559701492537312,7,False,1.4121131204199728,1.4121131204199728,Protect,False,none,0.327253320321092,cluster_margin,moderate,none,Moderate Deterioration,1,Intensify Action,Protect (Tight Control),125.0166,17.859514285714287,1.4121131204199728,0.2857142857142857,0.004960990364734376
507,FUR-FU-10000747,Tenex B1-RE Series Chair Mats for Low Pile Carpets,Clustered Body,0,Stable Profit Cluster,Stable Profit Cluster,,,False,False,False,False,0,1002.3639999999999,0.1243119266055046,7,False,0.9651725320990855,0.9651725320990855,Protect,False,none,0.7844792107147591,cluster_margin,none,none,No Signal,0,No Escalation,Protect,124.6058,17.80082857142857,0.9651725320990855,0.14285714285714285,0.004944688730856691
508,OFF-ST-10001321,"Decoflex Hanging Personal Folder File, Blue",Clustered Body,0,Stable Profit Cluster,Stable Profit Cluster,,,False,False,False,False,0,518.112,0.23958333333333334,9,False,0.6725182914488944,0.6725182914488944,Protect,False,none,0.9109214212358291,cluster_margin,none,none,No Signal,0,No Escalation,Protect,124.131,13.792333333333334,0.6725182914488944,0.0,0.004925847407183068
509,FUR-FU-10004845,"Deflect-o EconoMat Nonstudded, No Bevel Mat",Clustered Body,0,Stable Profit Cluster,Stable Profit Cluster,,,False,False,False,False,0,702.44,0.1764705882352941,3,False,1.138662883266468,1.138662883266468,Protect,False,none,0.857037923726793,cluster_margin,moderate,none,Moderate Deterioration,1,Intensify Action,Protect (Tight Control),123.96,41.32,1.138662883266468,0.0,0.004919061673509543
510,FUR-FU-10000758,DAX Natural Wood-Tone Poster Frame,Clustered Body,0,Stable Profit Cluster,Stable Profit Cluster,,,False,False,False,False,0,513.712,0.24123711340206186,5,False,1.3945772771092608,1.3945772771092608,Protect,False,none,0.6230762899959089,cluster_margin,moderate,none,Moderate Deterioration,1,Intensify Action,Protect (Tight Control),123.9264,24.78528,1.3945772771092608,0.2,0.0049177283363666755
511,OFF-PA-10001509,"Recycled Desk Saver Line ""While You Were Out"" Book, 5 1/2"" X 4""",Clustered Body,0,Stable Profit Cluster,Stable Profit Cluster,,,False,False,False,False,0,268.5,0.46,5,False,0.2333095741774977,0.2333095741774977,Protect,False,none,0.9016382805897886,cluster_margin,none,none,No Signal,0,No Escalation,Protect,123.51,24.702,0.2333095741774977,0.0,0.0049012044796318465
512,OFF-AR-10001955,Newell 319,Clustered Body,0,Stable Profit Cluster,Stable Profit Cluster,,,False,False,False,False,0,511.872,0.24031007751937986,8,False,0.7608889950991093,0.7608889950991093,Protect,False,none,0.9193071632688832,cluster_margin,none,none,No Signal,0,No Escalation,Protect,123.00800000000001,15.376000000000001,0.7608889950991093,0.0,0.00488128378779495
513,TEC-PH-10002564,OtterBox Defender Series Case - Samsung Galaxy S4,Clustered Body,0,Stable Profit Cluster,Stable Profit Cluster,,,False,False,False,False,0,689.77,0.1782608695652174,8,False,0.8172319992276436,0.8172319992276436,Protect,False,none,0.9189845393725122,cluster_margin,none,none,No Signal,0,No Escalation,Protect,122.959,15.369875,0.8172319992276436,0.0,0.004879339337794933
514,OFF-AP-10002350,Belkin F9H710-06 7 Outlet SurgeMaster Surge Protector,Clustered Body,0,Stable Profit Cluster,Stable Profit Cluster,,,False,False,False,False,0,516.216,0.23795620437956203,8,False,1.1498336090514099,1.1498336090514099,Protect,False,none,0.9018187869996073,cluster_margin,moderate,none,Moderate Deterioration,1,Intensify Action,Protect (Tight Control),122.8368,15.3546,1.1498336090514099,0.0,0.004874490117590812
515,TEC-PH-10002807,Motorla HX550 Universal Bluetooth Headset,Clustered Body,0,Stable Profit Cluster,Stable Profit Cluster,,,False,False,False,False,0,419.23,0.29245283018867924,4,False,0.4942646438969569,0.4942646438969569,Protect,False,none,0.911442510943141,cluster_margin,none,none,No Signal,0,No Escalation,Protect,122.60499999999999,30.651249999999997,0.4942646438969569,0.0,0.004865291678611145
516,TEC-PH-10004006,Panasonic KX - TS880B Telephone,Clustered Body,0,Stable Profit Cluster,Stable Profit Cluster,,,False,False,False,False,0,453.41999999999996,0.27,3,False,0.6259508402515159,0.6259508402515159,Protect,False,none,0.8697736873094145,cluster_margin,none,none,No Signal,0,No Escalation,Protect,122.4234,40.8078,0.6259508402515159,0.0,0.004858085308815168
517,TEC-AC-10004859,"Maxell Pro 80 Minute CD-R, 10/Pack",Clustered Body,0,Stable Profit Cluster,Stable Profit Cluster,,,False,False,False,False,0,374.072,0.32710280373831774,4,False,0.5183897574655617,0.5183897574655617,Protect,False,none,0.9130805427234479,cluster_margin,none,none,No Signal,0,No Escalation,Protect,122.36,30.59,0.5183897574655617,0.0,0.004855569428611066
518,OFF-PA-10002499,Xerox 1890,Clustered Body,0,Stable Profit Cluster,Stable Profit Cluster,,,False,False,False,False,0,244.7,0.5,2,False,0.28167627464899136,0.28167627464899136,Protect,False,none,0.7578335573791193,cluster_margin,none,none,No Signal,0,No Escalation,Protect,122.35,61.175,0.28167627464899136,0.0,0.00485517260208045
519,TEC-AC-10004901,Kensington SlimBlade Notebook Wireless Mouse with Nano Receiver,Clustered Body,0,Stable Profit Cluster,Stable Profit Cluster,,,False,False,False,False,0,549.89,0.22000000000000003,4,False,0.7539554109987912,0.7539554109987912,Protect,False,none,0.9219596981588687,cluster_margin,none,none,No Signal,0,No Escalation,Protect,120.9758,30.24395,0.7539554109987912,0.0,0.004800640700243271
520,FUR-FU-10004973,Flat Face Poster Frame,Clustered Body,1,Stable Loss Cluster,Stable Loss Cluster,,,False,False,False,False,0,678.24,0.17833333333333332,12,False,2.3818624746139454,2.3818624746139454,Correct,False,none,0.38479284330375624,cluster_margin,moderate,none,Moderate Deterioration,1,Intensify Action,Correct — Accelerated,120.9528,10.0794,2.3818624746139454,0.4166666666666667,0.004799727999222855
521,OFF-ST-10002276,Safco Steel Mobile File Cart,Clustered Body,0,Stable Profit Cluster,Stable Profit Cluster,,,False,False,False,False,0,683.552,0.17682926829268292,5,False,0.6972729996707467,0.6972729996707467,Protect,False,none,0.9364934201223047,cluster_margin,none,none,No Signal,0,No Escalation,Protect,120.872,24.1744,0.6972729996707467,0.0,0.004796521640855482
522,OFF-PA-10002986,Xerox 1898,Clustered Body,0,Stable Profit Cluster,Stable Profit Cluster,,,False,False,False,False,0,280.56,0.43047619047619046,11,False,0.4928599114243411,0.4928599114243411,Protect,False,none,0.8916152539655883,cluster_margin,none,none,No Signal,0,No Escalation,Protect,120.7744,10.97949090909091,0.4928599114243411,0.0,0.0047926486139166745
523,TEC-MA-10000029,"Epson WorkForce WF-2530 All-in-One Printer, Copier Scanner",Clustered Body,0,Stable Profit Cluster,Stable Profit Cluster,,,False,False,False,False,0,279.96,0.43000000000000005,2,False,0.7041432338395851,0.7041432338395851,Protect,False,none,0.7673446805157341,cluster_margin,none,none,No Signal,0,No Escalation,Protect,120.3828,60.1914,0.7041432338395851,0.0,0.004777108886977773
524,TEC-AC-10000865,WD My Passport Ultra 500GB Portable External Hard Drive,Clustered Body,0,Stable Profit Cluster,Stable Profit Cluster,,,False,False,False,False,0,708.0,0.17,4,False,0.2698932817958776,0.2698932817958776,Protect,False,none,0.8967539823207479,cluster_margin,none,none,No Signal,0,No Escalation,Protect,120.36,30.09,0.2698932817958776,0.0,0.004776204122487969
525,OFF-AR-10001044,"BOSTON Ranger #55 Pencil Sharpener, Black",Clustered Body,0,Stable Profit Cluster,Stable Profit Cluster,,,False,False,False,False,0,618.562,0.1945378151260504,9,False,0.9213966025588086,0.9213966025588086,Protect,False,none,0.9080008895697902,cluster_margin,none,none,No Signal,0,No Escalation,Protect,120.3337,13.37041111111111,0.9213966025588086,0.0,0.0047751604687124504
526,TEC-AC-10004595,First Data TMFD35 PIN Pad,Clustered Body,0,Stable Profit Cluster,Stable Profit Cluster,,,False,False,False,False,0,571.2,0.21,2,False,0.7041326352141865,0.7041326352141865,Protect,False,none,0.7684674806001717,cluster_margin,none,none,No Signal,0,No Escalation,Protect,119.952,59.976,0.7041326352141865,0.0,0.004760013600038858
527,OFF-FA-10004854,"Vinyl Coated Wire Paper Clips in Organizer Box, 800/Box",Clustered Body,0,Stable Profit Cluster,Stable Profit Cluster,,,False,False,False,False,0,296.18399999999997,0.40426356589147294,8,False,0.3757212349739636,0.3757212349739636,Protect,False,none,0.9013964711163549,cluster_margin,none,none,No Signal,0,No Escalation,Protect,119.7364,14.96705,0.3757212349739636,0.0,0.0047514580200387875
528,OFF-AR-10004602,Boston KS Multi-Size Manual Pencil Sharpener,Clustered Body,0,Stable Profit Cluster,Stable Profit Cluster,,,False,False,False,False,0,533.368,0.22413793103448273,7,False,0.5478697603535523,0.5478697603535523,Protect,False,none,0.9203970288192134,cluster_margin,none,none,No Signal,0,No Escalation,Protect,119.548,17.078285714285716,0.5478697603535523,0.0,0.004743981808201992
529,OFF-LA-10001297,Avery 473,Clustered Body,0,Stable Profit Cluster,Stable Profit Cluster,,,False,False,False,False,0,248.4,0.48,6,False,0.5629116867546532,0.5629116867546532,Protect,False,none,0.9286098172202981,cluster_margin,none,none,No Signal,0,No Escalation,Protect,119.232,19.872,0.5629116867546532,0.0,0.004731442089834542
530,OFF-ST-10002370,"Sortfiler Multipurpose Personal File Organizer, Black",Clustered Body,0,Stable Profit Cluster,Stable Profit Cluster,,,False,False,False,False,0,483.414,0.24601769911504426,6,False,0.830794913969065,0.830794913969065,Protect,False,none,0.9345393977807668,cluster_margin,none,none,No Signal,0,No Escalation,Protect,118.9284,19.8214,0.830794913969065,0.0,0.004719394436365056
531,OFF-ST-10001590,"Tenex Personal Project File with Scoop Front Design, Black",Clustered Body,0,Stable Profit Cluster,Stable Profit Cluster,,,False,False,False,False,0,517.6320000000001,0.22916666666666663,10,False,0.8996123536066328,0.8996123536066328,Protect,False,none,0.9014994425291716,cluster_margin,none,none,No Signal,0,No Escalation,Protect,118.624,11.8624,0.8996123536066328,0.0,0.004707315036773121
532,TEC-MA-10004255,Konica Minolta magicolor 1690MF Multifunction Printer,Clustered Body,0,Stable Profit Cluster,Stable Profit Cluster,,,False,False,False,False,0,319.92,0.37,1,True,,0.0,Protect,False,none,0.4700629380782165,cluster_margin,none,none,No Signal,0,No Escalation,Protect,118.3704,118.3704,0.0,0.0,0.004697251515956713
533,OFF-AR-10003582,"Boston Electric Pencil Sharpener, Model 1818, Charcoal Black",Clustered Body,0,Stable Profit Cluster,Stable Profit Cluster,,,False,False,False,False,0,523.59,0.2258064516129032,8,False,0.7484625363281184,0.7484625363281184,Protect,False,none,0.9178491584428298,cluster_margin,none,none,No Signal,0,No Escalation,Protect,118.22999999999999,14.778749999999999,0.7484625363281184,0.0,0.004691680071466871
534,OFF-EN-10001532,Brown Kraft Recycled Envelopes,Clustered Body,0,Stable Profit Cluster,Stable Profit Cluster,,,False,False,False,False,0,244.512,0.47916666666666663,5,False,0.6976312320791539,0.6976312320791539,Protect,False,none,0.9379525595085109,cluster_margin,none,none,No Signal,0,No Escalation,Protect,117.16199999999999,23.432399999999998,0.6976312320791539,0.0,0.004649298997997137
535,FUR-CH-10004886,Bevis Steel Folding Chairs,Clustered Body,0,Stable Profit Cluster,Stable Profit Cluster,,,False,False,False,False,0,1775.075,0.06594594594594594,6,False,0.8737187620962008,0.8737187620962008,Protect,False,none,0.7348071828787986,cluster_margin,none,none,No Signal,0,No Escalation,Protect,117.059,19.509833333333333,0.8737187620962008,0.16666666666666666,0.004645211684731798
536,FUR-FU-10003347,Coloredge Poster Frame,Clustered Body,0,Stable Profit Cluster,Stable Profit Cluster,,,False,False,False,False,0,298.2,0.39,6,False,0.6369095111988372,0.6369095111988372,Protect,False,none,0.9318884177388373,cluster_margin,none,none,No Signal,0,No Escalation,Protect,116.298,19.383,0.6369095111988372,0.0,0.004615013185751959
537,TEC-MA-10003176,Okidata B400 Printer,Clustered Body,0,Stable Profit Cluster,Stable Profit Cluster,,,False,False,False,False,0,1029.6,0.1125,2,False,0.469351504206021,0.469351504206021,Protect,False,none,0.7777638373951251,cluster_margin,none,none,No Signal,0,No Escalation,Protect,115.83,57.915,0.469351504206021,0.0,0.004596441704119154
538,FUR-CH-10000553,"Metal Folding Chairs, Beige, 4/Carton",Clustered Body,0,Stable Profit Cluster,Stable Profit Cluster,,,False,False,False,False,0,685.588,0.16881188118811882,5,False,1.4109362607252334,1.4109362607252334,Protect,False,none,0.6185679421656111,cluster_margin,moderate,none,Moderate Deterioration,1,Intensify Action,Protect (Tight Control),115.7354,23.14708,1.4109362607252334,0.2,0.004592687725139532
539,TEC-PH-10001300,"iKross Bluetooth Portable Keyboard + Cell Phone Stand Holder + Brush for Apple iPhone 5S 5C 5, 4S 4",Clustered Body,0,Stable Profit Cluster,Stable Profit Cluster,,,False,False,False,False,0,477.66,0.2421052631578947,5,False,1.002733145006748,1.002733145006748,Protect,False,none,0.9308874909020509,cluster_margin,moderate,none,Moderate Deterioration,1,Intensify Action,Protect (Tight Control),115.64399999999999,23.1288,1.002733145006748,0.0,0.004589060730649706
540,OFF-EN-10004386,"Recycled Interoffice Envelopes with String and Button Closure, 10 x 13",Clustered Body,0,Stable Profit Cluster,Stable Profit Cluster,,,False,False,False,False,0,259.092,0.4444444444444445,5,False,0.36862322352954263,0.36862322352954263,Protect,False,none,0.9169665910854469,cluster_margin,none,none,No Signal,0,No Escalation,Protect,115.152,23.0304,0.36862322352954263,0.0,0.004569536865343424
541,OFF-AR-10004042,"BOSTON Model 1800 Electric Pencil Sharpeners, Putty/Woodgrain",Clustered Body,0,Stable Profit Cluster,Stable Profit Cluster,,,False,False,False,False,0,496.248,0.2282608695652174,6,False,0.7540685345439666,0.7540685345439666,Protect,False,none,0.9337865087874642,cluster_margin,none,none,No Signal,0,No Escalation,Protect,113.274,18.879,0.7540685345439666,0.0,0.004495012842893837
542,OFF-PA-10002137,"Southworth 100% Résumé Paper, 24lb.",Clustered Body,0,Stable Profit Cluster,Stable Profit Cluster,,,False,False,False,False,0,262.964,0.43047337278106507,7,False,1.043605637333987,1.043605637333987,Protect,False,none,0.9145830683985823,cluster_margin,moderate,none,Moderate Deterioration,1,Intensify Action,Protect (Tight Control),113.199,16.171285714285712,1.043605637333987,0.0,0.004492036643914221
543,TEC-AC-10001266,Memorex Micro Travel Drive 8 GB,Clustered Body,0,Stable Profit Cluster,Stable Profit Cluster,,,False,False,False,False,0,299.0,0.3782608695652174,8,False,0.38685546906248386,0.38685546906248386,Protect,False,none,0.8998723048012437,cluster_margin,none,none,No Signal,0,No Escalation,Protect,113.1,14.1375,0.38685546906248386,0.0,0.0044881080612611274
544,OFF-ST-10001328,"Personal Filing Tote with Lid, Black/Gray",Clustered Body,0,Stable Profit Cluster,Stable Profit Cluster,,,False,False,False,False,0,459.096,0.24594594594594596,8,False,0.6209447917189318,0.6209447917189318,Protect,False,none,0.9129582172205847,cluster_margin,none,none,No Signal,0,No Escalation,Protect,112.9128,14.1141,0.6209447917189318,0.0,0.004480679468608006
545,OFF-BI-10001721,Trimflex Flexible Post Binders,Clustered Body,0,Stable Profit Cluster,Stable Profit Cluster,,,False,False,False,False,0,346.356,0.3259259259259259,4,False,1.333926473763437,1.333926473763437,Protect,False,none,0.48119460571474826,cluster_margin,moderate,none,Moderate Deterioration,1,Intensify Action,Protect (Tight Control),112.8864,28.2216,1.333926473763437,0.25,0.0044796318465671805
546,TEC-PH-10002115,Plantronics 81402,Clustered Body,0,Stable Profit Cluster,Stable Profit Cluster,,,False,False,False,False,0,844.672,0.1328125,4,False,1.9253179963075977,1.9253179963075977,Protect,False,none,0.4163797490439167,cluster_margin,severe,none,Severe Deterioration,1,Reroute Action,Reroute to Contain / Correct,112.18299999999999,28.045749999999998,1.9253179963075977,0.25,0.004451719068403687
547,OFF-PA-10004082,"Adams Telephone Message Book w/Frequently-Called Numbers Space, 400 Messages per Book",Clustered Body,0,Stable Profit Cluster,Stable Profit Cluster,,,False,False,False,False,0,223.44,0.5,7,False,0.5683293150415629,0.5683293150415629,Protect,False,none,0.9185528871091001,cluster_margin,none,none,No Signal,0,No Escalation,Protect,111.72,15.959999999999999,0.5683293150415629,0.0,0.00443334600003619
548,TEC-MA-10001972,Okidata C331dn Printer,Clustered Body,0,Stable Profit Cluster,Stable Profit Cluster,,,False,False,False,False,0,3210.8,0.034782608695652174,5,False,3.006956026007318,3.006956026007318,Protect,False,none,0.3919863720494669,cluster_margin,severe,none,Severe Deterioration,1,Reroute Action,Reroute to Contain / Correct,111.68,22.336000000000002,3.006956026007318,0.2,0.004431758693913729
549,OFF-AR-10004022,Panasonic KP-380BK Classic Electric Pencil Sharpener,Clustered Body,0,Stable Profit Cluster,Stable Profit Cluster,,,False,False,False,False,0,705.208,0.15816326530612246,6,False,0.8138583605259797,0.8138583605259797,Protect,False,none,0.9328858473923191,cluster_margin,none,none,No Signal,0,No Escalation,Protect,111.538,18.589666666666666,0.8138583605259797,0.0,0.0044261237571789885
550,OFF-AR-10002671,"Hunt BOSTON Model 1606 High-Volume Electric Pencil Sharpener, Beige",Clustered Body,0,Stable Profit Cluster,Stable Profit Cluster,,,False,False,False,False,0,1113.024,0.10000000000000002,1,True,,0.0,Protect,False,none,0.5179609375655592,cluster_margin,none,none,No Signal,0,No Escalation,Protect,111.3024,111.3024,0.0,0.0,0.0044167745241176885
551,OFF-BI-10000962,"Acco Flexible ACCOHIDE Square Ring Data Binder, Dark Blue, 11 1/2"" X 14"" 7/8""",Clustered Body,0,Stable Profit Cluster,Stable Profit Cluster,,,False,False,False,False,0,410.004,0.2714285714285714,10,False,1.8566113964887896,1.8566113964887896,Protect,False,none,0.16552346631197,cluster_margin,severe,none,Severe Deterioration,1,Reroute Action,Reroute to Contain / Correct,111.2868,11.12868,1.8566113964887896,0.3,0.004416155474729928
552,OFF-AP-10004532,Kensington 6 Outlet Guardian Standard Surge Protector,Clustered Body,0,Stable Profit Cluster,Stable Profit Cluster,,,False,False,False,False,0,409.6,0.26999999999999996,6,False,0.15281899110397706,0.15281899110397706,Protect,False,none,0.8904438514214553,cluster_margin,none,none,No Signal,0,No Escalation,Protect,110.592,18.432,0.15281899110397706,0.0,0.004388583967382764
553,OFF-AP-10002892,Belkin F5C206VTEL 6 Outlet Surge,Clustered Body,0,Stable Profit Cluster,Stable Profit Cluster,,,False,False,False,False,0,464.196,0.2376237623762376,7,False,0.5825843158166697,0.5825843158166697,Protect,False,none,0.9184909054462921,cluster_margin,none,none,No Signal,0,No Escalation,Protect,110.304,15.757714285714286,0.5825843158166697,0.0,0.004377155363301038
554,OFF-AR-10000538,"Boston Model 1800 Electric Pencil Sharpener, Gray",Clustered Body,0,Stable Profit Cluster,Stable Profit Cluster,,,False,False,False,False,0,405.36,0.2708333333333333,3,False,0.7001647483397389,0.7001647483397389,Protect,False,none,0.8934547299046545,cluster_margin,none,none,No Signal,0,No Escalation,Protect,109.785,36.595,0.7001647483397389,0.0,0.004356560066362094
555,TEC-PH-10002075,AT&T EL51110 DECT,Clustered Body,0,Stable Profit Cluster,Stable Profit Cluster,,,False,False,False,False,0,377.97,0.29,1,True,,0.0,Protect,False,none,0.5291661293602148,cluster_margin,none,none,No Signal,0,No Escalation,Protect,109.6113,109.6113,0.0,0.0,0.004349667189525303
556,OFF-AR-10001915,Peel-Off China Markers,Clustered Body,0,Stable Profit Cluster,Stable Profit Cluster,,,False,False,False,False,0,287.97,0.37999999999999995,7,False,0.7874580653950712,0.7874580653950712,Protect,False,none,0.9224021857091793,cluster_margin,none,none,No Signal,0,No Escalation,Protect,109.4286,15.632657142857143,0.7874580653950712,0.0,0.004342417168810959
557,TEC-AC-10004518,Memorex Mini Travel Drive 32 GB USB 2.0 Flash Drive,Clustered Body,0,Stable Profit Cluster,Stable Profit Cluster,,,False,False,False,False,0,280.0,0.38999999999999996,2,False,0.20109747104142087,0.20109747104142087,Protect,False,none,0.7872834534080746,cluster_margin,none,none,No Signal,0,No Escalation,Protect,109.19999999999999,54.599999999999994,0.20109747104142087,0.0,0.004333345714321088
558,OFF-AR-10004260,Boston 1799 Powerhouse Electric Pencil Sharpener,Clustered Body,0,Stable Profit Cluster,Stable Profit Cluster,,,False,False,False,False,0,389.70000000000005,0.27999999999999997,3,False,0.6880282394291212,0.6880282394291212,Protect,False,none,0.8944343983444395,cluster_margin,none,none,No Signal,0,No Escalation,Protect,109.116,36.372,0.6880282394291212,0.0,0.004330012371463918
559,OFF-PA-10001776,"Wirebound Message Books, Four 2 3/4"" x 5"" Forms per Page, 600 Sets per Book",Clustered Body,0,Stable Profit Cluster,Stable Profit Cluster,,,False,False,False,False,0,246.582,0.4421052631578948,9,False,0.4608537526825791,0.4608537526825791,Protect,False,none,0.8961650725981962,cluster_margin,none,none,No Signal,0,No Escalation,Protect,109.01520000000001,12.1128,0.4608537526825791,0.0,0.004326012360035315
560,OFF-PA-10002421,Embossed Ink Jet Note Cards,Clustered Body,0,Stable Profit Cluster,Stable Profit Cluster,,,False,False,False,False,0,284.382,0.38095238095238093,4,False,0.3999458347383414,0.3999458347383414,Protect,False,none,0.9160577198326729,cluster_margin,none,none,No Signal,0,No Escalation,Protect,108.336,27.084,0.3999458347383414,0.0,0.0042990599020759105
561,FUR-FU-10001591,Advantus Panel Wall Certificate Holder - 8.5x11,Clustered Body,0,Stable Profit Cluster,Stable Profit Cluster,,,False,False,False,False,0,270.84,0.39909909909909913,6,False,0.8601817631340392,0.8601817631340392,Protect,False,none,0.9302222269887553,cluster_margin,none,none,No Signal,0,No Escalation,Protect,108.092,18.015333333333334,0.8601817631340392,0.0,0.004289377334728893
562,TEC-AC-10000057,Microsoft Natural Ergonomic Keyboard 4000,Clustered Body,0,Stable Profit Cluster,Stable Profit Cluster,,,False,False,False,False,0,557.814,0.19301075268817205,5,False,0.5881806045488296,0.5881806045488296,Protect,False,none,0.9336296059723568,cluster_margin,none,none,No Signal,0,No Escalation,Protect,107.6641,21.53282,0.5881806045488296,0.0,0.004272397127483857
563,OFF-PA-10001685,Easy-staple paper,Clustered Body,0,Stable Profit Cluster,Stable Profit Cluster,,,False,False,False,False,0,257.556,0.41771653543307086,5,False,0.4863605144796775,0.4863605144796775,Protect,False,none,0.9267469816297189,cluster_margin,none,none,No Signal,0,No Escalation,Protect,107.58539999999999,21.51708,0.4863605144796775,0.0,0.004269274102687912
564,OFF-EN-10003134,Staple envelope,Clustered Body,0,Stable Profit Cluster,Stable Profit Cluster,,,False,False,False,False,0,247.61599999999999,0.4339622641509434,7,False,0.6728728230675831,0.6728728230675831,Protect,False,none,0.9199776447076417,cluster_margin,none,none,No Signal,0,No Escalation,Protect,107.456,15.350857142857143,0.6728728230675831,0.0,0.004264139167381748
565,FUR-FU-10004748,"Howard Miller 16"" Diameter Gallery Wall Clock",Clustered Body,0,Stable Profit Cluster,Stable Profit Cluster,,,False,False,False,False,0,575.46,0.18666666666666665,4,False,2.4688749679538478,2.4688749679538478,Protect,False,none,0.3348561359144336,cluster_margin,severe,none,Severe Deterioration,1,Reroute Action,Reroute to Contain / Correct,107.41919999999999,26.854799999999997,2.4688749679538478,0.25,0.0042626788457490825
566,OFF-BI-10004230,GBC Recycled Grain Textured Covers,Clustered Body,1,Stable Loss Cluster,Stable Loss Cluster,,,False,False,False,False,0,466.29,0.22962962962962968,5,False,1.9003277729883299,1.9003277729883299,Correct,False,none,0.23040575691529677,cluster_margin,moderate,none,Moderate Deterioration,1,Intensify Action,Correct — Accelerated,107.07400000000003,21.414800000000007,1.9003277729883299,0.4,0.004248980393912237
567,OFF-BI-10002854,"Performers Binder/Pad Holder, Black",Clustered Body,1,Stable Loss Cluster,Stable Loss Cluster,,,False,False,False,False,0,611.054,0.1743119266055046,8,False,3.8281925572461577,3.8281925572461577,Correct,False,none,0.35005672551556305,cluster_margin,severe,none,Severe Deterioration,1,Reroute Action,Exit / Restructure,106.514,13.31425,3.8281925572461577,0.375,0.004226758108197769
568,FUR-BO-10003894,"Safco Value Mate Steel Bookcase, Baked Enamel Finish on Steel, Black",Clustered Body,0,Stable Profit Cluster,Stable Profit Cluster,,,False,False,False,False,0,802.074,0.13274336283185842,3,False,1.2401473714561946,1.2401473714561946,Protect,False,none,0.8783588237284743,cluster_margin,moderate,none,Moderate Deterioration,1,Intensify Action,Protect (Tight Control),106.47,35.49,1.2401473714561946,0.0,0.004225012071463061
569,OFF-BI-10000315,Poly Designer Cover & Back,Clustered Body,1,Stable Loss Cluster,Stable Loss Cluster,,,False,False,False,False,0,451.962,0.23529411764705885,7,False,2.2637457279187356,2.2637457279187356,Correct,False,none,0.39667519357089104,cluster_margin,moderate,none,Moderate Deterioration,1,Intensify Action,Correct — Accelerated,106.34400000000001,15.192000000000002,2.2637457279187356,0.42857142857142855,0.004220012057177307
570,OFF-PA-10003673,Strathmore Photo Mount Cards,Clustered Body,0,Stable Profit Cluster,Stable Profit Cluster,,,False,False,False,False,0,245.436,0.4331491712707182,9,False,0.7029371630055077,0.7029371630055077,Protect,False,none,0.9034210530449601,cluster_margin,none,none,No Signal,0,No Escalation,Protect,106.3104,11.812266666666666,0.7029371630055077,0.0,0.004218678720034438
571,TEC-AC-10000682,Kensington K72356US Mouse-in-a-Box USB Desktop Mouse,Clustered Body,0,Stable Profit Cluster,Stable Profit Cluster,,,False,False,False,False,0,321.846,0.32989690721649484,6,False,0.5951791725387633,0.5951791725387633,Protect,False,none,0.9258202018741077,cluster_margin,none,none,No Signal,0,No Escalation,Protect,106.176,17.696,0.5951791725387633,0.0,0.004213345371462967
572,FUR-FU-10004071,Luxo Professional Magnifying Clamp-On Fluorescent Lamps,Clustered Body,0,Stable Profit Cluster,Stable Profit Cluster,,,False,False,False,False,0,1268.922,0.08360655737704918,4,False,1.5594410697538914,1.5594410697538914,Protect,False,none,0.4538670830992483,cluster_margin,severe,none,Severe Deterioration,1,Reroute Action,Reroute to Contain / Correct,106.09020000000001,26.522550000000003,1.5594410697538914,0.25,0.004209940599830286
573,OFF-AP-10002495,"Acco Smartsocket Table Surge Protector, 6 Color-Coded Adapter Outlets",Clustered Body,0,Stable Profit Cluster,Stable Profit Cluster,,,False,False,False,False,0,452.96500000000003,0.2328767123287671,3,False,0.6153112062639394,0.6153112062639394,Protect,False,none,0.898770501502317,cluster_margin,none,none,No Signal,0,No Escalation,Protect,105.485,35.16166666666667,0.6153112062639394,0.0,0.004185924658197436
574,OFF-BI-10002852,Ibico Standard Transparent Covers,Clustered Body,1,Stable Loss Cluster,Stable Loss Cluster,,,False,False,False,False,0,390.576,0.2683544303797468,10,False,2.31707332766139,2.31707332766139,Correct,False,none,0.3487646677885868,cluster_margin,moderate,none,Moderate Deterioration,1,Intensify Action,Correct — Accelerated,104.81280000000001,10.481280000000002,2.31707332766139,0.4,0.0041592499788094634
575,OFF-PA-10002713,"Adams Phone Message Book, 200 Message Capacity, 8 1/16” x 11”",Clustered Body,0,Stable Profit Cluster,Stable Profit Cluster,,,False,False,False,False,0,227.04,0.46,8,False,0.46596626614447423,0.46596626614447423,Protect,False,none,0.9004349574233667,cluster_margin,none,none,No Signal,0,No Escalation,Protect,104.4384,13.0548,0.46596626614447423,0.0,0.00414439279350322
576,OFF-SU-10000898,"Acme Hot Forged Carbon Steel Scissors with Nickel-Plated Handles, 3 7/8"" Cut, 8""L",Clustered Body,0,Stable Profit Cluster,Stable Profit Cluster,,,False,False,False,False,0,458.7,0.22545454545454546,7,False,0.5991279260291686,0.5991279260291686,Protect,False,none,0.914664627060697,cluster_margin,none,none,No Signal,0,No Escalation,Protect,103.416,14.773714285714286,0.5991279260291686,0.0,0.004103821249013092
577,TEC-PH-10004531,OtterBox Commuter Series Case - iPhone 5 & 5s,Clustered Body,0,Stable Profit Cluster,Stable Profit Cluster,,,False,False,False,False,0,285.87,0.35999999999999993,4,False,0.6989579288114791,0.6989579288114791,Protect,False,none,0.935706398040236,cluster_margin,none,none,No Signal,0,No Escalation,Protect,102.91319999999999,25.728299999999997,0.6989579288114791,0.0,0.004083868811053745
578,OFF-FA-10002280,Advantus Plastic Paper Clips,Clustered Body,0,Stable Profit Cluster,Stable Profit Cluster,,,False,False,False,False,0,225.0,0.45688888888888896,10,False,0.6344414362597339,0.6344414362597339,Protect,False,none,0.8935298151077532,cluster_margin,none,none,No Signal,0,No Escalation,Protect,102.80000000000001,10.280000000000001,0.6344414362597339,0.0,0.004079376734727179
579,OFF-LA-10004545,Avery 50,Clustered Body,0,Stable Profit Cluster,Stable Profit Cluster,,,False,False,False,False,0,235.564,0.43617021276595747,5,False,0.5836549366373225,0.5836549366373225,Protect,False,none,0.9315499936602193,cluster_margin,none,none,No Signal,0,No Escalation,Protect,102.746,20.5492,0.5836549366373225,0.0,0.0040772338714618545
580,TEC-AC-10002399,SanDisk Cruzer 32 GB USB Flash Drive,Clustered Body,0,Stable Profit Cluster,Stable Profit Cluster,,,False,False,False,False,0,361.38,0.28421052631578947,6,False,0.6634814689508036,0.6634814689508036,Protect,False,none,0.9260930869363841,cluster_margin,none,none,No Signal,0,No Escalation,Protect,102.708,17.118,0.6634814689508036,0.0,0.004075725930645516
581,OFF-BI-10004828,GBC Poly Designer Binding Covers,Clustered Body,0,Stable Profit Cluster,Stable Profit Cluster,,,False,False,False,False,0,256.122,0.4,6,False,0.8224563684620543,0.8224563684620543,Protect,False,none,0.7293750679062,cluster_margin,none,none,No Signal,0,No Escalation,Protect,102.4488,17.0748,0.8224563684620543,0.16666666666666666,0.004065440186971963
582,TEC-PH-10001530,Cisco Unified IP Phone 7945G VoIP phone,Clustered Body,3,Risk-Oriented Profit Cluster,Risk-Oriented Profit Cluster,,,False,False,False,False,0,6751.602,0.015151515151515147,6,False,7.758725203692954,7.758725203692954,Contain,False,none,0.1284821452207603,cluster_margin,severe,none,Severe Deterioration,1,Reroute Action,Reroute to Correct,102.29699999999997,17.049499999999995,7.758725203692954,0.16666666666666666,0.004059416360237218
583,FUR-FU-10003039,"Howard Miller 11-1/2"" Diameter Grantwood Wall Clock",Clustered Body,0,Stable Profit Cluster,Stable Profit Cluster,,,False,False,False,False,0,500.308,0.20344827586206896,6,False,2.018366725290813,2.018366725290813,Protect,False,none,0.6175751493608114,cluster_margin,severe,none,Severe Deterioration,1,Reroute Action,Reroute to Contain / Correct,101.7868,16.964466666666667,2.018366725290813,0.16666666666666666,0.004039170270645218
584,OFF-AP-10000159,Belkin F9M820V08 8 Outlet Surge,Clustered Body,0,Stable Profit Cluster,Stable Profit Cluster,,,False,False,False,False,0,558.74,0.18076923076923077,3,False,0.8620988055026544,0.8620988055026544,Protect,False,none,0.9064293247280586,cluster_margin,none,none,No Signal,0,No Escalation,Protect,101.003,33.66766666666667,0.8620988055026544,0.0,0.004008067007175576
585,FUR-TA-10002855,Bevis Round Conference Table Top & Single Column Base,Clustered Body,1,Stable Loss Cluster,Stable Loss Cluster,,,False,False,False,False,0,2297.5380000000005,0.04394904458598726,5,False,5.485525628584041,5.485525628584041,Correct,False,none,0.5453644636580244,cluster_margin,severe,none,Severe Deterioration,1,Reroute Action,Exit / Restructure,100.97460000000001,20.194920000000003,5.485525628584041,0.6,0.004006940019828629
586,OFF-BI-10004001,GBC Recycled VeloBinder Covers,Clustered Body,1,Stable Loss Cluster,Stable Loss Cluster,,,False,False,False,False,0,487.34400000000005,0.20699300699300696,8,False,2.577996227906339,2.577996227906339,Correct,False,none,0.2846516878336067,cluster_margin,severe,none,Severe Deterioration,1,Reroute Action,Exit / Restructure,100.87679999999999,12.609599999999999,2.577996227906339,0.375,0.004003059056359208
587,OFF-AP-10002765,Fellowes Advanced Computer Series Surge Protectors,Clustered Body,0,Stable Profit Cluster,Stable Profit Cluster,,,False,False,False,False,0,386.754,0.2602739726027397,6,False,0.5721613428232286,0.5721613428232286,Protect,False,none,0.9207691627110317,cluster_margin,none,none,No Signal,0,No Escalation,Protect,100.662,16.777,0.5721613428232286,0.0,0.003994535222481588
588,FUR-TA-10000688,"Chromcraft Bull-Nose Wood Round Conference Table Top, Wood Base",Clustered Body,1,Stable Loss Cluster,Stable Loss Cluster,,,False,False,False,False,0,3354.89,0.02987012987012987,6,False,6.987398871291124,6.987398871291124,Correct,False,none,0.23523700585248505,cluster_margin,severe,none,Severe Deterioration,1,Reroute Action,Exit / Restructure,100.211,16.701833333333333,6.987398871291124,0.5,0.00397663834595083
589,TEC-PH-10001918,Nortel Business Series Terminal T7208 Digital phone,Clustered Body,0,Stable Profit Cluster,Stable Profit Cluster,,,False,False,False,False,0,1000.7280000000001,0.09999999999999999,3,False,0.33082096373047887,0.33082096373047887,Protect,False,none,0.8910595018421603,cluster_margin,none,none,No Signal,0,No Escalation,Protect,100.0728,33.3576,0.33082096373047887,0.0,0.0039711542032977235
590,FUR-FU-10003623,"DataProducts Ampli Magnifier Task Lamp, Black,",Clustered Body,0,Stable Profit Cluster,Stable Profit Cluster,,,False,False,False,False,0,508.72800000000007,0.1957446808510638,5,False,0.8284282579980942,0.8284282579980942,Protect,False,none,0.9346249197774403,cluster_margin,none,none,No Signal,0,No Escalation,Protect,99.5808,19.916159999999998,0.8284282579980942,0.0,0.0039516303379914415
591,TEC-AC-10003289,Anker Ultra-Slim Mini Bluetooth 3.0 Wireless Keyboard,Clustered Body,0,Stable Profit Cluster,Stable Profit Cluster,,,False,False,False,False,0,499.75,0.19920000000000002,5,False,1.2871549083947276,1.2871549083947276,Protect,False,none,0.9002274199614272,cluster_margin,moderate,none,Moderate Deterioration,1,Intensify Action,Protect (Tight Control),99.5502,19.910040000000002,1.2871549083947276,0.0,0.003950416048807759
592,FUR-FU-10002501,Nu-Dell Executive Frame,Clustered Body,0,Stable Profit Cluster,Stable Profit Cluster,,,False,False,False,False,0,409.536,0.2416666666666667,6,False,1.1026864729835923,1.1026864729835923,Protect,False,none,0.7149689060109212,cluster_margin,moderate,none,Moderate Deterioration,1,Intensify Action,Protect (Tight Control),98.97120000000001,16.4952,1.1026864729835923,0.16666666666666666,0.003927439792685122
593,OFF-BI-10002225,"Square Ring Data Binders, Rigid 75 Pt. Covers, 11"" x 14-7/8""",Clustered Body,0,Stable Profit Cluster,Stable Profit Cluster,,,False,False,False,False,0,334.368,0.2938271604938271,7,False,1.1104305704198552,1.1104305704198552,Protect,False,none,0.7642909377805022,cluster_margin,moderate,none,Moderate Deterioration,1,Intensify Action,Protect (Tight Control),98.2464,14.0352,1.1104305704198552,0.14285714285714285,0.0038986778057461115
594,OFF-PA-10004156,Xerox 188,Clustered Body,0,Stable Profit Cluster,Stable Profit Cluster,,,False,False,False,False,0,213.192,0.4574468085106383,8,False,0.4713632204148533,0.4713632204148533,Protect,False,none,0.8955982632651679,cluster_margin,none,none,No Signal,0,No Escalation,Protect,97.524,12.1905,0.4713632204148533,0.0,0.0038700110571744492
595,FUR-FU-10002813,"DAX Contemporary Wood Frame with Silver Metal Mat, Desktop, 11 x 14 Size",Clustered Body,0,Stable Profit Cluster,Stable Profit Cluster,,,False,False,False,False,0,291.45599999999996,0.33333333333333337,5,False,0.4616877906850482,0.4616877906850482,Protect,False,none,0.9199668940823504,cluster_margin,none,none,No Signal,0,No Escalation,Protect,97.152,19.4304,0.4616877906850482,0.0,0.003855249110235553
596,OFF-PA-10004100,Xerox 216,Clustered Body,0,Stable Profit Cluster,Stable Profit Cluster,,,False,False,False,False,0,238.464,0.40652173913043477,8,False,0.48698513758403805,0.48698513758403805,Protect,False,none,0.8959772547867116,cluster_margin,none,none,No Signal,0,No Escalation,Protect,96.9408,12.1176,0.48698513758403805,0.0,0.003846868133908954
597,FUR-TA-10004147,Hon 4060 Series Tables,Clustered Body,0,Stable Profit Cluster,Stable Profit Cluster,,,False,False,False,False,0,1231.56,0.07818181818181819,4,False,2.1184197916277667,2.1184197916277667,Protect,False,none,0.37251546517912637,cluster_margin,severe,none,Severe Deterioration,1,Reroute Action,Reroute to Contain / Correct,96.2856,24.0714,2.1184197916277667,0.25,0.0038208680596230277
598,OFF-PA-10000575,"Wirebound Message Books, Four 2 3/4 x 5 White Forms per Page",Clustered Body,0,Stable Profit Cluster,Stable Profit Cluster,,,False,False,False,False,0,218.094,0.4368098159509203,7,False,0.7991338729701203,0.7991338729701203,Protect,False,none,0.910594824694992,cluster_margin,none,none,No Signal,0,No Escalation,Protect,95.2656,13.60937142857143,0.7991338729701203,0.0,0.0037803917535002484
599,TEC-PH-10001552,I Need's 3d Hello Kitty Hybrid Silicone Case Cover for HTC One X 4g with 3d Hello Kitty Stylus Pen Green/pink,Clustered Body,0,Stable Profit Cluster,Stable Profit Cluster,,,False,False,False,False,0,542.984,0.17533039647577092,10,False,1.1349940924535034,1.1349940924535034,Protect,False,none,0.8268181271661619,cluster_margin,moderate,none,Moderate Deterioration,1,Intensify Action,Protect (Tight Control),95.2016,9.52016,1.1349940924535034,0.1,0.003777852063704309
600,TEC-PH-10004093,Panasonic Kx-TS550,Clustered Body,0,Stable Profit Cluster,Stable Profit Cluster,,,False,False,False,False,0,846.216,0.11249999999999999,7,False,2.3618761290311174,2.3618761290311174,Protect,False,none,0.14704609816121234,cluster_margin,severe,none,Severe Deterioration,1,Reroute Action,Reroute to Contain / Correct,95.1993,13.5999,2.3618761290311174,0.2857142857142857,0.003777760793602267
601,FUR-FU-10000397,Luxo Economy Swing Arm Lamp,Clustered Body,0,Stable Profit Cluster,Stable Profit Cluster,,,False,False,False,False,0,338.98,0.27999999999999997,5,False,0.6358933917544118,0.6358933917544118,Protect,False,none,0.9285839913062891,cluster_margin,none,none,No Signal,0,No Escalation,Protect,94.9144,18.98288,0.6358933917544118,0.0,0.0037664552057450323
602,FUR-FU-10000521,"Seth Thomas 14"" Putty-Colored Wall Clock",Clustered Body,0,Stable Profit Cluster,Stable Profit Cluster,,,False,False,False,False,0,357.948,0.2647540983606557,4,False,0.43162808835446753,0.43162808835446753,Protect,False,none,0.9202355138610394,cluster_margin,none,none,No Signal,0,No Escalation,Protect,94.7682,23.69205,0.43162808835446753,0.0,0.0037606536018674336
603,TEC-PH-10003963,GE 2-Jack Phone Line Splitter,Clustered Body,1,Stable Loss Cluster,Stable Loss Cluster,,,False,False,False,False,0,1771.5140000000001,0.053488372093023255,3,False,4.361912189209921,4.361912189209921,Correct,False,none,0.18000357527694752,cluster_margin,severe,none,Severe Deterioration,1,Reroute Action,Exit / Restructure,94.75540000000001,31.585133333333335,4.361912189209921,0.3333333333333333,0.0037601456639082464
604,OFF-ST-10002406,Pizazz Global Quick File,Clustered Body,0,Stable Profit Cluster,Stable Profit Cluster,,,False,False,False,False,0,353.29200000000003,0.2677966101694915,6,False,0.8389386794553026,0.8389386794553026,Protect,False,none,0.9195256937192723,cluster_margin,none,none,No Signal,0,No Escalation,Protect,94.6104,15.7684,0.8389386794553026,0.0,0.0037543916792143217
605,OFF-PA-10004911,"Rediform S.O.S. 1-Up Phone Message Bk, 4-1/4x3-1/16 Bk, 1 Form/Pg, 40 Messages/Bk, 3/Pk",Clustered Body,0,Stable Profit Cluster,Stable Profit Cluster,,,False,False,False,False,0,196.98000000000002,0.4799999999999999,5,False,0.5357633156133665,0.5357633156133665,Protect,False,none,0.9231654568433714,cluster_margin,none,none,No Signal,0,No Escalation,Protect,94.5504,18.91008,0.5357633156133665,0.0,0.0037520107200306285
606,FUR-FU-10000087,"Executive Impressions 14"" Two-Color Numerals Wall Clock",Clustered Body,0,Stable Profit Cluster,Stable Profit Cluster,,,False,False,False,False,0,308.99199999999996,0.30588235294117655,6,False,0.5113806405682624,0.5113806405682624,Protect,False,none,0.9120309828027823,cluster_margin,none,none,No Signal,0,No Escalation,Protect,94.51520000000001,15.752533333333334,0.5113806405682624,0.0,0.0037506138906428623
607,OFF-AR-10000588,Newell 345,Clustered Body,0,Stable Profit Cluster,Stable Profit Cluster,,,False,False,False,False,0,476.16,0.19833333333333333,9,False,0.49679571971479036,0.49679571971479036,Protect,False,none,0.8878802718878004,cluster_margin,none,none,No Signal,0,No Escalation,Protect,94.4384,10.493155555555555,0.49679571971479036,0.0,0.0037475662628877354
608,OFF-PA-10000501,Petty Cash Envelope,Clustered Body,0,Stable Profit Cluster,Stable Profit Cluster,,,False,False,False,False,0,231.856,0.4069767441860465,3,False,0.2551355767187884,0.2551355767187884,Protect,False,none,0.8901649902745218,cluster_margin,none,none,No Signal,0,No Escalation,Protect,94.36,31.453333333333333,0.2551355767187884,0.0,0.0037444551428877097
609,OFF-PA-10004665,Advantus Motivational Note Cards,Clustered Body,0,Stable Profit Cluster,Stable Profit Cluster,,,False,False,False,False,0,227.94,0.41379310344827586,5,False,0.6324120658961325,0.6324120658961325,Protect,False,none,0.9279138644089484,cluster_margin,none,none,No Signal,0,No Escalation,Protect,94.32,18.863999999999997,0.6324120658961325,0.0,0.003742867836765248
610,OFF-PA-10002558,Xerox 1938,Clustered Body,0,Stable Profit Cluster,Stable Profit Cluster,,,False,False,False,False,0,268.24,0.35,1,True,,0.0,Protect,False,none,0.606629094863426,cluster_margin,none,none,No Signal,0,No Escalation,Protect,93.884,93.884,0.0,0.0,0.003725566200030413
611,FUR-FU-10004090,"Executive Impressions 14"" Contract Wall Clock",Clustered Body,0,Stable Profit Cluster,Stable Profit Cluster,,,False,False,False,False,0,346.788,0.26987179487179486,7,False,0.3962961406979343,0.3962961406979343,Protect,False,none,0.894928865841947,cluster_margin,none,none,No Signal,0,No Escalation,Protect,93.58829999999999,13.369757142857141,0.3962961406979343,0.0,0.0037138320395201127
612,OFF-AR-10001615,Newell 34,Clustered Body,0,Stable Profit Cluster,Stable Profit Cluster,,,False,False,False,False,0,460.288,0.20258620689655168,7,False,0.4426262976548334,0.4426262976548334,Protect,False,none,0.8977187020513672,cluster_margin,none,none,No Signal,0,No Escalation,Protect,93.24799999999999,13.321142857142856,0.4426262976548334,0.0,0.0037003280326832677
613,OFF-ST-10000464,"Multi-Use Personal File Cart and Caster Set, Three Stacking Bins",Clustered Body,0,Stable Profit Cluster,Stable Profit Cluster,,,False,False,False,False,0,368.456,0.2528301886792452,5,False,0.6819830182492906,0.6819830182492906,Protect,False,none,0.9284353526023502,cluster_margin,none,none,No Signal,0,No Escalation,Protect,93.15679999999999,18.631359999999997,0.6819830182492906,0.0,0.0036967089747240544
614,OFF-PA-10003465,Xerox 1912,Clustered Body,0,Stable Profit Cluster,Stable Profit Cluster,,,False,False,False,False,0,201.082,0.46037735849056605,4,False,0.655894255424315,0.655894255424315,Protect,False,none,0.9334690443513116,cluster_margin,none,none,No Signal,0,No Escalation,Protect,92.5736,23.1434,0.655894255424315,0.0,0.0036735660514585597
615,OFF-AR-10004648,Boston 19500 Mighty Mite Electric Pencil Sharpener,Clustered Body,0,Stable Profit Cluster,Stable Profit Cluster,,,False,False,False,False,0,342.55,0.27,4,False,0.7451448230661193,0.7451448230661193,Protect,False,none,0.935437262996729,cluster_margin,none,none,No Signal,0,No Escalation,Protect,92.4885,23.122125,0.7451448230661193,0.0,0.003670189057683022
616,OFF-AR-10001897,Model L Table or Wall-Mount Pencil Sharpener,Clustered Body,0,Stable Profit Cluster,Stable Profit Cluster,,,False,False,False,False,0,402.976,0.22857142857142856,5,False,0.7374743646952526,0.7374743646952526,Protect,False,none,0.9283598952239559,cluster_margin,none,none,No Signal,0,No Escalation,Protect,92.1088,18.42176,0.7374743646952526,0.0,0.003655121554315552
617,OFF-PA-10001281,Computer Printout Paper with Letter-Trim Fine Perforations,Clustered Body,0,Stable Profit Cluster,Stable Profit Cluster,,,False,False,False,False,0,191.6,0.48000000000000004,1,True,,0.0,Protect,False,none,0.6139241802948289,cluster_margin,none,none,No Signal,0,No Escalation,Protect,91.968,91.968,0.0,0.0,0.0036495342367644863
618,TEC-AC-10001956,Microsoft Arc Touch Mouse,Clustered Body,0,Stable Profit Cluster,Stable Profit Cluster,,,False,False,False,False,0,359.70000000000005,0.2533333333333333,2,False,0.0740207301684764,0.0740207301684764,Protect,False,none,0.8211292022308161,cluster_margin,none,none,No Signal,0,No Escalation,Protect,91.124,45.562,0.0740207301684764,0.0,0.003616042077580539
619,FUR-FU-10002759,12-1/2 Diameter Round Wall Clock,Clustered Body,1,Stable Loss Cluster,Stable Loss Cluster,,,False,False,False,False,0,551.448,0.16521739130434782,8,False,2.657665340956331,2.657665340956331,Correct,False,none,0.3124229219786828,cluster_margin,severe,none,Severe Deterioration,1,Reroute Action,Exit / Restructure,91.10879999999999,11.388599999999999,2.657665340956331,0.375,0.003615438901254003
620,TEC-AC-10000171,"Verbatim 25 GB 6x Blu-ray Single Layer Recordable Disc, 25/Pack",Clustered Body,0,Stable Profit Cluster,Stable Profit Cluster,,,False,False,False,False,0,248.29199999999997,0.36666666666666675,5,False,0.7105527288853001,0.7105527288853001,Protect,False,none,0.9268717809847035,cluster_margin,none,none,No Signal,0,No Escalation,Protect,91.0404,18.208080000000002,0.7105527288853001,0.0,0.003612724607784594
621,TEC-PH-10003174,RCA ViSYS 25825 Wireless digital phone,Clustered Body,0,Stable Profit Cluster,Stable Profit Cluster,,,False,False,False,False,0,727.944,0.125,2,False,0.20091181110818288,0.20091181110818288,Protect,False,none,0.8286174348115402,cluster_margin,none,none,No Signal,0,No Escalation,Protect,90.993,45.4965,0.20091181110818288,0.0,0.0036108436500294763
622,OFF-AP-10002472,3M Office Air Cleaner,Clustered Body,0,Stable Profit Cluster,Stable Profit Cluster,,,False,False,False,False,0,259.8,0.35000000000000003,2,False,0.28127545645311813,0.28127545645311813,Protect,False,none,0.8327186625188151,cluster_margin,none,none,No Signal,0,No Escalation,Protect,90.93,45.465,0.28127545645311813,0.0,0.003608343642886599
623,OFF-BI-10003007,"Premium Transparent Presentation Covers, No Pattern/Clear, 8 1/2"" x 11""",Clustered Body,1,Stable Loss Cluster,Stable Loss Cluster,,,False,False,False,False,0,698.04,0.12999999999999998,7,False,3.7050054693924674,3.7050054693924674,Correct,False,watch,0.06999715854847928,cluster_margin,severe,none,Severe Deterioration,2,Reroute Action,Exit / Restructure,90.74519999999998,12.963599999999998,3.7050054693924674,0.2857142857142857,0.0036010102886008238
624,OFF-ST-10004507,Advantus Rolling Storage Box,Clustered Body,0,Stable Profit Cluster,Stable Profit Cluster,,,False,False,False,False,0,428.75,0.2116,10,False,0.6803750219346522,0.6803750219346522,Protect,False,none,0.884747473896771,cluster_margin,none,none,No Signal,0,No Escalation,Protect,90.7235,9.07235,0.6803750219346522,0.0,0.003600149175029389
625,OFF-ST-10003638,Mobile Personal File Cube,Clustered Body,0,Stable Profit Cluster,Stable Profit Cluster,,,False,False,False,False,0,449.664,0.2015625,5,False,0.2640050038899872,0.2640050038899872,Protect,False,none,0.8977307872613227,cluster_margin,none,none,No Signal,0,No Escalation,Protect,90.6354,18.12708,0.2640050038899872,0.0,0.0035966531332946665
626,OFF-PA-10001972,Xerox 214,Clustered Body,0,Stable Profit Cluster,Stable Profit Cluster,,,False,False,False,False,0,215.136,0.42048192771084336,9,False,0.5014701156592573,0.5014701156592573,Protect,False,none,0.8846221850622942,cluster_margin,none,none,No Signal,0,No Escalation,Protect,90.46079999999999,10.0512,0.5014701156592573,0.0,0.00358972454207012
627,OFF-BI-10002498,Clear Mylar Reinforcing Strips,Clustered Body,1,Stable Loss Cluster,Stable Loss Cluster,,,False,False,False,False,0,377.538,0.23910891089108907,7,False,1.7825016686255373,1.7825016686255373,Correct,False,none,0.37809077735988744,cluster_margin,moderate,none,Moderate Deterioration,1,Intensify Action,Correct — Accelerated,90.27269999999999,12.896099999999999,1.7825016686255373,0.42857142857142855,0.0035822602350292425
628,OFF-BI-10004308,Avery Legal 4-Ring Binder,Clustered Body,0,Stable Profit Cluster,Stable Profit Cluster,,,False,False,False,False,0,258.054,0.34959349593495936,4,False,0.8137345318721858,0.8137345318721858,Protect,False,none,0.49862559505680987,cluster_margin,none,none,No Signal,0,No Escalation,Protect,90.214,22.5535,0.8137345318721858,0.25,0.00357993086329453
629,OFF-PA-10003797,Xerox 209,Clustered Body,0,Stable Profit Cluster,Stable Profit Cluster,,,False,False,False,False,0,187.92000000000002,0.48,5,False,0.44010195431295906,0.44010195431295906,Protect,False,none,0.9126811563687351,cluster_margin,none,none,No Signal,0,No Escalation,Protect,90.2016,18.04032,0.44010195431295906,0.0,0.0035794387983965666
630,FUR-BO-10002213,DMI Eclipse Executive Suite Bookcases,Clustered Body,1,Stable Loss Cluster,Stable Loss Cluster,,,False,False,False,False,0,11046.609,0.008163265306122451,6,False,4.897411141493966,4.897411141493966,Correct,False,none,0.6100817993473934,cluster_margin,severe,none,Severe Deterioration,1,Reroute Action,Exit / Restructure,90.17640000000003,15.029400000000004,4.897411141493966,0.6666666666666666,0.003578438795539417
631,TEC-AC-10001874,Logitech Wireless Anywhere Mouse MX for PC and Mac,Clustered Body,0,Stable Profit Cluster,Stable Profit Cluster,,,False,False,False,False,0,551.908,0.16304347826086957,3,False,0.5247186379779049,0.5247186379779049,Protect,False,none,0.9128531661294953,cluster_margin,none,none,No Signal,0,No Escalation,Protect,89.985,29.995,0.5247186379779049,0.0,0.0035708435357434355
632,OFF-AP-10002191,Belkin 8 Outlet SurgeMaster II Gold Surge Protector,Clustered Body,0,Stable Profit Cluster,Stable Profit Cluster,,,False,False,False,False,0,737.754,0.12195121951219512,5,False,2.608191727692058,2.608191727692058,Protect,False,none,0.4358516847459783,cluster_margin,severe,none,Severe Deterioration,1,Reroute Action,Reroute to Contain / Correct,89.97,17.994,2.608191727692058,0.2,0.0035702482959475124
633,TEC-PH-10000586,AT&T SB67148 SynJ,Clustered Body,0,Stable Profit Cluster,Stable Profit Cluster,,,False,False,False,False,0,475.128,0.1888888888888889,3,False,1.1871001988195968,1.1871001988195968,Protect,False,none,0.8996892450752567,cluster_margin,moderate,none,Moderate Deterioration,1,Intensify Action,Protect (Tight Control),89.74640000000001,29.91546666666667,1.1871001988195968,0.0,0.0035613752547229505
634,OFF-PA-10000740,Xerox 1982,Clustered Body,0,Stable Profit Cluster,Stable Profit Cluster,,,False,False,False,False,0,237.536,0.3769230769230769,3,False,0.508231588467861,0.508231588467861,Protect,False,none,0.9122343912909291,cluster_margin,none,none,No Signal,0,No Escalation,Protect,89.5328,29.844266666666666,0.508231588467861,0.0,0.003552899040029003
635,OFF-EN-10001539,Staple envelope,Clustered Body,0,Stable Profit Cluster,Stable Profit Cluster,,,False,False,False,False,0,196.056,0.4531746031746032,7,False,0.5985003704263325,0.5985003704263325,Protect,False,none,0.900965994868356,cluster_margin,none,none,No Signal,0,No Escalation,Protect,88.8476,12.692514285714285,0.5985003704263325,0.0,0.00352570848615123
636,OFF-PA-10000019,Xerox 1931,Clustered Body,0,Stable Profit Cluster,Stable Profit Cluster,,,False,False,False,False,0,209.952,0.4222222222222222,8,False,0.4388308530109501,0.4388308530109501,Protect,False,none,0.8858423659246994,cluster_margin,none,none,No Signal,0,No Escalation,Protect,88.6464,11.0808,0.4388308530109501,0.0,0.003517724336355247
637,FUR-FU-10004270,"Executive Impressions 13"" Clairmont Wall Clock",Clustered Body,0,Stable Profit Cluster,Stable Profit Cluster,,,False,False,False,False,0,315.372,0.28048780487804875,8,False,1.2930299370302174,1.2930299370302174,Protect,False,none,0.4252539793106512,cluster_margin,moderate,none,Moderate Deterioration,1,Intensify Action,Protect (Tight Control),88.458,11.05725,1.2930299370302174,0.25,0.0035102481245184508
638,TEC-AC-10004761,Maxell 4.7GB DVD+RW 3/Pack,Clustered Body,0,Stable Profit Cluster,Stable Profit Cluster,,,False,False,False,False,0,264.438,0.33433734939759036,4,False,1.177466984092935,1.177466984092935,Protect,False,none,0.9104695718143171,cluster_margin,moderate,none,Moderate Deterioration,1,Intensify Action,Protect (Tight Control),88.41149999999999,22.102874999999997,1.177466984092935,0.0,0.0035084028811510886
639,FUR-FU-10000023,Eldon Wave Desk Accessories,Clustered Body,0,Stable Profit Cluster,Stable Profit Cluster,,,False,False,False,False,0,236.778,0.3731343283582089,9,False,1.1652406000469435,1.1652406000469435,Protect,False,none,0.5262832898453103,cluster_margin,moderate,none,Moderate Deterioration,1,Intensify Action,Protect (Tight Control),88.35,9.816666666666666,1.1652406000469435,0.2222222222222222,0.0035059623979878034
640,TEC-PH-10000193,Jensen SMPS-640 - speaker phone,Clustered Body,0,Stable Profit Cluster,Stable Profit Cluster,,,False,False,False,False,0,496.584,0.1777777777777778,4,False,0.7134981374191552,0.7134981374191552,Protect,False,none,0.9324449786603881,cluster_margin,none,none,No Signal,0,No Escalation,Protect,88.28160000000001,22.070400000000003,0.7134981374191552,0.0,0.0035032481045183944
641,OFF-BI-10001510,Deluxe Heavy-Duty Vinyl Round Ring Binder,Clustered Body,0,Stable Profit Cluster,Stable Profit Cluster,,,False,False,False,False,0,504.24,0.17500000000000002,7,False,2.676514317634161,2.676514317634161,Protect,False,watch,0.08014190639637266,cluster_margin,severe,none,Severe Deterioration,2,Reroute Action,Reroute to Contain / Correct,88.242,12.606,2.676514317634161,0.2857142857142857,0.003501676671457157
642,OFF-EN-10003040,Quality Park Security Envelopes,Clustered Body,0,Stable Profit Cluster,Stable Profit Cluster,,,False,False,False,False,0,240.764,0.36630434782608695,4,False,0.5229805614513301,0.5229805614513301,Protect,False,none,0.9240988121102159,cluster_margin,none,none,No Signal,0,No Escalation,Protect,88.19290000000001,22.048225000000002,0.5229805614513301,0.0,0.003499728253191835
643,FUR-FU-10000672,"Executive Impressions 10"" Spectator Wall Clock",Clustered Body,0,Stable Profit Cluster,Stable Profit Cluster,,,False,False,False,False,0,258.72,0.33999999999999997,5,False,0.3397834561957154,0.3397834561957154,Protect,False,none,0.9024290340387872,cluster_margin,none,none,No Signal,0,No Escalation,Protect,87.9648,17.592959999999998,0.3397834561957154,0.0,0.0034906766400284953
644,OFF-PA-10003724,"Wirebound Message Book, 4 per Page",Clustered Body,0,Stable Profit Cluster,Stable Profit Cluster,,,False,False,False,False,0,184.62,0.47500000000000003,7,False,0.5861622567996599,0.5861622567996599,Protect,False,none,0.8992621783324571,cluster_margin,none,none,No Signal,0,No Escalation,Protect,87.6945,12.527785714285715,0.5861622567996599,0.0,0.003479950418905959
645,OFF-AP-10004785,"Holmes Replacement Filter for HEPA Air Cleaner, Medium Room",Clustered Body,0,Stable Profit Cluster,Stable Profit Cluster,,,False,False,False,False,0,203.94,0.43,4,False,0.5812285704515008,0.5812285704515008,Protect,False,none,0.9272230121931054,cluster_margin,none,none,No Signal,0,No Escalation,Protect,87.6942,21.92355,0.5812285704515008,0.0,0.0034799385141100403
646,TEC-PH-10004912,Cisco SPA112 2 Port Phone Adapter,Clustered Body,0,Stable Profit Cluster,Stable Profit Cluster,,,False,False,False,False,0,516.53,0.16914893617021276,3,False,0.5759263470182673,0.5759263470182673,Protect,False,none,0.9170227665977264,cluster_margin,none,none,No Signal,0,No Escalation,Protect,87.37049999999999,29.123499999999996,0.5759263470182673,0.0,0.0034670932393140166
647,OFF-BI-10002026,Avery Arch Ring Binders,Clustered Body,3,Risk-Oriented Profit Cluster,Risk-Oriented Profit Cluster,,,False,False,False,False,0,1318.87,0.06607929515418505,10,False,9.29116142261446,9.29116142261446,Contain,False,none,0.4526976381946438,cluster_margin,severe,none,Severe Deterioration,1,Reroute Action,Reroute to Correct,87.15000000000003,8.715000000000003,9.29116142261446,0.4,0.0034583432143139472
648,OFF-AP-10002998,Holmes 99% HEPA Air Purifier,Clustered Body,0,Stable Profit Cluster,Stable Profit Cluster,,,False,False,False,False,0,333.564,0.2603896103896104,4,False,0.886978051973798,0.886978051973798,Protect,False,none,0.9298053283069055,cluster_margin,none,none,No Signal,0,No Escalation,Protect,86.8566,21.71415,0.886978051973798,0.0,0.0034467003239056875
649,OFF-EN-10000461,"#10- 4 1/8"" x 9 1/2"" Recycled Envelopes",Clustered Body,0,Stable Profit Cluster,Stable Profit Cluster,,,False,False,False,False,0,211.508,0.40867768595041315,8,False,0.5134333755262899,0.5134333755262899,Protect,False,none,0.8874338234536504,cluster_margin,none,none,No Signal,0,No Escalation,Protect,86.4386,10.804825,0.5134333755262899,0.0,0.0034301129749259598
650,OFF-SU-10001218,Fiskars Softgrip Scissors,Clustered Body,0,Stable Profit Cluster,Stable Profit Cluster,,,False,False,False,False,0,307.44,0.28,7,False,0.40000816549108237,0.40000816549108237,Protect,False,none,0.8879682621501422,cluster_margin,none,none,No Signal,0,No Escalation,Protect,86.0832,12.297600000000001,0.40000816549108237,0.0,0.003416009760027886
651,OFF-PA-10000249,Easy-staple paper,Clustered Body,0,Stable Profit Cluster,Stable Profit Cluster,,,False,False,False,False,0,196.48,0.436875,6,False,0.48309694758082805,0.48309694758082805,Protect,False,none,0.9013244335192798,cluster_margin,none,none,No Signal,0,No Escalation,Protect,85.8372,14.306199999999999,0.48309694758082805,0.0,0.003406247827374745
652,OFF-ST-10000615,"SimpliFile Personal File, Black Granite, 15w x 6-15/16d x 11-1/4h",Clustered Body,0,Stable Profit Cluster,Stable Profit Cluster,,,False,False,False,False,0,347.31,0.24705882352941175,8,False,0.8278946449150033,0.8278946449150033,Protect,False,none,0.8918574242009698,cluster_margin,none,none,No Signal,0,No Escalation,Protect,85.806,10.72575,0.8278946449150033,0.0,0.0034050097285992244
653,OFF-PA-10002005,Xerox 225,Clustered Body,0,Stable Profit Cluster,Stable Profit Cluster,,,False,False,False,False,0,196.99200000000002,0.4355263157894737,9,False,0.48798716933182434,0.48798716933182434,Protect,False,none,0.8796308828155146,cluster_margin,none,none,No Signal,0,No Escalation,Protect,85.79520000000001,9.532800000000002,0.48798716933182434,0.0,0.0034045811559461603
654,OFF-FA-10003495,Staples,Clustered Body,0,Stable Profit Cluster,Stable Profit Cluster,,,False,False,False,False,0,192.128,0.4462025316455696,7,False,0.5181308660771301,0.5181308660771301,Protect,False,none,0.8942436409213416,cluster_margin,none,none,No Signal,0,No Escalation,Protect,85.728,12.246857142857142,0.5181308660771301,0.0,0.0034019144816604236
655,OFF-BI-10002794,"Avery Trapezoid Ring Binder, 3"" Capacity, Black, 1040 sheets",Clustered Body,1,Stable Loss Cluster,Stable Loss Cluster,,,False,False,False,False,0,545.034,0.15639097744360902,7,False,3.9555490258583954,3.9555490258583954,Correct,False,none,0.6615494618158582,cluster_margin,severe,none,Severe Deterioration,1,Reroute Action,Exit / Restructure,85.2384,12.176914285714286,3.9555490258583954,0.5714285714285714,0.0033824858547214895
656,OFF-BI-10001460,Plastic Binding Combs,Clustered Body,0,Stable Profit Cluster,Stable Profit Cluster,,,False,False,False,False,0,269.66999999999996,0.31516853932584277,5,False,1.3188086545450468,1.3188086545450468,Protect,False,none,0.604474426432774,cluster_margin,moderate,none,Moderate Deterioration,1,Intensify Action,Protect (Tight Control),84.9915,16.9983,1.3188086545450468,0.2,0.0033726882076805936
657,FUR-FU-10004053,DAX Two-Tone Silver Metal Document Frame,Clustered Body,0,Stable Profit Cluster,Stable Profit Cluster,,,False,False,False,False,0,234.784,0.36120689655172417,6,False,1.0507494228157224,1.0507494228157224,Protect,False,none,0.7062385658204466,cluster_margin,moderate,none,Moderate Deterioration,1,Intensify Action,Protect (Tight Control),84.8056,14.134266666666667,1.0507494228157224,0.16666666666666666,0.0033653112024764516
658,TEC-AC-10003063,Micro Innovations USB RF Wireless Keyboard with Mouse,Clustered Body,0,Stable Profit Cluster,Stable Profit Cluster,,,False,False,False,False,0,440.0,0.19204545454545455,6,False,0.5866641907199484,0.5866641907199484,Protect,False,none,0.9047752770155354,cluster_margin,none,none,No Signal,0,No Escalation,Protect,84.5,14.083333333333334,0.5866641907199484,0.0,0.0033531841837008422
659,TEC-PH-10000560,Samsung Galaxy S III - 16GB - pebble blue (T-Mobile),Clustered Body,3,Risk-Oriented Profit Cluster,Risk-Oriented Profit Cluster,,,False,False,False,False,0,7139.796,0.011764705882352946,6,False,17.636362422730137,17.636362422730137,Contain,False,none,0.678856991223102,cluster_margin,severe,none,Severe Deterioration,1,Reroute Action,Reroute to Correct,83.99760000000003,13.999600000000006,17.636362422730137,0.3333333333333333,0.003333247618802722
660,TEC-PH-10004896,Nokia Lumia 521 (T-Mobile),Clustered Body,0,Stable Profit Cluster,Stable Profit Cluster,,,False,False,False,False,0,515.828,0.1627906976744186,5,False,1.241935220933476,1.241935220933476,Protect,False,none,0.6098511809395292,cluster_margin,moderate,none,Moderate Deterioration,1,Intensify Action,Protect (Tight Control),83.972,16.7944,1.241935220933476,0.2,0.0033322317428843445
661,TEC-PH-10004667,Cisco 8x8 Inc. 6753i IP Business Phone System,Clustered Body,0,Stable Profit Cluster,Stable Profit Cluster,,,False,False,False,False,0,2645.804,0.03163265306122448,6,False,6.059164815369149,6.059164815369149,Protect,False,high,0.04250984621502027,cluster_margin,severe,none,High Classification Instability,2,Reassess Classification,Reassess Classification,83.69379999999998,13.948966666666664,6.059164815369149,0.16666666666666666,0.0033211920288026215
662,OFF-AP-10002670,Belkin 8-Outlet Premiere SurgeMaster II Surge Protectors,Clustered Body,0,Stable Profit Cluster,Stable Profit Cluster,,,False,False,False,False,0,277.92,0.3,2,False,0.702835795496893,0.702835795496893,Protect,False,none,0.8615006640589336,cluster_margin,none,none,No Signal,0,No Escalation,Protect,83.376,41.688,0.702835795496893,0.0,0.003308580881659662
663,OFF-PA-10002764,Easy-staple paper,Clustered Body,0,Stable Profit Cluster,Stable Profit Cluster,,,False,False,False,False,0,170.10000000000002,0.48999999999999994,3,False,0.19819285022169578,0.19819285022169578,Protect,False,none,0.8896748401120117,cluster_margin,none,none,No Signal,0,No Escalation,Protect,83.349,27.783,0.19819285022169578,0.0,0.003307509450027
664,OFF-EN-10003862,Laser & Ink Jet Business Envelopes,Clustered Body,0,Stable Profit Cluster,Stable Profit Cluster,,,False,False,False,False,0,198.462,0.41935483870967744,5,False,0.5652494926153877,0.5652494926153877,Protect,False,none,0.9128748652448516,cluster_margin,none,none,No Signal,0,No Escalation,Protect,83.226,16.6452,0.5652494926153877,0.0,0.0033026284837004297
665,OFF-PA-10002245,Xerox 1895,Clustered Body,0,Stable Profit Cluster,Stable Profit Cluster,,,False,False,False,False,0,191.36,0.4328125,7,False,0.6211358096526971,0.6211358096526971,Protect,False,none,0.894726701817374,cluster_margin,none,none,No Signal,0,No Escalation,Protect,82.82300000000001,11.831857142857144,0.6211358096526971,0.0,0.003286636374516626
666,OFF-PA-10003172,Xerox 1996,Clustered Body,0,Stable Profit Cluster,Stable Profit Cluster,,,False,False,False,False,0,176.256,0.4647058823529412,8,False,0.45878323165312634,0.45878323165312634,Protect,False,none,0.8800650314028089,cluster_margin,none,none,No Signal,0,No Escalation,Protect,81.9072,10.2384,0.45878323165312634,0.0,0.00325029500084286
667,FUR-FU-10001986,"Dana Fluorescent Magnifying Lamp, White, 36""",Clustered Body,0,Stable Profit Cluster,Stable Profit Cluster,,,False,False,False,False,0,581.172,0.14035087719298245,4,False,2.1241925338746133,2.1241925338746133,Protect,False,none,0.3502888933533448,cluster_margin,severe,none,Severe Deterioration,1,Reroute Action,Reroute to Contain / Correct,81.568,20.392,2.1241925338746133,0.25,0.003236834644924382
668,OFF-AP-10001492,"Acco Six-Outlet Power Strip, 4' Cord Length",Clustered Body,0,Stable Profit Cluster,Stable Profit Cluster,,,False,False,False,False,0,343.076,0.23768844221105526,9,False,0.6469296224202634,0.6469296224202634,Protect,False,none,0.8803653351664026,cluster_margin,none,none,No Signal,0,No Escalation,Protect,81.5452,9.060577777777777,0.6469296224202634,0.0,0.0032359298804345788
669,FUR-FU-10003577,Nu-Dell Leatherette Frames,Clustered Body,0,Stable Profit Cluster,Stable Profit Cluster,,,False,False,False,False,0,246.64800000000002,0.33023255813953484,3,False,0.9436195826643501,0.9436195826643501,Protect,False,none,0.919564645124112,cluster_margin,none,none,No Signal,0,No Escalation,Protect,81.4512,27.1504,0.9436195826643501,0.0,0.0032321997110467933
670,OFF-LA-10002312,Avery 490,Clustered Body,0,Stable Profit Cluster,Stable Profit Cluster,,,False,False,False,False,0,177.6,0.45833333333333337,5,False,0.44308234299594834,0.44308234299594834,Protect,False,none,0.9035422933843407,cluster_margin,none,none,No Signal,0,No Escalation,Protect,81.4,16.28,0.44308234299594834,0.0,0.0032301679592100425
671,OFF-EN-10003567,"Inter-Office Recycled Envelopes, Brown Kraft, Button-String,10"" x 13"" , 100/Box",Clustered Body,0,Stable Profit Cluster,Stable Profit Cluster,,,False,False,False,False,0,197.82,0.4111111111111111,3,False,0.20548467464370904,0.20548467464370904,Protect,False,none,0.8905022967258265,cluster_margin,none,none,No Signal,0,No Escalation,Protect,81.326,27.108666666666664,0.20548467464370904,0.0,0.0032272314428834874
672,FUR-CH-10004698,"Padded Folding Chairs, Black, 4/Carton",Clustered Body,1,Stable Loss Cluster,Stable Loss Cluster,,,False,False,False,False,0,1830.1480000000001,0.04424778761061946,8,False,2.1316915850896243,2.1316915850896243,Correct,False,none,0.5912500169583245,cluster_margin,moderate,none,Moderate Deterioration,1,Intensify Action,Correct — Accelerated,80.97999999999999,10.122499999999999,2.1316915850896243,0.5,0.0032135012449241913
673,OFF-PA-10001950,Southworth 25% Cotton Antique Laid Paper & Envelopes,Clustered Body,0,Stable Profit Cluster,Stable Profit Cluster,,,False,False,False,False,0,200.16,0.4041666666666667,5,False,0.8176389696966765,0.8176389696966765,Protect,False,none,0.9143617897587009,cluster_margin,none,none,No Signal,0,No Escalation,Protect,80.898,16.1796,0.8176389696966765,0.0,0.0032102472673731447
674,OFF-AP-10001242,APC 7 Outlet Network SurgeArrest Surge Protector,Clustered Body,3,Risk-Oriented Profit Cluster,Risk-Oriented Profit Cluster,,,False,False,False,False,0,1207.2,0.06666666666666664,8,False,8.545754572507406,8.545754572507406,Contain,False,none,0.29247425378099345,cluster_margin,severe,none,Severe Deterioration,1,Reroute Action,Reroute to Correct,80.47999999999998,10.059999999999997,8.545754572507406,0.25,0.0031936599183934166
675,OFF-PA-10003022,Standard Line “While You Were Out” Hardbound Telephone Message Book,Clustered Body,0,Stable Profit Cluster,Stable Profit Cluster,,,False,False,False,False,0,211.00799999999998,0.38125000000000003,2,False,0.00767957655959293,0.00767957655959293,Protect,False,none,0.8355382710388696,cluster_margin,none,none,No Signal,0,No Escalation,Protect,80.4468,40.2234,0.00767957655959293,0.0,0.003192342454311774
676,TEC-PH-10001198,Avaya 4621SW VoIP phone,Clustered Body,0,Stable Profit Cluster,Stable Profit Cluster,,,False,False,False,False,0,709.92,0.1125,4,False,0.0,0.0,Protect,False,none,0.8689056701992669,cluster_margin,none,none,No Signal,0,No Escalation,Protect,79.866,19.9665,0.0,0.0,0.003169294769413627
677,OFF-PA-10001725,Xerox 1892,Clustered Body,0,Stable Profit Cluster,Stable Profit Cluster,,,False,False,False,False,0,178.296,0.4456521739130435,2,False,0.6100854761545949,0.6100854761545949,Protect,False,none,0.8688921925143706,cluster_margin,none,none,No Signal,0,No Escalation,Protect,79.458,39.729,0.6100854761545949,0.0,0.003153104246964515
678,TEC-PH-10000923,"Belkin SportFit Armband For iPhone 5s/5c, Fuchsia",Clustered Body,0,Stable Profit Cluster,Stable Profit Cluster,,,False,False,False,False,0,239.84,0.33062499999999995,5,False,0.8344501696023462,0.8344501696023462,Protect,False,none,0.9118475228445007,cluster_margin,none,none,No Signal,0,No Escalation,Protect,79.29709999999999,15.859419999999997,0.8344501696023462,0.0,0.0031467193080869115
679,OFF-PA-10004101,Xerox 1894,Clustered Body,0,Stable Profit Cluster,Stable Profit Cluster,,,False,False,False,False,0,169.776,0.4641221374045801,5,False,0.808904749231243,0.808904749231243,Protect,False,none,0.9114794381298925,cluster_margin,none,none,No Signal,0,No Escalation,Protect,78.79679999999999,15.759359999999997,0.808904749231243,0.0,0.003126866076760219
680,TEC-AC-10003023,Logitech G105 Gaming Keyboard,Clustered Body,1,Stable Loss Cluster,Stable Loss Cluster,,,False,False,False,False,0,759.936,0.10312500000000001,5,False,1.623467457711052,1.623467457711052,Correct,False,none,0.6045602243444388,cluster_margin,moderate,none,Moderate Deterioration,1,Intensify Action,Correct — Accelerated,78.36840000000001,15.673680000000001,1.623467457711052,0.6,0.003109866028188652
681,FUR-FU-10002671,Electrix 20W Halogen Replacement Bulb for Zoom-In Desk Lamp,Clustered Body,0,Stable Profit Cluster,Stable Profit Cluster,,,False,False,False,False,0,168.84,0.4634920634920635,5,False,0.6631498036336968,0.6631498036336968,Protect,False,none,0.9097245584159802,cluster_margin,none,none,No Signal,0,No Escalation,Protect,78.256,15.6512,0.6631498036336968,0.0,0.0031054056979845338
682,OFF-ST-10000025,Fellowes Stor/Drawer Steel Plus Storage Drawers,Clustered Body,0,Stable Profit Cluster,Stable Profit Cluster,,,False,False,False,False,0,3397.308,0.023033707865168535,8,False,3.7881819697107884,3.7881819697107884,Protect,False,high,0.032338267776161146,cluster_margin,severe,none,High Classification Instability,2,Reassess Classification,Reassess Classification,78.25259999999999,9.781574999999998,3.7881819697107884,0.25,0.0031052707769641244
683,OFF-ST-10001325,Sterilite Officeware Hinged File Box,Clustered Body,0,Stable Profit Cluster,Stable Profit Cluster,,,False,False,False,False,0,345.84000000000003,0.2257575757575757,11,False,0.8080704496664237,0.8080704496664237,Protect,False,none,0.8682346830965552,cluster_margin,none,none,No Signal,0,No Escalation,Protect,78.076,7.097818181818181,0.8080704496664237,0.0,0.0030982628204334547
684,OFF-AR-10002445,SANFORD Major Accent Highlighters,Clustered Body,0,Stable Profit Cluster,Stable Profit Cluster,,,False,False,False,False,0,209.56799999999998,0.37162162162162166,7,False,0.46482456220101165,0.46482456220101165,Protect,False,none,0.8825643230214758,cluster_margin,none,none,No Signal,0,No Escalation,Protect,77.88,11.125714285714285,0.46482456220101165,0.0,0.0030904850204333915
685,OFF-PA-10003848,Xerox 1997,Clustered Body,0,Stable Profit Cluster,Stable Profit Cluster,,,False,False,False,False,0,178.848,0.43478260869565216,8,False,0.31403009405257054,0.31403009405257054,Protect,False,none,0.8671688134170691,cluster_margin,none,none,No Signal,0,No Escalation,Protect,77.76,9.72,0.31403009405257054,0.0,0.003085723102066006
686,OFF-PA-10004996,"Speediset Carbonless Redi-Letter 7"" x 8 1/2""",Clustered Body,0,Stable Profit Cluster,Stable Profit Cluster,,,False,False,False,False,0,181.456,0.4278409090909091,5,False,0.5370329353892961,0.5370329353892961,Protect,False,none,0.9042404818096915,cluster_margin,none,none,No Signal,0,No Escalation,Protect,77.6343,15.52686,0.5370329353892961,0.0,0.003080734992576169
687,OFF-EN-10002592,"Peel & Seel Recycled Catalog Envelopes, Brown",Clustered Body,0,Stable Profit Cluster,Stable Profit Cluster,,,False,False,False,False,0,176.01600000000002,0.44078947368421045,4,False,0.39201836811483765,0.39201836811483765,Protect,False,none,0.9050819870734598,cluster_margin,none,none,No Signal,0,No Escalation,Protect,77.586,19.3965,0.39201836811483765,0.0,0.0030788183204332963
688,OFF-ST-10000876,Eldon Simplefile Box Office,Clustered Body,0,Stable Profit Cluster,Stable Profit Cluster,,,False,False,False,False,0,345.832,0.22302158273381295,8,False,0.7292567519379233,0.7292567519379233,Protect,False,none,0.8821097960261585,cluster_margin,none,none,No Signal,0,No Escalation,Protect,77.128,9.641,0.7292567519379233,0.0,0.0030606436653311075
689,FUR-CH-10002774,"Global Deluxe Stacking Chair, Gray",Clustered Body,0,Stable Profit Cluster,Stable Profit Cluster,,,False,False,False,False,0,764.7,0.10066666666666665,7,False,0.6831502905013982,0.6831502905013982,Protect,False,none,0.7588747723861644,cluster_margin,none,none,No Signal,0,No Escalation,Protect,76.9798,10.997114285714286,0.6831502905013982,0.14285714285714285,0.0030547626961473858
690,OFF-BI-10004236,"XtraLife ClearVue Slant-D Ring Binder, White, 3""",Clustered Body,1,Stable Loss Cluster,Stable Loss Cluster,,,False,False,False,False,0,386.084,0.19923954372623573,10,False,2.5840964590001754,2.5840964590001754,Correct,False,high,0.023417422471409943,cluster_margin,severe,none,High Classification Instability,2,Reassess Classification,Reassess Classification,76.9232,7.69232,2.5840964590001754,0.3,0.003052516657984102
691,TEC-PH-10001644,"BlueLounge Milo Smartphone Stand, White/Metallic",Clustered Body,0,Stable Profit Cluster,Stable Profit Cluster,,,False,False,False,False,0,335.88800000000003,0.22857142857142854,3,False,0.6267529490377414,0.6267529490377414,Protect,False,none,0.9204329548124598,cluster_margin,none,none,No Signal,0,No Escalation,Protect,76.7744,25.591466666666665,0.6267529490377414,0.0,0.003046611879208544
692,OFF-PA-10001870,Xerox 202,Clustered Body,0,Stable Profit Cluster,Stable Profit Cluster,,,False,False,False,False,0,171.072,0.4484848484848485,8,False,0.5275692545508802,0.5275692545508802,Protect,False,none,0.8772909687187255,cluster_margin,none,none,No Signal,0,No Escalation,Protect,76.7232,9.5904,0.5275692545508802,0.0,0.0030445801273717927
693,OFF-AR-10003752,Deluxe Chalkboard Eraser Cleaner,Clustered Body,0,Stable Profit Cluster,Stable Profit Cluster,,,False,False,False,False,0,182.49,0.41898734177215186,5,False,0.5395070470606694,0.5395070470606694,Protect,False,none,0.9027524654721568,cluster_margin,none,none,No Signal,0,No Escalation,Protect,76.461,15.2922,0.5395070470606694,0.0,0.0030341753357390542
694,TEC-PH-10002310,Panasonic KX T7731-B Digital phone,Clustered Body,0,Stable Profit Cluster,Stable Profit Cluster,,,False,False,False,False,0,659.934,0.11515151515151516,3,False,1.3495369221589881,1.3495369221589881,Protect,False,none,0.12763523934976206,cluster_margin,moderate,none,Moderate Deterioration,1,Intensify Action,Protect (Tight Control),75.9924,25.3308,1.3495369221589881,0.3333333333333333,0.003015580044514413
695,OFF-PA-10000919,Xerox 1918,Clustered Body,0,Stable Profit Cluster,Stable Profit Cluster,,,False,False,False,False,0,155.04,0.49000000000000005,1,True,,0.0,Protect,False,none,0.6777823741142482,cluster_margin,none,none,No Signal,0,No Escalation,Protect,75.9696,75.9696,0.0,0.0,0.0030146752800246095
696,OFF-PA-10003651,Xerox 1968,Clustered Body,0,Stable Profit Cluster,Stable Profit Cluster,,,False,False,False,False,0,165.664,0.45483870967741946,5,False,0.6971242711138653,0.6971242711138653,Protect,False,none,0.9061288971577434,cluster_margin,none,none,No Signal,0,No Escalation,Protect,75.35040000000001,15.07008,0.6971242711138653,0.0,0.002990103781248899
697,FUR-FU-10001085,3M Polarizing Light Filter Sleeves,Clustered Body,0,Stable Profit Cluster,Stable Profit Cluster,,,False,False,False,False,0,216.34,0.34827586206896555,4,False,1.2823135289635101,1.2823135289635101,Protect,False,none,0.4461784638177805,cluster_margin,moderate,none,Moderate Deterioration,1,Intensify Action,Protect (Tight Control),75.346,18.8365,1.2823135289635101,0.25,0.002989929177575428
698,TEC-PH-10001700,Panasonic KX-TG6844B Expandable Digital Cordless Telephone,Clustered Body,0,Stable Profit Cluster,Stable Profit Cluster,,,False,False,False,False,0,1135.028,0.06627906976744186,7,False,2.105254011135354,2.105254011135354,Protect,False,none,0.628018801241902,cluster_margin,severe,none,Severe Deterioration,1,Reroute Action,Reroute to Contain / Correct,75.2286,10.746942857142857,2.105254011135354,0.14285714285714285,0.0029852704341060024
699,OFF-LA-10004093,Avery 486,Clustered Body,0,Stable Profit Cluster,Stable Profit Cluster,,,False,False,False,False,0,168.13,0.4469565217391304,9,False,0.8719304065021449,0.8719304065021449,Protect,False,none,0.8726989878257178,cluster_margin,none,none,No Signal,0,No Escalation,Protect,75.1468,8.349644444444444,0.8719304065021449,0.0,0.0029820243930855674
700,OFF-AP-10000026,Tripp Lite Isotel 6 Outlet Surge Protector with Fax/Modem Protection,Clustered Body,3,Risk-Oriented Profit Cluster,Risk-Oriented Profit Cluster,,,False,False,False,False,0,1243.788,0.06029411764705883,6,False,8.186163979383194,8.186163979383194,Contain,False,none,0.21421747951721576,cluster_margin,severe,none,Severe Deterioration,1,Reroute Action,Reroute to Correct,74.99310000000001,12.498850000000003,8.186163979383194,0.16666666666666666,0.002975925169310008
701,FUR-FU-10001889,Ultra Door Pull Handle,Clustered Body,0,Stable Profit Cluster,Stable Profit Cluster,,,False,False,False,False,0,265.104,0.2821428571428572,6,False,0.7486144886865279,0.7486144886865279,Protect,False,none,0.8949319441023735,cluster_margin,none,none,No Signal,0,No Escalation,Protect,74.7972,12.4662,0.7486144886865279,0.0,0.0029681513375752503
702,OFF-LA-10000414,Avery 503,Clustered Body,0,Stable Profit Cluster,Stable Profit Cluster,,,False,False,False,False,0,155.25,0.48,4,False,0.25188873281852564,0.25188873281852564,Protect,False,none,0.8898224427242294,cluster_margin,none,none,No Signal,0,No Escalation,Protect,74.52,18.63,0.25188873281852564,0.0,0.002957151306146589
703,OFF-PA-10002160,Xerox 1978,Clustered Body,0,Stable Profit Cluster,Stable Profit Cluster,,,False,False,False,False,0,174.556,0.42582781456953644,8,False,0.40404213588441223,0.40404213588441223,Protect,False,none,0.8688297795156396,cluster_margin,none,none,No Signal,0,No Escalation,Protect,74.33080000000001,9.291350000000001,0.40404213588441223,0.0,0.0029496433481873445
704,FUR-FU-10002445,"DAX Two-Tone Rosewood/Black Document Frame, Desktop, 5 x 7",Clustered Body,0,Stable Profit Cluster,Stable Profit Cluster,,,False,False,False,False,0,216.144,0.34210526315789475,8,False,1.0425768446822765,1.0425768446822765,Protect,False,none,0.7766545866178558,cluster_margin,moderate,none,Moderate Deterioration,1,Intensify Action,Protect (Tight Control),73.944,9.243,1.0425768446822765,0.125,0.0029342940979831373
705,OFF-EN-10004459,Security-Tint Envelopes,Clustered Body,0,Stable Profit Cluster,Stable Profit Cluster,,,False,False,False,False,0,163.49599999999998,0.4518691588785047,9,False,0.3873616905902021,0.3873616905902021,Protect,False,none,0.8624338832580485,cluster_margin,none,none,No Signal,0,No Escalation,Protect,73.8788,8.208755555555555,0.3873616905902021,0.0,0.002931706789003524
706,OFF-BI-10001078,"Acco PRESSTEX Data Binder with Storage Hooks, Dark Blue, 14 7/8"" X 11""",Clustered Body,0,Stable Profit Cluster,Stable Profit Cluster,,,False,False,False,False,0,175.388,0.42116564417177915,7,False,0.6089925401811177,0.6089925401811177,Protect,False,none,0.883063594559444,cluster_margin,none,none,No Signal,0,No Escalation,Protect,73.8674,10.552485714285714,0.6089925401811177,0.0,0.0029312544067586228
707,FUR-BO-10003441,"Bush Westfield Collection Bookcases, Fully Assembled",Clustered Body,1,Stable Loss Cluster,Stable Loss Cluster,,,False,False,False,False,0,1473.2982000000002,0.05003427004797805,6,False,2.694810880274856,2.694810880274856,Correct,False,none,0.17178692115956604,cluster_margin,severe,none,Severe Deterioration,1,Reroute Action,Exit / Restructure,73.71539999999999,12.285899999999998,2.694810880274856,0.3333333333333333,0.002925222643493267
708,OFF-LA-10002043,Avery 489,Clustered Body,0,Stable Profit Cluster,Stable Profit Cluster,,,False,False,False,False,0,159.39,0.45974025974025984,5,False,0.3553946097334638,0.3553946097334638,Protect,False,none,0.8872770103354948,cluster_margin,none,none,No Signal,0,No Escalation,Protect,73.278,14.655600000000002,0.3553946097334638,0.0,0.002907865451044146
709,FUR-CH-10002758,"Hon Deluxe Fabric Upholstered Stacking Chairs, Squared Back",Clustered Body,0,Stable Profit Cluster,Stable Profit Cluster,,,False,False,False,False,0,1268.696,0.057692307692307696,2,False,1.4044914882050235,1.4044914882050235,Protect,False,none,0.8497783782694907,cluster_margin,moderate,none,Moderate Deterioration,1,Intensify Action,Protect (Tight Control),73.194,36.597,1.4044914882050235,0.0,0.002904532108186976
710,FUR-FU-10003374,Electrix Fluorescent Magnifier Lamps & Weighted Base,Clustered Body,0,Stable Profit Cluster,Stable Profit Cluster,,,False,False,False,False,0,463.79600000000005,0.15744680851063828,2,False,0.18979309528791533,0.18979309528791533,Protect,False,none,0.8599626002361778,cluster_margin,none,none,No Signal,0,No Escalation,Protect,73.0232,36.5116,0.18979309528791533,0.0,0.0028977543110440636
711,OFF-PA-10001457,White GlueTop Scratch Pads,Clustered Body,0,Stable Profit Cluster,Stable Profit Cluster,,,False,False,False,False,0,186.49599999999998,0.39032258064516134,2,False,0.19731778916838688,0.19731778916838688,Protect,False,none,0.8608134025214488,cluster_margin,none,none,No Signal,0,No Escalation,Protect,72.7936,36.3968,0.19731778916838688,0.0,0.0028886431739011315
712,OFF-PA-10002377,"Adams Telephone Message Book W/Dividers/Space For Phone Numbers, 5 1/4""X8 1/2"", 200/Messages",Clustered Body,0,Stable Profit Cluster,Stable Profit Cluster,,,False,False,False,False,0,172.672,0.42105263157894735,7,False,0.24360022583897092,0.24360022583897092,Protect,False,none,0.8625878501586223,cluster_margin,none,none,No Signal,0,No Escalation,Protect,72.704,10.386285714285714,0.24360022583897092,0.0,0.0028850876081868166
713,TEC-AC-10002331,"Maxell 74 Minute CDR, 10/Pack",Clustered Body,0,Stable Profit Cluster,Stable Profit Cluster,,,False,False,False,False,0,232.764,0.31176470588235294,5,False,0.5195022264824666,0.5195022264824666,Protect,False,none,0.896287359418961,cluster_margin,none,none,No Signal,0,No Escalation,Protect,72.5676,14.51352,0.5195022264824666,0.0,0.0028796748943092218
714,FUR-FU-10004017,"Executive Impressions 13"" Chairman Wall Clock",Clustered Body,0,Stable Profit Cluster,Stable Profit Cluster,,,False,False,False,False,0,253.8,0.285,3,False,0.18042544524715493,0.18042544524715493,Protect,False,none,0.8857585275969462,cluster_margin,none,none,No Signal,0,No Escalation,Protect,72.333,24.111,0.18042544524715493,0.0,0.0028703653439009825
715,OFF-SU-10002537,Acme Box Cutter Scissors,Clustered Body,0,Stable Profit Cluster,Stable Profit Cluster,,,False,False,False,False,0,306.9,0.23533333333333334,6,False,0.7008624634822623,0.7008624634822623,Protect,False,none,0.8908727335337044,cluster_margin,none,none,No Signal,0,No Escalation,Protect,72.2238,12.0373,0.7008624634822623,0.0,0.0028660319981866616
716,FUR-FU-10004006,"Deflect-o DuraMat Lighweight, Studded, Beveled Mat for Low Pile Carpeting",Clustered Body,0,Stable Profit Cluster,Stable Profit Cluster,,,False,False,False,False,0,673.87,0.10696202531645568,6,False,1.0268362929875487,1.0268362929875487,Protect,False,watch,0.09558124341430872,cluster_margin,moderate,none,Moderate Deterioration,2,Intensify Action,Protect (Tight Control),72.07849999999999,12.013083333333332,1.0268362929875487,0.3333333333333333,0.0028602661086968182
717,OFF-AR-10000658,Newell 324,Clustered Body,0,Stable Profit Cluster,Stable Profit Cluster,,,False,False,False,False,0,263.34000000000003,0.27368421052631575,7,False,0.5180043151903222,0.5180043151903222,Protect,False,none,0.8777082746434813,cluster_margin,none,none,No Signal,0,No Escalation,Protect,72.072,10.296000000000001,0.5180043151903222,0.0,0.0028600081714519185
718,OFF-BI-10001294,Fellowes Binding Cases,Clustered Body,0,Stable Profit Cluster,Stable Profit Cluster,,,False,False,False,False,0,271.44,0.2650862068965517,5,False,1.3516093655523576,1.3516093655523576,Protect,False,none,0.5867449600403571,cluster_margin,moderate,none,Moderate Deterioration,1,Intensify Action,Protect (Tight Control),71.955,14.391,1.3516093655523576,0.2,0.002855365301043717
719,FUR-FU-10004351,Staple-based wall hangings,Clustered Body,0,Stable Profit Cluster,Stable Profit Cluster,,,False,False,False,False,0,202.59199999999998,0.3538461538461538,6,False,1.0419050011724267,1.0419050011724267,Protect,False,none,0.6926034920146772,cluster_margin,moderate,none,Moderate Deterioration,1,Intensify Action,Protect (Tight Control),71.68639999999999,11.947733333333332,1.0419050011724267,0.16666666666666666,0.002844706540431385
720,OFF-PA-10002689,Weyerhaeuser First Choice Laser/Copy Paper (20Lb. and 88 Bright),Clustered Body,0,Stable Profit Cluster,Stable Profit Cluster,,,False,False,False,False,0,155.52,0.4583333333333333,5,False,0.7067158518166659,0.7067158518166659,Protect,False,none,0.9000021741576524,cluster_margin,none,none,No Signal,0,No Escalation,Protect,71.28,14.256,0.7067158518166659,0.0,0.002828579510227172
721,FUR-FU-10003799,"Seth Thomas 13 1/2"" Wall Clock",Clustered Body,0,Stable Profit Cluster,Stable Profit Cluster,,,False,False,False,False,0,316.48400000000004,0.2247191011235955,5,False,1.115670814548664,1.115670814548664,Protect,False,none,0.6046518121533575,cluster_margin,moderate,none,Moderate Deterioration,1,Intensify Action,Protect (Tight Control),71.12,14.224,1.115670814548664,0.2,0.0028222302857373247
722,OFF-PA-10001804,Xerox 195,Clustered Body,0,Stable Profit Cluster,Stable Profit Cluster,,,False,False,False,False,0,164.328,0.42926829268292677,8,False,0.756593523525562,0.756593523525562,Protect,False,none,0.8737878835040895,cluster_margin,none,none,No Signal,0,No Escalation,Protect,70.54079999999999,8.817599999999999,0.756593523525562,0.0,0.002799246093084075
723,OFF-AR-10001725,Boston Home & Office Model 2000 Electric Pencil Sharpeners,Clustered Body,0,Stable Profit Cluster,Stable Profit Cluster,,,False,False,False,False,0,297.99,0.2365079365079365,6,False,0.5285094072043327,0.5285094072043327,Protect,False,none,0.8838385288714604,cluster_margin,none,none,No Signal,0,No Escalation,Protect,70.477,11.746166666666667,0.5285094072043327,0.0,0.0027967143398187487
724,OFF-PA-10002968,Xerox 1973,Clustered Body,0,Stable Profit Cluster,Stable Profit Cluster,,,False,False,False,False,0,169.01600000000002,0.4162162162162162,2,False,0.6929328969267853,0.6929328969267853,Protect,False,none,0.8868999244155186,cluster_margin,none,none,No Signal,0,No Escalation,Protect,70.3472,35.1736,0.6929328969267853,0.0,0.00279156353145136
725,TEC-AC-10004814,Logitech Illuminated Ultrathin Keyboard with Backlighting,Clustered Body,0,Stable Profit Cluster,Stable Profit Cluster,,,False,False,False,False,0,170.97,0.41000000000000003,1,True,,0.0,Protect,False,none,0.7021785199443307,cluster_margin,none,none,No Signal,0,No Escalation,Protect,70.0977,70.0977,0.0,0.0,0.0027816627095125037
726,OFF-AR-10002956,Boston 16801 Nautilus Battery Pencil Sharpener,Clustered Body,0,Stable Profit Cluster,Stable Profit Cluster,,,False,False,False,False,0,444.60200000000003,0.1574257425742574,6,False,0.6156983671310526,0.6156983671310526,Protect,False,none,0.8860305590383902,cluster_margin,none,none,No Signal,0,No Escalation,Protect,69.9918,11.6653,0.6156983671310526,0.0,0.002777460316553285
727,TEC-PH-10000439,GE DSL Phone Line Filter,Clustered Body,0,Stable Profit Cluster,Stable Profit Cluster,,,False,False,False,False,0,495.87600000000003,0.1411290322580645,4,False,0.457096109310257,0.457096109310257,Protect,False,none,0.9003199336084753,cluster_margin,none,none,No Signal,0,No Escalation,Protect,69.9825,17.495625,0.457096109310257,0.0,0.002777091267879813
728,OFF-PA-10000061,Xerox 205,Clustered Body,0,Stable Profit Cluster,Stable Profit Cluster,,,False,False,False,False,0,150.336,0.4620689655172413,4,False,0.5070420612533958,0.5070420612533958,Protect,False,none,0.9024991844392147,cluster_margin,none,none,No Signal,0,No Escalation,Protect,69.4656,17.3664,0.5070420612533958,0.0,0.0027565793045122985
729,FUR-FU-10004245,"Career Cubicle Clock, 8 1/4"", Black",Clustered Body,0,Stable Profit Cluster,Stable Profit Cluster,,,False,False,False,False,0,194.68800000000002,0.35416666666666663,3,False,0.672023828547034,0.672023828547034,Protect,False,none,0.9168168754302575,cluster_margin,none,none,No Signal,0,No Escalation,Protect,68.952,22.983999999999998,0.672023828547034,0.0,0.002736198293899887
730,OFF-PA-10004735,Xerox 1905,Clustered Body,0,Stable Profit Cluster,Stable Profit Cluster,,,False,False,False,False,0,146.448,0.47079646017699117,5,False,0.5869495427910322,0.5869495427910322,Protect,False,none,0.8936108215849641,cluster_margin,none,none,No Signal,0,No Escalation,Protect,68.94720000000001,13.789440000000003,0.5869495427910322,0.0,0.0027360078171651922
731,OFF-LA-10001569,Avery 499,Clustered Body,0,Stable Profit Cluster,Stable Profit Cluster,,,False,False,False,False,0,176.292,0.38983050847457623,11,False,0.6095326670883372,0.6095326670883372,Protect,False,none,0.8572962074572703,cluster_margin,none,none,No Signal,0,No Escalation,Protect,68.72399999999999,6.247636363636363,0.6095326670883372,0.0,0.002727150649001854
732,TEC-PH-10002085,Clarity 53712,Clustered Body,0,Stable Profit Cluster,Stable Profit Cluster,,,False,False,False,False,0,752.2860000000001,0.09122807017543859,4,False,0.467286205723102,0.467286205723102,Protect,False,none,0.8990280092520223,cluster_margin,none,none,No Signal,0,No Escalation,Protect,68.6296,17.1574,0.467286205723102,0.0,0.002723404606552844
733,FUR-FU-10004093,Hand-Finished Solid Wood Document Frame,Clustered Body,0,Stable Profit Cluster,Stable Profit Cluster,,,False,False,False,False,0,260.14799999999997,0.26315789473684215,3,False,0.7466942463731085,0.7466942463731085,Protect,False,none,0.917412937416403,cluster_margin,none,none,No Signal,0,No Escalation,Protect,68.46000000000001,22.820000000000004,0.7466942463731085,0.0,0.002716674428593606
734,OFF-PA-10002262,Xerox 192,Clustered Body,0,Stable Profit Cluster,Stable Profit Cluster,,,False,False,False,False,0,142.56,0.48,6,False,0.40168092369513614,0.40168092369513614,Protect,False,none,0.8747608172088054,cluster_margin,none,none,No Signal,0,No Escalation,Protect,68.4288,11.4048,0.40168092369513614,0.0,0.002715436329818085
735,OFF-PA-10001934,Xerox 1993,Clustered Body,0,Stable Profit Cluster,Stable Profit Cluster,,,False,False,False,False,0,147.744,0.4631578947368421,8,False,0.870929200511574,0.870929200511574,Protect,False,none,0.8696980237064005,cluster_margin,none,none,No Signal,0,No Escalation,Protect,68.4288,8.5536,0.870929200511574,0.0,0.002715436329818085
736,OFF-AR-10003478,"Avery Hi-Liter EverBold Pen Style Fluorescent Highlighters, 4/Pack",Clustered Body,0,Stable Profit Cluster,Stable Profit Cluster,,,False,False,False,False,0,219.78,0.3111111111111111,6,False,0.624983395224942,0.624983395224942,Protect,False,none,0.8838705219255345,cluster_margin,none,none,No Signal,0,No Escalation,Protect,68.376,11.396,0.624983395224942,0.0,0.0027133410857364355
737,OFF-AR-10004456,Panasonic KP-4ABK Battery-Operated Pencil Sharpener,Clustered Body,0,Stable Profit Cluster,Stable Profit Cluster,,,False,False,False,False,0,234.24,0.29000000000000004,4,False,0.28443221288201664,0.28443221288201664,Protect,False,none,0.8849300081688045,cluster_margin,none,none,No Signal,0,No Escalation,Protect,67.92960000000001,16.982400000000002,0.28443221288201664,0.0,0.0026956267494097604
738,OFF-SU-10000381,Acme Forged Steel Scissors with Black Enamel Handles,Clustered Body,0,Stable Profit Cluster,Stable Profit Cluster,,,False,False,False,False,0,279.3,0.24266666666666664,8,False,0.5586066231087451,0.5586066231087451,Protect,False,none,0.8673502952371893,cluster_margin,none,none,No Signal,0,No Escalation,Protect,67.7768,8.4721,0.5586066231087451,0.0,0.0026895632400219553
739,OFF-AP-10000696,Holmes Odor Grabber,Clustered Body,0,Stable Profit Cluster,Stable Profit Cluster,,,False,False,False,False,0,357.616,0.18951612903225806,8,False,1.9943485814289392,1.9943485814289392,Protect,False,none,0.30673123464096425,cluster_margin,severe,none,Severe Deterioration,1,Reroute Action,Reroute to Contain / Correct,67.774,8.47175,1.9943485814289392,0.25,0.0026894521285933835
740,OFF-ST-10002214,X-Rack File for Hanging Folders,Clustered Body,0,Stable Profit Cluster,Stable Profit Cluster,,,False,False,False,False,0,318.378,0.2127659574468085,9,False,0.5694753554799306,0.5694753554799306,Protect,False,none,0.8627106948968921,cluster_margin,none,none,No Signal,0,No Escalation,Protect,67.74,7.526666666666666,0.5694753554799306,0.0,0.0026881029183892903
741,OFF-ST-10000107,Fellowes Super Stor/Drawer,Clustered Body,0,Stable Profit Cluster,Stable Profit Cluster,,,False,False,False,False,0,477.3,0.14186046511627906,4,False,1.166060461922121,1.166060461922121,Protect,False,none,0.44541300613360435,cluster_margin,moderate,none,Moderate Deterioration,1,Intensify Action,Protect (Tight Control),67.71,16.9275,1.166060461922121,0.25,0.0026869124387974438
742,OFF-PA-10001712,Xerox 1948,Clustered Body,0,Stable Profit Cluster,Stable Profit Cluster,,,False,False,False,False,0,149.85000000000002,0.44999999999999996,3,False,0.3425495095834824,0.3425495095834824,Protect,False,none,0.8970228482060052,cluster_margin,none,none,No Signal,0,No Escalation,Protect,67.4325,22.477500000000003,0.3425495095834824,0.0,0.0026759005025728646
743,OFF-PA-10004888,Xerox 217,Clustered Body,0,Stable Profit Cluster,Stable Profit Cluster,,,False,False,False,False,0,151.632,0.4444444444444444,8,False,0.8034276060371778,0.8034276060371778,Protect,False,none,0.8693570979807441,cluster_margin,none,none,No Signal,0,No Escalation,Protect,67.392,8.424,0.8034276060371778,0.0,0.0026742933551238716
744,OFF-AP-10000692,Fellowes Mighty 8 Compact Surge Protector,Clustered Body,0,Stable Profit Cluster,Stable Profit Cluster,,,False,False,False,False,0,344.59000000000003,0.1952941176470588,6,False,0.6454601204327919,0.6454601204327919,Protect,False,none,0.8826886873704076,cluster_margin,none,none,No Signal,0,No Escalation,Protect,67.2964,11.216066666666668,0.6454601204327919,0.0,0.002670499693491188
745,TEC-MA-10001016,Canon PC170 Desktop Personal Copier,Clustered Body,0,Stable Profit Cluster,Stable Profit Cluster,,,False,False,False,False,0,575.82,0.11666666666666665,2,False,0.0,0.0,Protect,False,none,0.850641632651706,cluster_margin,none,none,No Signal,0,No Escalation,Protect,67.179,33.5895,0.0,0.0,0.0026658409500217623
746,TEC-AC-10004633,"Verbatim 25 GB 6x Blu-ray Single Layer Recordable Disc, 3/Pack",Clustered Body,0,Stable Profit Cluster,Stable Profit Cluster,,,False,False,False,False,0,184.536,0.36363636363636365,6,False,0.4583919450740327,0.4583919450740327,Protect,False,none,0.875934598350319,cluster_margin,none,none,No Signal,0,No Escalation,Protect,67.104,11.184,0.4583919450740327,0.0,0.0026628647510421456
747,OFF-PA-10002666,Southworth 25% Cotton Linen-Finish Paper & Envelopes,Clustered Body,0,Stable Profit Cluster,Stable Profit Cluster,,,False,False,False,False,0,166.704,0.4021739130434782,4,False,0.7933957187873465,0.7933957187873465,Protect,False,none,0.9057379652723675,cluster_margin,none,none,No Signal,0,No Escalation,Protect,67.044,16.761,0.7933957187873465,0.0,0.002660483791858453
748,TEC-AC-10003447,Micropad Numeric Keypads,Clustered Body,0,Stable Profit Cluster,Stable Profit Cluster,,,False,False,False,False,0,291.854,0.22945205479452055,4,False,0.8011840313127865,0.8011840313127865,Protect,False,none,0.9055471542648316,cluster_margin,none,none,No Signal,0,No Escalation,Protect,66.9665,16.741625,0.8011840313127865,0.0,0.0026574083862461826
749,OFF-BI-10003910,DXL Angle-View Binders with Locking Rings by Samsill,Clustered Body,0,Stable Profit Cluster,Stable Profit Cluster,,,False,False,False,False,0,215.109,0.31003584229390674,10,False,0.872269797310625,0.872269797310625,Protect,False,none,0.5863272818049718,cluster_margin,none,none,No Signal,0,No Escalation,Protect,66.69149999999999,6.669149999999999,0.872269797310625,0.2,0.0026464956566542566
750,TEC-AC-10003280,Belkin F8E887 USB Wired Ergonomic Keyboard,Clustered Body,0,Stable Profit Cluster,Stable Profit Cluster,,,False,False,False,False,0,563.812,0.11755319148936168,8,False,1.0517318921431171,1.0517318921431171,Protect,False,none,0.8604070451200417,cluster_margin,moderate,none,Moderate Deterioration,1,Intensify Action,Protect (Tight Control),66.27789999999999,8.284737499999999,1.0517318921431171,0.0,0.0026300829113480003
751,OFF-PA-10001184,Xerox 1903,Clustered Body,0,Stable Profit Cluster,Stable Profit Cluster,,,False,False,False,False,0,138.736,0.4724137931034482,6,False,0.5004775272928248,0.5004775272928248,Protect,False,none,0.8755990226274174,cluster_margin,none,none,No Signal,0,No Escalation,Protect,65.54079999999999,10.923466666666664,0.5004775272928248,0.0,0.002600832827776333
752,FUR-FU-10001934,Magnifier Swing Arm Lamp,Clustered Body,0,Stable Profit Cluster,Stable Profit Cluster,,,False,False,False,False,0,251.76,0.26,5,False,0.36560333931813993,0.36560333931813993,Protect,False,none,0.8772638099108412,cluster_margin,none,none,No Signal,0,No Escalation,Protect,65.4576,13.09152,0.36560333931813993,0.0,0.0025975312310416126
753,OFF-PA-10003591,Southworth 100% Cotton The Best Paper,Clustered Body,0,Stable Profit Cluster,Stable Profit Cluster,,,False,False,False,False,0,151.536,0.43181818181818177,3,False,0.3604558638203021,0.3604558638203021,Protect,False,none,0.8965757778670393,cluster_margin,none,none,No Signal,0,No Escalation,Protect,65.43599999999999,21.811999999999998,0.3604558638203021,0.0,0.0025966740857354827
754,OFF-EN-10001099,Staple envelope,Clustered Body,0,Stable Profit Cluster,Stable Profit Cluster,,,False,False,False,False,0,160.392,0.4073170731707317,5,False,0.8073195854205533,0.8073195854205533,Protect,False,none,0.8903528430963092,cluster_margin,none,none,No Signal,0,No Escalation,Protect,65.3304,13.06608,0.8073195854205533,0.0,0.0025924835975721836
755,OFF-PA-10000726,"Black Print Carbonless Snap-Off Rapid Letter, 8 1/2"" x 7""",Clustered Body,0,Stable Profit Cluster,Stable Profit Cluster,,,False,False,False,False,0,160.336,0.40624999999999994,4,False,0.6073646805469872,0.6073646805469872,Protect,False,none,0.9001062685357957,cluster_margin,none,none,No Signal,0,No Escalation,Protect,65.1365,16.284125,0.6073646805469872,0.0,0.0025847891311435492
756,OFF-PA-10000143,Astroparche Fine Business Paper,Clustered Body,0,Stable Profit Cluster,Stable Profit Cluster,,,False,False,False,False,0,144.672,0.44963503649635034,6,False,0.6364501315162275,0.6364501315162275,Protect,False,none,0.8790990480414267,cluster_margin,none,none,No Signal,0,No Escalation,Protect,65.0496,10.8416,0.6364501315162275,0.0,0.0025813407085925008
757,OFF-EN-10001219,"#10- 4 1/8"" x 9 1/2"" Security-Tint Envelopes",Clustered Body,0,Stable Profit Cluster,Stable Profit Cluster,,,False,False,False,False,0,146.688,0.44218749999999996,8,False,0.43579511143317384,0.43579511143317384,Protect,False,none,0.8590581813536057,cluster_margin,none,none,No Signal,0,No Escalation,Protect,64.86359999999999,8.107949999999999,0.43579511143317384,0.0,0.0025739597351230525
758,TEC-PH-10002923,"Logitech B530 USB Headset - headset - Full size, Binaural",Clustered Body,0,Stable Profit Cluster,Stable Profit Cluster,,,False,False,False,False,0,739.8,0.08750000000000001,10,False,1.8083438802841763,1.8083438802841763,Protect,False,none,0.7234160895130122,cluster_margin,severe,none,Severe Deterioration,1,Reroute Action,Reroute to Contain / Correct,64.7325,6.47325,1.8083438802841763,0.1,0.002568757339306684
759,TEC-AC-10003038,Kingston Digital DataTraveler 16GB USB 2.0,Clustered Body,0,Stable Profit Cluster,Stable Profit Cluster,,,False,False,False,False,0,477.93,0.13539325842696628,13,False,0.8898638541798466,0.8898638541798466,Protect,False,none,0.18366317105273883,cluster_margin,moderate,none,Moderate Deterioration,1,Intensify Action,Protect (Tight Control),64.7085,4.977576923076923,0.8898638541798466,0.3076923076923077,0.0025678049556332066
760,TEC-MA-10000423,Texas Instruments TI-34 Scientific Calculator,Clustered Body,0,Stable Profit Cluster,Stable Profit Cluster,,,False,False,False,False,0,204.507,0.3161290322580645,3,False,0.940552772561911,0.940552772561911,Protect,False,none,0.15149923139872873,cluster_margin,moderate,none,Moderate Deterioration,1,Intensify Action,Protect (Tight Control),64.6506,21.5502,0.940552772561911,0.3333333333333333,0.0025655073300209427
761,OFF-PA-10001667,Great White Multi-Use Recycled Paper (20Lb. and 84 Bright),Clustered Body,0,Stable Profit Cluster,Stable Profit Cluster,,,False,False,False,False,0,169.832,0.3802816901408451,8,False,0.6928764408244994,0.6928764408244994,Protect,False,none,0.8656662847743165,cluster_margin,none,none,No Signal,0,No Escalation,Protect,64.584,8.073,0.6928764408244994,0.0,0.002562864465327044
762,OFF-LA-10000240,Self-Adhesive Address Labels for Typewriters by Universal,Clustered Body,0,Stable Profit Cluster,Stable Profit Cluster,,,False,False,False,False,0,153.51,0.4195238095238095,7,False,0.8820972601764049,0.8820972601764049,Protect,False,none,0.8700439108899668,cluster_margin,none,none,No Signal,0,No Escalation,Protect,64.4011,9.200157142857142,0.8820972601764049,0.0,0.0025556065080820866
763,OFF-BI-10001628,"Acco Data Flex Cable Posts For Top & Bottom Load Binders, 6"" Capacity",Clustered Body,0,Stable Profit Cluster,Stable Profit Cluster,,,False,False,False,False,0,287.868,0.22282608695652173,10,False,1.5828341167585636,1.5828341167585636,Protect,False,none,0.5252851511237865,cluster_margin,severe,none,Severe Deterioration,1,Reroute Action,Reroute to Contain / Correct,64.1445,6.4144499999999995,1.5828341167585636,0.2,0.002545423939306493
764,FUR-CH-10003061,"Global Leather Task Chair, Black",Clustered Body,1,Stable Loss Cluster,Stable Loss Cluster,,,False,False,False,False,0,1448.839,0.044099378881987575,8,False,2.300081111301296,2.300081111301296,Correct,False,none,0.7069858040992114,cluster_margin,severe,none,Severe Deterioration,1,Reroute Action,Exit / Restructure,63.8929,7.9866125,2.300081111301296,0.625,0.0025354397837962076
765,OFF-PA-10004983,Xerox 23,Clustered Body,0,Stable Profit Cluster,Stable Profit Cluster,,,False,False,False,False,0,141.264,0.4513761467889908,6,False,0.46462784277847297,0.46462784277847297,Protect,False,none,0.8714434973879621,cluster_margin,none,none,No Signal,0,No Escalation,Protect,63.7632,10.6272,0.46462784277847297,0.0,0.002530292943694125
766,OFF-ST-10000760,Eldon Fold 'N Roll Cart System,Clustered Body,0,Stable Profit Cluster,Stable Profit Cluster,,,False,False,False,False,0,301.968,0.2111111111111111,5,False,1.37461891828734,1.37461891828734,Protect,False,none,0.8542167718075755,cluster_margin,moderate,none,Moderate Deterioration,1,Intensify Action,Protect (Tight Control),63.7488,12.74976,1.37461891828734,0.0,0.0025297215134900387
767,OFF-EN-10002986,"#10-4 1/8"" x 9 1/2"" Premium Diagonal Seam Envelopes",Clustered Body,0,Stable Profit Cluster,Stable Profit Cluster,,,False,False,False,False,0,176.288,0.36160714285714285,2,False,0.15589578713692423,0.15589578713692423,Protect,False,none,0.8666291557064976,cluster_margin,none,none,No Signal,0,No Escalation,Protect,63.747,31.8735,0.15589578713692423,0.0,0.002529650084714528
768,OFF-AR-10002952,Stanley Contemporary Battery Pencil Sharpeners,Clustered Body,0,Stable Profit Cluster,Stable Profit Cluster,,,False,False,False,False,0,293.7,0.21454545454545457,4,False,0.752183506065402,0.752183506065402,Protect,False,none,0.8989375496759691,cluster_margin,none,none,No Signal,0,No Escalation,Protect,63.012,15.753,0.752183506065402,0.0,0.0025004833347142897
769,OFF-PA-10001639,Xerox 203,Clustered Body,0,Stable Profit Cluster,Stable Profit Cluster,,,False,False,False,False,0,143.856,0.4378378378378379,6,False,0.31610177349712715,0.31610177349712715,Protect,False,none,0.8621931549142617,cluster_margin,none,none,No Signal,0,No Escalation,Protect,62.985600000000005,10.4976,0.31610177349712715,0.0,0.002499435712673465
770,TEC-AC-10001998,Logitech LS21 Speaker System - PC Multimedia - 2.1-CH - Wired,Clustered Body,0,Stable Profit Cluster,Stable Profit Cluster,,,False,False,False,False,0,207.896,0.30192307692307696,6,False,0.5161707423865559,0.5161707423865559,Protect,False,none,0.8721347096145703,cluster_margin,none,none,No Signal,0,No Escalation,Protect,62.7686,10.461433333333334,0.5161707423865559,0.0,0.002490824576959109
771,OFF-ST-10003455,"Tenex File Box, Personal Filing Tote with Lid, Black",Clustered Body,0,Stable Profit Cluster,Stable Profit Cluster,,,False,False,False,False,0,338.118,0.1853211009174312,7,False,0.6904828164216766,0.6904828164216766,Protect,False,none,0.8688305453485593,cluster_margin,none,none,No Signal,0,No Escalation,Protect,62.6604,8.951485714285715,0.6904828164216766,0.0,0.002486530913897849
772,OFF-AP-10004336,"Conquest 14 Commercial Heavy-Duty Upright Vacuum, Collection System, Accessory Kit",Clustered Body,1,Stable Loss Cluster,Stable Loss Cluster,,,False,False,False,False,0,546.816,0.1125,4,False,4.4567287718561275,4.4567287718561275,Correct,False,high,0.037918034762489755,cluster_margin,severe,none,High Classification Instability,2,Reassess Classification,Reassess Classification,61.5168,15.3792,4.4567287718561275,0.25,0.0024411498318566626
773,OFF-PA-10000743,Xerox 1977,Clustered Body,0,Stable Profit Cluster,Stable Profit Cluster,,,False,False,False,False,0,130.928,0.4693877551020408,6,False,0.581780225437427,0.581780225437427,Protect,False,none,0.8722844472764424,cluster_margin,none,none,No Signal,0,No Escalation,Protect,61.455999999999996,10.242666666666667,0.581780225437427,0.0,0.0024387371265505203
774,FUR-FU-10001095,DAX Black Cherry Wood-Tone Poster Frame,Clustered Body,0,Stable Profit Cluster,Stable Profit Cluster,,,False,False,False,False,0,455.456,0.13488372093023254,8,False,2.7571034556900855,2.7571034556900855,Protect,False,none,0.169205754435349,cluster_margin,severe,none,Severe Deterioration,1,Reroute Action,Reroute to Contain / Correct,61.4336,7.6792,2.7571034556900855,0.25,0.0024378482351219417
775,OFF-EN-10001990,Staple envelope,Clustered Body,0,Stable Profit Cluster,Stable Profit Cluster,,,False,False,False,False,0,130.64,0.4700000000000001,6,False,0.5440051791424478,0.5440051791424478,Protect,False,none,0.8710588239735565,cluster_margin,none,none,No Signal,0,No Escalation,Protect,61.400800000000004,10.233466666666667,0.5440051791424478,0.0,0.002436546644101523
776,FUR-FU-10002157,Artistic Insta-Plaque,Clustered Body,0,Stable Profit Cluster,Stable Profit Cluster,,,False,False,False,False,0,156.8,0.38999999999999996,3,False,0.17107893791239376,0.17107893791239376,Protect,False,none,0.8759162327727494,cluster_margin,none,none,No Signal,0,No Escalation,Protect,61.152,20.384,0.17107893791239376,0.0,0.0024266736000198097
777,OFF-PA-10001838,"Adams Telephone Message Book W/Dividers/Space For Phone Numbers, 5 1/4""X8 1/2"", 300/Messages",Clustered Body,0,Stable Profit Cluster,Stable Profit Cluster,,,False,False,False,False,0,132.888,0.4584070796460176,10,False,0.3195090978035001,0.3195090978035001,Protect,False,none,0.840956844088246,cluster_margin,none,none,No Signal,0,No Escalation,Protect,60.916799999999995,6.091679999999999,0.3195090978035001,0.0,0.0024173402400197333
778,OFF-PA-10001800,Xerox 220,Clustered Body,0,Stable Profit Cluster,Stable Profit Cluster,,,False,False,False,False,0,145.15200000000002,0.4196428571428571,8,False,0.4251915717432239,0.4251915717432239,Protect,False,none,0.8535738073525893,cluster_margin,none,none,No Signal,0,No Escalation,Protect,60.912,7.614,0.4251915717432239,0.0,0.002417149763285038
779,OFF-PA-10004285,Xerox 1959,Clustered Body,0,Stable Profit Cluster,Stable Profit Cluster,,,False,False,False,False,0,133.6,0.454,6,False,0.905130086629321,0.905130086629321,Protect,False,none,0.8711630249864024,cluster_margin,none,none,No Signal,0,No Escalation,Protect,60.6544,10.109066666666667,0.905130086629321,0.0,0.0024069275118563833
780,OFF-PA-10004451,Xerox 222,Clustered Body,0,Stable Profit Cluster,Stable Profit Cluster,,,False,False,False,False,0,134.784,0.45,7,False,0.6000911069335157,0.6000911069335157,Protect,False,none,0.8644947085312084,cluster_margin,none,none,No Signal,0,No Escalation,Protect,60.6528,8.664685714285714,0.6000911069335157,0.0,0.0024068640196114846
781,OFF-PA-10000300,Xerox 1936,Clustered Body,0,Stable Profit Cluster,Stable Profit Cluster,,,False,False,False,False,0,155.844,0.38846153846153847,3,False,0.33872809929782216,0.33872809929782216,Protect,False,none,0.8893984690518634,cluster_margin,none,none,No Signal,0,No Escalation,Protect,60.5394,20.1798,0.33872809929782216,0.0,0.002402364006754305
782,FUR-FU-10004864,Eldon 500 Class Desk Accessories,Clustered Body,0,Stable Profit Cluster,Stable Profit Cluster,,,False,False,False,False,0,197.948,0.3054878048780488,6,False,0.9181728961746447,0.9181728961746447,Protect,False,none,0.870502108243707,cluster_margin,none,none,No Signal,0,No Escalation,Protect,60.4707,10.07845,0.9181728961746447,0.0,0.0023996378084889768
783,OFF-AP-10004859,Acco 6 Outlet Guardian Premium Surge Suppressor,Clustered Body,0,Stable Profit Cluster,Stable Profit Cluster,,,False,False,False,False,0,432.432,0.1397306397306397,8,False,2.172847736734857,2.172847736734857,Protect,False,none,0.6316844479156093,cluster_margin,severe,none,Severe Deterioration,1,Reroute Action,Reroute to Contain / Correct,60.42399999999999,7.552999999999999,2.172847736734857,0.125,0.002397784628591002
784,OFF-PA-10002893,"Wirebound Service Call Books, 5 1/2"" x 4""",Clustered Body,0,Stable Profit Cluster,Stable Profit Cluster,,,False,False,False,False,0,125.84,0.48,5,False,0.5713176643143572,0.5713176643143572,Protect,False,none,0.8793586005031074,cluster_margin,none,none,No Signal,0,No Escalation,Protect,60.4032,12.080639999999999,0.5713176643143572,0.0,0.002396959229407322
785,TEC-MA-10003173,Hewlett-Packard 300S Scientific Calculator,Clustered Body,0,Stable Profit Cluster,Stable Profit Cluster,,,False,False,False,False,0,131.1,0.46,2,False,0.28048621865926654,0.28048621865926654,Protect,False,none,0.8782987255491519,cluster_margin,none,none,No Signal,0,No Escalation,Protect,60.306,30.153,0.28048621865926654,0.0,0.0023931020755297394
786,OFF-FA-10000624,OIC Binder Clips,Clustered Body,0,Stable Profit Cluster,Stable Profit Cluster,,,False,False,False,False,0,128.164,0.46927374301675984,7,False,0.4153860794534203,0.4153860794534203,Protect,False,none,0.8572887852928278,cluster_margin,none,none,No Signal,0,No Escalation,Protect,60.144,8.592,0.4153860794534203,0.0,0.002386673485733769
787,TEC-PH-10001299,Polycom CX300 Desktop Phone USB VoIP phone,Clustered Body,1,Stable Loss Cluster,Stable Loss Cluster,,,False,False,False,False,0,1679.8880000000001,0.035714285714285705,5,False,5.83499813224068,5.83499813224068,Correct,False,high,0.02805465663581308,cluster_margin,severe,none,High Classification Instability,2,Reassess Classification,Reassess Classification,59.995999999999995,11.999199999999998,5.83499813224068,0.2,0.0023808004530806596
788,OFF-BI-10000320,GBC Plastic Binding Combs,Clustered Body,0,Stable Profit Cluster,Stable Profit Cluster,,,False,False,False,False,0,172.692,0.34615384615384615,10,False,1.1598287639835454,1.1598287639835454,Protect,False,none,0.5606655118939247,cluster_margin,moderate,none,Moderate Deterioration,1,Intensify Action,Protect (Tight Control),59.778000000000006,5.9778,1.1598287639835454,0.2,0.002372149634713242
789,OFF-AR-10004344,Bulldog Vacuum Base Pencil Sharpener,Clustered Body,0,Stable Profit Cluster,Stable Profit Cluster,,,False,False,False,False,0,330.924,0.18007246376811595,6,False,0.8063858671339282,0.8063858671339282,Protect,False,none,0.8712962918746299,cluster_margin,none,none,No Signal,0,No Escalation,Protect,59.5903,9.931716666666667,0.8063858671339282,0.0,0.0023647012007335893
790,OFF-PA-10004041,"It's Hot Message Books with Stickers, 2 3/4"" x 5""",Clustered Body,0,Stable Profit Cluster,Stable Profit Cluster,,,False,False,False,False,0,161.32,0.36926605504587157,6,False,0.41460345423159656,0.41460345423159656,Protect,False,none,0.8629371790628378,cluster_margin,none,none,No Signal,0,No Escalation,Protect,59.57,9.928333333333333,0.41460345423159656,0.0,0.00236389564287644
791,OFF-ST-10000136,Letter Size File,Clustered Body,0,Stable Profit Cluster,Stable Profit Cluster,,,False,False,False,False,0,341.41999999999996,0.1744186046511628,2,False,0.2243652438791659,0.2243652438791659,Protect,False,none,0.8742262849980954,cluster_margin,none,none,No Signal,0,No Escalation,Protect,59.55,29.775,0.2243652438791659,0.0,0.002363101989815209
792,OFF-ST-10004946,Desktop 3-Pocket Hot File,Clustered Body,0,Stable Profit Cluster,Stable Profit Cluster,,,False,False,False,False,0,259.68,0.22916666666666669,2,False,1.2492993874016949,1.2492993874016949,Protect,False,none,0.8760583119677743,cluster_margin,moderate,none,Moderate Deterioration,1,Intensify Action,Protect (Tight Control),59.510000000000005,29.755000000000003,1.2492993874016949,0.0,0.0023615146836927473
793,OFF-PA-10000312,Xerox 1955,Clustered Body,0,Stable Profit Cluster,Stable Profit Cluster,,,False,False,False,False,0,182.72,0.325,2,False,0.0,0.0,Protect,False,none,0.854527347899958,cluster_margin,none,none,No Signal,0,No Escalation,Protect,59.384,29.692,0.0,0.0,0.002356514669406992
794,OFF-PA-10002036,Xerox 1930,Clustered Body,0,Stable Profit Cluster,Stable Profit Cluster,,,False,False,False,False,0,138.672,0.4280373831775701,5,False,0.4877451947547655,0.4877451947547655,Protect,False,none,0.8745085640377499,cluster_margin,none,none,No Signal,0,No Escalation,Protect,59.3568,11.87136,0.4877451947547655,0.0,0.002355435301243718
795,OFF-AR-10002818,Panasonic KP-310 Heavy-Duty Electric Pencil Sharpener,Clustered Body,0,Stable Profit Cluster,Stable Profit Cluster,,,False,False,False,False,0,197.82,0.30000000000000004,2,False,0.1558046788561726,0.1558046788561726,Protect,False,none,0.8686060721374452,cluster_margin,none,none,No Signal,0,No Escalation,Protect,59.346000000000004,29.673000000000002,0.1558046788561726,0.0,0.0023550067285906533
796,OFF-FA-10000621,"OIC Colored Binder Clips, Assorted Sizes",Clustered Body,0,Stable Profit Cluster,Stable Profit Cluster,,,False,False,False,False,0,139.62,0.4246153846153846,7,False,0.38381016487979636,0.38381016487979636,Protect,False,none,0.8545814612782863,cluster_margin,none,none,No Signal,0,No Escalation,Protect,59.284800000000004,8.469257142857144,0.38381016487979636,0.0,0.0023525781502232866
797,FUR-FU-10003464,"Seth Thomas 8 1/2"" Cubicle Clock",Clustered Body,0,Stable Profit Cluster,Stable Profit Cluster,,,False,False,False,False,0,210.912,0.28076923076923077,4,False,0.3894140403846085,0.3894140403846085,Protect,False,none,0.8799080920595095,cluster_margin,none,none,No Signal,0,No Escalation,Protect,59.217600000000004,14.804400000000001,0.3894140403846085,0.0,0.0023499114759375503
798,OFF-PA-10002250,Things To Do Today Pad,Clustered Body,0,Stable Profit Cluster,Stable Profit Cluster,,,False,False,False,False,0,138.53199999999998,0.4271186440677967,7,False,0.7623359013247446,0.7623359013247446,Protect,False,none,0.8638588700947663,cluster_margin,none,none,No Signal,0,No Escalation,Protect,59.1696,8.4528,0.7623359013247446,0.0,0.002348006708590596
799,OFF-BI-10001191,Canvas Sectional Post Binders,Clustered Body,1,Stable Loss Cluster,Stable Loss Cluster,,,False,False,False,False,0,422.63599999999997,0.13975903614457832,6,False,4.358924116329433,4.358924116329433,Correct,False,none,0.3100698071385184,cluster_margin,severe,none,Severe Deterioration,1,Reroute Action,Exit / Restructure,59.0672,9.844533333333333,4.358924116329433,0.3333333333333333,0.0023439432049170935
800,OFF-ST-10002444,Recycled Eldon Regeneration Jumbo File,Clustered Body,0,Stable Profit Cluster,Stable Profit Cluster,,,False,False,False,False,0,235.77599999999998,0.25000000000000006,6,False,0.7210021662845318,0.7210021662845318,Protect,False,none,0.8705161434323317,cluster_margin,none,none,No Signal,0,No Escalation,Protect,58.944,9.824,0.7210021662845318,0.0,0.0023390543020599106
801,OFF-BI-10004632,GBC Binding covers,Clustered Body,0,Stable Profit Cluster,Stable Profit Cluster,,,False,False,False,False,0,137.26999999999998,0.429245283018868,3,False,0.5915484356445273,0.5915484356445273,Protect,False,none,0.9017198512976513,cluster_margin,none,none,No Signal,0,No Escalation,Protect,58.9225,19.640833333333333,0.5915484356445273,0.0,0.0023382011250190874
802,OFF-AR-10003179,Dixon Ticonderoga Core-Lock Colored Pencils,Clustered Body,0,Stable Profit Cluster,Stable Profit Cluster,,,False,False,False,False,0,229.572,0.2555555555555556,7,False,0.6939684104539706,0.6939684104539706,Protect,False,none,0.8629696127231489,cluster_margin,none,none,No Signal,0,No Escalation,Protect,58.668400000000005,8.381200000000002,0.6939684104539706,0.0,0.0023281177628761483
803,OFF-BI-10004728,Wilson Jones Turn Tabs Binder Tool for Ring Binders,Clustered Body,0,Stable Profit Cluster,Stable Profit Cluster,,,False,False,False,False,0,212.08,0.2759090909090909,13,False,1.6357530041066735,1.6357530041066735,Protect,False,watch,0.059571062346157874,cluster_margin,severe,none,Severe Deterioration,2,Reroute Action,Reroute to Contain / Correct,58.5148,4.501138461538462,1.6357530041066735,0.3076923076923077,0.002322022507365894
804,TEC-PH-10001433,Cisco Small Business SPA 502G VoIP phone,Clustered Body,0,Stable Profit Cluster,Stable Profit Cluster,,,False,False,False,False,0,882.102,0.06627906976744186,4,False,1.2736395102666322,1.2736395102666322,Protect,False,none,0.41979881650667267,cluster_margin,moderate,none,Moderate Deterioration,1,Intensify Action,Protect (Tight Control),58.4649,14.616225,1.2736395102666322,0.25,0.002320042342978123
805,TEC-AC-10002305,KeyTronic E03601U1 - Keyboard - Beige,Clustered Body,0,Stable Profit Cluster,Stable Profit Cluster,,,False,False,False,False,0,324.0,0.18,6,False,0.5032809306243742,0.5032809306243742,Protect,False,none,0.8649253009717695,cluster_margin,none,none,No Signal,0,No Escalation,Protect,58.32,9.72,0.5032809306243742,0.0,0.0023142923265495044
806,OFF-AP-10000358,Fellowes Basic Home/Office Series Surge Protectors,Clustered Body,0,Stable Profit Cluster,Stable Profit Cluster,,,False,False,False,False,0,436.12800000000004,0.13363095238095238,9,False,3.6283549175248355,3.6283549175248355,Protect,False,none,0.4107669583496554,cluster_margin,severe,none,Severe Deterioration,1,Reroute Action,Reroute to Contain / Correct,58.28020000000001,6.4755777777777785,3.6283549175248355,0.1111111111111111,0.0023127129569576552
807,FUR-FU-10000771,"Eldon 200 Class Desk Accessories, Smoke",Clustered Body,0,Stable Profit Cluster,Stable Profit Cluster,,,False,False,False,False,0,138.16,0.42000000000000004,4,False,0.7924724127775099,0.7924724127775099,Protect,False,none,0.8898037493562204,cluster_margin,none,none,No Signal,0,No Escalation,Protect,58.0272,14.5068,0.7924724127775099,0.0,0.002302673245733083
808,OFF-ST-10000344,"Neat Ideas Personal Hanging Folder Files, Black",Clustered Body,0,Stable Profit Cluster,Stable Profit Cluster,,,False,False,False,False,0,276.658,0.20970873786407768,7,False,1.1843496863526695,1.1843496863526695,Protect,False,none,0.8469242763425765,cluster_margin,moderate,none,Moderate Deterioration,1,Intensify Action,Protect (Tight Control),58.0176,8.288228571428572,1.1843496863526695,0.0,0.0023022922922636925
809,TEC-AC-10002345,HP Standard 104 key PS/2 Keyboard,Clustered Body,0,Stable Profit Cluster,Stable Profit Cluster,,,False,False,False,False,0,275.5,0.21052631578947367,6,False,1.0186515684384814,1.0186515684384814,Protect,False,none,0.8628263776472571,cluster_margin,moderate,none,Moderate Deterioration,1,Intensify Action,Protect (Tight Control),58.0,9.666666666666666,1.0186515684384814,0.0,0.002301593877569809
810,OFF-PA-10004438,Xerox 1907,Clustered Body,0,Stable Profit Cluster,Stable Profit Cluster,,,False,False,False,False,0,122.8,0.47000000000000003,3,False,0.34190801508358487,0.34190801508358487,Protect,False,none,0.8859272797031893,cluster_margin,none,none,No Signal,0,No Escalation,Protect,57.716,19.238666666666667,0.34190801508358487,0.0,0.0022903240041003293
811,OFF-BI-10004965,Ibico Covers for Plastic or Wire Binding Elements,Clustered Body,0,Stable Profit Cluster,Stable Profit Cluster,,,False,False,False,False,0,184.0,0.3125,7,False,1.5223189076681363,1.5223189076681363,Protect,False,none,0.21024225082700693,cluster_margin,severe,none,Severe Deterioration,1,Reroute Action,Reroute to Contain / Correct,57.5,8.214285714285714,1.5223189076681363,0.2857142857142857,0.002281752551039035
812,TEC-AC-10000991,Sony Micro Vault Click 8 GB USB 2.0 Flash Drive,Clustered Body,0,Stable Profit Cluster,Stable Profit Cluster,,,False,False,False,False,0,582.6759999999999,0.09838709677419356,4,False,1.1838895613123994,1.1838895613123994,Protect,False,none,0.42646413033667535,cluster_margin,moderate,none,Moderate Deterioration,1,Intensify Action,Protect (Tight Control),57.3278,14.33195,1.1838895613123994,0.25,0.002274919198181836
813,OFF-AP-10004708,Fellowes Superior 10 Outlet Split Surge Protector,Clustered Body,0,Stable Profit Cluster,Stable Profit Cluster,,,False,False,False,False,0,867.768,0.06578947368421052,9,False,3.9229990569247932,3.9229990569247932,Protect,False,watch,0.0795544381257346,cluster_margin,severe,none,Severe Deterioration,2,Reroute Action,Reroute to Contain / Correct,57.09,6.343333333333334,3.9229990569247932,0.2222222222222222,0.0022654826632838
814,OFF-PA-10004621,Xerox 212,Clustered Body,0,Stable Profit Cluster,Stable Profit Cluster,,,False,False,False,False,0,141.264,0.40366972477064217,7,False,0.45066777344275294,0.45066777344275294,Protect,False,none,0.8545121745031536,cluster_margin,none,none,No Signal,0,No Escalation,Protect,57.024,8.146285714285714,0.45066777344275294,0.0,0.0022628636081817376
815,OFF-BI-10000829,Avery Non-Stick Binders,Clustered Body,0,Stable Profit Cluster,Stable Profit Cluster,,,False,False,False,False,0,141.884,0.4018987341772152,7,False,0.621642665542362,0.621642665542362,Protect,False,none,0.8596048706317408,cluster_margin,none,none,No Signal,0,No Escalation,Protect,57.022999999999996,8.146142857142857,0.621642665542362,0.0,0.002262823925528676
816,OFF-PA-10001569,Xerox 232,Clustered Body,0,Stable Profit Cluster,Stable Profit Cluster,,,False,False,False,False,0,120.52799999999999,0.46881720430107526,4,False,1.013436488123349,1.013436488123349,Protect,False,none,0.8807278583571271,cluster_margin,moderate,none,Moderate Deterioration,1,Intensify Action,Protect (Tight Control),56.505599999999994,14.126399999999999,1.013436488123349,0.0,0.002242292120834631
817,FUR-FU-10003975,Eldon Advantage Chair Mats for Low to Medium Pile Carpets,Clustered Body,0,Stable Profit Cluster,Stable Profit Cluster,,,False,False,False,False,0,563.03,0.10000000000000002,5,False,0.42888050353028434,0.42888050353028434,Protect,False,none,0.8668430472165201,cluster_margin,none,none,No Signal,0,No Escalation,Protect,56.303000000000004,11.2606,0.42888050353028434,0.0,0.002234252415324361
818,OFF-PA-10001534,Xerox 230,Clustered Body,0,Stable Profit Cluster,Stable Profit Cluster,,,False,False,False,False,0,127.008,0.4428571428571429,5,False,0.621138252257318,0.621138252257318,Protect,False,none,0.8736243508378486,cluster_margin,none,none,No Signal,0,No Escalation,Protect,56.2464,11.24928,0.621138252257318,0.0,0.0022320063771610775
819,OFF-ST-10001172,"Tennsco Lockers, Sand",Clustered Body,0,Stable Profit Cluster,Stable Profit Cluster,,,False,False,False,False,0,407.012,0.13814432989690723,5,False,0.9425799190199822,0.9425799190199822,Protect,False,none,0.8716570453445626,cluster_margin,none,none,No Signal,0,No Escalation,Protect,56.2264,11.24528,0.9425799190199822,0.0,0.0022312127240998467
820,FUR-FU-10000246,Aluminum Document Frame,Clustered Body,0,Stable Profit Cluster,Stable Profit Cluster,,,False,False,False,False,0,244.4,0.22999999999999998,5,False,0.7380031221177993,0.7380031221177993,Protect,False,none,0.8749154342025472,cluster_margin,none,none,No Signal,0,No Escalation,Protect,56.211999999999996,11.2424,0.7380031221177993,0.0,0.0022306412938957604
821,OFF-PA-10002870,"Ampad Phone Message Book, Recycled, 400 Message Capacity, 5 ¾” x 11”",Clustered Body,0,Stable Profit Cluster,Stable Profit Cluster,,,False,False,False,False,0,124.8,0.44999999999999996,5,False,0.48897161649965765,0.48897161649965765,Protect,False,none,0.8693271236909644,cluster_margin,none,none,No Signal,0,No Escalation,Protect,56.16,11.232,0.48897161649965765,0.0,0.0022285777959365595
822,FUR-FU-10002597,"C-Line Magnetic Cubicle Keepers, Clear Polypropylene",Clustered Body,0,Stable Profit Cluster,Stable Profit Cluster,,,False,False,False,False,0,136.344,0.41159420289855075,7,False,0.4647063566077208,0.4647063566077208,Protect,False,none,0.8537895599099519,cluster_margin,none,none,No Signal,0,No Escalation,Protect,56.1184,8.016914285714286,0.4647063566077208,0.0,0.0022269269975691993
823,FUR-FU-10002088,Nu-Dell Float Frame 11 x 14 1/2,Clustered Body,0,Stable Profit Cluster,Stable Profit Cluster,,,False,False,False,False,0,170.62,0.32842105263157895,7,False,1.0937336720399586,1.0937336720399586,Protect,False,none,0.718893060722492,cluster_margin,moderate,none,Moderate Deterioration,1,Intensify Action,Protect (Tight Control),56.0352,8.005028571428571,1.0937336720399586,0.14285714285714285,0.002223625400834479
824,TEC-MA-10002790,NeatDesk Desktop Scanner & Digital Filing System,Clustered Body,0,Stable Profit Cluster,Stable Profit Cluster,,,False,False,False,False,0,479.988,0.11666666666666667,1,True,,0.0,Protect,False,none,0.7604030779390037,cluster_margin,none,none,No Signal,0,No Escalation,Protect,55.9986,55.9986,0.0,0.0,0.0022221730157324262
825,OFF-PA-10004040,Universal Premium White Copier/Laser Paper (20Lb. and 87 Bright),Clustered Body,0,Stable Profit Cluster,Stable Profit Cluster,,,False,False,False,False,0,129.168,0.4333333333333333,5,False,0.3741475567940477,0.3741475567940477,Protect,False,none,0.8634417144878661,cluster_margin,none,none,No Signal,0,No Escalation,Protect,55.9728,11.19456,0.3741475567940477,0.0,0.0022211492032834378
826,FUR-FU-10003691,"Eldon Image Series Desk Accessories, Ebony",Clustered Body,0,Stable Profit Cluster,Stable Profit Cluster,,,False,False,False,False,0,180.31,0.3095890410958904,5,False,1.5493232224778914,1.5493232224778914,Protect,False,none,0.5437918604112055,cluster_margin,severe,none,Severe Deterioration,1,Reroute Action,Reroute to Contain / Correct,55.822,11.1644,1.5493232224778914,0.2,0.0022151650592017566
827,OFF-BI-10003460,Acco 3-Hole Punch,Clustered Body,0,Stable Profit Cluster,Stable Profit Cluster,,,False,False,False,False,0,137.53199999999998,0.40382165605095544,9,False,1.0714983087157008,1.0714983087157008,Protect,False,none,0.49572771368414814,cluster_margin,moderate,none,Moderate Deterioration,1,Intensify Action,Protect (Tight Control),55.538399999999996,6.170933333333333,1.0714983087157008,0.2222222222222222,0.002203911058793501
828,OFF-AP-10001563,Belkin Premiere Surge Master II 8-outlet surge protector,Clustered Body,1,Stable Loss Cluster,Stable Loss Cluster,,,False,False,False,False,0,952.168,0.058163265306122446,7,False,7.42425213388636,7.42425213388636,Correct,False,high,0.012926817631991456,cluster_margin,severe,none,High Classification Instability,2,Reassess Classification,Reassess Classification,55.3812,7.9116,7.42425213388636,0.2857142857142857,0.002197672945732226
829,OFF-AP-10003099,"Eureka Hand Vacuum, Bagless",Clustered Body,0,Stable Profit Cluster,Stable Profit Cluster,,,False,False,False,False,0,197.72,0.28,1,True,,0.0,Protect,False,none,0.7629367933769227,cluster_margin,none,none,No Signal,0,No Escalation,Protect,55.3616,55.3616,0.0,0.0,0.0021968951657322195
830,OFF-AR-10001683,Lumber Crayons,Clustered Body,0,Stable Profit Cluster,Stable Profit Cluster,,,False,False,False,False,0,171.39,0.32298850574712645,6,False,0.9440853968497304,0.9440853968497304,Protect,False,none,0.8614434262253585,cluster_margin,none,none,No Signal,0,No Escalation,Protect,55.357,9.226166666666666,0.9440853968497304,0.0,0.002196712625528136
831,OFF-PA-10000246,Riverleaf Stik-Withit Designer Note Cubes,Clustered Body,0,Stable Profit Cluster,Stable Profit Cluster,,,False,False,False,False,0,136.816,0.40441176470588236,5,False,0.33419657411518855,0.33419657411518855,Protect,False,none,0.8601289741928845,cluster_margin,none,none,No Signal,0,No Escalation,Protect,55.33,11.065999999999999,0.33419657411518855,0.0,0.0021956411938954747
832,OFF-ST-10004258,Portable Personal File Box,Clustered Body,0,Stable Profit Cluster,Stable Profit Cluster,,,False,False,False,False,0,224.66400000000002,0.24619565217391304,6,False,0.3712681612088472,0.3712681612088472,Protect,False,none,0.8544703847114706,cluster_margin,none,none,No Signal,0,No Escalation,Protect,55.3113,9.21855,0.3712681612088472,0.0,0.0021948991282832236
833,OFF-BI-10003982,Wilson Jones Century Plastic Molded Ring Binders,Clustered Body,1,Stable Loss Cluster,Stable Loss Cluster,,,False,False,False,False,0,583.637,0.09466192170818506,10,False,5.5149703502665135,5.5149703502665135,Correct,False,none,0.43629932843876834,cluster_margin,severe,none,Severe Deterioration,1,Reroute Action,Exit / Restructure,55.2482,5.52482,5.5149703502665135,0.4,0.0021923951528750396
834,OFF-BI-10002215,"Wilson Jones Hanging View Binder, White, 1""",Clustered Body,0,Stable Profit Cluster,Stable Profit Cluster,,,False,False,False,False,0,143.42,0.38514851485148516,7,False,0.331857020546653,0.331857020546653,Protect,False,none,0.8463826675767592,cluster_margin,none,none,No Signal,0,No Escalation,Protect,55.238,7.8911428571428575,0.331857020546653,0.0,0.0021919903898138123
835,FUR-FU-10003976,"DAX Executive Solid Wood Document Frame, Desktop or Hang, Mahogany, 5 x 7",Clustered Body,0,Stable Profit Cluster,Stable Profit Cluster,,,False,False,False,False,0,196.24800000000002,0.28076923076923077,5,False,0.20048973034481893,0.20048973034481893,Protect,False,none,0.850908916963305,cluster_margin,none,none,No Signal,0,No Escalation,Protect,55.1004,11.02008,0.20048973034481893,0.0,0.002186530056752543
836,OFF-LA-10002945,"Permanent Self-Adhesive File Folder Labels for Typewriters, 1 1/8 x 3 1/2, White",Clustered Body,0,Stable Profit Cluster,Stable Profit Cluster,,,False,False,False,False,0,153.72,0.35819672131147545,6,False,0.7002778420987347,0.7002778420987347,Protect,False,none,0.8641146577515546,cluster_margin,none,none,No Signal,0,No Escalation,Protect,55.062000000000005,9.177000000000001,0.7002778420987347,0.0,0.00218500624287498
837,TEC-PH-10000702,"Square Credit Card Reader, 4 1/2"" x 4 1/2"" x 1"", White",Clustered Body,0,Stable Profit Cluster,Stable Profit Cluster,,,False,False,False,False,0,197.802,0.2772727272727273,5,False,0.9014092537151652,0.9014092537151652,Protect,False,none,0.8704522349429593,cluster_margin,none,none,No Signal,0,No Escalation,Protect,54.8451,10.96902,0.9014092537151652,0.0,0.0021763990754259297
838,FUR-TA-10001086,"SAFCO PlanMaster Boards, 60w x 37-1/2d, White Melamine",Clustered Body,3,Risk-Oriented Profit Cluster,Risk-Oriented Profit Cluster,,,False,False,False,False,0,2979.004,0.01836734693877552,5,False,17.898570195002915,17.898570195002915,Contain,False,none,0.6729913063702655,cluster_margin,severe,none,Severe Deterioration,1,Reroute Action,Reroute to Correct,54.71640000000002,10.943280000000005,17.898570195002915,0.4,0.0021712919179769094
839,OFF-LA-10004484,Avery 476,Clustered Body,0,Stable Profit Cluster,Stable Profit Cluster,,,False,False,False,False,0,137.11599999999999,0.39819277108433737,10,False,0.38004670400226,0.38004670400226,Protect,False,none,0.8366195262866808,cluster_margin,none,none,No Signal,0,No Escalation,Protect,54.5986,5.45986,0.38004670400226,0.0,0.002166617301446258
840,FUR-CH-10002961,"Leather Task Chair, Black",Clustered Body,0,Stable Profit Cluster,Stable Profit Cluster,,,False,False,False,False,0,1437.484,0.0379746835443038,6,False,2.8861169217991964,2.8861169217991964,Protect,False,none,0.42621489842200677,cluster_margin,severe,none,Severe Deterioration,1,Reroute Action,Reroute to Contain / Correct,54.588,9.098,2.8861169217991964,0.16666666666666666,0.0021661966653238056
841,OFF-PA-10001593,Xerox 1947,Clustered Body,0,Stable Profit Cluster,Stable Profit Cluster,,,False,False,False,False,0,136.344,0.3969298245614035,5,False,0.5033224607986171,0.5033224607986171,Protect,False,none,0.8664842444694307,cluster_margin,none,none,No Signal,0,No Escalation,Protect,54.119,10.8238,0.5033224607986171,0.0,0.0021475855010379395
842,OFF-PA-10000174,"Message Book, Wirebound, Four 5 1/2"" X 4"" Forms/Pg., 200 Dupl. Sets/Book",Clustered Body,0,Stable Profit Cluster,Stable Profit Cluster,,,False,False,False,False,0,152.144,0.3554054054054054,6,False,0.2955234898568159,0.2955234898568159,Protect,False,none,0.8484455039346056,cluster_margin,none,none,No Signal,0,No Escalation,Protect,54.0728,9.012133333333333,0.2955234898568159,0.0,0.002145752162466496
843,OFF-AR-10003514,4009 Highlighters by Sanford,Clustered Body,0,Stable Profit Cluster,Stable Profit Cluster,,,False,False,False,False,0,171.14,0.31441860465116284,8,False,0.5564267476063944,0.5564267476063944,Protect,False,none,0.8485781259646175,cluster_margin,none,none,No Signal,0,No Escalation,Protect,53.8096,6.7262,0.5564267476063944,0.0,0.0021353076881806964
844,OFF-PA-10001471,Strathmore Photo Frame Cards,Clustered Body,0,Stable Profit Cluster,Stable Profit Cluster,,,False,False,False,False,0,116.96000000000001,0.45999999999999996,4,False,0.8260669956779353,0.8260669956779353,Protect,False,none,0.8814595511353428,cluster_margin,none,none,No Signal,0,No Escalation,Protect,53.8016,13.4504,0.8260669956779353,0.0,0.002134990226956204
845,TEC-AC-10001383,Logitech Wireless Touch Keyboard K400,Clustered Body,0,Stable Profit Cluster,Stable Profit Cluster,,,False,False,False,False,0,364.854,0.14726027397260275,3,False,1.4015374724074416,1.4015374724074416,Protect,False,watch,0.050869714081109615,cluster_margin,moderate,none,Moderate Deterioration,2,Intensify Action,Protect (Tight Control),53.7285,17.909499999999998,1.4015374724074416,0.3333333333333333,0.0021320894250174047
846,OFF-AP-10001962,Black & Decker Filter for Double Action Dustbuster Cordless Vac BLDV7210,Clustered Body,0,Stable Profit Cluster,Stable Profit Cluster,,,False,False,False,False,0,229.88600000000002,0.2335766423357664,6,False,0.8536222168583486,0.8536222168583486,Protect,False,none,0.8609874775849251,cluster_margin,none,none,No Signal,0,No Escalation,Protect,53.696,8.949333333333334,0.8536222168583486,0.0,0.0021307997387929045
847,OFF-AR-10001860,BIC Liqua Brite Liner,Clustered Body,0,Stable Profit Cluster,Stable Profit Cluster,,,False,False,False,False,0,173.5,0.3088,6,False,0.3811514393254976,0.3811514393254976,Protect,False,none,0.852393468883978,cluster_margin,none,none,No Signal,0,No Escalation,Protect,53.576800000000006,8.929466666666668,0.3811514393254976,0.0,0.0021260695665479682
848,OFF-ST-10001031,Adjustable Personal File Tote,Clustered Body,0,Stable Profit Cluster,Stable Profit Cluster,,,False,False,False,False,0,270.24800000000005,0.1975903614457831,5,False,0.7371716444740097,0.7371716444740097,Protect,False,none,0.869914380126727,cluster_margin,none,none,No Signal,0,No Escalation,Protect,53.3984,10.679680000000001,0.7371716444740097,0.0,0.002118990181241788
849,TEC-AC-10003499,Memorex Mini Travel Drive 8 GB USB 2.0 Flash Drive,Clustered Body,0,Stable Profit Cluster,Stable Profit Cluster,,,False,False,False,False,0,194.54399999999998,0.2738095238095239,5,False,0.6232520285428862,0.6232520285428862,Protect,False,none,0.868480587896228,cluster_margin,none,none,No Signal,0,No Escalation,Protect,53.26800000000001,10.6536,0.6232520285428862,0.0,0.002113815563282562
850,OFF-PA-10001166,Xerox 2,Clustered Body,0,Stable Profit Cluster,Stable Profit Cluster,,,False,False,False,False,0,137.376,0.38679245283018865,9,False,0.5154752418962374,0.5154752418962374,Protect,False,none,0.8427706256637364,cluster_margin,none,none,No Signal,0,No Escalation,Protect,53.135999999999996,5.904,0.5154752418962374,0.0,0.002108577453078437
851,OFF-AP-10003217,Eureka Sanitaire  Commercial Upright,Clustered Body,3,Risk-Oriented Profit Cluster,Risk-Oriented Profit Cluster,,,False,False,False,False,0,1524.5320000000002,0.03478260869565217,3,False,10.00473355480065,10.00473355480065,Contain,False,none,0.586562995643556,cluster_margin,severe,none,Severe Deterioration,1,Reroute Action,Reroute to Correct,53.02719999999999,17.67573333333333,10.00473355480065,0.3333333333333333,0.0021042599804253406
852,OFF-LA-10003766,Self-Adhesive Removable Labels,Clustered Body,0,Stable Profit Cluster,Stable Profit Cluster,,,False,False,False,False,0,110.25,0.48000000000000004,7,False,0.6609811302595258,0.6609811302595258,Protect,False,none,0.8540005092478188,cluster_margin,none,none,No Signal,0,No Escalation,Protect,52.92,7.5600000000000005,0.6609811302595258,0.0,0.002100006000017143
853,OFF-PA-10003363,Xerox 204,Clustered Body,0,Stable Profit Cluster,Stable Profit Cluster,,,False,False,False,False,0,110.16,0.48000000000000004,4,False,0.511920464828059,0.511920464828059,Protect,False,none,0.8752896996011771,cluster_margin,none,none,No Signal,0,No Escalation,Protect,52.8768,13.2192,0.511920464828059,0.0,0.002098291709404884
854,FUR-FU-10000794,"Eldon Stackable Tray, Side-Load, Legal, Smoke",Clustered Body,0,Stable Profit Cluster,Stable Profit Cluster,,,False,False,False,False,0,155.38,0.34,5,False,0.5956147258177196,0.5956147258177196,Protect,False,none,0.8671135496304934,cluster_margin,none,none,No Signal,0,No Escalation,Protect,52.8292,10.56584,0.5956147258177196,0.0,0.0020964028151191543
855,TEC-AC-10004708,Sony 32GB Class 10 Micro SDHC R40 Memory Card,Clustered Body,0,Stable Profit Cluster,Stable Profit Cluster,,,False,False,False,False,0,251.4,0.21,4,False,0.46252687726876845,0.46252687726876845,Protect,False,none,0.8730014688269232,cluster_margin,none,none,No Signal,0,No Escalation,Protect,52.794,13.1985,0.46252687726876845,0.0,0.0020950059857313876
856,TEC-AC-10004420,Cherry 142-key Programmable Keyboard,Clustered Body,0,Stable Profit Cluster,Stable Profit Cluster,,,False,False,False,False,0,479.72,0.10999999999999999,1,True,,0.0,Protect,False,none,0.7730687128470005,cluster_margin,none,none,No Signal,0,No Escalation,Protect,52.7692,52.7692,0.0,0.0,0.002094021855935461
857,OFF-ST-10001228,"Fellowes Personal Hanging Folder Files, Navy",Clustered Body,0,Stable Profit Cluster,Stable Profit Cluster,,,False,False,False,False,0,284.716,0.1849056603773585,4,False,0.5714971522551612,0.5714971522551612,Protect,False,none,0.8769607503598489,cluster_margin,none,none,No Signal,0,No Escalation,Protect,52.6456,13.1614,0.5714971522551612,0.0,0.002089117080017054
858,OFF-PA-10000349,Easy-staple paper,Clustered Body,0,Stable Profit Cluster,Stable Profit Cluster,,,False,False,False,False,0,118.524,0.4432773109243698,9,False,0.3583192792558158,0.3583192792558158,Protect,False,none,0.8360806017430985,cluster_margin,none,none,No Signal,0,No Escalation,Protect,52.539,5.837666666666667,0.3583192792558158,0.0,0.0020848869092006932
859,FUR-FU-10000010,"DAX Value U-Channel Document Frames, Easel Back",Clustered Body,0,Stable Profit Cluster,Stable Profit Cluster,,,False,False,False,False,0,175.938,0.2983050847457627,10,False,0.7340483032660748,0.7340483032660748,Protect,False,none,0.792331649351447,cluster_margin,none,none,No Signal,0,No Escalation,Protect,52.4832,5.24832,0.7340483032660748,0.1,0.0020826726171598586
860,FUR-FU-10000719,"DAX Cubicle Frames, 8-1/2 x 11",Clustered Body,0,Stable Profit Cluster,Stable Profit Cluster,,,False,False,False,False,0,145.69,0.36,4,False,0.5118418527670092,0.5118418527670092,Protect,False,none,0.8745067589638964,cluster_margin,none,none,No Signal,0,No Escalation,Protect,52.4484,13.1121,0.5118418527670092,0.0,0.0020812916608333168
861,OFF-BI-10004233,"GBC Pre-Punched Binding Paper, Plastic, White, 8-1/2"" x 11""",Clustered Body,0,Stable Profit Cluster,Stable Profit Cluster,,,False,False,False,False,0,310.206,0.1690721649484536,8,False,3.606190948880651,3.606190948880651,Protect,False,high,0.013731894112550118,cluster_margin,severe,none,High Classification Instability,2,Reassess Classification,Reassess Classification,52.447199999999995,6.555899999999999,3.606190948880651,0.25,0.002081244041649643
862,TEC-AC-10000303,Logitech M510 Wireless Mouse,Clustered Body,0,Stable Profit Cluster,Stable Profit Cluster,,,False,False,False,False,0,239.94,0.21833333333333332,3,False,0.4605909639681594,0.4605909639681594,Protect,False,none,0.8851612566964547,cluster_margin,none,none,No Signal,0,No Escalation,Protect,52.3869,17.4623,0.4605909639681594,0.0,0.0020788511776700315
863,OFF-EN-10001141,"Manila Recycled Extra-Heavyweight Clasp Envelopes, 6"" x 9""",Clustered Body,0,Stable Profit Cluster,Stable Profit Cluster,,,False,False,False,False,0,125.172,0.41842105263157897,4,False,0.8000358415410196,0.8000358415410196,Protect,False,none,0.8789952989800767,cluster_margin,none,none,No Signal,0,No Escalation,Protect,52.3746,13.09365,0.8000358415410196,0.0,0.0020783630810373745
864,TEC-PH-10004700,PowerGen Dual USB Car Charger,Clustered Body,0,Stable Profit Cluster,Stable Profit Cluster,,,False,False,False,False,0,127.872,0.409375,4,False,1.0114914770426657,1.0114914770426657,Protect,False,none,0.8730790873613318,cluster_margin,moderate,none,Moderate Deterioration,1,Intensify Action,Protect (Tight Control),52.3476,13.0869,1.0114914770426657,0.0,0.0020772916494047125
865,OFF-PA-10002479,Xerox 4200 Series MultiUse Premium Copy Paper (20Lb. and 84 Bright),Clustered Body,0,Stable Profit Cluster,Stable Profit Cluster,,,False,False,False,False,0,139.392,0.375,8,False,0.47398897251831607,0.47398897251831607,Protect,False,none,0.8440117820931048,cluster_margin,none,none,No Signal,0,No Escalation,Protect,52.272,6.534,0.47398897251831607,0.0,0.0020742916408332595
866,OFF-EN-10002312,#10 Self-Seal White Envelopes,Clustered Body,0,Stable Profit Cluster,Stable Profit Cluster,,,False,False,False,False,0,108.68200000000002,0.4795918367346938,4,False,1.0116887534712544,1.0116887534712544,Protect,False,none,0.8726439635890771,cluster_margin,moderate,none,Moderate Deterioration,1,Intensify Action,Protect (Tight Control),52.123,13.03075,1.0116887534712544,0.0,0.0020683789255270886
867,OFF-ST-10003996,"Letter/Legal File Tote with Clear Snap-On Lid, Black Granite",Clustered Body,0,Stable Profit Cluster,Stable Profit Cluster,,,False,False,False,False,0,218.416,0.23823529411764705,4,False,0.8791674698556268,0.8791674698556268,Protect,False,none,0.8770630891043971,cluster_margin,none,none,No Signal,0,No Escalation,Protect,52.0344,13.0086,0.8791674698556268,0.0,0.0020648630424658357
868,OFF-PA-10003883,"Message Book, Phone, Wirebound Standard Line Memo, 2 3/4"" X 5""",Clustered Body,0,Stable Profit Cluster,Stable Profit Cluster,,,False,False,False,False,0,119.21,0.43626373626373627,5,False,0.30073805015477145,0.30073805015477145,Protect,False,none,0.8529327848255575,cluster_margin,none,none,No Signal,0,No Escalation,Protect,52.007,10.401399999999999,0.30073805015477145,0.0,0.002063775737771949
869,OFF-LA-10002475,Avery 519,Clustered Body,0,Stable Profit Cluster,Stable Profit Cluster,,,False,False,False,False,0,121.346,0.42530120481927713,6,False,0.3866040271281968,0.3866040271281968,Protect,False,none,0.849691861130073,cluster_margin,none,none,No Signal,0,No Escalation,Protect,51.6086,8.601433333333334,0.3866040271281968,0.0,0.0020479661687922285
870,OFF-LA-10001934,Avery 516,Clustered Body,0,Stable Profit Cluster,Stable Profit Cluster,,,False,False,False,False,0,109.64999999999999,0.47000000000000003,4,False,0.7511717690467485,0.7511717690467485,Protect,False,none,0.8775887883349908,cluster_margin,none,none,No Signal,0,No Escalation,Protect,51.5355,12.883875,0.7511717690467485,0.0,0.002045065366853429
871,OFF-ST-10002205,File Shuttle I and Handi-File,Clustered Body,0,Stable Profit Cluster,Stable Profit Cluster,,,False,False,False,False,0,262.668,0.19576271186440675,3,False,1.241326717560915,1.241326717560915,Protect,False,none,0.8696099094337397,cluster_margin,moderate,none,Moderate Deterioration,1,Intensify Action,Protect (Tight Control),51.42059999999999,17.140199999999997,1.241326717560915,0.0,0.0020405058300166567
872,OFF-FA-10003112,Staples,Clustered Body,0,Stable Profit Cluster,Stable Profit Cluster,,,False,False,False,False,0,146.754,0.34946236559139787,7,False,0.49271052665771303,0.49271052665771303,Protect,False,none,0.8477903927132644,cluster_margin,none,none,No Signal,0,No Escalation,Protect,51.285000000000004,7.326428571428572,0.49271052665771303,0.0,0.0020351248622615115
873,FUR-FU-10000305,"Tenex V2T-RE Standard Weight Series Chair Mat, 45"" x 53"", Lip 25"" x 12""",Clustered Body,0,Stable Profit Cluster,Stable Profit Cluster,,,False,False,False,False,0,468.468,0.10909090909090907,3,False,1.184239682237201,1.184239682237201,Protect,False,watch,0.07723207166465221,cluster_margin,moderate,none,Moderate Deterioration,2,Intensify Action,Protect (Tight Control),51.105599999999995,17.0352,1.184239682237201,0.3333333333333333,0.002028005794302269
874,OFF-ST-10004186,"Stur-D-Stor Shelving, Vertical 5-Shelf: 72""H x 36""W x 18 1/2""D",Clustered Body,0,Stable Profit Cluster,Stable Profit Cluster,,,False,False,False,False,0,2552.54,0.019999999999999997,5,False,0.5108720951036424,0.5108720951036424,Protect,False,none,0.8615368595109413,cluster_margin,none,none,No Signal,0,No Escalation,Protect,51.050799999999995,10.210159999999998,0.5108720951036424,0.0,0.0020258311849144965
875,OFF-ST-10000649,Hanging Personal Folder File,Clustered Body,0,Stable Profit Cluster,Stable Profit Cluster,,,False,False,False,False,0,251.2,0.203125,5,False,0.8944406314358456,0.8944406314358456,Protect,False,none,0.863774554301328,cluster_margin,none,none,No Signal,0,No Escalation,Protect,51.025,10.205,0.8944406314358456,0.0,0.0020248073724655085
876,OFF-PA-10000289,Xerox 213,Clustered Body,0,Stable Profit Cluster,Stable Profit Cluster,,,False,False,False,False,0,111.456,0.45581395348837206,6,False,0.6431892496698236,0.6431892496698236,Protect,False,none,0.8565386565292139,cluster_margin,none,none,No Signal,0,No Escalation,Protect,50.8032,8.4672,0.6431892496698236,0.0,0.0020160057600164573
877,OFF-BI-10004970,"ACCOHIDE 3-Ring Binder, Blue, 1""",Clustered Body,0,Stable Profit Cluster,Stable Profit Cluster,,,False,False,False,False,0,147.028,0.34494382022471914,13,False,0.7325756417005193,0.7325756417005193,Protect,False,none,0.8111831682901535,cluster_margin,none,none,No Signal,0,No Escalation,Protect,50.7164,3.9012615384615383,0.7325756417005193,0.07692307692307693,0.002012561305730715
878,OFF-AP-10003884,"Fellowes Smart Surge Ten-Outlet Protector, Platinum",Clustered Body,0,Stable Profit Cluster,Stable Profit Cluster,,,False,False,False,False,0,180.66,0.28,1,True,,0.0,Protect,False,none,0.7813330984452173,cluster_margin,none,none,No Signal,0,No Escalation,Protect,50.5848,50.5848,0.0,0.0,0.002007339068587815
879,OFF-AP-10001366,Staple holder,Clustered Body,0,Stable Profit Cluster,Stable Profit Cluster,,,False,False,False,False,0,186.66000000000003,0.26999999999999996,4,False,0.6625103261359825,0.6625103261359825,Protect,False,none,0.8747401579743515,cluster_margin,none,none,No Signal,0,No Escalation,Protect,50.3982,12.59955,0.6625103261359825,0.0,0.00199993428552653
880,TEC-PH-10004531,AT&T CL2909,Clustered Body,1,Stable Loss Cluster,Stable Loss Cluster,,,False,False,False,False,0,755.9399999999999,0.06666666666666667,3,False,2.1328987190918482,2.1328987190918482,Correct,False,watch,0.08936403424129684,cluster_margin,moderate,none,Moderate Deterioration,2,Intensify Action,Correct — Accelerated,50.395999999999994,16.798666666666666,2.1328987190918482,0.3333333333333333,0.0019998469836897946
881,TEC-AC-10002335,Logitech Media Keyboard K200,Clustered Body,1,Stable Loss Cluster,Stable Loss Cluster,,,False,False,False,False,0,503.856,0.09999999999999999,4,False,1.515295019546906,1.515295019546906,Correct,False,none,0.545201736148031,cluster_margin,moderate,none,Moderate Deterioration,1,Intensify Action,Correct — Accelerated,50.3856,12.5964,1.515295019546906,0.5,0.0019994342840979544
882,TEC-PH-10002350,Apple EarPods with Remote and Mic,Clustered Body,0,Stable Profit Cluster,Stable Profit Cluster,,,False,False,False,False,0,251.91,0.19999999999999998,4,False,0.680091580207471,0.680091580207471,Protect,False,none,0.8749384641767102,cluster_margin,none,none,No Signal,0,No Escalation,Protect,50.382,12.5955,0.680091580207471,0.0,0.001999291426546933
883,OFF-ST-10000885,Fellowes Desktop Hanging File Manager,Clustered Body,0,Stable Profit Cluster,Stable Profit Cluster,,,False,False,False,False,0,201.45000000000002,0.25,4,False,0.39211055330102784,0.39211055330102784,Protect,False,none,0.8651416780533436,cluster_margin,none,none,No Signal,0,No Escalation,Protect,50.362500000000004,12.590625000000001,0.39211055330102784,0.0,0.001998517614812233
884,OFF-PA-10002464,HP Office Recycled Paper (20Lb. and 87 Bright),Clustered Body,0,Stable Profit Cluster,Stable Profit Cluster,,,False,False,False,False,0,106.352,0.4733695652173913,4,False,0.47924549819388895,0.47924549819388895,Protect,False,none,0.8693219520842626,cluster_margin,none,none,No Signal,0,No Escalation,Protect,50.3438,12.58595,0.47924549819388895,0.0,0.0019977755491999817
885,FUR-FU-10001940,Staple-based wall hangings,Clustered Body,1,Stable Loss Cluster,Stable Loss Cluster,,,False,False,False,False,0,219.696,0.2289855072463768,10,False,2.0030899101084256,2.0030899101084256,Correct,False,none,0.4145050611437265,cluster_margin,moderate,none,Moderate Deterioration,1,Intensify Action,Correct — Accelerated,50.3072,5.0307200000000005,2.0030899101084256,0.4,0.001996323164097929
886,OFF-BI-10000174,"Wilson Jones Clip & Carry Folder Binder Tool for Ring Binders, Clear",Clustered Body,0,Stable Profit Cluster,Stable Profit Cluster,,,False,False,False,False,0,191.98,0.26163141993957706,9,False,1.5985629163237227,1.5985629163237227,Protect,False,none,0.43573374762952083,cluster_margin,severe,none,Severe Deterioration,1,Reroute Action,Reroute to Contain / Correct,50.228,5.5808888888888895,1.5985629163237227,0.2222222222222222,0.0019931802979754544
887,OFF-BI-10004826,JM Magazine Binder,Clustered Body,0,Stable Profit Cluster,Stable Profit Cluster,,,False,False,False,False,0,204.72400000000002,0.24516129032258063,6,False,1.854727106226855,1.854727106226855,Protect,False,none,0.5833500700104555,cluster_margin,severe,none,Severe Deterioration,1,Reroute Action,Reroute to Contain / Correct,50.190400000000004,8.365066666666667,1.854727106226855,0.16666666666666666,0.0019916882302203403
888,FUR-FU-10001473,"Eldon Executive Woodline II Desk Accessories, Mahogany",Clustered Body,0,Stable Profit Cluster,Stable Profit Cluster,,,False,False,False,False,0,361.87199999999996,0.13819444444444448,5,False,2.5707670639364104,2.5707670639364104,Protect,False,none,0.38578874079636505,cluster_margin,severe,none,Severe Deterioration,1,Reroute Action,Reroute to Contain / Correct,50.008700000000005,10.001740000000002,2.5707670639364104,0.2,0.0019844778921590573
889,OFF-SU-10004884,Acme Galleria Hot Forged Steel Scissors with Colored Handles,Clustered Body,0,Stable Profit Cluster,Stable Profit Cluster,,,False,False,False,False,0,195.052,0.2556451612903226,3,False,0.834031546316783,0.834031546316783,Protect,False,none,0.8879045936068878,cluster_margin,none,none,No Signal,0,No Escalation,Protect,49.8641,16.621366666666667,0.834031546316783,0.0,0.0019787397805263573
890,OFF-AR-10001468,"Sanford Prismacolor Professional Thick Lead Art Pencils, 36-Color Set",Clustered Body,0,Stable Profit Cluster,Stable Profit Cluster,,,False,False,False,False,0,209.664,0.23750000000000002,3,False,0.2437161681549192,0.2437161681549192,Protect,False,none,0.8667051506392326,cluster_margin,none,none,No Signal,0,No Escalation,Protect,49.7952,16.5984,0.2437161681549192,0.0,0.0019760056457304165
891,OFF-AR-10003727,Berol Giant Pencil Sharpener,Clustered Body,0,Stable Profit Cluster,Stable Profit Cluster,,,False,False,False,False,0,254.85000000000002,0.19533333333333333,4,False,0.9254388849002488,0.9254388849002488,Protect,False,none,0.8714156916011613,cluster_margin,none,none,No Signal,0,No Escalation,Protect,49.7807,12.445175,0.9254388849002488,0.0,0.001975430247261024
892,TEC-MA-10003674,Hewlett-Packard Deskjet 5550 Printer,Clustered Body,0,Stable Profit Cluster,Stable Profit Cluster,,,False,False,False,False,0,597.132,0.08333333333333334,1,True,,0.0,Protect,False,none,0.7843716977902,cluster_margin,none,none,No Signal,0,No Escalation,Protect,49.761,49.761,0.0,0.0,0.0019746484989957114
893,OFF-BI-10001524,GBC Premium Transparent Covers with Diagonal Lined Pattern,Clustered Body,3,Risk-Oriented Profit Cluster,Risk-Oriented Profit Cluster,,,False,False,False,False,0,780.4559999999999,0.06344086021505378,14,False,8.527848684496039,8.527848684496039,Contain,False,none,0.2761430221574569,cluster_margin,severe,none,Severe Deterioration,1,Reroute Action,Reroute to Correct,49.512800000000006,3.536628571428572,8.527848684496039,0.35714285714285715,0.0019647992645058353
894,OFF-PA-10000587,"Array Parchment Paper, Assorted Colors",Clustered Body,0,Stable Profit Cluster,Stable Profit Cluster,,,False,False,False,False,0,106.288,0.46575342465753433,4,False,0.64271967552037,0.64271967552037,Protect,False,none,0.87269006585304,cluster_margin,none,none,No Signal,0,No Escalation,Protect,49.504000000000005,12.376000000000001,0.64271967552037,0.0,0.0019644500571588935
895,FUR-FU-10000221,"Master Caster Door Stop, Brown",Clustered Body,0,Stable Profit Cluster,Stable Profit Cluster,,,False,False,False,False,0,176.784,0.2793103448275862,9,False,0.8197673950887142,0.8197673950887142,Protect,False,none,0.7727224509613267,cluster_margin,none,none,No Signal,0,No Escalation,Protect,49.3776,5.4864,0.8197673950887142,0.1111111111111111,0.001959434169811914
896,OFF-BI-10001922,Storex Dura Pro Binders,Clustered Body,0,Stable Profit Cluster,Stable Profit Cluster,,,False,False,False,False,0,153.252,0.3220930232558139,5,False,0.9765113054233793,0.9765113054233793,Protect,False,none,0.5823865287534659,cluster_margin,none,none,No Signal,0,No Escalation,Protect,49.361399999999996,9.87228,0.9765113054233793,0.2,0.0019587913108323166
897,OFF-LA-10001641,Avery 518,Clustered Body,0,Stable Profit Cluster,Stable Profit Cluster,,,False,False,False,False,0,106.47,0.46153846153846156,8,False,0.7246595957365178,0.7246595957365178,Protect,False,none,0.8440150212355125,cluster_margin,none,none,No Signal,0,No Escalation,Protect,49.14,6.1425,0.7246595957365178,0.0,0.00195000557144449
898,FUR-CH-10000422,Global Highback Leather Tilter in Burgundy,Clustered Body,1,Stable Loss Cluster,Stable Loss Cluster,,,False,False,False,False,0,2647.809,0.01855670103092783,9,False,7.12303408944553,7.12303408944553,Correct,False,none,0.25879267324052124,cluster_margin,severe,none,Severe Deterioration,1,Reroute Action,Exit / Restructure,49.13459999999999,5.459399999999999,7.12303408944553,0.5555555555555556,0.0019497912851179572
899,OFF-PA-10002606,Xerox 1928,Clustered Body,0,Stable Profit Cluster,Stable Profit Cluster,,,False,False,False,False,0,124.608,0.3940677966101695,4,False,0.6127392658094774,0.6127392658094774,Protect,False,none,0.8713242233872389,cluster_margin,none,none,No Signal,0,No Escalation,Protect,49.104,12.276,0.6127392658094774,0.0,0.0019485769959342741
900,OFF-PA-10004569,"Wirebound Message Books, Two 4 1/4"" x 5"" Forms per Page",Clustered Body,0,Stable Profit Cluster,Stable Profit Cluster,,,False,False,False,False,0,109.584,0.4479166666666667,6,False,0.5222001248508713,0.5222001248508713,Protect,False,none,0.8510510026045054,cluster_margin,none,none,No Signal,0,No Escalation,Protect,49.084500000000006,8.180750000000002,0.5222001248508713,0.0,0.0019478031841995741
901,OFF-ST-10000129,Fellowes Recycled Storage Drawers,Clustered Body,1,Stable Loss Cluster,Stable Loss Cluster,,,False,False,False,False,0,1287.9479999999999,0.03793103448275863,3,False,2.5444392276057815,2.5444392276057815,Correct,False,none,0.15692479784678653,cluster_margin,severe,none,Severe Deterioration,1,Reroute Action,Exit / Restructure,48.8532,16.2844,2.5444392276057815,0.3333333333333333,0.0019386245865464378
902,OFF-LA-10001613,Avery File Folder Labels,Clustered Body,0,Stable Profit Cluster,Stable Profit Cluster,,,False,False,False,False,0,113.472,0.4304568527918782,13,False,0.549998875327707,0.549998875327707,Protect,False,none,0.8291385770544438,cluster_margin,none,none,No Signal,0,No Escalation,Protect,48.8448,3.7572923076923077,0.549998875327707,0.0,0.0019382912522607207
903,FUR-FU-10001037,"DAX Charcoal/Nickel-Tone Document Frame, 5 x 7",Clustered Body,0,Stable Profit Cluster,Stable Profit Cluster,,,False,False,False,False,0,168.744,0.28932584269662925,7,False,1.2360212379310997,1.2360212379310997,Protect,False,none,0.6986036564591241,cluster_margin,moderate,none,Moderate Deterioration,1,Intensify Action,Protect (Tight Control),48.822,6.974571428571429,1.2360212379310997,0.14285714285714285,0.0019373864877709175
904,OFF-AP-10001303,"Holmes Cool Mist Humidifier for the Whole House with 8-Gallon Output per Day, Extended Life Filter",Clustered Body,0,Stable Profit Cluster,Stable Profit Cluster,,,False,False,False,False,0,147.26,0.3310810810810811,4,False,1.5553193906069058,1.5553193906069058,Protect,False,none,0.36913055825867913,cluster_margin,severe,none,Severe Deterioration,1,Reroute Action,Reroute to Contain / Correct,48.754999999999995,12.188749999999999,1.5553193906069058,0.25,0.0019347277500157936
905,OFF-AR-10002656,Sanford Liquid Accent Highlighters,Clustered Body,0,Stable Profit Cluster,Stable Profit Cluster,,,False,False,False,False,0,149.632,0.325,5,False,0.7931017162778574,0.7931017162778574,Protect,False,none,0.8610739843511293,cluster_margin,none,none,No Signal,0,No Escalation,Protect,48.6304,9.72608,0.7931017162778574,0.0,0.0019297832914443249
906,FUR-BO-10003660,"Bush Cubix Collection Bookcases, Fully Assembled",Clustered Body,1,Stable Loss Cluster,Stable Loss Cluster,,,False,False,False,False,0,729.2339999999999,0.06666666666666668,3,False,6.503644610402671,6.503644610402671,Correct,False,none,0.27433890135066596,cluster_margin,severe,none,Severe Deterioration,1,Reroute Action,Exit / Restructure,48.6156,16.2052,6.503644610402671,0.3333333333333333,0.001929195988179014
907,OFF-PA-10001994,"Ink Jet Note and Greeting Cards, 8-1/2"" x 5-1/2"" Card Size",Clustered Body,0,Stable Profit Cluster,Stable Profit Cluster,,,False,False,False,False,0,121.392,0.4,3,False,0.3224483632898491,0.3224483632898491,Protect,False,none,0.8702564042329487,cluster_margin,none,none,No Signal,0,No Escalation,Protect,48.5568,16.1856,0.3224483632898491,0.0,0.001926862648178995
908,OFF-BI-10003684,Wilson Jones Legal Size Ring Binders,Clustered Body,1,Stable Loss Cluster,Stable Loss Cluster,,,False,False,False,False,0,532.158,0.09090909090909091,9,False,6.6562083947204185,6.6562083947204185,Correct,False,none,0.3297640355316851,cluster_margin,severe,none,Severe Deterioration,1,Reroute Action,Exit / Restructure,48.378,5.375333333333334,6.6562083947204185,0.4444444444444444,0.0019197673898115899
909,TEC-MA-10002109,"HP Officejet Pro 8600 e-All-In-One Printer, Copier, Scanner, Fax",Clustered Body,0,Stable Profit Cluster,Stable Profit Cluster,,,False,False,False,False,0,449.97,0.10666666666666666,2,False,0.8746505876010575,0.8746505876010575,Protect,False,none,0.8942637296073094,cluster_margin,none,none,No Signal,0,No Escalation,Protect,47.9968,23.9984,0.8746505876010575,0.0,0.0019046403624645278
910,OFF-AP-10003266,"Holmes Replacement Filter for HEPA Air Cleaner, Large Room",Clustered Body,0,Stable Profit Cluster,Stable Profit Cluster,,,False,False,False,False,0,151.062,0.3176470588235294,4,False,0.5225497466307195,0.5225497466307195,Protect,False,none,0.8666041195113184,cluster_margin,none,none,No Signal,0,No Escalation,Protect,47.9844,11.9961,0.5225497466307195,0.0,0.0019041482975665645
911,OFF-PA-10000327,Xerox 1971,Clustered Body,0,Stable Profit Cluster,Stable Profit Cluster,,,False,False,False,False,0,113.848,0.42105263157894735,6,False,0.9781576400377591,0.9781576400377591,Protect,False,none,0.84798929744273,cluster_margin,none,none,No Signal,0,No Escalation,Protect,47.936,7.989333333333334,0.9781576400377591,0.0,0.0019022276571583855
912,OFF-ST-10002352,Iris Project Case,Clustered Body,0,Stable Profit Cluster,Stable Profit Cluster,,,False,False,False,False,0,225.036,0.2127659574468085,6,False,0.667349326154818,0.667349326154818,Protect,False,none,0.851975900548182,cluster_margin,none,none,No Signal,0,No Escalation,Protect,47.88,7.98,0.667349326154818,0.0,0.001900005428586939
913,FUR-FU-10001918,C-Line Cubicle Keepers Polyproplyene Holder With Velcro Backings,Clustered Body,0,Stable Profit Cluster,Stable Profit Cluster,,,False,False,False,False,0,137.17,0.3479310344827587,8,False,0.7892165616518914,0.7892165616518914,Protect,False,none,0.7502535983296428,cluster_margin,none,none,No Signal,0,No Escalation,Protect,47.7257,5.9657125,0.7892165616518914,0.125,0.001893882395219542
914,OFF-PA-10000304,Xerox 1995,Clustered Body,0,Stable Profit Cluster,Stable Profit Cluster,,,False,False,False,False,0,121.82400000000001,0.3914893617021276,6,False,0.4845113041091125,0.4845113041091125,Protect,False,none,0.8476057970581574,cluster_margin,none,none,No Signal,0,No Escalation,Protect,47.6928,7.948799999999999,0.4845113041091125,0.0,0.001892576835933817
915,OFF-PA-10002246,"Wirebound Four 2-3/4 x 5 Forms per Page, 400 Sets per Book",Clustered Body,0,Stable Profit Cluster,Stable Profit Cluster,,,False,False,False,False,0,119.97,0.3967741935483871,6,False,0.38474232457274155,0.38474232457274155,Protect,False,none,0.8434613884031529,cluster_margin,none,none,No Signal,0,No Escalation,Protect,47.601,7.9334999999999996,0.38474232457274155,0.0,0.0018889339683827667
916,FUR-FU-10004963,"Eldon 400 Class Desk Accessories, Black Carbon",Clustered Body,0,Stable Profit Cluster,Stable Profit Cluster,,,False,False,False,False,0,159.25,0.2989010989010989,6,False,0.9593777487721016,0.9593777487721016,Protect,False,none,0.663643935094486,cluster_margin,none,none,No Signal,0,No Escalation,Protect,47.6,7.933333333333334,0.9593777487721016,0.16666666666666666,0.0018888942857297054
917,FUR-CH-10002780,Office Star - Task Chair with Contemporary Loop Arms,Clustered Body,0,Stable Profit Cluster,Stable Profit Cluster,,,False,False,False,False,0,600.4680000000001,0.07878787878787878,2,False,0.10763297175014001,0.10763297175014001,Protect,False,none,0.8609390210048431,cluster_margin,none,none,No Signal,0,No Escalation,Protect,47.3096,23.6548,0.10763297175014001,0.0,0.0018773704432806318
918,TEC-AC-10001552,Logitech K350 2.4Ghz Wireless Keyboard,Clustered Body,1,Stable Loss Cluster,Stable Loss Cluster,,,False,False,False,False,0,1154.664,0.040948275862068964,5,False,3.1545783261193368,3.1545783261193368,Correct,False,none,0.48403358147075254,cluster_margin,severe,none,Severe Deterioration,1,Reroute Action,Exit / Restructure,47.2815,9.4563,3.1545783261193368,0.4,0.001876255360729602
919,OFF-PA-10000791,"Wirebound Message Books, Four 2 3/4 x 5 Forms per Page, 200 Sets per Book",Clustered Body,0,Stable Profit Cluster,Stable Profit Cluster,,,False,False,False,False,0,115.434,0.4090909090909091,6,False,0.8388399308583746,0.8388399308583746,Protect,False,none,0.8503761578808996,cluster_margin,none,none,No Signal,0,No Escalation,Protect,47.223,7.8705,0.8388399308583746,0.0,0.0018739339255255014
920,OFF-PA-10002615,"Ampad Gold Fibre Wirebound Steno Books, 6"" x 9"", Gregg Ruled",Clustered Body,0,Stable Profit Cluster,Stable Profit Cluster,,,False,False,False,False,0,106.72200000000001,0.4421487603305784,8,False,0.6890284567927332,0.6890284567927332,Protect,False,none,0.8410504172615577,cluster_margin,none,none,No Signal,0,No Escalation,Protect,47.187,5.898375,0.6890284567927332,0.0,0.0018725053500152856
921,OFF-PA-10000210,Xerox Blank Computer Paper,Clustered Body,0,Stable Profit Cluster,Stable Profit Cluster,,,False,False,False,False,0,99.9,0.47000000000000003,1,True,,0.0,Protect,False,none,0.7943429868534868,cluster_margin,none,none,No Signal,0,No Escalation,Protect,46.953,46.953,0.0,0.0,0.0018632196091988836
922,OFF-PA-10004782,Xerox 228,Clustered Body,0,Stable Profit Cluster,Stable Profit Cluster,,,False,False,False,False,0,97.2,0.48000000000000004,4,False,0.5380613176654424,0.5380613176654424,Protect,False,none,0.8645888224790335,cluster_margin,none,none,No Signal,0,No Escalation,Protect,46.656000000000006,11.664000000000001,0.5380613176654424,0.0,0.0018514338612396037
923,OFF-PA-10004255,Xerox 219,Clustered Body,0,Stable Profit Cluster,Stable Profit Cluster,,,False,False,False,False,0,97.2,0.48,4,False,0.7187326580711134,0.7187326580711134,Protect,False,none,0.8678893621254777,cluster_margin,none,none,No Signal,0,No Escalation,Protect,46.656,11.664,0.7187326580711134,0.0,0.0018514338612396035
924,FUR-FU-10001487,"Eldon Expressions Wood and Plastic Desk Accessories, Cherry Wood",Clustered Body,0,Stable Profit Cluster,Stable Profit Cluster,,,False,False,False,False,0,160.54000000000002,0.29,5,False,0.38445130807611994,0.38445130807611994,Protect,False,none,0.8486308254293348,cluster_margin,none,none,No Signal,0,No Escalation,Protect,46.5566,9.31132,0.38445130807611994,0.0,0.0018474894055252858
925,OFF-PA-10002787,Xerox 227,Clustered Body,0,Stable Profit Cluster,Stable Profit Cluster,,,False,False,False,False,0,120.528,0.38494623655913973,8,False,0.4195315452603095,0.4195315452603095,Protect,False,none,0.833932638342734,cluster_margin,none,none,No Signal,0,No Escalation,Protect,46.3968,5.7996,0.4195315452603095,0.0,0.0018411481175660501
926,FUR-FU-10000293,Eldon Antistatic Chair Mats for Low to Medium Pile Carpets,Clustered Body,0,Stable Profit Cluster,Stable Profit Cluster,,,False,False,False,False,0,1431.9440000000002,0.032352941176470584,4,False,2.433107237815759,2.433107237815759,Protect,False,none,0.2304316265401332,cluster_margin,severe,none,Severe Deterioration,1,Reroute Action,Reroute to Contain / Correct,46.3276,11.5819,2.433107237815759,0.25,0.001838402077974191
927,OFF-PA-10003072,"Eureka Recycled Copy Paper 8 1/2"" x 11"", Ream",Clustered Body,0,Stable Profit Cluster,Stable Profit Cluster,,,False,False,False,False,0,110.16000000000001,0.4188235294117647,6,False,0.7257894101126849,0.7257894101126849,Protect,False,none,0.849353197703354,cluster_margin,none,none,No Signal,0,No Escalation,Protect,46.137600000000006,7.689600000000001,0.7257894101126849,0.0,0.001830862373892497
928,OFF-PA-10000520,Xerox 201,Clustered Body,0,Stable Profit Cluster,Stable Profit Cluster,,,False,False,False,False,0,110.16,0.4188235294117647,5,False,0.46781408464652047,0.46781408464652047,Protect,False,none,0.8514870234318528,cluster_margin,none,none,No Signal,0,No Escalation,Protect,46.1376,9.22752,0.46781408464652047,0.0,0.0018308623738924968
929,OFF-BI-10002072,Cardinal Slant-D Ring Binders,Clustered Body,0,Stable Profit Cluster,Stable Profit Cluster,,,False,False,False,False,0,119.922,0.38405797101449274,5,False,1.424753799009157,1.424753799009157,Protect,False,none,0.5411279082577991,cluster_margin,moderate,none,Moderate Deterioration,1,Intensify Action,Protect (Tight Control),46.056999999999995,9.2114,1.424753799009157,0.2,0.0018276639520557359
930,TEC-PH-10004100,Griffin GC17055 Auxiliary Audio Cable,Clustered Body,0,Stable Profit Cluster,Stable Profit Cluster,,,False,False,False,False,0,395.78,0.11636363636363638,6,False,0.39210528515587345,0.39210528515587345,Protect,False,none,0.8413870976766729,cluster_margin,none,none,No Signal,0,No Escalation,Protect,46.0544,7.6757333333333335,0.39210528515587345,0.0,0.001827560777157776
931,TEC-PH-10003357,Grandstream GXP2100 Mainstream Business Phone,Clustered Body,0,Stable Profit Cluster,Stable Profit Cluster,,,False,False,False,False,0,596.6220000000001,0.07692307692307693,4,False,1.386734363083647,1.386734363083647,Protect,False,none,0.3834314113279249,cluster_margin,moderate,none,Moderate Deterioration,1,Intensify Action,Protect (Tight Control),45.894000000000005,11.473500000000001,1.386734363083647,0.25,0.0018211956796067039
932,TEC-PH-10001536,Spigen Samsung Galaxy S5 Case Wallet,Clustered Body,0,Stable Profit Cluster,Stable Profit Cluster,,,False,False,False,False,0,234.462,0.19565217391304351,5,False,0.8919902496940427,0.8919902496940427,Protect,False,none,0.8544035789665799,cluster_margin,none,none,No Signal,0,No Escalation,Protect,45.873000000000005,9.174600000000002,0.8919902496940427,0.0,0.0018203623438924114
933,OFF-SU-10004261,"Fiskars 8"" Scissors, 2/Pack",Clustered Body,0,Stable Profit Cluster,Stable Profit Cluster,,,False,False,False,False,0,217.224,0.21111111111111114,4,False,0.7934297511593004,0.7934297511593004,Protect,False,none,0.8661304118528257,cluster_margin,none,none,No Signal,0,No Escalation,Protect,45.8584,11.4646,0.7934297511593004,0.0,0.0018197829771577126
934,OFF-PA-10003845,Xerox 1987,Clustered Body,0,Stable Profit Cluster,Stable Profit Cluster,,,False,False,False,False,0,92.48,0.48999999999999994,4,False,0.7198824046722788,0.7198824046722788,Protect,False,none,0.8652032501274352,cluster_margin,none,none,No Signal,0,No Escalation,Protect,45.3152,11.3288,0.7198824046722788,0.0,0.0017982273600146792
935,OFF-PA-10001745,"Wirebound Message Books, 2 7/8"" x 5"", 3 Forms per Page",Clustered Body,0,Stable Profit Cluster,Stable Profit Cluster,,,False,False,False,False,0,108.416,0.414935064935065,3,False,0.10915675247095467,0.10915675247095467,Protect,False,none,0.8482862113087416,cluster_margin,none,none,No Signal,0,No Escalation,Protect,44.985600000000005,14.995200000000002,0.10915675247095467,0.0,0.0017851479575655932
936,TEC-MA-10003066,Wasp CCD Handheld Bar Code Reader,Clustered Body,0,Stable Profit Cluster,Stable Profit Cluster,,,False,False,False,False,0,336.51,0.13333333333333333,1,True,,0.0,Protect,False,none,0.80128987674383,cluster_margin,none,none,No Signal,0,No Escalation,Protect,44.868,44.868,0.0,0.0,0.001780481277565555
937,OFF-PA-10000477,Xerox 1952,Clustered Body,0,Stable Profit Cluster,Stable Profit Cluster,,,False,False,False,False,0,97.60799999999999,0.4591836734693878,4,False,1.1290433046250061,1.1290433046250061,Protect,False,none,0.8523831904337813,cluster_margin,moderate,none,Moderate Deterioration,1,Intensify Action,Protect (Tight Control),44.82,11.205,1.1290433046250061,0.0,0.0017785765102186007
938,OFF-ST-10001291,"Tenex Personal Self-Stacking Standard File Box, Black/Gray",Clustered Body,0,Stable Profit Cluster,Stable Profit Cluster,,,False,False,False,False,0,229.976,0.19485294117647056,5,False,0.8821969721535687,0.8821969721535687,Protect,False,none,0.8526604674792394,cluster_margin,none,none,No Signal,0,No Escalation,Protect,44.811499999999995,8.962299999999999,0.8821969721535687,0.0,0.0017782392076675772
939,FUR-FU-10001706,Longer-Life Soft White Bulbs,Clustered Body,0,Stable Profit Cluster,Stable Profit Cluster,,,False,False,False,False,0,115.19200000000001,0.38823529411764707,10,False,1.349908206077821,1.349908206077821,Protect,False,none,0.5249489957569502,cluster_margin,moderate,none,Moderate Deterioration,1,Intensify Action,Protect (Tight Control),44.7216,4.472160000000001,1.349908206077821,0.2,0.0017746717371573443
940,FUR-FU-10002960,"Eldon 200 Class Desk Accessories, Burgundy",Clustered Body,0,Stable Profit Cluster,Stable Profit Cluster,,,False,False,False,False,0,135.648,0.3287037037037037,5,False,0.358182487422458,0.358182487422458,Protect,False,none,0.8440496815194336,cluster_margin,none,none,No Signal,0,No Escalation,Protect,44.588,8.9176,0.358182487422458,0.0,0.0017693701347083215
941,OFF-AR-10004691,Boston 1730 StandUp Electric Pencil Sharpener,Clustered Body,0,Stable Profit Cluster,Stable Profit Cluster,,,False,False,False,False,0,171.04,0.26,3,False,0.2128684833438058,0.2128684833438058,Protect,False,none,0.8554742755524621,cluster_margin,none,none,No Signal,0,No Escalation,Protect,44.4704,14.823466666666667,0.2128684833438058,0.0,0.0017647034547082832
942,TEC-PH-10000675,Panasonic KX TS3282B Corded phone,Clustered Body,0,Stable Profit Cluster,Stable Profit Cluster,,,False,False,False,False,0,590.328,0.075,3,False,0.0,0.0,Protect,False,none,0.8378872418830885,cluster_margin,none,none,No Signal,0,No Escalation,Protect,44.2746,14.7582,0.0,0.0,0.001756933591238832
943,OFF-ST-10003722,Project Tote Personal File,Clustered Body,0,Stable Profit Cluster,Stable Profit Cluster,,,False,False,False,False,0,193.61399999999998,0.2282608695652174,4,False,1.0386300938700566,1.0386300938700566,Protect,False,none,0.855961317452849,cluster_margin,moderate,none,Moderate Deterioration,1,Intensify Action,Protect (Tight Control),44.1945,11.048625,1.0386300938700566,0.0,0.001753755010728602
944,FUR-FU-10003724,Westinghouse Clip-On Gooseneck Lamps,Clustered Body,0,Stable Profit Cluster,Stable Profit Cluster,,,False,False,False,False,0,279.558,0.15808383233532936,9,False,1.7541187357608838,1.7541187357608838,Protect,False,none,0.6915155876050271,cluster_margin,severe,none,Severe Deterioration,1,Reroute Action,Reroute to Contain / Correct,44.1936,4.9104,1.7541187357608838,0.1111111111111111,0.0017537192963408468
945,FUR-CH-10002304,"Global Stack Chair without Arms, Black",Clustered Body,1,Stable Loss Cluster,Stable Loss Cluster,,,False,False,False,False,0,901.5060000000001,0.04899135446685878,7,False,2.776807856207565,2.776807856207565,Correct,False,high,0.036504264338884235,cluster_margin,severe,none,High Classification Instability,2,Reassess Classification,Reassess Classification,44.166,6.309428571428571,2.776807856207565,0.2857142857142857,0.0017526240551163478
946,OFF-PA-10004610,Xerox 1900,Clustered Body,0,Stable Profit Cluster,Stable Profit Cluster,,,False,False,False,False,0,105.28800000000001,0.4186991869918699,7,False,0.8605341782964916,0.8605341782964916,Protect,False,none,0.8393594888380415,cluster_margin,none,none,No Signal,0,No Escalation,Protect,44.084,6.297714285714286,0.8605341782964916,0.0,0.001749370077565301
947,OFF-PA-10001892,"Rediform Wirebound ""Phone Memo"" Message Book, 11 x 5-3/4",Clustered Body,0,Stable Profit Cluster,Stable Profit Cluster,,,False,False,False,False,0,110.016,0.39791666666666664,5,False,0.5425811280791069,0.5425811280791069,Protect,False,none,0.8497381698431676,cluster_margin,none,none,No Signal,0,No Escalation,Protect,43.7772,8.75544,0.5425811280791069,0.0,0.001737195439606018
948,OFF-AR-10000034,"BIC Brite Liner Grip Highlighters, Assorted, 5/Pack",Clustered Body,0,Stable Profit Cluster,Stable Profit Cluster,,,False,False,False,False,0,118.72,0.3682142857142857,6,False,0.6620852828922141,0.6620852828922141,Protect,False,none,0.8449195287592964,cluster_margin,none,none,No Signal,0,No Escalation,Protect,43.7144,7.285733333333333,0.6620852828922141,0.0,0.0017347033689937526
949,OFF-AP-10003040,Fellowes 8 Outlet Superior Workstation Surge Protector w/o Phone/Fax/Modem Protection,Clustered Body,1,Stable Loss Cluster,Stable Loss Cluster,,,False,False,False,False,0,665.6759999999999,0.06565656565656566,5,False,6.349687998839046,6.349687998839046,Correct,False,watch,0.07238123906088932,cluster_margin,severe,none,Severe Deterioration,2,Reroute Action,Exit / Restructure,43.706,8.741200000000001,6.349687998839046,0.2,0.0017343700347080358
950,OFF-PA-10003893,Xerox 1962,Clustered Body,0,Stable Profit Cluster,Stable Profit Cluster,,,False,False,False,False,0,109.568,0.3984375,7,False,0.42630422326727324,0.42630422326727324,Protect,False,none,0.83413285637074,cluster_margin,none,none,No Signal,0,No Escalation,Protect,43.656,6.236571428571429,0.42630422326727324,0.0,0.0017323859020549582
951,OFF-PA-10001937,Xerox 21,Clustered Body,0,Stable Profit Cluster,Stable Profit Cluster,,,False,False,False,False,0,124.416,0.35000000000000003,7,False,0.48154610060675807,0.48154610060675807,Protect,False,none,0.835859705848896,cluster_margin,none,none,No Signal,0,No Escalation,Protect,43.5456,6.2208,0.48154610060675807,0.0,0.0017280049371569634
952,OFF-PA-10002586,Xerox 1970,Clustered Body,0,Stable Profit Cluster,Stable Profit Cluster,,,False,False,False,False,0,101.592,0.4284313725490196,6,False,0.329555337621996,0.329555337621996,Protect,False,none,0.834536897103785,cluster_margin,none,none,No Signal,0,No Escalation,Protect,43.5252,7.2542,0.329555337621996,0.0,0.0017271954110345076
953,OFF-BI-10003476,Avery Metallic Poly Binders,Clustered Body,1,Stable Loss Cluster,Stable Loss Cluster,,,False,False,False,False,0,135.80100000000002,0.31983122362869193,6,False,1.3707133955961905,1.3707133955961905,Correct,False,high,0.03330962904098085,cluster_margin,none,none,High Classification Instability,1,Reassess Classification,Reassess Classification,43.4334,7.2389,1.3707133955961905,0.3333333333333333,0.0017235525434834576
954,OFF-PA-10001526,Xerox 1949,Clustered Body,0,Stable Profit Cluster,Stable Profit Cluster,,,False,False,False,False,0,114.54,0.3791304347826087,8,False,0.7206107406006302,0.7206107406006302,Protect,False,none,0.8355619093593225,cluster_margin,none,none,No Signal,0,No Escalation,Protect,43.4256,5.4282,0.7206107406006302,0.0,0.0017232430187895777
955,OFF-LA-10002034,Avery 478,Clustered Body,0,Stable Profit Cluster,Stable Profit Cluster,,,False,False,False,False,0,88.38000000000001,0.48999999999999994,4,False,0.5745020272074188,0.5745020272074188,Protect,False,none,0.8590889185697493,cluster_margin,none,none,No Signal,0,No Escalation,Protect,43.3062,10.82655,0.5745020272074188,0.0,0.0017185049100140286
956,OFF-FA-10000134,"Advantus Push Pins, Aluminum Head",Clustered Body,0,Stable Profit Cluster,Stable Profit Cluster,,,False,False,False,False,0,139.44,0.31,5,False,0.6773680402011588,0.6773680402011588,Protect,False,none,0.8511081986848257,cluster_margin,none,none,No Signal,0,No Escalation,Protect,43.2264,8.64528,0.6773680402011588,0.0,0.001715338234299717
957,TEC-MA-10002937,"Canon Color ImageCLASS MF8580Cdw Wireless Laser All-In-One Printer, Copier, Scanner",Clustered Body,0,Stable Profit Cluster,Stable Profit Cluster,,,False,False,False,False,0,1007.979,0.04285714285714286,1,True,,0.0,Protect,False,none,0.8065149767615615,cluster_margin,none,none,No Signal,0,No Escalation,Protect,43.1991,43.1991,0.0,0.0,0.001714254897871137
958,TEC-AC-10000580,Logitech G13 Programmable Gameboard with LCD Display,Clustered Body,1,Stable Loss Cluster,Stable Loss Cluster,,,False,False,False,False,0,1039.87,0.04153846153846154,4,False,3.2617494542047982,3.2617494542047982,Correct,False,none,0.6786111138104874,cluster_margin,severe,none,Severe Deterioration,1,Reroute Action,Exit / Restructure,43.194599999999994,10.798649999999999,3.2617494542047982,0.5,0.0017140763259323596
959,OFF-PA-10000659,"Adams Phone Message Book, Professional, 400 Message Capacity, 5 3/6” x 11”",Clustered Body,0,Stable Profit Cluster,Stable Profit Cluster,,,False,False,False,False,0,94.928,0.4544117647058824,3,False,0.9201781015015589,0.9201781015015589,Protect,False,none,0.8719316592474136,cluster_margin,none,none,No Signal,0,No Escalation,Protect,43.1364,14.3788,0.9201781015015589,0.0,0.0017117667955241778
960,OFF-LA-10002195,Avery 481,Clustered Body,0,Stable Profit Cluster,Stable Profit Cluster,,,False,False,False,False,0,91.168,0.4729729729729729,5,False,0.5346201600354502,0.5346201600354502,Protect,False,none,0.8483436168732119,cluster_margin,none,none,No Signal,0,No Escalation,Protect,43.12,8.623999999999999,0.5346201600354502,0.0,0.0017111160000139681
961,TEC-PH-10000149,Cisco SPA525G2 IP Phone - Wireless,Clustered Body,0,Stable Profit Cluster,Stable Profit Cluster,,,False,False,False,False,0,426.93,0.10093457943925233,5,False,1.6341839050478293,1.6341839050478293,Protect,False,none,0.5127838139917259,cluster_margin,severe,none,Severe Deterioration,1,Reroute Action,Reroute to Contain / Correct,43.092,8.6184,1.6341839050478293,0.2,0.0017100048857282449
962,OFF-AR-10002399,"Dixon Prang Watercolor Pencils, 10-Color Set with Brush",Clustered Body,0,Stable Profit Cluster,Stable Profit Cluster,,,False,False,False,False,0,110.76,0.3873076923076923,7,False,0.7923072977282987,0.7923072977282987,Protect,False,none,0.8384081176916521,cluster_margin,none,none,No Signal,0,No Escalation,Protect,42.8982,6.1283142857142865,0.7923072977282987,0.0,0.001702314387564917
963,OFF-AR-10001958,Stanley Bostitch Contemporary Electric Pencil Sharpeners,Clustered Body,0,Stable Profit Cluster,Stable Profit Cluster,,,False,False,False,False,0,275.076,0.15555555555555553,7,False,0.7156958248557319,0.7156958248557319,Protect,False,none,0.8385386157275788,cluster_margin,none,none,No Signal,0,No Escalation,Protect,42.7896,6.1128,0.7156958248557319,0.0,0.0016980048514424328
964,FUR-FU-10003142,"Master Big Foot Doorstop, Beige",Clustered Body,0,Stable Profit Cluster,Stable Profit Cluster,,,False,False,False,False,0,152.064,0.28125,6,False,0.40580683319138905,0.40580683319138905,Protect,False,none,0.8367838237086934,cluster_margin,none,none,No Signal,0,No Escalation,Protect,42.768,7.128,0.40580683319138905,0.0,0.0016971477061363033
965,OFF-LA-10000305,Avery 495,Clustered Body,0,Stable Profit Cluster,Stable Profit Cluster,,,False,False,False,False,0,97.02,0.438961038961039,4,False,0.7809434853759583,0.7809434853759583,Protect,False,none,0.8595645665926602,cluster_margin,none,none,No Signal,0,No Escalation,Protect,42.588,10.647,0.7809434853759583,0.0,0.0016900048285852247
966,TEC-AC-10004510,Logitech Desktop MK120 Mouse and keyboard Combo,Clustered Body,1,Stable Loss Cluster,Stable Loss Cluster,,,False,False,False,False,0,778.736,0.05462184873949581,12,False,1.82599332155333,1.82599332155333,Correct,False,none,0.14129198344023028,cluster_margin,moderate,none,Moderate Deterioration,1,Intensify Action,Correct — Accelerated,42.53600000000001,3.5446666666666675,1.82599332155333,0.3333333333333333,0.0016879413306260243
967,OFF-LA-10002787,Avery 480,Clustered Body,0,Stable Profit Cluster,Stable Profit Cluster,,,False,False,False,False,0,89.25,0.47563025210084037,6,False,0.6465480145982726,0.6465480145982726,Protect,False,none,0.8426193444188422,cluster_margin,none,none,No Signal,0,No Escalation,Protect,42.45,7.075,0.6465480145982726,0.0,0.001684528622462731
968,TEC-AC-10004209,Memorex Froggy Flash Drive 4 GB,Clustered Body,0,Stable Profit Cluster,Stable Profit Cluster,,,False,False,False,False,0,136.276,0.31129032258064515,5,False,0.34713391970481783,0.34713391970481783,Protect,False,none,0.8398583808815846,cluster_margin,none,none,No Signal,0,No Escalation,Protect,42.4214,8.48428,0.34713391970481783,0.0,0.0016833936985851704
969,OFF-EN-10001028,Staple envelope,Clustered Body,0,Stable Profit Cluster,Stable Profit Cluster,,,False,False,False,False,0,100.63199999999999,0.42142857142857143,2,False,0.781662364157965,0.781662364157965,Protect,False,none,0.8882713192611237,cluster_margin,none,none,No Signal,0,No Escalation,Protect,42.4092,21.2046,0.781662364157965,0.0,0.0016829095702178196
970,OFF-AP-10004249,Staple holder,Clustered Body,0,Stable Profit Cluster,Stable Profit Cluster,,,False,False,False,False,0,234.61200000000002,0.18061224489795918,5,False,1.182236729425901,1.182236729425901,Protect,False,none,0.5566876152812321,cluster_margin,moderate,none,Moderate Deterioration,1,Intensify Action,Protect (Tight Control),42.3738,8.47476,1.182236729425901,0.2,0.001681504804299441
971,OFF-BI-10000404,Avery Printable Repositionable Plastic Tabs,Clustered Body,0,Stable Profit Cluster,Stable Profit Cluster,,,False,False,False,False,0,115.24000000000001,0.36716417910447763,6,False,1.1542547811925516,1.1542547811925516,Protect,False,none,0.6438388199724845,cluster_margin,moderate,none,Moderate Deterioration,1,Intensify Action,Protect (Tight Control),42.312000000000005,7.0520000000000005,1.1542547811925516,0.16666666666666666,0.0016790524163402373
972,FUR-FU-10002456,"Master Caster Door Stop, Large Neon Orange",Clustered Body,0,Stable Profit Cluster,Stable Profit Cluster,,,False,False,False,False,0,154.336,0.2740566037735849,7,False,1.0878608063886521,1.0878608063886521,Protect,False,none,0.6985416880214502,cluster_margin,moderate,none,Moderate Deterioration,1,Intensify Action,Protect (Tight Control),42.2968,6.0424,1.0878608063886521,0.14285714285714285,0.0016784492400137014
973,FUR-FU-10000409,"GE 4 Foot Flourescent Tube, 40 Watt",Clustered Body,0,Stable Profit Cluster,Stable Profit Cluster,,,False,False,False,False,0,98.868,0.4272727272727273,3,False,0.8151226881535322,0.8151226881535322,Protect,False,none,0.8721529909673269,cluster_margin,none,none,No Signal,0,No Escalation,Protect,42.2436,14.0812,0.8151226881535322,0.0,0.0016763381228708273
974,OFF-BI-10001900,"DXL Angle-View Binders with Locking Rings, Black",Clustered Body,0,Stable Profit Cluster,Stable Profit Cluster,,,False,False,False,False,0,124.592,0.33749999999999997,4,False,0.67740657400787,0.67740657400787,Protect,False,none,0.8583194288467738,cluster_margin,none,none,No Signal,0,No Escalation,Protect,42.0498,10.51245,0.67740657400787,0.0,0.0016686476247074992
975,TEC-AC-10003614,"Verbatim 25 GB 6x Blu-ray Single Layer Recordable Disc, 10/Pack",Clustered Body,0,Stable Profit Cluster,Stable Profit Cluster,,,False,False,False,False,0,150.67000000000002,0.2784615384615385,5,False,0.583228976769372,0.583228976769372,Protect,False,none,0.8474125916406104,cluster_margin,none,none,No Signal,0,No Escalation,Protect,41.9558,8.391160000000001,0.583228976769372,0.0,0.0016649174553197137
976,FUR-FU-10003731,"Eldon Expressions Wood and Plastic Desk Accessories, Oak",Clustered Body,0,Stable Profit Cluster,Stable Profit Cluster,,,False,False,False,False,0,149.7,0.28,5,False,0.45757714390823584,0.45757714390823584,Protect,False,none,0.8437294910140615,cluster_margin,none,none,No Signal,0,No Escalation,Protect,41.916,8.383199999999999,0.45757714390823584,0.0,0.001663338085727864
977,FUR-FU-10003878,"Linden 10"" Round Wall Clock, Black",Clustered Body,0,Stable Profit Cluster,Stable Profit Cluster,,,False,False,False,False,0,253.648,0.1650602409638554,6,False,1.955273895034016,1.955273895034016,Protect,False,none,0.5567733203783621,cluster_margin,severe,none,Severe Deterioration,1,Reroute Action,Reroute to Contain / Correct,41.8672,6.977866666666666,1.955273895034016,0.16666666666666666,0.0016614015722584603
978,TEC-PH-10003988,"LF Elite 3D Dazzle Designer Hard Case Cover, Lf Stylus Pen and Wiper For Apple Iphone 5c Mini Lite",Clustered Body,0,Stable Profit Cluster,Stable Profit Cluster,,,False,False,False,False,0,261.6,0.16,8,False,1.0756693218571103,1.0756693218571103,Protect,False,none,0.7304839920272808,cluster_margin,moderate,none,Moderate Deterioration,1,Intensify Action,Protect (Tight Control),41.856,5.232,1.0756693218571103,0.125,0.0016609571265441712
979,OFF-LA-10000407,Avery White Multi-Purpose Labels,Clustered Body,0,Stable Profit Cluster,Stable Profit Cluster,,,False,False,False,False,0,95.616,0.4375,4,False,0.5486941798318348,0.5486941798318348,Protect,False,none,0.8554964567124812,cluster_margin,none,none,No Signal,0,No Escalation,Protect,41.832,10.458,0.5486941798318348,0.0,0.0016600047428706939
980,OFF-AP-10003860,Fellowes Advanced 8 Outlet Surge Suppressor with Phone/Fax Protection,Clustered Body,0,Stable Profit Cluster,Stable Profit Cluster,,,False,False,False,False,0,244.288,0.17045454545454544,3,False,0.996117266413854,0.996117266413854,Protect,False,none,0.8659624062978362,cluster_margin,none,none,No Signal,0,No Escalation,Protect,41.64,13.88,0.996117266413854,0.0,0.0016523856734828766
981,OFF-BI-10001617,GBC Wire Binding Combs,Clustered Body,0,Stable Profit Cluster,Stable Profit Cluster,,,False,False,False,False,0,184.052,0.2258426966292135,7,False,1.7339787030803242,1.7339787030803242,Protect,False,none,0.1441651784507027,cluster_margin,severe,none,Severe Deterioration,1,Reroute Action,Reroute to Contain / Correct,41.5668,5.938114285714286,1.7339787030803242,0.2857142857142857,0.0016494809032787713
982,TEC-AC-10002550,Maxell 4.7GB DVD-RW 3/Pack,Clustered Body,0,Stable Profit Cluster,Stable Profit Cluster,,,False,False,False,False,0,146.55599999999998,0.28260869565217395,4,False,0.6415940806739037,0.6415940806739037,Protect,False,none,0.8566157751941621,cluster_margin,none,none,No Signal,0,No Escalation,Protect,41.418,10.3545,0.6415940806739037,0.0,0.0016435761245032128
983,OFF-AP-10002082,Holmes HEPA Air Purifier,Clustered Body,0,Stable Profit Cluster,Stable Profit Cluster,,,False,False,False,False,0,239.58,0.17272727272727273,6,False,2.0128288886094476,2.0128288886094476,Protect,False,none,0.5478481521878815,cluster_margin,severe,none,Severe Deterioration,1,Reroute Action,Reroute to Contain / Correct,41.382000000000005,6.897000000000001,2.0128288886094476,0.16666666666666666,0.0016421475489929974
984,OFF-LA-10003148,Avery 51,Clustered Body,0,Stable Profit Cluster,Stable Profit Cluster,,,False,False,False,False,0,95.75999999999999,0.4315789473684211,5,False,0.11244740924727843,0.11244740924727843,Protect,False,none,0.8240973730362645,cluster_margin,none,none,No Signal,0,No Escalation,Protect,41.328,8.265600000000001,0.11244740924727843,0.0,0.0016400046857276737
985,OFF-PA-10003177,Xerox 1999,Clustered Body,0,Stable Profit Cluster,Stable Profit Cluster,,,False,False,False,False,0,98.49600000000001,0.4184210526315789,7,False,0.06768496029096129,0.06768496029096129,Protect,False,none,0.8113968550732189,cluster_margin,none,none,No Signal,0,No Escalation,Protect,41.2128,5.887542857142857,0.06768496029096129,0.0,0.001635433244094983
986,OFF-BI-10003707,Aluminum Screw Posts,Clustered Body,1,Stable Loss Cluster,Stable Loss Cluster,,,False,False,False,False,0,354.03200000000004,0.11637931034482757,11,False,5.208126240315189,5.208126240315189,Correct,False,none,0.6227796742970433,cluster_margin,severe,none,Severe Deterioration,1,Reroute Action,Exit / Restructure,41.202,3.7456363636363634,5.208126240315189,0.5454545454545454,0.0016350046714419184
987,FUR-CH-10003981,Global Commerce Series Low-Back Swivel/Tilt Chairs,Clustered Body,1,Stable Loss Cluster,Stable Loss Cluster,,,False,False,False,False,0,4420.0560000000005,0.009302325581395349,7,False,6.647877456849296,6.647877456849296,Correct,False,none,0.3496427563696177,cluster_margin,severe,none,Severe Deterioration,1,Reroute Action,Exit / Restructure,41.116800000000005,5.8738285714285725,6.647877456849296,0.8571428571428571,0.0016316237094010746
988,OFF-PA-10003309,Xerox 211,Clustered Body,0,Stable Profit Cluster,Stable Profit Cluster,,,False,False,False,False,0,104.976,0.3901234567901235,4,False,0.3286809673851703,0.3286809673851703,Protect,False,none,0.8447724020164822,cluster_margin,none,none,No Signal,0,No Escalation,Protect,40.9536,10.2384,0.3286809673851703,0.0,0.00162514750042143
989,OFF-PA-10002709,Xerox 1956,Clustered Body,0,Stable Profit Cluster,Stable Profit Cluster,,,False,False,False,False,0,89.7,0.45599999999999996,2,False,0.8046530421429274,0.8046530421429274,Protect,False,none,0.8855604263574716,cluster_margin,none,none,No Signal,0,No Escalation,Protect,40.9032,20.4516,0.8046530421429274,0.0,0.0016231474947071276
990,OFF-PA-10004675,"Telephone Message Books with Fax/Mobile Section, 5 1/2"" x 3 3/16""",Clustered Body,0,Stable Profit Cluster,Stable Profit Cluster,,,False,False,False,False,0,99.06,0.4115384615384616,6,False,0.4289680579511228,0.4289680579511228,Protect,False,none,0.834476408479036,cluster_margin,none,none,No Signal,0,No Escalation,Protect,40.767,6.7945,0.4289680579511228,0.0,0.001617742717360145
991,OFF-PA-10002751,Xerox 1920,Clustered Body,0,Stable Profit Cluster,Stable Profit Cluster,,,False,False,False,False,0,89.7,0.45,4,False,0.5768146077175295,0.5768146077175295,Protect,False,none,0.8532818109040464,cluster_margin,none,none,No Signal,0,No Escalation,Protect,40.365,10.09125,0.5768146077175295,0.0,0.0016017902908294025
992,OFF-PA-10003022,Xerox 1992,Clustered Body,0,Stable Profit Cluster,Stable Profit Cluster,,,False,False,False,False,0,86.112,0.46874999999999994,4,False,0.5096379199189787,0.5096379199189787,Protect,False,none,0.8514362789694602,cluster_margin,none,none,No Signal,0,No Escalation,Protect,40.364999999999995,10.091249999999999,0.5096379199189787,0.0,0.001601790290829402
993,OFF-PA-10003001,Xerox 1986,Clustered Body,0,Stable Profit Cluster,Stable Profit Cluster,,,False,False,False,False,0,85.50399999999999,0.47187500000000004,4,False,1.224182323195722,1.224182323195722,Protect,False,none,0.8375586615531162,cluster_margin,moderate,none,Moderate Deterioration,1,Intensify Action,Protect (Tight Control),40.3472,10.0868,1.224182323195722,0.0,0.0016010839396049068
994,TEC-PH-10004959,Classic Ivory Antique Telephone ZL1810,Clustered Body,0,Stable Profit Cluster,Stable Profit Cluster,,,False,False,False,False,0,341.666,0.11764705882352941,2,False,0.3491524294835968,0.3491524294835968,Protect,False,none,0.8709423381287924,cluster_margin,none,none,No Signal,0,No Escalation,Protect,40.196,20.098,0.3491524294835968,0.0,0.0015950839224620006
995,OFF-BI-10000088,GBC Imprintable Covers,Clustered Body,1,Stable Loss Cluster,Stable Loss Cluster,,,False,False,False,False,0,241.56,0.16545454545454547,8,False,3.3947117952316326,3.3947117952316326,Correct,False,none,0.4513376473847587,cluster_margin,severe,none,Severe Deterioration,1,Reroute Action,Exit / Restructure,39.967200000000005,4.995900000000001,3.3947117952316326,0.375,0.0015860045314415186
996,OFF-BI-10002437,Recycled Premium Regency Composition Covers,Clustered Body,0,Stable Profit Cluster,Stable Profit Cluster,,,False,False,False,False,0,110.01599999999999,0.3625,3,False,0.5665537486581673,0.5665537486581673,Protect,False,none,0.8648272431738453,cluster_margin,none,none,No Signal,0,No Escalation,Protect,39.880799999999994,13.293599999999998,0.5665537486581673,0.0,0.0015825759502170005
997,OFF-LA-10003223,Avery 508,Clustered Body,0,Stable Profit Cluster,Stable Profit Cluster,,,False,False,False,False,0,87.39800000000001,0.4556179775280898,6,False,0.5769261424325834,0.5769261424325834,Protect,False,none,0.8371115953071934,cluster_margin,none,none,No Signal,0,No Escalation,Protect,39.8201,6.636683333333333,0.5769261424325834,0.0,0.0015801672131761646
998,FUR-FU-10002379,Eldon Econocleat Chair Mats for Low Pile Carpets,Clustered Body,0,Stable Profit Cluster,Stable Profit Cluster,,,False,False,False,False,0,331.76,0.12,2,False,0.3491104260166563,0.3491104260166563,Protect,False,none,0.8703199374208316,cluster_margin,none,none,No Signal,0,No Escalation,Protect,39.8112,19.9056,0.3491104260166563,0.0,0.0015798140375639167
999,FUR-FU-10002396,"DAX Copper Panel Document Frame, 5 x 7 Size",Clustered Body,0,Stable Profit Cluster,Stable Profit Cluster,,,False,False,False,False,0,171.088,0.2323529411764706,5,False,1.4447704668783774,1.4447704668783774,Protect,False,none,0.5280046782466581,cluster_margin,moderate,none,Moderate Deterioration,1,Intensify Action,Protect (Tight Control),39.7528,7.95056,1.4447704668783774,0.2,0.0015774965706251225
1000,OFF-PA-10003349,Xerox 1957,Clustered Body,0,Stable Profit Cluster,Stable Profit Cluster,,,False,False,False,False,0,95.904,0.41418918918918923,6,False,0.20423901500302596,0.20423901500302596,Protect,False,none,0.8219986600290543,cluster_margin,none,none,No Signal,0,No Escalation,Protect,39.7224,6.6204,0.20423901500302596,0.0,0.0015762902179720514
1001,OFF-LA-10000121,Avery 48,Clustered Body,0,Stable Profit Cluster,Stable Profit Cluster,,,False,False,False,False,0,90.72,0.4375,3,False,0.837292281914813,0.837292281914813,Protect,False,none,0.8661523319842497,cluster_margin,none,none,No Signal,0,No Escalation,Protect,39.69,13.229999999999999,0.837292281914813,0.0,0.0015750045000128571
1002,OFF-PA-10001260,"TOPS Money Receipt Book, Consecutively Numbered in Red,",Clustered Body,0,Stable Profit Cluster,Stable Profit Cluster,,,False,False,False,False,0,88.11,0.45000000000000007,2,False,0.38082822019363993,0.38082822019363993,Protect,False,none,0.8719642994714699,cluster_margin,none,none,No Signal,0,No Escalation,Protect,39.6495,19.82475,0.38082822019363993,0.0,0.0015733973525638646
1003,OFF-ST-10001580,Super Decoflex Portable Personal File,Clustered Body,0,Stable Profit Cluster,Stable Profit Cluster,,,False,False,False,False,0,179.76,0.22000000000000003,5,False,0.7827345756363724,0.7827345756363724,Protect,False,none,0.8442544987771742,cluster_margin,none,none,No Signal,0,No Escalation,Protect,39.547200000000004,7.909440000000001,0.7827345756363724,0.0,0.0015693378171556683
1004,OFF-EN-10002600,"Redi-Strip #10 Envelopes, 4 1/8 x 9 1/2",Clustered Body,0,Stable Profit Cluster,Stable Profit Cluster,,,False,False,False,False,0,93.22,0.42405063291139244,7,False,0.6624099343037733,0.6624099343037733,Protect,False,none,0.8331098725531937,cluster_margin,none,none,No Signal,0,No Escalation,Protect,39.53,5.647142857142858,0.6624099343037733,0.0,0.0015686552755230095
1005,OFF-PA-10004971,Xerox 196,Clustered Body,0,Stable Profit Cluster,Stable Profit Cluster,,,False,False,False,False,0,92.48,0.42625,8,False,0.4281149600797655,0.4281149600797655,Protect,False,none,0.8244222194536353,cluster_margin,none,none,No Signal,0,No Escalation,Protect,39.4196,4.92745,0.4281149600797655,0.0,0.0015642743106250147
1006,OFF-BI-10003984,Lock-Up Easel 'Spel-Binder',Clustered Body,3,Risk-Oriented Profit Cluster,Risk-Oriented Profit Cluster,,,False,False,False,False,0,704.691,0.05587044534412954,7,False,9.718309730214285,9.718309730214285,Contain,False,none,0.4716367674485942,cluster_margin,severe,none,Severe Deterioration,1,Reroute Action,Reroute to Correct,39.371399999999994,5.624485714285713,9.718309730214285,0.5714285714285714,0.0015623616067474476
1007,OFF-AR-10004062,Staples in misc. colors,Clustered Body,0,Stable Profit Cluster,Stable Profit Cluster,,,False,False,False,False,0,157.20000000000002,0.25,3,False,0.8552410439908464,0.8552410439908464,Protect,False,none,0.8649671618311912,cluster_margin,none,none,No Signal,0,No Escalation,Protect,39.300000000000004,13.100000000000001,0.8552410439908464,0.0,0.0015595282653188534
1008,OFF-PA-10002947,Xerox 1923,Clustered Body,0,Stable Profit Cluster,Stable Profit Cluster,,,False,False,False,False,0,94.856,0.4140845070422535,5,False,0.5239106101755949,0.5239106101755949,Protect,False,none,0.8411263583269585,cluster_margin,none,none,No Signal,0,No Escalation,Protect,39.2784,7.8556799999999996,0.5239106101755949,0.0,0.0015586711200127237
1009,FUR-FU-10000732,Eldon 200 Class Desk Accessories,Clustered Body,0,Stable Profit Cluster,Stable Profit Cluster,,,False,False,False,False,0,133.136,0.2943396226415095,7,False,0.39478824249315236,0.39478824249315236,Protect,False,none,0.826248310867222,cluster_margin,none,none,No Signal,0,No Escalation,Protect,39.187200000000004,5.598171428571429,0.39478824249315236,0.0,0.001555052062053511
1010,OFF-PA-10002365,Xerox 1967,Clustered Body,0,Stable Profit Cluster,Stable Profit Cluster,,,False,False,False,False,0,89.424,0.4347826086956521,5,False,0.543540942275575,0.543540942275575,Protect,False,none,0.8409083267172923,cluster_margin,none,none,No Signal,0,No Escalation,Protect,38.879999999999995,7.775999999999999,0.543540942275575,0.0,0.0015428615510330028
1011,OFF-AR-10003045,Prang Colored Pencils,Clustered Body,0,Stable Profit Cluster,Stable Profit Cluster,,,False,False,False,False,0,90.55199999999999,0.4285714285714286,7,False,0.6083296489443227,0.6083296489443227,Protect,False,none,0.8313743459596439,cluster_margin,none,none,No Signal,0,No Escalation,Protect,38.808,5.544,0.6083296489443227,0.0,0.0015400044000125714
1012,OFF-BI-10003963,Cardinal Holdit Data Disk Pockets,Clustered Body,0,Stable Profit Cluster,Stable Profit Cluster,,,False,False,False,False,0,100.464,0.38550724637681155,3,False,0.28611467677475116,0.28611467677475116,Protect,False,none,0.8497118696992355,cluster_margin,none,none,No Signal,0,No Escalation,Protect,38.7296,12.909866666666666,0.28611467677475116,0.0,0.001536893280012546
1013,FUR-FU-10002554,"Westinghouse Floor Lamp with Metal Mesh Shade, Black",Clustered Body,0,Stable Profit Cluster,Stable Profit Cluster,,,False,False,False,False,0,167.92999999999998,0.23,4,False,0.5331146798443849,0.5331146798443849,Protect,False,none,0.8486790162327784,cluster_margin,none,none,No Signal,0,No Escalation,Protect,38.6239,9.655975,0.5331146798443849,0.0,0.0015326988235839403
1014,OFF-PA-10000029,Xerox 224,Clustered Body,0,Stable Profit Cluster,Stable Profit Cluster,,,False,False,False,False,0,95.904,0.4027027027027027,6,False,0.7112036243306242,0.7112036243306242,Protect,False,none,0.836470302337736,cluster_margin,none,none,No Signal,0,No Escalation,Protect,38.620799999999996,6.436799999999999,0.7112036243306242,0.0,0.0015325758073594495
1015,OFF-PA-10002195,"RSVP Cards & Envelopes, Blank White, 8-1/2"" X 11"", 24 Cards/25 Envelopes/Set",Clustered Body,0,Stable Profit Cluster,Stable Profit Cluster,,,False,False,False,False,0,89.408,0.4278409090909091,6,False,0.8132640098500223,0.8132640098500223,Protect,False,none,0.8352953259875111,cluster_margin,none,none,No Signal,0,No Escalation,Protect,38.2524,6.3754,0.8132640098500223,0.0,0.0015179567179715752
1016,OFF-PA-10001461,HP Office Paper (20Lb. and 87 Bright),Clustered Body,0,Stable Profit Cluster,Stable Profit Cluster,,,False,False,False,False,0,86.84,0.44,2,False,0.7124935403979762,0.7124935403979762,Protect,False,none,0.8806042091202587,cluster_margin,none,none,No Signal,0,No Escalation,Protect,38.2096,19.1048,0.7124935403979762,0.0,0.001516258300420541
1017,FUR-FU-10001057,Tensor Track Tree Floor Lamp,Clustered Body,0,Stable Profit Cluster,Stable Profit Cluster,,,False,False,False,False,0,299.85,0.12733333333333333,4,False,0.9736165140109244,0.9736165140109244,Protect,False,none,0.8463717893355209,cluster_margin,none,none,No Signal,0,No Escalation,Protect,38.1809,9.545225,0.9736165140109244,0.0,0.0015151194082776746
1018,OFF-PA-10001801,Xerox 193,Clustered Body,0,Stable Profit Cluster,Stable Profit Cluster,,,False,False,False,False,0,77.74000000000001,0.48999999999999994,3,False,0.3456105268380398,0.3456105268380398,Protect,False,none,0.8518628225852982,cluster_margin,none,none,No Signal,0,No Escalation,Protect,38.0926,12.697533333333332,0.3456105268380398,0.0,0.0015116154300123395
1019,TEC-AC-10002323,SanDisk Ultra 32 GB MicroSDHC Class 10 Memory Card,Clustered Body,1,Stable Loss Cluster,Stable Loss Cluster,,,False,False,False,False,0,884.0,0.043000000000000003,11,False,2.905575143290647,2.905575143290647,Correct,False,none,0.7685290591912964,cluster_margin,severe,none,Severe Deterioration,1,Reroute Action,Exit / Restructure,38.012,3.455636363636364,2.905575143290647,0.5454545454545454,0.0015084170081755789
1020,TEC-AC-10001767,SanDisk Ultra 64 GB MicroSDHC Class 10 Memory Card,Clustered Body,1,Stable Loss Cluster,Stable Loss Cluster,,,False,False,False,False,0,927.768,0.040948275862068964,6,False,2.8598833891859727,2.8598833891859727,Correct,False,none,0.7078836534622082,cluster_margin,severe,none,Severe Deterioration,1,Reroute Action,Exit / Restructure,37.9905,6.3317499999999995,2.8598833891859727,0.5,0.0015075638311347556
1021,OFF-PA-10003256,Avery Personal Creations Heavyweight Cards,Clustered Body,0,Stable Profit Cluster,Stable Profit Cluster,,,False,False,False,False,0,103.85999999999999,0.36444444444444446,3,False,0.6920537928978779,0.6920537928978779,Protect,False,none,0.8625150012117238,cluster_margin,none,none,No Signal,0,No Escalation,Protect,37.8512,12.617066666666666,0.6920537928978779,0.0,0.001502036037563282
1022,OFF-BI-10001196,"Avery Flip-Chart Easel Binder, Black",Clustered Body,1,Stable Loss Cluster,Stable Loss Cluster,,,False,False,False,False,0,239.466,0.15794392523364487,4,False,3.571768434953094,3.571768434953094,Correct,False,none,0.6844503314307431,cluster_margin,severe,none,Severe Deterioration,1,Reroute Action,Exit / Restructure,37.8222,9.45555,3.571768434953094,0.5,0.001500885240624497
1023,OFF-BI-10003981,"Avery Durable Plastic 1"" Binders",Clustered Body,0,Stable Profit Cluster,Stable Profit Cluster,,,False,False,False,False,0,116.224,0.32265625,7,False,1.3074913533547328,1.3074913533547328,Protect,False,none,0.20139552649728742,cluster_margin,moderate,none,Moderate Deterioration,1,Intensify Action,Protect (Tight Control),37.5004,5.3572,1.3074913533547328,0.2857142857142857,0.0014881153628692907
1024,OFF-AP-10000252,Harmony HEPA Quiet Air Purifiers,Clustered Body,0,Stable Profit Cluster,Stable Profit Cluster,,,False,False,False,False,0,128.7,0.2909090909090909,4,False,0.6265200627062532,0.6265200627062532,Protect,False,none,0.8482751058808606,cluster_margin,none,none,No Signal,0,No Escalation,Protect,37.44,9.36,0.6265200627062532,0.0,0.001485718530624373
1025,TEC-AC-10003237,Memorex Micro Travel Drive 4 GB,Clustered Body,0,Stable Profit Cluster,Stable Profit Cluster,,,False,False,False,False,0,103.88,0.36020408163265305,3,False,0.23148160019310776,0.23148160019310776,Protect,False,none,0.8437037097164551,cluster_margin,none,none,No Signal,0,No Escalation,Protect,37.418,12.472666666666667,0.23148160019310776,0.0,0.0014848455122570192
1026,FUR-FU-10002268,Ultra Door Push Plate,Clustered Body,0,Stable Profit Cluster,Stable Profit Cluster,,,False,False,False,False,0,149.264,0.2506578947368421,7,False,0.5113731539352758,0.5113731539352758,Protect,False,none,0.8272668471357018,cluster_margin,none,none,No Signal,0,No Escalation,Protect,37.4142,5.344885714285715,0.5113731539352758,0.0,0.0014846947181753852
1027,OFF-ST-10001228,Personal File Boxes with Fold-Down Carry Handle,Clustered Body,0,Stable Profit Cluster,Stable Profit Cluster,,,False,False,False,False,0,177.61200000000002,0.21052631578947367,5,False,0.5591601072609332,0.5591601072609332,Protect,False,none,0.8385453474353565,cluster_margin,none,none,No Signal,0,No Escalation,Protect,37.392,7.478400000000001,0.5591601072609332,0.0,0.001483813763277419
1028,OFF-SU-10004782,"Elite 5"" Scissors",Clustered Body,0,Stable Profit Cluster,Stable Profit Cluster,,,False,False,False,False,0,179.14,0.20754716981132076,7,False,0.3689874856121518,0.3689874856121518,Protect,False,none,0.8222172847335879,cluster_margin,none,none,No Signal,0,No Escalation,Protect,37.18,5.311428571428571,0.3689874856121518,0.0,0.0014754010408283705
1029,OFF-PA-10000069,"TOPS 4 x 6 Fluorescent Color Memo Sheets, 500 Sheets per Pack",Clustered Body,0,Stable Profit Cluster,Stable Profit Cluster,,,False,False,False,False,0,102.49199999999999,0.36203703703703705,3,False,0.5599410510780558,0.5599410510780558,Protect,False,none,0.8585437446232683,cluster_margin,none,none,No Signal,0,No Escalation,Protect,37.1059,12.368633333333333,0.5599410510780558,0.0,0.0014724605562365098
1030,OFF-PA-10000223,Xerox 2000,Clustered Body,0,Stable Profit Cluster,Stable Profit Cluster,,,False,False,False,False,0,84.24000000000001,0.44,5,False,0.5125258155406631,0.5125258155406631,Protect,False,none,0.8367973439341603,cluster_margin,none,none,No Signal,0,No Escalation,Protect,37.0656,7.413120000000001,0.5125258155406631,0.0,0.0014708613453181295
1031,OFF-BI-10001634,Wilson Jones Active Use Binders,Clustered Body,1,Stable Loss Cluster,Stable Loss Cluster,,,False,False,False,False,0,115.024,0.3221518987341772,6,False,1.6127307606302852,1.6127307606302852,Correct,False,watch,0.09361970624639522,cluster_margin,moderate,none,Moderate Deterioration,2,Intensify Action,Correct — Accelerated,37.0552,6.175866666666667,1.6127307606302852,0.3333333333333333,0.0014704486457262893
1032,FUR-FU-10000073,Deflect-O Glasstique Clear Desk Accessories,Clustered Body,0,Stable Profit Cluster,Stable Profit Cluster,,,False,False,False,False,0,124.74,0.2969135802469136,3,False,0.7635422199800078,0.7635422199800078,Protect,False,none,0.8607854331468965,cluster_margin,none,none,No Signal,0,No Escalation,Protect,37.037,12.345666666666666,0.7635422199800078,0.0,0.0014697264214405693
1033,OFF-SU-10004231,Acme Tagit Stainless Steel Antibacterial Scissors,Clustered Body,0,Stable Profit Cluster,Stable Profit Cluster,,,False,False,False,False,0,196.01999999999998,0.18888888888888888,6,False,0.6906552883609507,0.6906552883609507,Protect,False,none,0.8336550000666069,cluster_margin,none,none,No Signal,0,No Escalation,Protect,37.025999999999996,6.170999999999999,0.6906552883609507,0.0,0.001469289912256892
1034,TEC-MA-10002930,Ricoh - Ink Collector Unit for GX3000 Series Printers,Clustered Body,1,Stable Loss Cluster,Stable Loss Cluster,,,False,False,False,False,0,465.645,0.07927927927927927,3,False,2.127430551392911,2.127430551392911,Correct,False,none,0.13801946521993266,cluster_margin,moderate,none,Moderate Deterioration,1,Intensify Action,Correct — Accelerated,36.916,12.305333333333332,2.127430551392911,0.3333333333333333,0.0014649248204201216
1035,TEC-PH-10003875,KLD Oscar II Style Snap-on Ultra Thin Side Flip Synthetic Leather Cover Case for HTC One HTC M7,Clustered Body,0,Stable Profit Cluster,Stable Profit Cluster,,,False,False,False,False,0,126.36,0.29000000000000004,3,False,0.5221103851812774,0.5221103851812774,Protect,False,none,0.856415237895655,cluster_margin,none,none,No Signal,0,No Escalation,Protect,36.644400000000005,12.214800000000002,0.5221103851812774,0.0,0.0014541470118486055
1036,OFF-AR-10000390,Newell Chalk Holder,Clustered Body,0,Stable Profit Cluster,Stable Profit Cluster,,,False,False,False,False,0,83.426,0.4386138613861386,7,False,0.5140888976373166,0.5140888976373166,Protect,False,none,0.8260500847079453,cluster_margin,none,none,No Signal,0,No Escalation,Protect,36.5918,5.2274,0.5140888976373166,0.0,0.0014520597042975679
1037,OFF-EN-10004955,Fashion Color Clasp Envelopes,Clustered Body,0,Stable Profit Cluster,Stable Profit Cluster,,,False,False,False,False,0,77.904,0.46875,3,False,0.8248418998385787,0.8248418998385787,Protect,False,none,0.8590570197295352,cluster_margin,none,none,No Signal,0,No Escalation,Protect,36.5175,12.1725,0.8248418998385787,0.0,0.0014491112831750948
1038,TEC-PH-10002817,RCA ViSYS 25425RE1 Corded phone,Clustered Body,0,Stable Profit Cluster,Stable Profit Cluster,,,False,False,False,False,0,323.976,0.11249999999999999,1,True,,0.0,Protect,False,none,0.8237036705668017,cluster_margin,none,none,No Signal,0,No Escalation,Protect,36.4473,36.4473,0.0,0.0,0.001446325560930174
1039,OFF-PA-10004734,Southworth Structures Collection,Clustered Body,0,Stable Profit Cluster,Stable Profit Cluster,,,False,False,False,False,0,72.8,0.5,2,False,0.5579196363607589,0.5579196363607589,Protect,False,none,0.8739055768433921,cluster_margin,none,none,No Signal,0,No Escalation,Protect,36.4,18.2,0.5579196363607589,0.0,0.0014444485714403628
1040,OFF-PA-10000466,"Memo Book, 100 Message Capacity, 5 3/8” x 11”",Clustered Body,0,Stable Profit Cluster,Stable Profit Cluster,,,False,False,False,False,0,76.836,0.4736842105263158,3,False,0.8016452209251166,0.8016452209251166,Protect,False,none,0.8590426920496763,cluster_margin,none,none,No Signal,0,No Escalation,Protect,36.396,12.132,0.8016452209251166,0.0,0.0014442898408281166
1041,FUR-FU-10001935,3M Hangers With Command Adhesive,Clustered Body,0,Stable Profit Cluster,Stable Profit Cluster,,,False,False,False,False,0,108.03999999999999,0.33321917808219176,8,False,0.7974726009499179,0.7974726009499179,Protect,False,none,0.7318937156567491,cluster_margin,none,none,No Signal,0,No Escalation,Protect,36.001,4.500125,0.7974726009499179,0.125,0.001428615192868805
1042,OFF-LA-10003720,Avery 487,Clustered Body,0,Stable Profit Cluster,Stable Profit Cluster,,,False,False,False,False,0,84.87,0.4239130434782608,7,False,0.6942508035004814,0.6942508035004814,Protect,False,none,0.8275667305919286,cluster_margin,none,none,No Signal,0,No Escalation,Protect,35.9775,5.139642857142857,0.6942508035004814,0.0,0.0014276826505218586
1043,OFF-EN-10003448,"Peel & Seel Recycled Catalog Envelopes, Brown",Clustered Body,0,Stable Profit Cluster,Stable Profit Cluster,,,False,False,False,False,0,88.008,0.4078947368421053,2,False,0.49483371411218013,0.49483371411218013,Protect,False,none,0.8706013651068182,cluster_margin,none,none,No Signal,0,No Escalation,Protect,35.898,17.949,0.49483371411218013,0.0,0.0014245278796034657
1044,OFF-ST-10004634,"Personal Folder Holder, Ebony",Clustered Body,0,Stable Profit Cluster,Stable Profit Cluster,,,False,False,False,False,0,145.73000000000002,0.2461538461538461,6,False,0.5295469859143603,0.5295469859143603,Protect,False,none,0.8294368601973985,cluster_margin,none,none,No Signal,0,No Escalation,Protect,35.872,5.978666666666666,0.5295469859143603,0.0,0.0014234961306238652
1045,OFF-FA-10000585,OIC Bulk Pack Metal Binder Clips,Clustered Body,0,Stable Profit Cluster,Stable Profit Cluster,,,False,False,False,False,0,92.136,0.38636363636363635,8,False,0.45028245355544366,0.45028245355544366,Protect,False,none,0.8196256082223602,cluster_margin,none,none,No Signal,0,No Escalation,Protect,35.598,4.44975,0.45028245355544366,0.0,0.001412623083685001
1046,FUR-FU-10003424,Nu-Dell Oak Frame,Clustered Body,0,Stable Profit Cluster,Stable Profit Cluster,,,False,False,False,False,0,151.656,0.23380281690140844,3,False,0.8827637888769634,0.8827637888769634,Protect,False,none,0.8555519938397812,cluster_margin,none,none,No Signal,0,No Escalation,Protect,35.4576,11.8192,0.8827637888769634,0.0,0.0014070516391951596
1047,OFF-LA-10004689,Avery 512,Clustered Body,0,Stable Profit Cluster,Stable Profit Cluster,,,False,False,False,False,0,84.388,0.4191780821917808,5,False,0.4077674316493372,0.4077674316493372,Protect,False,none,0.8302912039649881,cluster_margin,none,none,No Signal,0,No Escalation,Protect,35.3736,7.074720000000001,0.4077674316493372,0.0,0.0014037182963379897
1048,OFF-BI-10000050,"Angle-D Binders with Locking Rings, Label Holders",Clustered Body,1,Stable Loss Cluster,Stable Loss Cluster,,,False,False,False,False,0,197.82999999999998,0.17859778597785977,10,False,3.164256960443638,3.164256960443638,Correct,False,none,0.18388080926972428,cluster_margin,severe,none,Severe Deterioration,1,Reroute Action,Exit / Restructure,35.331999999999994,3.5331999999999995,3.164256960443638,0.3,0.0014020674979706288
1049,OFF-AP-10000027,Hoover Commercial SteamVac,Clustered Body,0,Stable Profit Cluster,Stable Profit Cluster,,,False,False,False,False,0,168.392,0.20967741935483872,4,False,1.6853885345299862,1.6853885345299862,Protect,False,none,0.3220414177732108,cluster_margin,severe,none,Severe Deterioration,1,Reroute Action,Reroute to Contain / Correct,35.308,8.827,1.6853885345299862,0.25,0.001401115114297152
1050,OFF-BI-10001758,Wilson Jones 14 Line Acrylic Coated Pressboard Data Binders,Clustered Body,0,Stable Profit Cluster,Stable Profit Cluster,,,False,False,False,False,0,100.392,0.35159574468085103,4,False,1.4988981550191005,1.4988981550191005,Protect,False,none,0.34678841262564764,cluster_margin,moderate,none,Moderate Deterioration,1,Intensify Action,Protect (Tight Control),35.297399999999996,8.824349999999999,1.4988981550191005,0.25,0.0014006944781746993
1051,OFF-PA-10000788,Xerox 210,Clustered Body,0,Stable Profit Cluster,Stable Profit Cluster,,,False,False,False,False,0,95.904,0.36756756756756753,6,False,0.4359907389440427,0.4359907389440427,Protect,False,none,0.8257157631032874,cluster_margin,none,none,No Signal,0,No Escalation,Protect,35.2512,5.8751999999999995,0.4359907389440427,0.0,0.001398861139603256
1052,OFF-PA-10001293,Xerox 1946,Clustered Body,0,Stable Profit Cluster,Stable Profit Cluster,,,False,False,False,False,0,79.05600000000001,0.4459016393442622,3,False,0.724368236663864,0.724368236663864,Protect,False,none,0.8566746916658197,cluster_margin,none,none,No Signal,0,No Escalation,Protect,35.2512,11.750399999999999,0.724368236663864,0.0,0.001398861139603256
1053,TEC-AC-10004803,Sony Micro Vault Click 4 GB USB 2.0 Flash Drive,Clustered Body,0,Stable Profit Cluster,Stable Profit Cluster,,,False,False,False,False,0,250.92000000000002,0.13999999999999999,3,False,0.8632414618642091,0.8632414618642091,Protect,False,none,0.8551860820659538,cluster_margin,none,none,No Signal,0,No Escalation,Protect,35.1288,11.7096,0.8632414618642091,0.0,0.0013940039828685225
1054,TEC-MA-10000597,Lexmark S315 Color Inkjet Printer,Clustered Body,1,Stable Loss Cluster,Stable Loss Cluster,,,False,False,False,False,0,299.97,0.11666666666666667,2,False,5.058343248634978,5.058343248634978,Correct,False,none,0.5607949422046905,cluster_margin,severe,none,Severe Deterioration,1,Reroute Action,Exit / Restructure,34.996500000000005,17.498250000000002,5.058343248634978,0.5,0.0013887539678684798
1055,OFF-PA-10000295,Xerox 229,Clustered Body,0,Stable Profit Cluster,Stable Profit Cluster,,,False,False,False,False,0,85.536,0.4090909090909091,3,False,0.5574921346643096,0.5574921346643096,Protect,False,none,0.8537309296246567,cluster_margin,none,none,No Signal,0,No Escalation,Protect,34.992000000000004,11.664000000000001,0.5574921346643096,0.0,0.0013885753959297028
1056,OFF-BI-10000605,"Acco Pressboard Covers with Storage Hooks, 9 1/2"" x 11"", Executive Red",Clustered Body,0,Stable Profit Cluster,Stable Profit Cluster,,,False,False,False,False,0,91.44,0.38166666666666665,9,False,0.5782630813079864,0.5782630813079864,Protect,False,none,0.8191092144157097,cluster_margin,none,none,No Signal,0,No Escalation,Protect,34.8996,3.8777333333333335,0.5782630813079864,0.0,0.0013849087187868157
1057,OFF-AR-10001446,Newell 309,Clustered Body,0,Stable Profit Cluster,Stable Profit Cluster,,,False,False,False,False,0,196.35000000000002,0.1764705882352941,5,False,0.3595350332753287,0.3595350332753287,Protect,False,none,0.8270495966102047,cluster_margin,none,none,No Signal,0,No Escalation,Protect,34.65,6.93,0.3595350332753287,0.0,0.0013750039285826531
1058,OFF-LA-10001771,Avery 513,Clustered Body,0,Stable Profit Cluster,Stable Profit Cluster,,,False,False,False,False,0,93.624,0.3680851063829787,5,False,0.7142334683388232,0.7142334683388232,Protect,False,none,0.8348352140310317,cluster_margin,none,none,No Signal,0,No Escalation,Protect,34.4616,6.89232,0.7142334683388232,0.0,0.0013675277167458572
1059,OFF-AR-10004078,Newell 312,Clustered Body,0,Stable Profit Cluster,Stable Profit Cluster,,,False,False,False,False,0,234.768,0.14676616915422888,11,False,0.535958551039501,0.535958551039501,Protect,False,none,0.8141581245216559,cluster_margin,none,none,No Signal,0,No Escalation,Protect,34.456,3.1323636363636367,0.535958551039501,0.0,0.0013673054938887128
1060,OFF-LA-10003190,Avery 474,Clustered Body,0,Stable Profit Cluster,Stable Profit Cluster,,,False,False,False,False,0,78.336,0.4375,9,False,0.7286416242930214,0.7286416242930214,Protect,False,none,0.8192124742299045,cluster_margin,none,none,No Signal,0,No Escalation,Protect,34.272,3.808,0.7286416242930214,0.0,0.0013600038857253878
1061,OFF-SU-10000946,Staple remover,Clustered Body,0,Stable Profit Cluster,Stable Profit Cluster,,,False,False,False,False,0,153.216,0.22343749999999998,4,False,0.83594463323792,0.83594463323792,Protect,False,none,0.8415188383785143,cluster_margin,none,none,No Signal,0,No Escalation,Protect,34.2342,8.55855,0.83594463323792,0.0,0.0013585038814396613
1062,OFF-EN-10002621,Staple envelope,Clustered Body,0,Stable Profit Cluster,Stable Profit Cluster,,,False,False,False,False,0,78.24,0.4375,5,False,0.7024383462426643,0.7024383462426643,Protect,False,none,0.8343742067011879,cluster_margin,none,none,No Signal,0,No Escalation,Protect,34.23,6.845999999999999,0.7024383462426643,0.0,0.0013583372142968026
1063,OFF-AR-10003602,"Quartet Omega Colored Chalk, 12/Pack",Clustered Body,0,Stable Profit Cluster,Stable Profit Cluster,,,False,False,False,False,0,80.592,0.4239130434782609,7,False,0.4076582277776617,0.4076582277776617,Protect,False,none,0.8191023296276224,cluster_margin,none,none,No Signal,0,No Escalation,Protect,34.164,4.880571428571429,0.4076582277776617,0.0,0.0013557181591947406
1064,OFF-AR-10001761,Avery Hi-Liter Smear-Safe Highlighters,Clustered Body,0,Stable Profit Cluster,Stable Profit Cluster,,,False,False,False,False,0,123.80799999999999,0.27547169811320754,6,False,0.5187646393335836,0.5187646393335836,Protect,False,none,0.8261967043785827,cluster_margin,none,none,No Signal,0,No Escalation,Protect,34.105599999999995,5.684266666666666,0.5187646393335836,0.0,0.001353400692255946
1065,FUR-TA-10004767,Safco Drafting Table,Clustered Body,1,Stable Loss Cluster,Stable Loss Cluster,,,False,False,False,False,0,638.8199999999999,0.05333333333333334,4,False,1.5024154125537372,1.5024154125537372,Correct,False,none,0.5812186731241502,cluster_margin,moderate,none,Moderate Deterioration,1,Intensify Action,Correct — Accelerated,34.0704,8.5176,1.5024154125537372,0.5,0.0013520038628681795
1066,TEC-AC-10002942,WD My Passport Ultra 1TB Portable External Hard Drive,Clustered Body,1,Stable Loss Cluster,Stable Loss Cluster,,,False,False,False,False,0,1007.4,0.03356164383561644,6,False,4.419705383575509,4.419705383575509,Correct,False,none,0.6163869724782753,cluster_margin,severe,none,Severe Deterioration,1,Reroute Action,Exit / Restructure,33.81,5.635000000000001,4.419705383575509,0.8333333333333334,0.0013416705000109524
1067,OFF-AR-10004999,Newell 315,Clustered Body,0,Stable Profit Cluster,Stable Profit Cluster,,,False,False,False,False,0,145.912,0.2315573770491803,6,False,0.6744096755986844,0.6744096755986844,Protect,False,none,0.8279568305695679,cluster_margin,none,none,No Signal,0,No Escalation,Protect,33.787,5.631166666666666,0.6744096755986844,0.0,0.0013407577989905369
1068,OFF-PA-10000552,Xerox 200,Clustered Body,0,Stable Profit Cluster,Stable Profit Cluster,,,False,False,False,False,0,84.24000000000001,0.3999999999999999,5,False,0.34871637548125733,0.34871637548125733,Protect,False,none,0.8249098350243379,cluster_margin,none,none,No Signal,0,No Escalation,Protect,33.696,6.739199999999999,0.34871637548125733,0.0,0.0013371466775619358
1069,OFF-PA-10000213,Xerox 198,Clustered Body,0,Stable Profit Cluster,Stable Profit Cluster,,,False,False,False,False,0,75.696,0.4421052631578948,3,False,0.7557267416069349,0.7557267416069349,Protect,False,none,0.8524545623310956,cluster_margin,none,none,No Signal,0,No Escalation,Protect,33.4656,11.1552,0.7557267416069349,0.0,0.0013280037942965553
1070,OFF-FA-10002780,Staples,Clustered Body,0,Stable Profit Cluster,Stable Profit Cluster,,,False,False,False,False,0,92.976,0.3596153846153846,5,False,0.3205275846587294,0.3205275846587294,Protect,False,none,0.8231922839107682,cluster_margin,none,none,No Signal,0,No Escalation,Protect,33.4356,6.68712,0.3205275846587294,0.0,0.0013268133147047087
1071,FUR-FU-10004848,DAX Solid Wood Frames,Clustered Body,0,Stable Profit Cluster,Stable Profit Cluster,,,False,False,False,False,0,113.332,0.2939655172413793,3,False,0.3207234070402018,0.3207234070402018,Protect,False,none,0.8405957147531347,cluster_margin,none,none,No Signal,0,No Escalation,Protect,33.3157,11.105233333333333,0.3207234070402018,0.0,0.001322055364602629
1072,OFF-PA-10004609,Xerox 221,Clustered Body,0,Stable Profit Cluster,Stable Profit Cluster,,,False,False,False,False,0,80.352,0.41290322580645156,4,False,0.6105066527931562,0.6105066527931562,Protect,False,none,0.8392151875560915,cluster_margin,none,none,No Signal,0,No Escalation,Protect,33.1776,8.2944,0.6105066527931562,0.0,0.001316575190214829
1073,OFF-SU-10004664,Acme Softgrip Scissors,Clustered Body,0,Stable Profit Cluster,Stable Profit Cluster,,,False,False,False,False,0,166.056,0.19950980392156864,4,False,0.47753907981367777,0.47753907981367777,Protect,False,none,0.8359791098930782,cluster_margin,none,none,No Signal,0,No Escalation,Protect,33.1298,8.28245,0.47753907981367777,0.0,0.0013146783593984872
1074,TEC-AC-10000927,Anker Ultrathin Bluetooth Wireless Keyboard Aluminum Cover with Stand,Clustered Body,0,Stable Profit Cluster,Stable Profit Cluster,,,False,False,False,False,0,491.836,0.06707317073170732,4,False,1.6888989668892405,1.6888989668892405,Protect,False,none,0.3160291691189461,cluster_margin,severe,none,Severe Deterioration,1,Reroute Action,Reroute to Contain / Correct,32.989000000000004,8.247250000000001,1.6888989668892405,0.25,0.0013090910418474214
1075,OFF-AR-10003156,50 Colored Long Pencils,Clustered Body,0,Stable Profit Cluster,Stable Profit Cluster,,,False,False,False,False,0,138.176,0.23823529411764707,5,False,0.7006753007123105,0.7006753007123105,Protect,False,none,0.8318739409466613,cluster_margin,none,none,No Signal,0,No Escalation,Protect,32.9184,6.583679999999999,0.7006753007123105,0.0,0.0013062894465412757
1076,OFF-PA-10001560,"Adams Telephone Message Books, 5 1/4” x 11”",Clustered Body,0,Stable Profit Cluster,Stable Profit Cluster,,,False,False,False,False,0,80.936,0.4067164179104477,5,False,1.0994982781697011,1.0994982781697011,Protect,False,none,0.8225113571144047,cluster_margin,moderate,none,Moderate Deterioration,1,Intensify Action,Protect (Tight Control),32.918,6.5836,1.0994982781697011,0.0,0.0013062735734800511
1077,OFF-PA-10001952,Xerox 1902,Clustered Body,0,Stable Profit Cluster,Stable Profit Cluster,,,False,False,False,False,0,82.22399999999999,0.4000000000000001,2,False,0.38687732401881153,0.38687732401881153,Protect,False,none,0.8592235903294461,cluster_margin,none,none,No Signal,0,No Escalation,Protect,32.8896,16.4448,0.38687732401881153,0.0,0.0013051465861331033
1078,OFF-AR-10004757,Crayola Colored Pencils,Clustered Body,0,Stable Profit Cluster,Stable Profit Cluster,,,False,False,False,False,0,120.704,0.2717391304347826,11,False,0.7639916085380263,0.7639916085380263,Protect,False,none,0.8134082158080923,cluster_margin,none,none,No Signal,0,No Escalation,Protect,32.8,2.9818181818181815,0.7639916085380263,0.0,0.0013015910204187884
1079,OFF-PA-10002195,Xerox 1966,Clustered Body,0,Stable Profit Cluster,Stable Profit Cluster,,,False,False,False,False,0,79.056,0.4147540983606558,6,False,0.5870419568352775,0.5870419568352775,Protect,False,none,0.8253069668209355,cluster_margin,none,none,No Signal,0,No Escalation,Protect,32.7888,5.4648,0.5870419568352775,0.0,0.0013011465747044993
1080,FUR-FU-10001731,Acrylic Self-Standing Desk Frames,Clustered Body,0,Stable Profit Cluster,Stable Profit Cluster,,,False,False,False,False,0,93.98400000000001,0.3482954545454545,8,False,0.6265139851462419,0.6265139851462419,Protect,False,none,0.8189241891334088,cluster_margin,none,none,No Signal,0,No Escalation,Protect,32.7342,4.091775,0.6265139851462419,0.0,0.0012989799018473386
1081,OFF-PA-10003936,Xerox 1994,Clustered Body,0,Stable Profit Cluster,Stable Profit Cluster,,,False,False,False,False,0,76.464,0.4271186440677966,4,False,0.4026405066470456,0.4026405066470456,Protect,False,none,0.8323644099827592,cluster_margin,none,none,No Signal,0,No Escalation,Protect,32.6592,8.1648,0.4026405066470456,0.0,0.0012960037028677224
1082,OFF-LA-10004853,Avery 483,Clustered Body,0,Stable Profit Cluster,Stable Profit Cluster,,,False,False,False,False,0,83.664,0.3892857142857143,6,False,0.21405871535561838,0.21405871535561838,Protect,False,none,0.8116641338636208,cluster_margin,none,none,No Signal,0,No Escalation,Protect,32.5692,5.4282,0.21405871535561838,0.0,0.0012924322640921833
1083,TEC-AC-10002018,AmazonBasics 3-Button USB Wired Mouse,Clustered Body,0,Stable Profit Cluster,Stable Profit Cluster,,,False,False,False,False,0,88.074,0.36666666666666664,5,False,0.23106510931891397,0.23106510931891397,Protect,False,none,0.8167778424688245,cluster_margin,none,none,No Signal,0,No Escalation,Protect,32.2938,6.45876,0.23106510931891397,0.0,0.0012815036614390325
1084,OFF-LA-10001982,Smead Alpha-Z Color-Coded Name Labels First Letter Starter Set,Clustered Body,0,Stable Profit Cluster,Stable Profit Cluster,,,False,False,False,False,0,71.25,0.45263157894736844,5,False,0.773866948967072,0.773866948967072,Protect,False,none,0.8304244768266021,cluster_margin,none,none,No Signal,0,No Escalation,Protect,32.25,6.45,0.773866948967072,0.0,0.0012797655612349368
1085,OFF-PA-10003270,Xerox 1954,Clustered Body,0,Stable Profit Cluster,Stable Profit Cluster,,,False,False,False,False,0,84.48,0.38125,4,False,0.6407495345289156,0.6407495345289156,Protect,False,none,0.8375861488496107,cluster_margin,none,none,No Signal,0,No Escalation,Protect,32.208,8.052,0.6407495345289156,0.0,0.0012780988898063517
1086,OFF-PA-10004355,Xerox 231,Clustered Body,0,Stable Profit Cluster,Stable Profit Cluster,,,False,False,False,False,0,79.05600000000001,0.4032786885245901,5,False,0.6301791349557209,0.6301791349557209,Protect,False,none,0.8294252805976577,cluster_margin,none,none,No Signal,0,No Escalation,Protect,31.8816,6.37632,0.6301791349557209,0.0,0.0012651464718470625
1087,OFF-PA-10000807,"TOPS ""Important Message"" Pads, Canary, 4-1/4 x 5-1/2, 50 Sheets per Pad",Clustered Body,0,Stable Profit Cluster,Stable Profit Cluster,,,False,False,False,False,0,70.19200000000001,0.4506097560975609,3,False,0.6790086161300134,0.6790086161300134,Protect,False,none,0.8479236630141191,cluster_margin,none,none,No Signal,0,No Escalation,Protect,31.629199999999997,10.543066666666666,0.6790086161300134,0.0,0.0012551305702143275
1088,FUR-FU-10003096,"Master Giant Foot Doorstop, Safety Yellow",Clustered Body,0,Stable Profit Cluster,Stable Profit Cluster,,,False,False,False,False,0,83.49,0.37818181818181823,3,False,0.209177386558852,0.209177386558852,Protect,False,none,0.8305887893052449,cluster_margin,none,none,No Signal,0,No Escalation,Protect,31.5744,10.5248,0.209177386558852,0.0,0.0012529559608265549
1089,OFF-LA-10004559,Avery 49,Clustered Body,0,Stable Profit Cluster,Stable Profit Cluster,,,False,False,False,False,0,66.816,0.4724137931034482,6,False,0.539524690609882,0.539524690609882,Protect,False,none,0.8223409558265822,cluster_margin,none,none,No Signal,0,No Escalation,Protect,31.564799999999998,5.2608,0.539524690609882,0.0,0.0012525750073571638
1090,OFF-LA-10000248,Avery 52,Clustered Body,0,Stable Profit Cluster,Stable Profit Cluster,,,False,False,False,False,0,68.634,0.4586021505376344,6,False,0.4329343658132637,0.4329343658132637,Protect,False,none,0.8193540561035535,cluster_margin,none,none,No Signal,0,No Escalation,Protect,31.4757,5.24595,0.4329343658132637,0.0,0.0012490392829693799
1091,OFF-PA-10001001,"Snap-A-Way Black Print Carbonless Speed Message, No Reply Area, Duplicate",Clustered Body,0,Stable Profit Cluster,Stable Profit Cluster,,,False,False,False,False,0,93.248,0.33749999999999997,1,True,,0.0,Protect,False,none,0.8310549721766084,cluster_margin,none,none,No Signal,0,No Escalation,Protect,31.4712,31.4712,0.0,0.0,0.001248860711030603
1092,OFF-EN-10003160,Pastel Pink Envelopes,Clustered Body,0,Stable Profit Cluster,Stable Profit Cluster,,,False,False,False,False,0,65.52,0.4800000000000001,3,False,0.6509366155285249,0.6509366155285249,Protect,False,none,0.8472353520033382,cluster_margin,none,none,No Signal,0,No Escalation,Protect,31.449600000000004,10.483200000000002,0.6509366155285249,0.0,0.0012480035657244737
1093,OFF-BI-10001107,"GBC White Gloss Covers, Plain Front",Clustered Body,1,Stable Loss Cluster,Stable Loss Cluster,,,False,False,False,False,0,269.328,0.1166666666666667,7,False,5.913039915614699,5.913039915614699,Correct,False,none,0.5438684933751775,cluster_margin,severe,none,Severe Deterioration,1,Reroute Action,Exit / Restructure,31.421600000000005,4.4888,5.913039915614699,0.5714285714285714,0.0012468924514387504
1094,OFF-PA-10003016,"Adams ""While You Were Out"" Message Pads",Clustered Body,0,Stable Profit Cluster,Stable Profit Cluster,,,False,False,False,False,0,72.848,0.43103448275862066,5,False,0.40710464426176435,0.40710464426176435,Protect,False,none,0.8231638778621272,cluster_margin,none,none,No Signal,0,No Escalation,Protect,31.4,6.279999999999999,0.40710464426176435,0.0,0.0012460353061326207
1095,OFF-ST-10000918,Crate-A-Files,Clustered Body,0,Stable Profit Cluster,Stable Profit Cluster,,,False,False,False,False,0,176.58,0.17777777777777776,7,False,1.0558903596005165,1.0558903596005165,Protect,False,none,0.8128354080654757,cluster_margin,moderate,none,Moderate Deterioration,1,Intensify Action,Protect (Tight Control),31.392,4.484571428571429,1.0558903596005165,0.0,0.0012457178449081282
1096,OFF-PA-10000477,Xerox 22,Clustered Body,0,Stable Profit Cluster,Stable Profit Cluster,,,False,False,False,False,0,75.168,0.4172413793103448,3,False,0.18168553062315382,0.18168553062315382,Protect,False,none,0.8284415761844779,cluster_margin,none,none,No Signal,0,No Escalation,Protect,31.3632,10.4544,0.18168553062315382,0.0,0.0012445749844999558
1097,OFF-PA-10002749,"Wirebound Message Books, 5-1/2 x 4 Forms, 2 or 4 Forms per Page",Clustered Body,0,Stable Profit Cluster,Stable Profit Cluster,,,False,False,False,False,0,72.25200000000001,0.4333333333333333,3,False,0.7479440835418947,0.7479440835418947,Protect,False,none,0.8473302982741989,cluster_margin,none,none,No Signal,0,No Escalation,Protect,31.3092,10.4364,0.7479440835418947,0.0,0.001242432121234632
1098,OFF-BI-10004654,VariCap6 Expandable Binder,Clustered Body,1,Stable Loss Cluster,Stable Loss Cluster,,,False,False,False,False,0,122.83,0.2535211267605634,3,False,1.8373124681144386,1.8373124681144386,Correct,False,none,0.11127064930230002,cluster_margin,moderate,none,Moderate Deterioration,1,Intensify Action,Correct — Accelerated,31.14,10.38,1.8373124681144386,0.3333333333333333,0.0012357178163366182
1099,OFF-AR-10004441,BIC Brite Liner Highlighters,Clustered Body,0,Stable Profit Cluster,Stable Profit Cluster,,,False,False,False,False,0,86.112,0.35865384615384616,7,False,0.3110858463453877,0.3110858463453877,Protect,False,none,0.8103516875709335,cluster_margin,none,none,No Signal,0,No Escalation,Protect,30.8844,4.412057142857143,0.3110858463453877,0.0,0.0012255749302140862
1100,OFF-BI-10000136,Avery Non-Stick Heavy Duty View Round Locking Ring Binders,Clustered Body,0,Stable Profit Cluster,Stable Profit Cluster,,,False,False,False,False,0,68.172,0.45263157894736844,3,False,0.5948987489563028,0.5948987489563028,Protect,False,none,0.844998445495179,cluster_margin,none,none,No Signal,0,No Escalation,Protect,30.8568,10.2856,0.5948987489563028,0.0,0.0012244796889895875
1101,OFF-BI-10002412,Wilson Jones “Snap” Scratch Pad Binder Tool for Ring Binders,Clustered Body,0,Stable Profit Cluster,Stable Profit Cluster,,,False,False,False,False,0,100.92,0.30459770114942525,5,False,1.9141293070051641,1.9141293070051641,Protect,False,none,0.4533548569964393,cluster_margin,severe,none,Severe Deterioration,1,Reroute Action,Reroute to Contain / Correct,30.739999999999995,6.147999999999999,1.9141293070051641,0.2,0.0012198447551119986
1102,OFF-PA-10000533,Southworth Parchment Paper & Envelopes,Clustered Body,0,Stable Profit Cluster,Stable Profit Cluster,,,False,False,False,False,0,83.712,0.3671875,6,False,0.33408297947943516,0.33408297947943516,Protect,False,none,0.8144734185875461,cluster_margin,none,none,No Signal,0,No Escalation,Protect,30.738,5.123,0.33408297947943516,0.0,0.0012197653898058756
1103,OFF-AR-10001374,"BIC Brite Liner Highlighters, Chisel Tip",Clustered Body,0,Stable Profit Cluster,Stable Profit Cluster,,,False,False,False,False,0,123.12,0.24842105263157893,6,False,0.6503744986116828,0.6503744986116828,Protect,False,none,0.8222185586341938,cluster_margin,none,none,No Signal,0,No Escalation,Protect,30.5856,5.0976,0.6503744986116828,0.0,0.0012137177534792957
1104,FUR-FU-10003095,"Linden 12"" Wall Clock With Oak Frame",Clustered Body,0,Stable Profit Cluster,Stable Profit Cluster,,,False,False,False,False,0,101.94,0.3,1,True,,0.0,Protect,False,none,0.8317926540149962,cluster_margin,none,none,No Signal,0,No Escalation,Protect,30.582,30.582,0.0,0.0,0.001213574895928274
1105,OFF-ST-10002562,Staple magnet,Clustered Body,0,Stable Profit Cluster,Stable Profit Cluster,,,False,False,False,False,0,219.49200000000002,0.13846153846153844,7,False,0.5161255228166436,0.5161255228166436,Protect,False,none,0.8163124904991708,cluster_margin,none,none,No Signal,0,No Escalation,Protect,30.391199999999998,4.3416,0.5161255228166436,0.0,0.0012060034457241305
1106,OFF-PA-10000232,Xerox 1975,Clustered Body,0,Stable Profit Cluster,Stable Profit Cluster,,,False,False,False,False,0,69.98400000000001,0.4333333333333333,5,False,0.061788381704078375,0.061788381704078375,Protect,False,none,0.8035026601566941,cluster_margin,none,none,No Signal,0,No Escalation,Protect,30.3264,6.06528,0.061788381704078375,0.0,0.0012034320098057423
1107,OFF-AR-10003504,Newell 347,Clustered Body,0,Stable Profit Cluster,Stable Profit Cluster,,,False,False,False,False,0,127.544,0.2375838926174497,7,False,0.71660692837354,0.71660692837354,Protect,False,none,0.8183364260745248,cluster_margin,none,none,No Signal,0,No Escalation,Protect,30.302400000000002,4.328914285714286,0.71660692837354,0.0,0.0012024796261322652
1108,OFF-EN-10001509,Poly String Tie Envelopes,Clustered Body,0,Stable Profit Cluster,Stable Profit Cluster,,,False,False,False,False,0,68.136,0.44461077844311375,11,False,0.6998577641631345,0.6998577641631345,Protect,False,none,0.8102102077735571,cluster_margin,none,none,No Signal,0,No Escalation,Protect,30.293999999999997,2.7539999999999996,0.6998577641631345,0.0,0.001202146291846548
1109,OFF-FA-10000992,"Acco Clips to Go Binder Clips, 24 Clips in Two Sizes",Clustered Body,0,Stable Profit Cluster,Stable Profit Cluster,,,False,False,False,False,0,66.03,0.4586021505376344,5,False,0.5678209682534278,0.5678209682534278,Protect,False,none,0.8254989530618915,cluster_margin,none,none,No Signal,0,No Escalation,Protect,30.2815,6.0563,0.5678209682534278,0.0,0.0012016502586832789
1110,OFF-PA-10000528,Xerox 1981,Clustered Body,0,Stable Profit Cluster,Stable Profit Cluster,,,False,False,False,False,0,70.752,0.4253731343283582,4,False,0.488380837914971,0.488380837914971,Protect,False,none,0.8301407341449446,cluster_margin,none,none,No Signal,0,No Escalation,Protect,30.096,7.524,0.488380837914971,0.0,0.0011942891265403616
1111,OFF-ST-10001558,Acco Perma 4000 Stacking Storage Drawers,Clustered Body,1,Stable Loss Cluster,Stable Loss Cluster,,,False,False,False,False,0,457.96799999999996,0.06560283687943262,11,False,1.83424890828426,1.83424890828426,Correct,False,none,0.5751135117212379,cluster_margin,moderate,none,Moderate Deterioration,1,Intensify Action,Correct — Accelerated,30.043999999999997,2.731272727272727,1.83424890828426,0.45454545454545453,0.001192225628581161
1112,TEC-AC-10001590,Dell Slim USB Multimedia Keyboard,Clustered Body,0,Stable Profit Cluster,Stable Profit Cluster,,,False,False,False,False,0,125.0,0.24,2,False,0.2781452247527032,0.2781452247527032,Protect,False,none,0.8467069930930761,cluster_margin,none,none,No Signal,0,No Escalation,Protect,30.0,15.0,0.2781452247527032,0.0,0.0011904795918464529
1113,OFF-PA-10002659,Avoid Verbal Orders Carbonless Minifold Book,Clustered Body,0,Stable Profit Cluster,Stable Profit Cluster,,,False,False,False,False,0,68.276,0.4386138613861386,5,False,0.5829705938035278,0.5829705938035278,Protect,False,none,0.8251278632399195,cluster_margin,none,none,No Signal,0,No Escalation,Protect,29.9468,5.98936,0.5829705938035278,0.0,0.0011883684747035785
1114,OFF-PA-10004733,Things To Do Today Spiral Book,Clustered Body,0,Stable Profit Cluster,Stable Profit Cluster,,,False,False,False,False,0,82.368,0.36250000000000004,3,False,0.3437561756009397,0.3437561756009397,Protect,False,none,0.8342750805357434,cluster_margin,none,none,No Signal,0,No Escalation,Protect,29.8584,9.9528,0.3437561756009397,0.0,0.0011848605281729377
1115,OFF-AR-10001419,Newell 325,Clustered Body,0,Stable Profit Cluster,Stable Profit Cluster,,,False,False,False,False,0,128.03,0.23225806451612904,6,False,0.7686562674086569,0.7686562674086569,Protect,False,none,0.8207537951066243,cluster_margin,none,none,No Signal,0,No Escalation,Protect,29.736,4.956,0.7686562674086569,0.0,0.0011800033714382042
1116,OFF-BI-10001249,Avery Heavy-Duty EZD View Binder with Locking Rings,Clustered Body,1,Stable Loss Cluster,Stable Loss Cluster,,,False,False,False,False,0,170.984,0.17388059701492536,10,False,3.83347567738794,3.83347567738794,Correct,False,none,0.5357692485890875,cluster_margin,severe,none,Severe Deterioration,1,Reroute Action,Exit / Restructure,29.7308,2.97308,3.83347567738794,0.4,0.0011797970216422841
1117,OFF-PA-10002259,"Geographics Note Cards, Blank, White, 8 1/2"" x 11""",Clustered Body,0,Stable Profit Cluster,Stable Profit Cluster,,,False,False,False,False,0,76.092,0.3882352941176471,3,False,0.31955647353238253,0.31955647353238253,Protect,False,none,0.8324075771733532,cluster_margin,none,none,No Signal,0,No Escalation,Protect,29.541600000000003,9.8472,0.31955647353238253,0.0,0.0011722890636830393
1118,TEC-PH-10002185,QVS USB Car Charger 2-Port 2.1Amp for iPod/iPhone/iPad/iPad 2/iPad 3,Clustered Body,0,Stable Profit Cluster,Stable Profit Cluster,,,False,False,False,False,0,79.23,0.37280701754385964,5,False,0.9051160261623542,0.9051160261623542,Protect,False,none,0.8231370606316674,cluster_margin,none,none,No Signal,0,No Escalation,Protect,29.5375,5.907500000000001,0.9051160261623542,0.0,0.0011721263648054867
1119,FUR-FU-10001475,"Contract Clock, 14"", Brown",Clustered Body,1,Stable Loss Cluster,Stable Loss Cluster,,,False,False,False,False,0,334.096,0.0881578947368421,5,False,4.87946810537529,4.87946810537529,Correct,False,none,0.4834216099026234,cluster_margin,severe,none,Severe Deterioration,1,Reroute Action,Exit / Restructure,29.4532,5.890639999999999,4.87946810537529,0.4,0.0011687811171523983
1120,OFF-LA-10003537,Avery 515,Clustered Body,0,Stable Profit Cluster,Stable Profit Cluster,,,False,False,False,False,0,62.650000000000006,0.47,2,False,0.27805826083839474,0.27805826083839474,Protect,False,none,0.8454440613055276,cluster_margin,none,none,No Signal,0,No Escalation,Protect,29.445500000000003,14.722750000000001,0.27805826083839474,0.0,0.0011684755607238243
1121,OFF-BI-10002706,Avery Premier Heavy-Duty Binder with Round Locking Rings,Clustered Body,1,Stable Loss Cluster,Stable Loss Cluster,,,False,False,False,False,0,191.35199999999998,0.15373134328358212,7,False,3.45148760061911,3.45148760061911,Correct,False,none,0.15727006791887763,cluster_margin,severe,none,Severe Deterioration,1,Reroute Action,Exit / Restructure,29.416800000000002,4.2024,3.45148760061911,0.2857142857142857,0.001167336668580958
1122,TEC-AC-10000397,"Perixx PERIBOARD-512B, Ergonomic Split Keyboard",Clustered Body,0,Stable Profit Cluster,Stable Profit Cluster,,,False,False,False,False,0,419.88,0.06999999999999999,3,False,0.24369860967137744,0.24369860967137744,Protect,False,none,0.8280603644150831,cluster_margin,none,none,No Signal,0,No Escalation,Protect,29.391599999999997,9.797199999999998,0.24369860967137744,0.0,0.0011663366657238066
1123,OFF-PA-10001609,Tops Wirebound Message Log Books,Clustered Body,0,Stable Profit Cluster,Stable Profit Cluster,,,False,False,False,False,0,73.696,0.39732142857142855,6,False,0.42922646882581367,0.42922646882581367,Protect,False,none,0.8155687602040458,cluster_margin,none,none,No Signal,0,No Escalation,Protect,29.281,4.880166666666667,0.42922646882581367,0.0,0.0011619477642951996
1124,OFF-EN-10004007,Park Ridge Embossed Executive Business Envelopes,Clustered Body,0,Stable Profit Cluster,Stable Profit Cluster,,,False,False,False,False,0,62.28,0.47,1,True,,0.0,Protect,False,none,0.8325358422247231,cluster_margin,none,none,No Signal,0,No Escalation,Protect,29.2716,29.2716,0.0,0.0,0.001161574747356421
1125,OFF-BI-10002309,Avery Heavy-Duty EZD  Binder With Locking Rings,Clustered Body,0,Stable Profit Cluster,Stable Profit Cluster,,,False,False,False,False,0,110.48400000000001,0.2646464646464646,6,False,1.5153346769090097,1.5153346769090097,Protect,False,none,0.5897891793063111,cluster_margin,severe,none,Severe Deterioration,1,Reroute Action,Reroute to Contain / Correct,29.239199999999997,4.8732,1.5153346769090097,0.16666666666666666,0.0011602890293972267
1126,TEC-AC-10000290,Sabrent 4-Port USB 2.0 Hub,Clustered Body,0,Stable Profit Cluster,Stable Profit Cluster,,,False,False,False,False,0,96.418,0.3028169014084507,4,False,0.8225843605770518,0.8225843605770518,Protect,False,none,0.8309414492452017,cluster_margin,none,none,No Signal,0,No Escalation,Protect,29.197,7.29925,0.8225843605770518,0.0,0.0011586144214380295
1127,OFF-EN-10000781,"#10- 4 1/8"" x 9 1/2"" Recycled Envelopes",Clustered Body,0,Stable Profit Cluster,Stable Profit Cluster,,,False,False,False,False,0,75.164,0.3837209302325581,2,False,0.2021526382421435,0.2021526382421435,Protect,False,none,0.8393036505876507,cluster_margin,none,none,No Signal,0,No Escalation,Protect,28.842,14.421,0.2021526382421435,0.0,0.0011445270796011798
1128,OFF-AP-10003971,Belkin 6 Outlet Metallic Surge Strip,Clustered Body,0,Stable Profit Cluster,Stable Profit Cluster,,,False,False,False,False,0,262.449,0.10954356846473029,9,False,1.7572156216443091,1.7572156216443091,Protect,False,none,0.6692324302311851,cluster_margin,severe,none,Severe Deterioration,1,Reroute Action,Reroute to Contain / Correct,28.7496,3.1944,1.7572156216443091,0.1111111111111111,0.0011408604024582929
1129,OFF-PA-10001166,Xerox 1932,Clustered Body,0,Stable Profit Cluster,Stable Profit Cluster,,,False,False,False,False,0,85.056,0.33749999999999997,1,True,,0.0,Protect,False,none,0.8327271030682951,cluster_margin,none,none,No Signal,0,No Escalation,Protect,28.7064,28.7064,0.0,0.0,0.0011391461118460337
1130,FUR-FU-10004091,"Eldon 200 Class Desk Accessories, Black",Clustered Body,0,Stable Profit Cluster,Stable Profit Cluster,,,False,False,False,False,0,75.36,0.38,2,False,0.6948137434754537,0.6948137434754537,Protect,False,none,0.8580111165819888,cluster_margin,none,none,No Signal,0,No Escalation,Protect,28.6368,14.3184,0.6948137434754537,0.0,0.0011363841991929502
1131,OFF-PA-10000673,"Post-it “Important Message” Note Pad, Neon Colors, 50 Sheets/Pad",Clustered Body,0,Stable Profit Cluster,Stable Profit Cluster,,,False,False,False,False,0,62.608000000000004,0.455813953488372,2,False,0.9925310812664556,0.9925310812664556,Protect,False,none,0.852932970900039,cluster_margin,none,none,No Signal,0,No Escalation,Protect,28.537599999999998,14.268799999999999,0.9925310812664556,0.0,0.0011324476800092444
1132,OFF-AR-10003338,"Eberhard Faber 3 1/2"" Golf Pencils",Clustered Body,0,Stable Profit Cluster,Stable Profit Cluster,,,False,False,False,False,0,139.872,0.20212765957446807,7,False,0.662756360626825,0.662756360626825,Protect,False,none,0.8148903655683335,cluster_margin,none,none,No Signal,0,No Escalation,Protect,28.272000000000002,4.038857142857143,0.662756360626825,0.0,0.0011219079673560972
1133,FUR-FU-10000222,"Seth Thomas 16"" Steel Case Clock",Clustered Body,0,Stable Profit Cluster,Stable Profit Cluster,,,False,False,False,False,0,441.72799999999995,0.06397058823529413,5,False,4.725141197296491,4.725141197296491,Protect,False,high,0.02406343918268308,cluster_margin,severe,none,High Classification Instability,2,Reassess Classification,Reassess Classification,28.257600000000004,5.6515200000000005,4.725141197296491,0.2,0.0011213365371520111
1134,FUR-FU-10004270,"Eldon Image Series Desk Accessories, Burgundy",Clustered Body,0,Stable Profit Cluster,Stable Profit Cluster,,,False,False,False,False,0,111.18799999999999,0.25413533834586466,8,False,1.0400086442523302,1.0400086442523302,Protect,False,none,0.7103214675845549,cluster_margin,moderate,none,Moderate Deterioration,1,Intensify Action,Protect (Tight Control),28.2568,3.5321,1.0400086442523302,0.125,0.0011213047910295616
1135,OFF-LA-10003121,Avery 506,Clustered Body,0,Stable Profit Cluster,Stable Profit Cluster,,,False,False,False,False,0,66.08,0.4262500000000001,3,False,0.4113116035476357,0.4113116035476357,Protect,False,none,0.8333990714861395,cluster_margin,none,none,No Signal,0,No Escalation,Protect,28.166600000000003,9.388866666666667,0.4113116035476357,0.0,0.00111772541572341
1136,OFF-FA-10002975,Staples,Clustered Body,0,Stable Profit Cluster,Stable Profit Cluster,,,False,False,False,False,0,77.112,0.3647058823529412,4,False,0.5262196197071665,0.5262196197071665,Protect,False,none,0.8270553155304324,cluster_margin,none,none,No Signal,0,No Escalation,Protect,28.1232,7.0308,0.5262196197071665,0.0,0.0011160031885805387
1137,OFF-PA-10001846,Xerox 1899,Clustered Body,0,Stable Profit Cluster,Stable Profit Cluster,,,False,False,False,False,0,69.36,0.40499999999999997,5,False,0.23320529175236998,0.23320529175236998,Protect,False,none,0.809729663088632,cluster_margin,none,none,No Signal,0,No Escalation,Protect,28.090799999999998,5.61816,0.23320529175236998,0.0,0.0011147174706213445
1138,FUR-FU-10002885,Magna Visual Magnetic Picture Hangers,Clustered Body,0,Stable Profit Cluster,Stable Profit Cluster,,,False,False,False,False,0,84.83200000000001,0.33068181818181813,6,False,0.7190351128247641,0.7190351128247641,Protect,False,none,0.8179761558751197,cluster_margin,none,none,No Signal,0,No Escalation,Protect,28.0524,4.6754,0.7190351128247641,0.0,0.001113193656743781
1139,OFF-PA-10002105,Xerox 223,Clustered Body,0,Stable Profit Cluster,Stable Profit Cluster,,,False,False,False,False,0,58.32,0.48,3,False,0.6490459625319264,0.6490459625319264,Protect,False,none,0.8389340003696187,cluster_margin,none,none,No Signal,0,No Escalation,Protect,27.9936,9.3312,0.6490459625319264,0.0,0.001110860316743762
1140,OFF-AR-10000817,Manco Dry-Lighter Erasable Highlighter,Clustered Body,0,Stable Profit Cluster,Stable Profit Cluster,,,False,False,False,False,0,88.16,0.31724137931034485,7,False,0.7860431644747617,0.7860431644747617,Protect,False,none,0.8141203588089146,cluster_margin,none,none,No Signal,0,No Escalation,Protect,27.968,3.9954285714285716,0.7860431644747617,0.0,0.0011098444408253864
1141,OFF-PA-10001215,Xerox 1963,Clustered Body,0,Stable Profit Cluster,Stable Profit Cluster,,,False,False,False,False,0,77.088,0.3595890410958904,3,False,0.6060831206427538,0.6060831206427538,Protect,False,none,0.8377204825064445,cluster_margin,none,none,No Signal,0,No Escalation,Protect,27.72,9.24,0.6060831206427538,0.0,0.0011000031428661224
1142,FUR-FU-10004666,DAX Clear Channel Poster Frame,Clustered Body,1,Stable Loss Cluster,Stable Loss Cluster,,,False,False,False,False,0,119.556,0.23170731707317072,3,False,1.9568750707934928,1.9568750707934928,Correct,False,none,0.14393854252407973,cluster_margin,moderate,none,Moderate Deterioration,1,Intensify Action,Correct — Accelerated,27.701999999999998,9.234,1.9568750707934928,0.3333333333333333,0.0010992888551110145
1143,FUR-FU-10003798,"Ultra Door Kickplate, 8""H x 34""W",Clustered Body,0,Stable Profit Cluster,Stable Profit Cluster,,,False,False,False,False,0,158.24,0.175,2,False,0.0,0.0,Protect,False,none,0.822084797357916,cluster_margin,none,none,No Signal,0,No Escalation,Protect,27.692,13.846,0.0,0.0,0.001098892028580399
1144,OFF-LA-10003077,Avery 500,Clustered Body,0,Stable Profit Cluster,Stable Profit Cluster,,,False,False,False,False,0,58.48,0.47000000000000003,2,False,0.6943081842319058,0.6943081842319058,Protect,False,none,0.8549202094689078,cluster_margin,none,none,No Signal,0,No Escalation,Protect,27.4856,13.7428,0.6943081842319058,0.0,0.0010907015289884955
1145,OFF-SU-10000952,Fiskars Home & Office Scissors,Clustered Body,0,Stable Profit Cluster,Stable Profit Cluster,,,False,False,False,False,0,97.68,0.27999999999999997,3,False,0.4053347229734637,0.4053347229734637,Protect,False,none,0.8313007298028356,cluster_margin,none,none,No Signal,0,No Escalation,Protect,27.3504,9.1168,0.4053347229734637,0.0,0.0010853364342945742
1146,TEC-PH-10000213,Seidio BD2-HK3IPH5-BK DILEX Case and Holster Combo for Apple iPhone 5/5s - Black,Clustered Body,0,Stable Profit Cluster,Stable Profit Cluster,,,False,False,False,False,0,272.888,0.10000000000000002,3,False,0.7659638788230546,0.7659638788230546,Protect,False,none,0.8374786365343622,cluster_margin,none,none,No Signal,0,No Escalation,Protect,27.288800000000002,9.096266666666667,0.7659638788230546,0.0,0.001082891982865983
1147,FUR-BO-10001619,O'Sullivan Cherrywood Estates Traditional Bookcase,Clustered Body,0,Stable Profit Cluster,Stable Profit Cluster,,,False,False,False,False,0,424.90000000000003,0.06399999999999999,2,False,0.5206299516547871,0.5206299516547871,Protect,False,none,0.8509451836180923,cluster_margin,none,none,No Signal,0,No Escalation,Protect,27.193599999999996,13.596799999999998,0.5206299516547871,0.0,0.0010791141942945233
1148,OFF-PA-10002230,Xerox 1897,Clustered Body,0,Stable Profit Cluster,Stable Profit Cluster,,,False,False,False,False,0,67.72800000000001,0.39999999999999997,4,False,0.6468201899053171,0.6468201899053171,Protect,False,none,0.8268145185632395,cluster_margin,none,none,No Signal,0,No Escalation,Protect,27.0912,6.7728,0.6468201899053171,0.0,0.0010750506906210208
1149,OFF-BI-10002432,Wilson Jones Standard D-Ring Binders,Clustered Body,1,Stable Loss Cluster,Stable Loss Cluster,,,False,False,False,False,0,96.646,0.27853403141361255,8,False,1.8394662971115407,1.8394662971115407,Correct,False,none,0.3424344908191653,cluster_margin,moderate,none,Moderate Deterioration,1,Intensify Action,Correct — Accelerated,26.9192,3.3649,1.8394662971115407,0.375,0.0010682252742944345
1150,OFF-PA-10001947,Xerox 1974,Clustered Body,0,Stable Profit Cluster,Stable Profit Cluster,,,False,False,False,False,0,57.408,0.46875000000000006,4,False,0.5034731230657695,0.5034731230657695,Protect,False,none,0.8239804285451032,cluster_margin,none,none,No Signal,0,No Escalation,Protect,26.910000000000004,6.727500000000001,0.5034731230657695,0.0,0.0010678601938862685
1151,OFF-AR-10004685,"Binney & Smith Crayola Metallic Colored Pencils, 8-Color Set",Clustered Body,0,Stable Profit Cluster,Stable Profit Cluster,,,False,False,False,False,0,88.896,0.3020833333333333,7,False,0.6667895704883818,0.6667895704883818,Protect,False,none,0.812580176342731,cluster_margin,none,none,No Signal,0,No Escalation,Protect,26.854,3.8362857142857143,0.6667895704883818,0.0,0.0010656379653148215
1152,OFF-AR-10003056,Newell 341,Clustered Body,0,Stable Profit Cluster,Stable Profit Cluster,,,False,False,False,False,0,96.728,0.2774336283185841,7,False,0.5052386086940566,0.5052386086940566,Protect,False,none,0.8103954329480654,cluster_margin,none,none,No Signal,0,No Escalation,Protect,26.835600000000003,3.833657142857143,0.5052386086940566,0.0,0.0010649078044984892
1153,OFF-AR-10000716,DIXON Ticonderoga Erasable Checking Pencils,Clustered Body,0,Stable Profit Cluster,Stable Profit Cluster,,,False,False,False,False,0,94.86,0.2823529411764706,7,False,0.25428096997669064,0.25428096997669064,Protect,False,none,0.8016841128150577,cluster_margin,none,none,No Signal,0,No Escalation,Protect,26.784,3.826285714285714,0.25428096997669064,0.0,0.0010628601796005132
1154,FUR-FU-10000320,OIC Stacking Trays,Clustered Body,0,Stable Profit Cluster,Stable Profit Cluster,,,False,False,False,False,0,82.832,0.32258064516129037,6,False,0.7967457544969027,0.7967457544969027,Protect,False,none,0.6352122067049204,cluster_margin,none,none,No Signal,0,No Escalation,Protect,26.720000000000002,4.453333333333334,0.7967457544969027,0.16666666666666666,0.001060320489804574
1155,OFF-AR-10003631,Staples in misc. colors,Clustered Body,0,Stable Profit Cluster,Stable Profit Cluster,,,False,False,False,False,0,123.904,0.21484374999999997,4,False,0.29561263775796864,0.29561263775796864,Protect,False,none,0.8158735263852119,cluster_margin,none,none,No Signal,0,No Escalation,Protect,26.619999999999997,6.654999999999999,0.29561263775796864,0.0,0.0010563522244984192
1156,OFF-EN-10003072,Peel & Seel Envelopes,Clustered Body,0,Stable Profit Cluster,Stable Profit Cluster,,,False,False,False,False,0,62.856,0.4222222222222222,4,False,0.4488901731443585,0.4488901731443585,Protect,False,none,0.8216728346173642,cluster_margin,none,none,No Signal,0,No Escalation,Protect,26.5392,6.6348,0.4488901731443585,0.0,0.0010531458661310461
1157,OFF-BI-10001036,Cardinal EasyOpen D-Ring Binders,Clustered Body,1,Stable Loss Cluster,Stable Loss Cluster,,,False,False,False,False,0,209.30599999999998,0.12663755458515286,8,False,4.28585802144713,4.28585802144713,Correct,False,none,0.10726282944867352,cluster_margin,severe,none,Severe Deterioration,1,Reroute Action,Exit / Restructure,26.506000000000004,3.3132500000000005,4.28585802144713,0.25,0.0010518284020494028
1158,OFF-SU-10002503,Acme Preferred Stainless Steel Scissors,Clustered Body,0,Stable Profit Cluster,Stable Profit Cluster,,,False,False,False,False,0,90.88,0.29000000000000004,4,False,0.34046310751705394,0.34046310751705394,Protect,False,none,0.8173302237733123,cluster_margin,none,none,No Signal,0,No Escalation,Protect,26.355200000000004,6.588800000000001,0.34046310751705394,0.0,0.0010458442579677214
1159,OFF-AR-10003696,Panasonic KP-350BK Electric Pencil Sharpener with Auto Stop,Clustered Body,0,Stable Profit Cluster,Stable Profit Cluster,,,False,False,False,False,0,124.488,0.2111111111111111,3,False,0.24364581893095863,0.24364581893095863,Protect,False,none,0.8213629016244156,cluster_margin,none,none,No Signal,0,No Escalation,Protect,26.2808,8.760266666666666,0.24364581893095863,0.0,0.001042891868579942
1160,OFF-SU-10001664,Acme Office Executive Series Stainless Steel Trimmers,Clustered Body,0,Stable Profit Cluster,Stable Profit Cluster,,,False,False,False,False,0,159.402,0.16451612903225807,7,False,0.5804694793940068,0.5804694793940068,Protect,False,none,0.8107622422513956,cluster_margin,none,none,No Signal,0,No Escalation,Protect,26.2242,3.7463142857142855,0.5804694793940068,0.0,0.0010406458304166584
1161,FUR-FU-10000260,"6"" Cubicle Wall Clock, Black",Clustered Body,0,Stable Profit Cluster,Stable Profit Cluster,,,False,False,False,False,0,124.586,0.21038961038961038,4,False,1.2290553024678617,1.2290553024678617,Protect,False,none,0.35720087932918426,cluster_margin,moderate,none,Moderate Deterioration,1,Intensify Action,Protect (Tight Control),26.211599999999997,6.552899999999999,1.2290553024678617,0.25,0.0010401458289880827
1162,FUR-FU-10003849,"DAX Metal Frame, Desktop, Stepped-Edge",Clustered Body,1,Stable Loss Cluster,Stable Loss Cluster,,,False,False,False,False,0,161.92,0.16125,5,False,2.8453768750532595,2.8453768750532595,Correct,False,none,0.5164167797447868,cluster_margin,severe,none,Severe Deterioration,1,Reroute Action,Exit / Restructure,26.1096,5.22192,2.8453768750532595,0.4,0.001036098198375805
1163,FUR-CH-10002317,Global Enterprise Series Seating Low-Back Swivel/Tilt Chairs,Clustered Body,0,Stable Profit Cluster,Stable Profit Cluster,,,False,False,False,False,0,207.184,0.125,1,True,,0.0,Protect,False,none,0.8324909192784901,cluster_margin,none,none,No Signal,0,No Escalation,Protect,25.898,25.898,0.0,0.0,0.0010277013489879813
1164,OFF-PA-10000551,Array Memo Cubes,Clustered Body,0,Stable Profit Cluster,Stable Profit Cluster,,,False,False,False,False,0,54.908,0.470754716981132,3,False,0.6960591498954174,0.6960591498954174,Protect,False,none,0.8340099544146624,cluster_margin,none,none,No Signal,0,No Escalation,Protect,25.8482,8.616066666666667,0.6960591498954174,0.0,0.0010257251528655162
1165,OFF-EN-10002973,Ampad #10 Peel & Seel Holiday Envelopes,Clustered Body,0,Stable Profit Cluster,Stable Profit Cluster,,,False,False,False,False,0,53.760000000000005,0.48,3,False,0.48569558128771045,0.48569558128771045,Protect,False,none,0.830439850382687,cluster_margin,none,none,No Signal,0,No Escalation,Protect,25.8048,8.6016,0.48569558128771045,0.0,0.001024002925722645
1166,FUR-FU-10004586,G.E. Longer-Life Indoor Recessed Floodlight Bulbs,Clustered Body,1,Stable Loss Cluster,Stable Loss Cluster,,,False,False,False,False,0,81.00800000000001,0.31803278688524583,6,False,1.1023285157410454,1.1023285157410454,Correct,False,high,0.029829229495719374,cluster_margin,none,none,High Classification Instability,1,Reassess Classification,Reassess Classification,25.763199999999998,4.293866666666666,1.1023285157410454,0.3333333333333333,0.0010223521273552843
1167,OFF-PA-10004519,Spiral Phone Message Books with Labels by Adams,Clustered Body,0,Stable Profit Cluster,Stable Profit Cluster,,,False,False,False,False,0,60.032000000000004,0.42910447761194026,4,False,0.42304804133197826,0.42304804133197826,Protect,False,none,0.8192454656418237,cluster_margin,none,none,No Signal,0,No Escalation,Protect,25.759999999999998,6.4399999999999995,0.42304804133197826,0.0,0.0010222251428654875
1168,OFF-PA-10003971,Xerox 1965,Clustered Body,0,Stable Profit Cluster,Stable Profit Cluster,,,False,False,False,False,0,56.212,0.45744680851063824,4,False,0.24019975937413224,0.24019975937413224,Protect,False,none,0.8114330339500875,cluster_margin,none,none,No Signal,0,No Escalation,Protect,25.714,6.4285,0.24019975937413224,0.0,0.0010203997408246564
1169,OFF-FA-10000936,Acco Hot Clips Clips to Go,Clustered Body,0,Stable Profit Cluster,Stable Profit Cluster,,,False,False,False,False,0,67.116,0.3799019607843137,6,False,1.0219580308651761,1.0219580308651761,Protect,False,none,0.8075214986541337,cluster_margin,moderate,none,Moderate Deterioration,1,Intensify Action,Protect (Tight Control),25.4975,4.249583333333333,1.0219580308651761,0.0,0.001011808446436831
1170,OFF-BI-10003291,Wilson Jones Leather-Like Binders with DublLock Round Rings,Clustered Body,1,Stable Loss Cluster,Stable Loss Cluster,,,False,False,False,False,0,238.329,0.10695970695970698,12,False,4.864983808148816,4.864983808148816,Correct,False,none,0.3628288700008416,cluster_margin,severe,none,Severe Deterioration,1,Reroute Action,Exit / Restructure,25.491600000000005,2.1243000000000003,4.864983808148816,0.3333333333333333,0.0010115743187837682
1171,OFF-AP-10002222,Staple holder,Clustered Body,0,Stable Profit Cluster,Stable Profit Cluster,,,False,False,False,False,0,107.508,0.23467741935483868,4,False,1.0415731852446013,1.0415731852446013,Protect,False,none,0.8163888145832479,cluster_margin,moderate,none,Moderate Deterioration,1,Intensify Action,Protect (Tight Control),25.229699999999998,6.307424999999999,1.0415731852446013,0.0,0.0010011814319469483
1172,FUR-FU-10004020,Advantus Panel Wall Acrylic Frame,Clustered Body,0,Stable Profit Cluster,Stable Profit Cluster,,,False,False,False,False,0,87.52,0.2875,5,False,1.3955296465044082,1.3955296465044082,Protect,False,none,0.5052312716454564,cluster_margin,moderate,none,Moderate Deterioration,1,Intensify Action,Protect (Tight Control),25.162,5.0324,1.3955296465044082,0.2,0.0009984949163346815
1173,OFF-EN-10003068,#6 3/4 Gummed Flap White Envelopes,Clustered Body,0,Stable Profit Cluster,Stable Profit Cluster,,,False,False,False,False,0,71.28,0.35,4,False,0.5374185784842979,0.5374185784842979,Protect,False,none,0.8206598163152516,cluster_margin,none,none,No Signal,0,No Escalation,Protect,24.948,6.237,0.5374185784842979,0.0,0.0009900028285795102
1174,OFF-FA-10002988,Ideal Clamps,Clustered Body,0,Stable Profit Cluster,Stable Profit Cluster,,,False,False,False,False,0,58.692,0.4236301369863014,8,False,0.4904611353627955,0.4904611353627955,Protect,False,none,0.804726524533244,cluster_margin,none,none,No Signal,0,No Escalation,Protect,24.8637,3.1079625,0.4904611353627955,0.0,0.0009866575809264217
1175,TEC-AC-10001553,"Memorex 25GB 6X Branded Blu-Ray Recordable Disc, 15/Pack",Clustered Body,0,Stable Profit Cluster,Stable Profit Cluster,,,False,False,False,False,0,373.78000000000003,0.06636363636363636,5,False,1.7649529127543102,1.7649529127543102,Protect,False,none,0.7547482222835928,cluster_margin,severe,none,Severe Deterioration,1,Reroute Action,Reroute to Contain / Correct,24.805400000000002,4.961080000000001,1.7649529127543102,0.0,0.0009843440822529335
1176,OFF-PA-10000682,Xerox 1924,Clustered Body,0,Stable Profit Cluster,Stable Profit Cluster,,,False,False,False,False,0,60.112,0.4115384615384615,4,False,0.8126326784084149,0.8126326784084149,Protect,False,none,0.8214152971549389,cluster_margin,none,none,No Signal,0,No Escalation,Protect,24.7384,6.1846,0.8126326784084149,0.0,0.0009816853444978096
1177,TEC-AC-10001635,KeyTronic KT400U2 - Keyboard - Black,Clustered Body,0,Stable Profit Cluster,Stable Profit Cluster,,,False,False,False,False,0,148.03199999999998,0.16666666666666669,3,False,1.1114084840107452,1.1114084840107452,Protect,False,none,0.8211839275343414,cluster_margin,moderate,none,Moderate Deterioration,1,Intensify Action,Protect (Tight Control),24.672,8.224,1.1114084840107452,0.0,0.0009790504163345228
1178,OFF-AR-10003759,"Crayola Anti Dust Chalk, 12/Pack",Clustered Body,0,Stable Profit Cluster,Stable Profit Cluster,,,False,False,False,False,0,59.696,0.413109756097561,7,False,0.6746883223621771,0.6746883223621771,Protect,False,none,0.8089913862013777,cluster_margin,none,none,No Signal,0,No Escalation,Protect,24.661,3.523,0.6746883223621771,0.0,0.000978613907150846
1179,OFF-LA-10000134,Avery 511,Clustered Body,0,Stable Profit Cluster,Stable Profit Cluster,,,False,False,False,False,0,56.672,0.4347826086956522,6,False,1.0491902954289272,1.0491902954289272,Protect,False,none,0.804940095291829,cluster_margin,moderate,none,Moderate Deterioration,1,Intensify Action,Protect (Tight Control),24.64,4.1066666666666665,1.0491902954289272,0.0,0.0009777805714365534
1180,OFF-BI-10002557,Presstex Flexible Ring Binders,Clustered Body,1,Stable Loss Cluster,Stable Loss Cluster,,,False,False,False,False,0,92.82,0.2647058823529412,8,False,2.5695334157472893,2.5695334157472893,Correct,False,none,0.4320149805322976,cluster_margin,severe,none,Severe Deterioration,1,Reroute Action,Exit / Restructure,24.57,3.07125,2.5695334157472893,0.375,0.000975002785722245
1181,TEC-MA-10003329,"Vtech AT&T CL2940 Corded Speakerphone, Black",Clustered Body,0,Stable Profit Cluster,Stable Profit Cluster,,,False,False,False,False,0,71.976,0.33749999999999997,1,True,,0.0,Protect,False,none,0.83145436316283,cluster_margin,none,none,No Signal,0,No Escalation,Protect,24.2919,24.2919,0.0,0.0,0.0009639670399058282
1182,FUR-BO-10000330,"Sauder Camden County Barrister Bookcase, Planked Cherry Finish",Clustered Body,1,Stable Loss Cluster,Stable Loss Cluster,,,False,False,False,False,0,1064.624,0.022727272727272728,3,False,2.6868871298797306,2.6868871298797306,Correct,False,none,0.7401555690474991,cluster_margin,severe,none,Severe Deterioration,1,Reroute Action,Exit / Restructure,24.196,8.065333333333333,2.6868871298797306,0.6666666666666666,0.0009601614734772259
1183,FUR-BO-10002824,Bush Mission Pointe Library,Clustered Body,1,Stable Loss Cluster,Stable Loss Cluster,,,False,False,False,False,0,748.8607999999999,0.03225806451612904,3,False,5.877275157912482,5.877275157912482,Correct,False,none,0.3238705673036735,cluster_margin,severe,none,Severe Deterioration,1,Reroute Action,Exit / Restructure,24.156800000000004,8.052266666666668,5.877275157912482,0.3333333333333333,0.0009586059134772133
1184,OFF-ST-10000991,Space Solutions HD Industrial Steel Shelving.,Clustered Body,3,Risk-Oriented Profit Cluster,Risk-Oriented Profit Cluster,,,False,False,False,False,0,3035.208,0.007954545454545455,8,False,7.715795874389231,7.715795874389231,Contain,False,none,0.1081306785158097,cluster_margin,severe,none,Severe Deterioration,1,Reroute Action,Reroute to Correct,24.143700000000003,3.0179625000000003,7.715795874389231,0.125,0.0009580860707221069
1185,OFF-PA-10000350,"Message Book, Standard Line ""While You Were Out"", 5 1/2"" X 4"", 200 Sets/Book",Clustered Body,0,Stable Profit Cluster,Stable Profit Cluster,,,False,False,False,False,0,51.36,0.47000000000000003,2,False,0.4617135989008899,0.4617135989008899,Protect,False,none,0.8408364352476446,cluster_margin,none,none,No Signal,0,No Escalation,Protect,24.139200000000002,12.069600000000001,0.4617135989008899,0.0,0.00095790749878333
1186,OFF-EN-10004030,Convenience Packs of Business Envelopes,Clustered Body,0,Stable Profit Cluster,Stable Profit Cluster,,,False,False,False,False,0,58.644,0.4111111111111111,6,False,0.40166938664013035,0.40166938664013035,Protect,False,none,0.8060024383764458,cluster_margin,none,none,No Signal,0,No Escalation,Protect,24.109199999999998,4.018199999999999,0.40166938664013035,0.0,0.0009567170191914833
1187,OFF-PA-10000556,Xerox 208,Clustered Body,0,Stable Profit Cluster,Stable Profit Cluster,,,False,False,False,False,0,54.432,0.4428571428571429,2,False,0.7595715749912472,0.7595715749912472,Protect,False,none,0.8454979153848179,cluster_margin,none,none,No Signal,0,No Escalation,Protect,24.105600000000003,12.052800000000001,0.7595715749912472,0.0,0.0009565741616404619
1188,OFF-SU-10004737,Acme Design Stainless Steel Bent Scissors,Clustered Body,0,Stable Profit Cluster,Stable Profit Cluster,,,False,False,False,False,0,88.92,0.27,3,False,0.4656444515774452,0.4656444515774452,Protect,False,none,0.8255854459107316,cluster_margin,none,none,No Signal,0,No Escalation,Protect,24.0084,8.0028,0.4656444515774452,0.0,0.0009527170077628794
1189,OFF-EN-10001415,Staple envelope,Clustered Body,0,Stable Profit Cluster,Stable Profit Cluster,,,False,False,False,False,0,54.684,0.4387755102040817,5,False,0.497631389448002,0.497631389448002,Protect,False,none,0.8122328087581687,cluster_margin,none,none,No Signal,0,No Escalation,Protect,23.994,4.7988,0.497631389448002,0.0,0.000952145577558793
1190,OFF-LA-10000262,Avery 494,Clustered Body,0,Stable Profit Cluster,Stable Profit Cluster,,,False,False,False,False,0,56.376,0.425,6,False,0.7762440565366621,0.7762440565366621,Protect,False,none,0.8104066774395143,cluster_margin,none,none,No Signal,0,No Escalation,Protect,23.959799999999998,3.9932999999999996,0.7762440565366621,0.0,0.000950788430824088
1191,OFF-BI-10003314,Tuff Stuff Recycled Round Ring Binders,Clustered Body,0,Stable Profit Cluster,Stable Profit Cluster,,,False,False,False,False,0,80.494,0.29760479041916166,9,False,1.3431715307427619,1.3431715307427619,Protect,False,none,0.42412380627428364,cluster_margin,moderate,none,Moderate Deterioration,1,Intensify Action,Protect (Tight Control),23.955399999999997,2.661711111111111,1.3431715307427619,0.2222222222222222,0.0009506138271506172
1192,OFF-PA-10000809,Xerox 206,Clustered Body,0,Stable Profit Cluster,Stable Profit Cluster,,,False,False,False,False,0,60.912000000000006,0.39148936170212767,5,False,0.5683763610045136,0.5683763610045136,Protect,False,none,0.8133347606867978,cluster_margin,none,none,No Signal,0,No Escalation,Protect,23.846400000000003,4.76928,0.5683763610045136,0.0,0.0009462884179669086
1193,OFF-FA-10000735,Staples,Clustered Body,0,Stable Profit Cluster,Stable Profit Cluster,,,False,False,False,False,0,54.312,0.43817204301075274,5,False,0.5953131831061955,0.5953131831061955,Protect,False,none,0.813623619404545,cluster_margin,none,none,No Signal,0,No Escalation,Protect,23.798000000000002,4.759600000000001,0.5953131831061955,0.0,0.0009443677775587296
1194,OFF-BI-10004040,Wilson Jones Impact Binders,Clustered Body,1,Stable Loss Cluster,Stable Loss Cluster,,,False,False,False,False,0,134.68,0.17615384615384616,9,False,3.3970202652791675,3.3970202652791675,Correct,False,none,0.6493244067960959,cluster_margin,severe,none,Severe Deterioration,1,Reroute Action,Exit / Restructure,23.724400000000003,2.636044444444445,3.3970202652791675,0.4444444444444444,0.0009414471342933997
1195,OFF-AR-10001166,Staples in misc. colors,Clustered Body,0,Stable Profit Cluster,Stable Profit Cluster,,,False,False,False,False,0,60.64,0.39,3,False,0.5549872632095948,0.5549872632095948,Protect,False,none,0.8269630428395472,cluster_margin,none,none,No Signal,0,No Escalation,Protect,23.6496,7.8831999999999995,0.5549872632095948,0.0,0.0009384788718443957
1196,OFF-AR-10004269,Newell 31,Clustered Body,0,Stable Profit Cluster,Stable Profit Cluster,,,False,False,False,False,0,94.99,0.24869565217391307,5,False,0.7841238608736177,0.7841238608736177,Protect,False,none,0.8136236217497927,cluster_margin,none,none,No Signal,0,No Escalation,Protect,23.6236,4.72472,0.7841238608736177,0.0,0.0009374471228647955
1197,FUR-FU-10004952,"C-Line Cubicle Keepers Polyproplyene Holder w/Velcro Back, 8-1/2x11, 25/Bx",Clustered Body,3,Risk-Oriented Profit Cluster,Risk-Oriented Profit Cluster,,,False,False,False,False,0,514.556,0.045744680851063806,4,False,11.061530173157914,11.061530173157914,Contain,False,none,0.7032346219469217,cluster_margin,severe,none,Severe Deterioration,1,Reroute Action,Reroute to Correct,23.53819999999999,5.884549999999997,11.061530173157914,0.25,0.0009340582242933389
1198,OFF-LA-10004345,Avery 493,Clustered Body,0,Stable Profit Cluster,Stable Profit Cluster,,,False,False,False,False,0,55.974000000000004,0.4184210526315789,4,False,0.16359795539229635,0.16359795539229635,Protect,False,none,0.8030128539963685,cluster_margin,none,none,No Signal,0,No Escalation,Protect,23.4207,5.855175,0.16359795539229635,0.0,0.0009293955125586073
1199,FUR-FU-10000755,Eldon Expressions Mahogany Wood Desk Collection,Clustered Body,0,Stable Profit Cluster,Stable Profit Cluster,,,False,False,False,False,0,93.6,0.25,2,False,0.6459795343610889,0.6459795343610889,Protect,False,none,0.8430527861380965,cluster_margin,none,none,No Signal,0,No Escalation,Protect,23.4,11.7,0.6459795343610889,0.0,0.0009285740816402332
1200,OFF-LA-10000443,Avery 501,Clustered Body,0,Stable Profit Cluster,Stable Profit Cluster,,,False,False,False,False,0,66.42,0.3522222222222222,8,False,0.4914464253711928,0.4914464253711928,Protect,False,none,0.8025189139927638,cluster_margin,none,none,No Signal,0,No Escalation,Protect,23.3946,2.924325,0.4914464253711928,0.0,0.0009283597953137009
1201,FUR-FU-10004671,"Executive Impressions 12"" Wall Clock",Clustered Body,1,Stable Loss Cluster,Stable Loss Cluster,,,False,False,False,False,0,176.70000000000002,0.13199999999999998,6,False,2.6410813696356437,2.6410813696356437,Correct,False,none,0.2790960769780206,cluster_margin,severe,none,Severe Deterioration,1,Reroute Action,Exit / Restructure,23.3244,3.8874,2.6410813696356437,0.3333333333333333,0.0009255740730687803
1202,OFF-AR-10003829,Newell 35,Clustered Body,0,Stable Profit Cluster,Stable Profit Cluster,,,False,False,False,False,0,93.152,0.25,9,False,0.6931854387468561,0.6931854387468561,Protect,False,none,0.8029949821328665,cluster_margin,none,none,No Signal,0,No Escalation,Protect,23.288,2.5875555555555554,0.6931854387468561,0.0,0.0009241296244973399
1203,OFF-ST-10004950,"Tenex Personal Filing Tote With Secure Closure Lid, Black/Frost",Clustered Body,0,Stable Profit Cluster,Stable Profit Cluster,,,False,False,False,False,0,279.18,0.08333333333333333,5,False,0.4741834252397373,0.4741834252397373,Protect,False,none,0.8102944881569005,cluster_margin,none,none,No Signal,0,No Escalation,Protect,23.265,4.6530000000000005,0.4741834252397373,0.0,0.0009232169234769242
1204,TEC-AC-10002167,Imation 8gb Micro Traveldrive Usb 2.0 Flash Drive,Clustered Body,1,Stable Loss Cluster,Stable Loss Cluster,,,False,False,False,False,0,357.0,0.06512605042016807,8,False,1.7456110660729929,1.7456110660729929,Correct,False,none,0.33551373404181173,cluster_margin,moderate,none,Moderate Deterioration,1,Intensify Action,Correct — Accelerated,23.25,2.90625,1.7456110660729929,0.375,0.000922621683681001
1205,TEC-PH-10002293,Anker 36W 4-Port USB Wall Charger Travel Power Adapter for iPhone 5s 5c 5,Clustered Body,1,Stable Loss Cluster,Stable Loss Cluster,,,False,False,False,False,0,339.83,0.06823529411764706,6,False,2.849502800980253,2.849502800980253,Correct,False,none,0.3007521288664383,cluster_margin,severe,none,Severe Deterioration,1,Reroute Action,Exit / Restructure,23.1884,3.8647333333333336,2.849502800980253,0.3333333333333333,0.0009201772322524097
1206,OFF-LA-10000452,Avery 488,Clustered Body,0,Stable Profit Cluster,Stable Profit Cluster,,,False,False,False,False,0,51.03,0.45432098765432094,6,False,0.9075376295236502,0.9075376295236502,Protect,False,none,0.8068852524179434,cluster_margin,none,none,No Signal,0,No Escalation,Protect,23.183999999999997,3.8639999999999994,0.9075376295236502,0.0,0.0009200026285789387
1207,OFF-PA-10000605,Xerox 1950,Clustered Body,0,Stable Profit Cluster,Stable Profit Cluster,,,False,False,False,False,0,49.708,0.4662790697674418,3,False,0.7132944596736243,0.7132944596736243,Protect,False,none,0.8274168716847158,cluster_margin,none,none,No Signal,0,No Escalation,Protect,23.177799999999998,7.725933333333333,0.7132944596736243,0.0,0.0009197565961299571
1208,OFF-EN-10003798,"Recycled Interoffice Envelopes with Re-Use-A-Seal Closure, 10 x 13",Clustered Body,0,Stable Profit Cluster,Stable Profit Cluster,,,False,False,False,False,0,68.28,0.33749999999999997,2,False,0.2767578885032723,0.2767578885032723,Protect,False,none,0.8296814579091154,cluster_margin,none,none,No Signal,0,No Escalation,Protect,23.0445,11.52225,0.2767578885032723,0.0,0.0009144668984768528
1209,OFF-AP-10003281,Acco 6 Outlet Guardian Standard Surge Suppressor,Clustered Body,0,Stable Profit Cluster,Stable Profit Cluster,,,False,False,False,False,0,149.916,0.1532258064516129,5,False,1.9748751027995852,1.9748751027995852,Protect,False,none,0.42925063750511583,cluster_margin,severe,none,Severe Deterioration,1,Reroute Action,Reroute to Contain / Correct,22.971,4.5942,1.9748751027995852,0.2,0.000911550223476829
1210,OFF-LA-10000081,Avery 496,Clustered Body,0,Stable Profit Cluster,Stable Profit Cluster,,,False,False,False,False,0,50.25,0.45671641791044776,4,False,0.8147703396209152,0.8147703396209152,Protect,False,none,0.8174868288656723,cluster_margin,none,none,No Signal,0,No Escalation,Protect,22.95,5.7375,0.8147703396209152,0.0,0.0009107168877625364
1211,OFF-BI-10001031,Pressboard Data Binders by Wilson Jones,Clustered Body,0,Stable Profit Cluster,Stable Profit Cluster,,,False,False,False,False,0,99.324,0.2306451612903226,8,False,1.4199056133454822,1.4199056133454822,Protect,False,none,0.310742678456289,cluster_margin,moderate,none,Moderate Deterioration,1,Intensify Action,Protect (Tight Control),22.9086,2.863575,1.4199056133454822,0.25,0.0009090740259257884
1212,OFF-BI-10003355,Cardinal Holdit Business Card Pockets,Clustered Body,0,Stable Profit Cluster,Stable Profit Cluster,,,False,False,False,False,0,87.648,0.2613636363636364,8,False,1.403941762486283,1.403941762486283,Protect,False,none,0.6753953947642561,cluster_margin,moderate,none,Moderate Deterioration,1,Intensify Action,Protect (Tight Control),22.908,2.8635,1.403941762486283,0.125,0.0009090502163339515
1213,FUR-FU-10002191,G.E. Halogen Desk Lamp Bulbs,Clustered Body,0,Stable Profit Cluster,Stable Profit Cluster,,,False,False,False,False,0,62.82,0.36444444444444446,5,False,0.8022748871610681,0.8022748871610681,Protect,False,none,0.5443560702015642,cluster_margin,none,none,No Signal,0,No Escalation,Protect,22.8944,4.57888,0.8022748871610681,0.2,0.0009085105322523144
1214,OFF-LA-10001175,Avery 514,Clustered Body,0,Stable Profit Cluster,Stable Profit Cluster,,,False,False,False,False,0,47.808,0.47771084337349395,4,False,0.4515901322633378,0.4515901322633378,Protect,False,none,0.8141200556907201,cluster_margin,none,none,No Signal,0,No Escalation,Protect,22.8384,5.7096,0.4515901322633378,0.0,0.0009062883036808677
1215,OFF-EN-10004147,Wausau Papers Astrobrights Colored Envelopes,Clustered Body,0,Stable Profit Cluster,Stable Profit Cluster,,,False,False,False,False,0,50.232,0.45357142857142857,3,False,0.2639591546940251,0.2639591546940251,Protect,False,none,0.8146685320993853,cluster_margin,none,none,No Signal,0,No Escalation,Protect,22.7838,7.5946,0.2639591546940251,0.0,0.0009041216308237071
1216,OFF-PA-10001583,"1/4 Fold Party Design Invitations & White Envelopes, 24 8-1/2"" X 11"" Cards, 25 Env./Pack",Clustered Body,0,Stable Profit Cluster,Stable Profit Cluster,,,False,False,False,False,0,49.980000000000004,0.45441176470588235,2,False,1.1416020670496114,1.1416020670496114,Protect,False,none,0.8297406170759238,cluster_margin,moderate,none,Moderate Deterioration,1,Intensify Action,Protect (Tight Control),22.7115,11.35575,1.1416020670496114,0.0,0.0009012525750073572
1217,OFF-PA-10003657,Xerox 1927,Clustered Body,0,Stable Profit Cluster,Stable Profit Cluster,,,False,False,False,False,0,65.056,0.34868421052631576,5,False,0.48054407029453067,0.48054407029453067,Protect,False,none,0.8093654679073643,cluster_margin,none,none,No Signal,0,No Escalation,Protect,22.683999999999997,4.5367999999999995,0.48054407029453067,0.0,0.0009001613020481645
1218,TEC-PH-10004830,Pyle PRT45 Retro Home Telephone,Clustered Body,0,Stable Profit Cluster,Stable Profit Cluster,,,False,False,False,False,0,201.568,0.1125,1,True,,0.0,Protect,False,none,0.8297487328322631,cluster_margin,none,none,No Signal,0,No Escalation,Protect,22.6764,22.6764,0.0,0.0,0.0008998597138848969
1219,OFF-AR-10001988,Bulldog Table or Wall-Mount Pencil Sharpener,Clustered Body,0,Stable Profit Cluster,Stable Profit Cluster,,,False,False,False,False,0,77.87,0.2899999999999999,3,False,0.2577935374191631,0.2577935374191631,Protect,False,none,0.8139116249182075,cluster_margin,none,none,No Signal,0,No Escalation,Protect,22.582299999999996,7.527433333333332,0.2577935374191631,0.0,0.000896125576231805
1220,OFF-PA-10001763,Xerox 1896,Clustered Body,0,Stable Profit Cluster,Stable Profit Cluster,,,False,False,False,False,0,49.95,0.44999999999999996,2,False,0.2766077809760583,0.2766077809760583,Protect,False,none,0.8281899176314859,cluster_margin,none,none,No Signal,0,No Escalation,Protect,22.4775,11.23875,0.2766077809760583,0.0,0.0008919668341909548
1221,OFF-PA-10001307,"Important Message Pads, 50 4-1/4 x 5-1/2 Forms per Pad",Clustered Body,0,Stable Profit Cluster,Stable Profit Cluster,,,False,False,False,False,0,54.6,0.4115384615384615,4,False,0.5360699956601139,0.5360699956601139,Protect,False,none,0.8154023382748952,cluster_margin,none,none,No Signal,0,No Escalation,Protect,22.47,5.6175,0.5360699956601139,0.0,0.0008916692142929932
1222,OFF-LA-10004409,Avery 492,Clustered Body,0,Stable Profit Cluster,Stable Profit Cluster,,,False,False,False,False,0,53.568,0.41935483870967744,5,False,0.5713691554875102,0.5713691554875102,Protect,False,none,0.8107430883796658,cluster_margin,none,none,No Signal,0,No Escalation,Protect,22.464,4.4928,0.5713691554875102,0.0,0.0008914311183746238
1223,OFF-AR-10003158,Fluorescent Highlighters by Dixon,Clustered Body,0,Stable Profit Cluster,Stable Profit Cluster,,,False,False,False,False,0,90.744,0.24736842105263157,5,False,0.4988100433921458,0.4988100433921458,Protect,False,none,0.8093509538438921,cluster_margin,none,none,No Signal,0,No Escalation,Protect,22.4472,4.48944,0.4988100433921458,0.0,0.0008907644498031899
1224,TEC-AC-10003657,Lenovo 17-Key USB Numeric Keypad,Clustered Body,0,Stable Profit Cluster,Stable Profit Cluster,,,False,False,False,False,0,367.092,0.06111111111111111,5,False,1.2403743356467296,1.2403743356467296,Protect,False,none,0.7949730302703697,cluster_margin,moderate,none,Moderate Deterioration,1,Intensify Action,Protect (Tight Control),22.4334,4.48668,1.2403743356467296,0.0,0.0008902168291909405
1225,OFF-LA-10002271,Smead Alpha-Z Color-Coded Second Alphabetical Labels and Starter Set,Clustered Body,0,Stable Profit Cluster,Stable Profit Cluster,,,False,False,False,False,0,48.048,0.4666666666666666,5,False,0.7210075715337018,0.7210075715337018,Protect,False,none,0.8116346335911407,cluster_margin,none,none,No Signal,0,No Escalation,Protect,22.4224,4.48448,0.7210075715337018,0.0,0.0008897803200072635
1226,OFF-AR-10002280,Staples in misc. colors,Clustered Body,0,Stable Profit Cluster,Stable Profit Cluster,,,False,False,False,False,0,54.348,0.41071428571428575,2,False,0.7815972295681051,0.7815972295681051,Protect,False,none,0.8401383923062644,cluster_margin,none,none,No Signal,0,No Escalation,Protect,22.3215,11.16075,0.7815972295681051,0.0,0.0008857763403133532
1227,OFF-PA-10003953,Xerox 218,Clustered Body,0,Stable Profit Cluster,Stable Profit Cluster,,,False,False,False,False,0,49.248000000000005,0.4526315789473684,5,False,0.5122464637958271,0.5122464637958271,Protect,False,none,0.8093501406220219,cluster_margin,none,none,No Signal,0,No Escalation,Protect,22.2912,4.45824,0.5122464637958271,0.0,0.0008845739559255884
1228,OFF-AR-10002375,Newell 351,Clustered Body,0,Stable Profit Cluster,Stable Profit Cluster,,,False,False,False,False,0,82.65599999999999,0.26746031746031745,7,False,0.6063441326687892,0.6063441326687892,Protect,False,none,0.8043304754431381,cluster_margin,none,none,No Signal,0,No Escalation,Protect,22.1072,3.1581714285714284,0.6063441326687892,0.0,0.0008772723477622634
1229,FUR-FU-10004712,"Westinghouse Mesh Shade Clip-On Gooseneck Lamp, Black",Clustered Body,0,Stable Profit Cluster,Stable Profit Cluster,,,False,False,False,False,0,84.84,0.25999999999999995,2,False,0.4608199663714916,0.4608199663714916,Protect,False,none,0.8350349253746364,cluster_margin,none,none,No Signal,0,No Escalation,Protect,22.0584,11.0292,0.4608199663714916,0.0,0.0008753358342928598
1230,OFF-LA-10001317,Avery 520,Clustered Body,0,Stable Profit Cluster,Stable Profit Cluster,,,False,False,False,False,0,46.62,0.472972972972973,5,False,0.8548531299538177,0.8548531299538177,Protect,False,none,0.809584285817479,cluster_margin,none,none,No Signal,0,No Escalation,Protect,22.05,4.41,0.8548531299538177,0.0,0.0008750025000071429
1231,OFF-PA-10000007,"Telephone Message Books with Fax/Mobile Section, 4 1/4"" x 6""",Clustered Body,0,Stable Profit Cluster,Stable Profit Cluster,,,False,False,False,False,0,51.120000000000005,0.4295774647887324,3,False,0.4232860942035058,0.4232860942035058,Protect,False,none,0.8193708309985822,cluster_margin,none,none,No Signal,0,No Escalation,Protect,21.96,7.32,0.4232860942035058,0.0,0.0008714310612316035
1232,OFF-BI-10003305,Avery Hanging File Binders,Clustered Body,0,Stable Profit Cluster,Stable Profit Cluster,,,False,False,False,False,0,105.846,0.20677966101694917,6,False,2.627839388376904,2.627839388376904,Protect,False,none,0.420046071031103,cluster_margin,severe,none,Severe Deterioration,1,Reroute Action,Reroute to Contain / Correct,21.8868,3.6478,2.627839388376904,0.16666666666666666,0.0008685262910274982
1233,OFF-BI-10004139,Fellowes Presentation Covers for Comb Binding Machines,Clustered Body,1,Stable Loss Cluster,Stable Loss Cluster,,,False,False,False,False,0,133.86,0.16304347826086957,2,False,5.252086494042347,5.252086494042347,Correct,False,none,0.5767751590557613,cluster_margin,severe,none,Severe Deterioration,1,Reroute Action,Exit / Restructure,21.825000000000003,10.912500000000001,5.252086494042347,0.5,0.0008660739030682946
1234,OFF-PA-10001246,Xerox 215,Clustered Body,0,Stable Profit Cluster,Stable Profit Cluster,,,False,False,False,False,0,45.36,0.48,2,False,0.19743612134913285,0.19743612134913285,Protect,False,none,0.821933682616911,cluster_margin,none,none,No Signal,0,No Escalation,Protect,21.7728,10.8864,0.19743612134913285,0.0,0.0008640024685784817
1235,FUR-FU-10001867,"Eldon Expressions Punched Metal & Wood Desk Accessories, Pewter & Cherry",Clustered Body,0,Stable Profit Cluster,Stable Profit Cluster,,,False,False,False,False,0,121.296,0.17894736842105263,3,False,0.9146500700402943,0.9146500700402943,Protect,False,none,0.8212028275124154,cluster_margin,none,none,No Signal,0,No Escalation,Protect,21.7056,7.2352,0.9146500700402943,0.0,0.0008613357942927456
1236,OFF-BI-10002824,Recycled Easel Ring Binders,Clustered Body,1,Stable Loss Cluster,Stable Loss Cluster,,,False,False,False,False,0,308.844,0.07004830917874398,9,False,7.489909503717258,7.489909503717258,Correct,False,none,0.10388516408475416,cluster_margin,severe,none,Severe Deterioration,1,Reroute Action,Exit / Restructure,21.634000000000004,2.403777777777778,7.489909503717258,0.4444444444444444,0.0008584945163335389
1237,OFF-PA-10003063,EcoTones Memo Sheets,Clustered Body,0,Stable Profit Cluster,Stable Profit Cluster,,,False,False,False,False,0,52.8,0.4090909090909091,3,False,0.4223039656789871,0.4223039656789871,Protect,False,none,0.8184824645732939,cluster_margin,none,none,No Signal,0,No Escalation,Protect,21.6,7.2,0.4223039656789871,0.0,0.0008571453061294461
1238,TEC-AC-10002637,Logitech VX Revolution Cordless Laser Mouse for Notebooks (Black),Clustered Body,3,Risk-Oriented Profit Cluster,Risk-Oriented Profit Cluster,,,False,False,False,False,0,3743.7920000000004,0.005769230769230768,5,False,16.99631735911775,16.99631735911775,Contain,False,none,0.7171230218517598,cluster_margin,severe,none,Severe Deterioration,1,Reroute Action,Reroute to Correct,21.598799999999997,4.31976,16.99631735911775,0.4,0.0008570976869457721
1239,OFF-LA-10004425,Staple-on labels,Clustered Body,0,Stable Profit Cluster,Stable Profit Cluster,,,False,False,False,False,0,53.754000000000005,0.4016129032258064,5,False,0.4249395087186899,0.4249395087186899,Protect,False,none,0.8058125204414216,cluster_margin,none,none,No Signal,0,No Escalation,Protect,21.5883,4.31766,0.4249395087186899,0.0,0.000856681019088626
1240,OFF-FA-10001843,Staples,Clustered Body,0,Stable Profit Cluster,Stable Profit Cluster,,,False,False,False,False,0,50.388,0.42843137254901964,4,False,0.25635578980911766,0.25635578980911766,Protect,False,none,0.8041821496932037,cluster_margin,none,none,No Signal,0,No Escalation,Protect,21.5878,5.39695,0.25635578980911766,0.0,0.0008566611777620953
1241,OFF-BI-10001636,Ibico Plastic and Wire Spiral Binding Combs,Clustered Body,1,Stable Loss Cluster,Stable Loss Cluster,,,False,False,False,False,0,208.221,0.10364372469635627,9,False,4.495059216019829,4.495059216019829,Correct,False,none,0.36900995530795244,cluster_margin,severe,none,Severe Deterioration,1,Reroute Action,Exit / Restructure,21.5808,2.397866666666667,4.495059216019829,0.3333333333333333,0.0008563833991906643
1242,OFF-ST-10003327,Akro-Mils 12-Gallon Tote,Clustered Body,0,Stable Profit Cluster,Stable Profit Cluster,,,False,False,False,False,0,113.202,0.19035087719298244,4,False,0.44477286169569163,0.44477286169569163,Protect,False,none,0.8112431964799419,cluster_margin,none,none,No Signal,0,No Escalation,Protect,21.548099999999998,5.3870249999999995,0.44477286169569163,0.0,0.0008550857764355516
1243,FUR-FU-10002685,"Executive Impressions 13-1/2"" Indoor/Outdoor Wall Clock",Clustered Body,0,Stable Profit Cluster,Stable Profit Cluster,,,False,False,False,False,0,56.099999999999994,0.38,2,False,0.4604608861088593,0.4604608861088593,Protect,False,none,0.8329265145767932,cluster_margin,none,none,No Signal,0,No Escalation,Protect,21.317999999999998,10.658999999999999,0.4604608861088593,0.0,0.0008459547979660894
1244,OFF-SU-10001165,Acme Elite Stainless Steel Scissors,Clustered Body,0,Stable Profit Cluster,Stable Profit Cluster,,,False,False,False,False,0,95.076,0.2210526315789474,5,False,0.7874780476891347,0.7874780476891347,Protect,False,none,0.808486352517211,cluster_margin,none,none,No Signal,0,No Escalation,Protect,21.0168,4.20336,0.7874780476891347,0.0,0.0008340023828639511
1245,OFF-ST-10000798,2300 Heavy-Duty Transfer File Systems by Perma,Clustered Body,1,Stable Loss Cluster,Stable Loss Cluster,,,False,False,False,False,0,344.724,0.06086956521739131,4,False,1.434080316809579,1.434080316809579,Correct,False,none,0.6000193832608036,cluster_margin,moderate,none,Moderate Deterioration,1,Intensify Action,Correct — Accelerated,20.9832,5.2458,1.434080316809579,0.5,0.000832669045721083
1246,TEC-AC-10002076,Microsoft Natural Keyboard Elite,Clustered Body,3,Risk-Oriented Profit Cluster,Risk-Oriented Profit Cluster,,,False,False,False,False,0,1497.0,0.013999999999999997,4,False,9.434405160886294,9.434405160886294,Contain,False,none,0.27112914600835125,cluster_margin,severe,none,Severe Deterioration,1,Reroute Action,Reroute to Correct,20.957999999999995,5.239499999999999,9.434405160886294,0.75,0.0008316690428639317
1247,OFF-AP-10003622,"Bravo II Megaboss 12-Amp Hard Body Upright, Replacement Belts, 2 Belts per Pack",Clustered Body,0,Stable Profit Cluster,Stable Profit Cluster,,,False,False,False,False,0,87.75,0.2374074074074074,5,False,1.0688185482628234,1.0688185482628234,Protect,False,none,0.8007620518932906,cluster_margin,moderate,none,Moderate Deterioration,1,Intensify Action,Protect (Tight Control),20.8325,4.1665,1.0688185482628234,0.0,0.0008266888699047076
1248,OFF-PA-10003036,"Black Print Carbonless 8 1/2"" x 8 1/4"" Rapid Memo Book",Clustered Body,0,Stable Profit Cluster,Stable Profit Cluster,,,False,False,False,False,0,64.06400000000001,0.32499999999999996,4,False,0.1733800370006685,0.1733800370006685,Protect,False,none,0.7985862225004946,cluster_margin,none,none,No Signal,0,No Escalation,Protect,20.8208,5.2052,0.1733800370006685,0.0,0.0008262245828638874
1249,FUR-FU-10001196,DAX Cubicle Frames - 8x10,Clustered Body,0,Stable Profit Cluster,Stable Profit Cluster,,,False,False,False,False,0,125.786,0.16513761467889906,5,False,2.5084892354714827,2.5084892354714827,Protect,False,none,0.34165511414480293,cluster_margin,severe,none,Severe Deterioration,1,Reroute Action,Reroute to Contain / Correct,20.772,4.1544,2.5084892354714827,0.2,0.0008242880693944839
1250,OFF-AR-10001149,"Sanford Colorific Colored Pencils, 12/Box",Clustered Body,0,Stable Profit Cluster,Stable Profit Cluster,,,False,False,False,False,0,73.152,0.28346456692913385,5,False,0.6996980970795811,0.6996980970795811,Protect,False,none,0.8083664881190685,cluster_margin,none,none,No Signal,0,No Escalation,Protect,20.736,4.1472,0.6996980970795811,0.0,0.0008228594938842682
1251,OFF-AR-10003560,Zebra Zazzle Fluorescent Highlighters,Clustered Body,0,Stable Profit Cluster,Stable Profit Cluster,,,False,False,False,False,0,100.928,0.20481927710843376,6,False,0.40887186406736625,0.40887186406736625,Protect,False,none,0.8004093228339076,cluster_margin,none,none,No Signal,0,No Escalation,Protect,20.672,3.4453333333333336,0.40887186406736625,0.0,0.0008203198040883291
1252,FUR-FU-10003832,"Eldon Expressions Punched Metal & Wood Desk Accessories, Black & Cherry",Clustered Body,0,Stable Profit Cluster,Stable Profit Cluster,,,False,False,False,False,0,155.708,0.1325301204819277,5,False,2.519093578087991,2.519093578087991,Protect,False,none,0.33962885519553315,cluster_margin,severe,none,Severe Deterioration,1,Reroute Action,Reroute to Contain / Correct,20.636,4.1272,2.519093578087991,0.2,0.0008188912285781133
1253,OFF-PA-10004947,Easy-staple paper,Clustered Body,0,Stable Profit Cluster,Stable Profit Cluster,,,False,False,False,False,0,48.792,0.42105263157894735,3,False,0.46392555774632543,0.46392555774632543,Protect,False,none,0.8172298369872281,cluster_margin,none,none,No Signal,0,No Escalation,Protect,20.544,6.848,0.46392555774632543,0.0,0.000815240424496451
1254,OFF-FA-10002763,Advantus Map Pennant Flags and Round Head Tacks,Clustered Body,0,Stable Profit Cluster,Stable Profit Cluster,,,False,False,False,False,0,87.69,0.23423423423423423,6,False,0.30346491202759074,0.30346491202759074,Protect,False,none,0.7965242365990679,cluster_margin,none,none,No Signal,0,No Escalation,Protect,20.54,3.4233333333333333,0.30346491202759074,0.0,0.0008150816938842047
1255,OFF-SU-10001574,Acme Value Line Scissors,Clustered Body,0,Stable Profit Cluster,Stable Profit Cluster,,,False,False,False,False,0,76.64999999999999,0.2666666666666667,10,False,0.4807419016908283,0.4807419016908283,Protect,False,none,0.7952595453723045,cluster_margin,none,none,No Signal,0,No Escalation,Protect,20.44,2.044,0.4807419016908283,0.0,0.0008111134285780499
1256,OFF-PA-10000697,"TOPS Voice Message Log Book, Flash Format",Clustered Body,0,Stable Profit Cluster,Stable Profit Cluster,,,False,False,False,False,0,49.504,0.4115384615384615,3,False,0.312105036555262,0.312105036555262,Protect,False,none,0.8113850641902526,cluster_margin,none,none,No Signal,0,No Escalation,Protect,20.372799999999998,6.790933333333332,0.312105036555262,0.0,0.0008084467542923138
1257,OFF-SU-10004661,Acme Titanium Bonded Scissors,Clustered Body,0,Stable Profit Cluster,Stable Profit Cluster,,,False,False,False,False,0,102.0,0.19833333333333333,5,False,0.6372123622215632,0.6372123622215632,Protect,False,none,0.8071606608038768,cluster_margin,none,none,No Signal,0,No Escalation,Protect,20.23,4.046,0.6372123622215632,0.0,0.0008027800714351248
1258,OFF-FA-10000304,Advantus Push Pins,Clustered Body,0,Stable Profit Cluster,Stable Profit Cluster,,,False,False,False,False,0,54.936,0.3678571428571429,7,False,0.5160978810600054,0.5160978810600054,Protect,False,none,0.7999176999420421,cluster_margin,none,none,No Signal,0,No Escalation,Protect,20.2086,2.886942857142857,0.5160978810600054,0.0,0.0008019308626596077
1259,OFF-FA-10001561,Stockwell Push Pins,Clustered Body,0,Stable Profit Cluster,Stable Profit Cluster,,,False,False,False,False,0,69.76,0.28812499999999996,8,False,0.5669088282217675,0.5669088282217675,Protect,False,none,0.7987827768003474,cluster_margin,none,none,No Signal,0,No Escalation,Protect,20.0996,2.51245,0.5669088282217675,0.0,0.0007976054534758988
1260,OFF-AR-10001221,"Dixon Ticonderoga Erasable Colored Pencil Set, 12-Color",Clustered Body,0,Stable Profit Cluster,Stable Profit Cluster,,,False,False,False,False,0,75.348,0.26666666666666666,2,False,0.574762485445615,0.574762485445615,Protect,False,none,0.8322962003662576,cluster_margin,none,none,No Signal,0,No Escalation,Protect,20.0928,10.0464,0.574762485445615,0.0,0.0007973356114350803
1261,OFF-FA-10004248,Advantus T-Pin Paper Clips,Clustered Body,0,Stable Profit Cluster,Stable Profit Cluster,,,False,False,False,False,0,64.042,0.31267605633802814,5,False,0.6518344833609487,0.6518344833609487,Protect,False,none,0.8068514074001567,cluster_margin,none,none,No Signal,0,No Escalation,Protect,20.0244,4.00488,0.6518344833609487,0.0,0.0007946213179656704
1262,OFF-FA-10002815,Staples,Clustered Body,0,Stable Profit Cluster,Stable Profit Cluster,,,False,False,False,False,0,50.616,0.3956140350877193,3,False,0.5835866732783163,0.5835866732783163,Protect,False,none,0.8185425339385356,cluster_margin,none,none,No Signal,0,No Escalation,Protect,20.0244,6.6748,0.5835866732783163,0.0,0.0007946213179656704
1263,OFF-FA-10002983,Advantus SlideClip Paper Clips,Clustered Body,0,Stable Profit Cluster,Stable Profit Cluster,,,False,False,False,False,0,46.376000000000005,0.42647058823529405,3,False,0.23936522515347147,0.23936522515347147,Protect,False,none,0.8066748165111576,cluster_margin,none,none,No Signal,0,No Escalation,Protect,19.778,6.592666666666666,0.23936522515347147,0.0,0.0007848435122513048
1264,OFF-AR-10000255,Newell 328,Clustered Body,0,Stable Profit Cluster,Stable Profit Cluster,,,False,False,False,False,0,75.92,0.26,3,False,0.5592255058387919,0.5592255058387919,Protect,False,none,0.8174414220928111,cluster_margin,none,none,No Signal,0,No Escalation,Protect,19.7392,6.579733333333333,0.5592255058387919,0.0,0.0007833038253125167
1265,OFF-BI-10000822,"Acco PRESSTEX Data Binder with Storage Hooks, Light Blue, 9 1/2"" X 11""",Clustered Body,0,Stable Profit Cluster,Stable Profit Cluster,,,False,False,False,False,0,67.25,0.2928,5,False,1.1242051586613915,1.1242051586613915,Protect,False,none,0.518234305196262,cluster_margin,moderate,none,Moderate Deterioration,1,Intensify Action,Protect (Tight Control),19.6908,3.93816,1.1242051586613915,0.2,0.0007813831849043378
1266,OFF-PA-10000130,Xerox 199,Clustered Body,0,Stable Profit Cluster,Stable Profit Cluster,,,False,False,False,False,0,57.352,0.3432835820895523,4,False,0.7114127527200822,0.7114127527200822,Protect,False,none,0.8110530558616742,cluster_margin,none,none,No Signal,0,No Escalation,Protect,19.688000000000002,4.922000000000001,0.7114127527200822,0.0,0.0007812720734757656
1267,OFF-AR-10002053,"Premium Writing Pencils, Soft, #2 by Central Association for the Blind",Clustered Body,0,Stable Profit Cluster,Stable Profit Cluster,,,False,False,False,False,0,81.652,0.23795620437956205,7,False,1.1320918921219367,1.1320918921219367,Protect,False,none,0.7897098908061999,cluster_margin,moderate,none,Moderate Deterioration,1,Intensify Action,Protect (Tight Control),19.4296,2.775657142857143,1.1320918921219367,0.0,0.0007710180759246614
1268,OFF-BI-10002976,ACCOHIDE Binder by Acco,Clustered Body,0,Stable Profit Cluster,Stable Profit Cluster,,,False,False,False,False,0,65.25399999999999,0.29556962025316463,4,False,1.713179701189278,1.713179701189278,Protect,False,none,0.2780740774799363,cluster_margin,severe,none,Severe Deterioration,1,Reroute Action,Reroute to Contain / Correct,19.287100000000002,4.821775000000001,1.713179701189278,0.25,0.0007653632978633908
1269,OFF-AR-10000411,Boston 16701 Slimline Battery Pencil Sharpener,Clustered Body,0,Stable Profit Cluster,Stable Profit Cluster,,,False,False,False,False,0,86.076,0.22222222222222224,2,False,0.6888603912836534,0.6888603912836534,Protect,False,none,0.8306586294928695,cluster_margin,none,none,No Signal,0,No Escalation,Protect,19.128,9.564,0.6888603912836534,0.0,0.0007590497877612984
1270,OFF-EN-10003845,Colored Envelopes,Clustered Body,0,Stable Profit Cluster,Stable Profit Cluster,,,False,False,False,False,0,50.922,0.3739130434782609,5,False,0.26194033697949964,0.26194033697949964,Protect,False,none,0.7952166078855493,cluster_margin,none,none,No Signal,0,No Escalation,Protect,19.040399999999998,3.8080799999999995,0.26194033697949964,0.0,0.0007555735873531066
1271,OFF-LA-10001045,Permanent Self-Adhesive File Folder Labels for Typewriters by Universal,Clustered Body,0,Stable Profit Cluster,Stable Profit Cluster,,,False,False,False,False,0,44.370000000000005,0.428235294117647,6,False,0.4772740345295562,0.4772740345295562,Protect,False,none,0.7993431184147047,cluster_margin,none,none,No Signal,0,No Escalation,Protect,19.000799999999998,3.1668,0.4772740345295562,0.0,0.0007540021542918694
1272,OFF-BI-10004738,Flexible Leather- Look Classic Collection Ring Binder,Clustered Body,1,Stable Loss Cluster,Stable Loss Cluster,,,False,False,False,False,0,142.05,0.13333333333333336,6,False,5.550554807373336,5.550554807373336,Correct,False,none,0.5752815774535807,cluster_margin,severe,none,Severe Deterioration,1,Reroute Action,Exit / Restructure,18.940000000000005,3.1566666666666676,5.550554807373336,0.5,0.0007515894489857275
1273,OFF-LA-10001404,Avery 517,Clustered Body,0,Stable Profit Cluster,Stable Profit Cluster,,,False,False,False,False,0,44.28,0.4258333333333333,4,False,0.5945143585661409,0.5945143585661409,Protect,False,none,0.8085969714961958,cluster_margin,none,none,No Signal,0,No Escalation,Protect,18.8559,4.713975,0.5945143585661409,0.0,0.000748252137863251
1274,OFF-AR-10003732,Newell 333,Clustered Body,0,Stable Profit Cluster,Stable Profit Cluster,,,False,False,False,False,0,86.736,0.21730769230769229,11,False,0.7703303055492969,0.7703303055492969,Protect,False,none,0.7940110445420656,cluster_margin,none,none,No Signal,0,No Escalation,Protect,18.848399999999998,1.713490909090909,0.7703303055492969,0.0,0.0007479545179652894
1275,OFF-PA-10004239,Xerox 1953,Clustered Body,0,Stable Profit Cluster,Stable Profit Cluster,,,False,False,False,False,0,47.08,0.4,4,False,0.9271216304608412,0.9271216304608412,Protect,False,none,0.806242568798671,cluster_margin,none,none,No Signal,0,No Escalation,Protect,18.832,4.708,0.9271216304608412,0.0,0.0007473037224550801
1276,OFF-AR-10001868,Prang Dustless Chalk Sticks,Clustered Body,0,Stable Profit Cluster,Stable Profit Cluster,,,False,False,False,False,0,38.976,0.48275862068965514,8,False,0.7046943481123245,0.7046943481123245,Protect,False,none,0.7975868460599042,cluster_margin,none,none,No Signal,0,No Escalation,Protect,18.816,2.352,0.7046943481123245,0.0,0.0007466688000060953
1277,OFF-PA-10004000,"While You Were Out Pads, 50 per Pad, 4 x 5 1/4, Green Cycle",Clustered Body,0,Stable Profit Cluster,Stable Profit Cluster,,,False,False,False,False,0,50.138000000000005,0.37452830188679237,4,False,0.5062355135982931,0.5062355135982931,Protect,False,none,0.8069618450516749,cluster_margin,none,none,No Signal,0,No Escalation,Protect,18.7781,4.694525,0.5062355135982931,0.0,0.0007451648274550625
1278,OFF-LA-10004178,Avery 491,Clustered Body,0,Stable Profit Cluster,Stable Profit Cluster,,,False,False,False,False,0,45.43,0.4109090909090909,3,False,0.9784329221171442,0.9784329221171442,Protect,False,none,0.8116444177752467,cluster_margin,none,none,No Signal,0,No Escalation,Protect,18.6676,6.222533333333334,0.9784329221171442,0.0,0.0007407798942917615
1279,OFF-BI-10002353,GBC VeloBind Cover Sets,Clustered Body,3,Risk-Oriented Profit Cluster,Risk-Oriented Profit Cluster,,,False,False,False,False,0,342.768,0.054054054054054036,11,False,11.975998475041948,11.975998475041948,Contain,False,none,0.8110663138305041,cluster_margin,severe,none,Severe Deterioration,1,Reroute Action,Reroute to Correct,18.52799999999999,1.6843636363636356,11.975998475041948,0.5454545454545454,0.000735240195924369
1280,FUR-FU-10001617,"Executive Impressions 8-1/2"" Career Panel/Partition Cubicle Clock",Clustered Body,0,Stable Profit Cluster,Stable Profit Cluster,,,False,False,False,False,0,66.56,0.278125,2,False,0.7269362249560589,0.7269362249560589,Protect,False,none,0.8288111130979303,cluster_margin,none,none,No Signal,0,No Escalation,Protect,18.512,9.256,0.7269362249560589,0.0,0.0007346052734753845
1281,OFF-BI-10003712,"Acco Pressboard Covers with Storage Hooks, 14 7/8"" x 11"", Light Blue",Clustered Body,1,Stable Loss Cluster,Stable Loss Cluster,,,False,False,False,False,0,131.097,0.1404494382022472,11,False,4.114283462073082,4.114283462073082,Correct,False,none,0.7411336458208954,cluster_margin,severe,none,Severe Deterioration,1,Reroute Action,Exit / Restructure,18.4125,1.6738636363636366,4.114283462073082,0.5454545454545454,0.0007306568494957605
1282,OFF-BI-10000948,"GBC Laser Imprintable Binding System Covers, Desert Sand",Clustered Body,1,Stable Loss Cluster,Stable Loss Cluster,,,False,False,False,False,0,146.981,0.12524271844660192,6,False,4.429406942713699,4.429406942713699,Correct,False,none,0.3692172132643348,cluster_margin,severe,none,Severe Deterioration,1,Reroute Action,Exit / Restructure,18.408299999999997,3.0680499999999995,4.429406942713699,0.3333333333333333,0.0007304901823529019
1283,OFF-AR-10003469,Nontoxic Chalk,Clustered Body,0,Stable Profit Cluster,Stable Profit Cluster,,,False,False,False,False,0,42.944,0.4245901639344263,8,False,0.4712698643451829,0.4712698643451829,Protect,False,none,0.794198251802257,cluster_margin,none,none,No Signal,0,No Escalation,Protect,18.233600000000003,2.2792000000000003,0.4712698643451829,0.0,0.0007235576228630495
1284,OFF-BI-10002949,Prestige Round Ring Binders,Clustered Body,1,Stable Loss Cluster,Stable Loss Cluster,,,False,False,False,False,0,85.728,0.21063829787234045,8,False,2.0857003481198544,2.0857003481198544,Correct,False,none,0.39160138478599404,cluster_margin,moderate,none,Moderate Deterioration,1,Intensify Action,Correct — Accelerated,18.0576,2.2572,2.0857003481198544,0.375,0.000716573475924217
1285,OFF-FA-10001332,"Acco Banker's Clasps, 5 3/4""-Long",Clustered Body,0,Stable Profit Cluster,Stable Profit Cluster,,,False,False,False,False,0,40.896,0.4401408450704225,5,False,0.8036087924349207,0.8036087924349207,Protect,False,none,0.8023723343910729,cluster_margin,none,none,No Signal,0,No Escalation,Protect,18.0,3.6,0.8036087924349207,0.0,0.0007142877551078717
1286,TEC-PH-10002070,Griffin GC36547 PowerJolt SE Lightning Charger,Clustered Body,1,Stable Loss Cluster,Stable Loss Cluster,,,False,False,False,False,0,175.422,0.10256410256410257,3,False,1.4541218942215062,1.4541218942215062,Correct,False,watch,0.09222928036187689,cluster_margin,none,none,Classification Instability Watch,1,Intensify Action,Correct — Accelerated,17.992,5.997333333333334,1.4541218942215062,0.3333333333333333,0.0007139702938833794
1287,OFF-AR-10001940,"Sanford Colorific Eraseable Coloring Pencils, 12 Count",Clustered Body,0,Stable Profit Cluster,Stable Profit Cluster,,,False,False,False,False,0,45.919999999999995,0.38928571428571435,4,False,0.5170834500936248,0.5170834500936248,Protect,False,none,0.8052646462411918,cluster_margin,none,none,No Signal,0,No Escalation,Protect,17.876,4.469,0.5170834500936248,0.0,0.0007093671061282398
1288,TEC-PH-10003442,Samsung Replacement EH64AVFWE Premium Headset,Clustered Body,0,Stable Profit Cluster,Stable Profit Cluster,,,False,False,False,False,0,104.5,0.17105263157894737,5,False,0.8268588014045549,0.8268588014045549,Protect,False,none,0.8018153866466771,cluster_margin,none,none,No Signal,0,No Escalation,Protect,17.875,3.575,0.8268588014045549,0.0,0.0007093274234751781
1289,OFF-AR-10000122,Newell 314,Clustered Body,0,Stable Profit Cluster,Stable Profit Cluster,,,False,False,False,False,0,118.296,0.1509433962264151,7,False,0.7586570767382377,0.7586570767382377,Protect,False,none,0.7974347208703015,cluster_margin,none,none,No Signal,0,No Escalation,Protect,17.856,2.550857142857143,0.7586570767382377,0.0,0.0007085734530670088
1290,OFF-AR-10004587,"Boston 1827 Commercial Additional Cutter, Drive Gear & Gear Rack for 1606",Clustered Body,0,Stable Profit Cluster,Stable Profit Cluster,,,False,False,False,False,0,59.489999999999995,0.30000000000000004,2,False,0.4583912520867693,0.4583912520867693,Protect,False,none,0.8227597892158037,cluster_margin,none,none,No Signal,0,No Escalation,Protect,17.847,8.9235,0.4583912520867693,0.0,0.0007082163091894549
1291,OFF-AP-10000326,Belkin 7 Outlet SurgeMaster Surge Protector with Phone Protection,Clustered Body,0,Stable Profit Cluster,Stable Profit Cluster,,,False,False,False,False,0,157.92,0.1125,1,True,,0.0,Protect,False,none,0.8206120157153857,cluster_margin,none,none,No Signal,0,No Escalation,Protect,17.766,17.766,0.0,0.0,0.0007050020142914693
1292,OFF-AR-10000614,Barrel Sharpener,Clustered Body,0,Stable Profit Cluster,Stable Profit Cluster,,,False,False,False,False,0,67.83,0.26,4,False,0.571834373767962,0.571834373767962,Protect,False,none,0.8056724004888423,cluster_margin,none,none,No Signal,0,No Escalation,Protect,17.6358,4.40895,0.571834373767962,0.0,0.0006998353328628558
1293,TEC-AC-10002558,Imation Swivel Flash Drive USB flash drive - 8 GB,Clustered Body,0,Stable Profit Cluster,Stable Profit Cluster,,,False,False,False,False,0,54.57599999999999,0.3229166666666667,2,False,1.1086229774476026,1.1086229774476026,Protect,False,none,0.8163285913597292,cluster_margin,moderate,none,Moderate Deterioration,1,Intensify Action,Protect (Tight Control),17.6235,8.81175,1.1086229774476026,0.0,0.0006993472362301987
1294,OFF-AP-10004036,Bionaire 99.97% HEPA Air Cleaner,Clustered Body,1,Stable Loss Cluster,Stable Loss Cluster,,,False,False,False,False,0,199.728,0.08771929824561403,4,False,5.205297404946152,5.205297404946152,Correct,False,none,0.16245550048263602,cluster_margin,severe,none,Severe Deterioration,1,Reroute Action,Exit / Restructure,17.52,4.38,5.205297404946152,0.25,0.0006952400816383284
1295,TEC-PH-10001924,iHome FM Clock Radio with Lightning Dock,Clustered Body,0,Stable Profit Cluster,Stable Profit Cluster,,,False,False,False,False,0,699.9,0.024999999999999998,5,False,3.90091259528995,3.90091259528995,Protect,False,none,0.10979645913158965,cluster_margin,severe,none,Severe Deterioration,1,Reroute Action,Reroute to Contain / Correct,17.4975,3.4995,3.90091259528995,0.2,0.0006943472219444436
1296,OFF-PA-10004965,Xerox 1921,Clustered Body,0,Stable Profit Cluster,Stable Profit Cluster,,,False,False,False,False,0,55.944,0.3125,3,False,0.23712757628595407,0.23712757628595407,Protect,False,none,0.8013278807698538,cluster_margin,none,none,No Signal,0,No Escalation,Protect,17.4825,5.827500000000001,0.23712757628595407,0.0,0.0006937519821485205
1297,TEC-PH-10004071,PayAnywhere Card Reader,Clustered Body,0,Stable Profit Cluster,Stable Profit Cluster,,,False,False,False,False,0,199.8,0.08750000000000001,5,False,0.6593363879430802,0.6593363879430802,Protect,False,none,0.801936078743378,cluster_margin,none,none,No Signal,0,No Escalation,Protect,17.4825,3.4965,0.6593363879430802,0.0,0.0006937519821485205
1298,FUR-FU-10001602,"Eldon Delta Triangular Chair Mat, 52"" x 58"", Clear",Clustered Body,1,Stable Loss Cluster,Stable Loss Cluster,,,False,False,False,False,0,546.192,0.03194444444444444,6,False,6.62132065395334,6.62132065395334,Correct,False,none,0.3806586653968611,cluster_margin,severe,none,Severe Deterioration,1,Reroute Action,Exit / Restructure,17.447799999999997,2.9079666666666664,6.62132065395334,0.5,0.0006923749940872845
1299,OFF-PA-10001204,Xerox 1972,Clustered Body,0,Stable Profit Cluster,Stable Profit Cluster,,,False,False,False,False,0,46.464,0.375,5,False,0.30945694223975956,0.30945694223975956,Protect,False,none,0.794234686662486,cluster_margin,none,none,No Signal,0,No Escalation,Protect,17.424,3.4848,0.30945694223975956,0.0,0.0006914305469444198
1300,FUR-FU-10003829,Stackable Trays,Clustered Body,0,Stable Profit Cluster,Stable Profit Cluster,,,False,False,False,False,0,65.29599999999999,0.2622641509433963,7,False,0.7817662826928972,0.7817662826928972,Protect,False,none,0.7960013361660153,cluster_margin,none,none,No Signal,0,No Escalation,Protect,17.1248,2.4464,0.7817662826928972,0.0,0.0006795574971484046
1301,FUR-FU-10001847,Eldon Image Series Black Desk Accessories,Clustered Body,0,Stable Profit Cluster,Stable Profit Cluster,,,False,False,False,False,0,48.852,0.34915254237288135,5,False,0.45480779886177647,0.45480779886177647,Protect,False,none,0.7981463063122974,cluster_margin,none,none,No Signal,0,No Escalation,Protect,17.0568,3.4113599999999997,0.45480779886177647,0.0,0.0006768590767402192
1302,OFF-AR-10003405,"Dixon My First Ticonderoga Pencil, #2",Clustered Body,0,Stable Profit Cluster,Stable Profit Cluster,,,False,False,False,False,0,95.94,0.17743902439024392,4,False,0.9029615015697785,0.9029615015697785,Protect,False,none,0.8028437033007823,cluster_margin,none,none,No Signal,0,No Escalation,Protect,17.023500000000002,4.2558750000000005,0.9029615015697785,0.0,0.0006755376443932698
1303,OFF-ST-10001505,"Perma STOR-ALL Hanging File Box, 13 1/8""W x 12 1/4""D x 10 1/2""H",Clustered Body,0,Stable Profit Cluster,Stable Profit Cluster,,,False,False,False,False,0,180.596,0.09304635761589403,8,False,1.0049533228390954,1.0049533228390954,Protect,False,none,0.3456956860300554,cluster_margin,moderate,none,Moderate Deterioration,1,Intensify Action,Protect (Tight Control),16.8038,2.100475,1.0049533228390954,0.25,0.0006668193655156475
1304,OFF-EN-10001137,"#10 Gummed Flap White Envelopes, 100/Box",Clustered Body,0,Stable Profit Cluster,Stable Profit Cluster,,,False,False,False,False,0,41.3,0.4060000000000001,4,False,0.5336862823194342,0.5336862823194342,Protect,False,none,0.8032045892218554,cluster_margin,none,none,No Signal,0,No Escalation,Protect,16.7678,4.19195,0.5336862823194342,0.0,0.0006653907900054318
1305,OFF-BI-10004654,Avery Binding System Hidden Tab Executive Style Index Sets,Clustered Body,1,Stable Loss Cluster,Stable Loss Cluster,,,False,False,False,False,0,91.743,0.18238993710691825,8,False,3.287953851732193,3.287953851732193,Correct,False,none,0.4849018634110423,cluster_margin,severe,none,Severe Deterioration,1,Reroute Action,Exit / Restructure,16.733,2.091625,3.287953851732193,0.375,0.0006640098336788899
1306,OFF-BI-10004187,3-ring staple pack,Clustered Body,0,Stable Profit Cluster,Stable Profit Cluster,,,False,False,False,False,0,42.111999999999995,0.3964285714285715,6,False,0.20547028687075752,0.20547028687075752,Protect,False,none,0.7860665321940961,cluster_margin,none,none,No Signal,0,No Escalation,Protect,16.6944,2.7824000000000004,0.20547028687075752,0.0,0.0006624780832707142
1307,OFF-PA-10001826,Xerox 207,Clustered Body,0,Stable Profit Cluster,Stable Profit Cluster,,,False,False,False,False,0,40.176,0.41290322580645156,2,False,0.17153756066469047,0.17153756066469047,Protect,False,none,0.8066331332440941,cluster_margin,none,none,No Signal,0,No Escalation,Protect,16.5888,8.2944,0.17153756066469047,0.0,0.0006582875951074145
1308,OFF-ST-10004950,Acco Perma 3000 Stacking Storage Drawers,Clustered Body,1,Stable Loss Cluster,Stable Loss Cluster,,,False,False,False,False,0,373.444,0.044382022471910115,6,False,1.90035991311244,1.90035991311244,Correct,False,none,0.7231359116609845,cluster_margin,severe,none,Severe Deterioration,1,Reroute Action,Exit / Restructure,16.5742,2.762366666666667,1.90035991311244,0.6666666666666666,0.000657708228372716
1309,OFF-PA-10002960,Xerox 1926,Clustered Body,0,Stable Profit Cluster,Stable Profit Cluster,,,False,False,False,False,0,34.86,0.47000000000000003,1,True,,0.0,Protect,False,none,0.8170297811724593,cluster_margin,none,none,No Signal,0,No Escalation,Protect,16.3842,16.3842,0.0,0.0,0.0006501685242910217
1310,OFF-PA-10004470,"Adams Write n' Stick Phone Message Book, 11"" X 5 1/4"", 200 Messages",Clustered Body,0,Stable Profit Cluster,Stable Profit Cluster,,,False,False,False,False,0,40.896,0.39999999999999997,3,False,0.06896477937402037,0.06896477937402037,Protect,False,none,0.7898595237124754,cluster_margin,none,none,No Signal,0,No Escalation,Protect,16.3584,5.4528,0.06896477937402037,0.0,0.0006491447118420338
1311,OFF-PA-10003729,Xerox 1998,Clustered Body,0,Stable Profit Cluster,Stable Profit Cluster,,,False,False,False,False,0,46.656,0.35,2,False,0.7620306772527632,0.7620306772527632,Protect,False,none,0.8218394256605583,cluster_margin,none,none,No Signal,0,No Escalation,Protect,16.3296,8.1648,0.7620306772527632,0.0,0.0006480018514338612
1312,OFF-AR-10000914,Boston 16765 Mini Stand Up Battery Pencil Sharpener,Clustered Body,0,Stable Profit Cluster,Stable Profit Cluster,,,False,False,False,False,0,102.608,0.1590909090909091,4,False,0.5442710187681616,0.5442710187681616,Protect,False,none,0.8024308738245216,cluster_margin,none,none,No Signal,0,No Escalation,Protect,16.324,4.081,0.5442710187681616,0.0,0.0006477796285767166
1313,OFF-BI-10000138,Acco Translucent Poly Ring Binders,Clustered Body,0,Stable Profit Cluster,Stable Profit Cluster,,,False,False,False,False,0,91.728,0.17755102040816328,8,False,2.4421865377858545,2.4421865377858545,Protect,False,none,0.13771729430145238,cluster_margin,severe,none,Severe Deterioration,1,Reroute Action,Reroute to Contain / Correct,16.2864,2.0358,2.4421865377858545,0.25,0.0006462875608216023
1314,TEC-AC-10004992,Kingston Digital DataTraveler 64GB USB 2.0,Clustered Body,0,Stable Profit Cluster,Stable Profit Cluster,,,False,False,False,False,0,202.68,0.08,2,False,0.0,0.0,Protect,False,none,0.7951103460574456,cluster_margin,none,none,No Signal,0,No Escalation,Protect,16.2144,8.1072,0.0,0.0,0.0006434304098011709
1315,TEC-AC-10000521,"Verbatim Slim CD and DVD Storage Cases, 50/Pack",Clustered Body,0,Stable Profit Cluster,Stable Profit Cluster,,,False,False,False,False,0,80.78,0.20000000000000004,4,False,0.46566479980294534,0.46566479980294534,Protect,False,none,0.8004783537366674,cluster_margin,none,none,No Signal,0,No Escalation,Protect,16.156000000000002,4.039000000000001,0.46566479980294534,0.0,0.0006411129428623765
1316,TEC-AC-10002600,Belkin QODE FastFit Bluetooth Keyboard,Clustered Body,1,Stable Loss Cluster,Stable Loss Cluster,,,False,False,False,False,0,495.6,0.032499999999999994,2,False,4.535127295229968,4.535127295229968,Correct,False,none,0.6476541696522362,cluster_margin,severe,none,Severe Deterioration,1,Reroute Action,Exit / Restructure,16.107,8.0535,4.535127295229968,0.5,0.0006391684928623606
1317,FUR-FU-10002508,Document Clip Frames,Clustered Body,0,Stable Profit Cluster,Stable Profit Cluster,,,False,False,False,False,0,45.036,0.3555555555555555,2,False,0.42838720667456504,0.42838720667456504,Protect,False,none,0.8163431793151275,cluster_margin,none,none,No Signal,0,No Escalation,Protect,16.0128,8.0064,0.42838720667456504,0.0,0.0006354303869439626
1318,TEC-PH-10001949,Cisco SPA 501G IP Phone,Clustered Body,0,Stable Profit Cluster,Stable Profit Cluster,,,False,False,False,False,0,213.48,0.075,1,True,,0.0,Protect,False,none,0.8159911609021431,cluster_margin,none,none,No Signal,0,No Escalation,Protect,16.011,16.011,0.0,0.0,0.0006353589581684518
1319,OFF-AR-10000475,"Hunt BOSTON Vista Battery-Operated Pencil Sharpener, Black",Clustered Body,0,Stable Profit Cluster,Stable Profit Cluster,,,False,False,False,False,0,83.952,0.1888888888888889,4,False,1.3668777695912686,1.3668777695912686,Protect,False,none,0.777931974335781,cluster_margin,moderate,none,Moderate Deterioration,1,Intensify Action,Protect (Tight Control),15.857600000000001,3.9644000000000004,1.3668777695912686,0.0,0.0006292716391888104
1320,TEC-AC-10001142,First Data FD10 PIN Pad,Clustered Body,3,Risk-Oriented Profit Cluster,Risk-Oriented Profit Cluster,,,False,False,False,False,0,1722.2,0.009174311926605507,5,False,12.740023397887194,12.740023397887194,Contain,False,none,0.9691853395701051,cluster_margin,severe,none,Severe Deterioration,1,Reroute Action,Reroute to Correct,15.800000000000004,3.160000000000001,12.740023397887194,0.4,0.0006269859183724654
1321,OFF-AR-10003651,Newell 350,Clustered Body,0,Stable Profit Cluster,Stable Profit Cluster,,,False,False,False,False,0,62.32,0.25263157894736843,6,False,0.7623844429607315,0.7623844429607315,Protect,False,none,0.7957207250590183,cluster_margin,none,none,No Signal,0,No Escalation,Protect,15.744,2.624,0.7623844429607315,0.0,0.0006247636898010185
1322,OFF-PA-10001622,"Ampad Poly Cover Wirebound Steno Book, 6"" x 9"" Assorted Colors, Gregg Ruled",Clustered Body,0,Stable Profit Cluster,Stable Profit Cluster,,,False,False,False,False,0,38.136,0.4107142857142857,4,False,0.40836355122132656,0.40836355122132656,Protect,False,none,0.7979043282226539,cluster_margin,none,none,No Signal,0,No Escalation,Protect,15.663,3.91575,0.40836355122132656,0.0,0.0006215493949030331
1323,OFF-AR-10001662,Rogers Handheld Barrel Pencil Sharpener,Clustered Body,0,Stable Profit Cluster,Stable Profit Cluster,,,False,False,False,False,0,75.62400000000001,0.20652173913043476,7,False,0.7332323399892074,0.7332323399892074,Protect,False,none,0.7938140517035527,cluster_margin,none,none,No Signal,0,No Escalation,Protect,15.618,2.2311428571428573,0.7332323399892074,0.0,0.0006197636755152634
1324,OFF-AR-10003251,Prang Drawing Pencil Set,Clustered Body,0,Stable Profit Cluster,Stable Profit Cluster,,,False,False,False,False,0,43.924,0.35443037974683544,7,False,0.6478887539097028,0.6478887539097028,Protect,False,none,0.7937602695737042,cluster_margin,none,none,No Signal,0,No Escalation,Protect,15.568,2.2239999999999998,0.6478887539097028,0.0,0.0006177795428621859
1325,OFF-BI-10002897,"Black Avery Memo-Size 3-Ring Binder, 5 1/2"" x 8 1/2""",Clustered Body,0,Stable Profit Cluster,Stable Profit Cluster,,,False,False,False,False,0,45.507999999999996,0.3419354838709678,4,False,1.1424737157460059,1.1424737157460059,Protect,False,none,0.3405668426287628,cluster_margin,moderate,none,Moderate Deterioration,1,Intensify Action,Protect (Tight Control),15.5608,3.8902,1.1424737157460059,0.25,0.0006174938277601429
1326,OFF-PA-10002552,Xerox 1958,Clustered Body,0,Stable Profit Cluster,Stable Profit Cluster,,,False,False,False,False,0,32.400000000000006,0.4799999999999999,2,False,0.2739188877415021,0.2739188877415021,Protect,False,none,0.8089225255080913,cluster_margin,none,none,No Signal,0,No Escalation,Protect,15.552,7.776,0.2739188877415021,0.0,0.0006171446204132012
1327,OFF-BI-10004352,Wilson Jones DublLock D-Ring Binders,Clustered Body,1,Stable Loss Cluster,Stable Loss Cluster,,,False,False,False,False,0,35.775,0.4339622641509434,2,False,1.6076965609069167,1.6076965609069167,Correct,False,none,0.6160674650675739,cluster_margin,moderate,none,Moderate Deterioration,1,Intensify Action,Correct — Accelerated,15.525,7.7625,1.6076965609069167,0.5,0.0006160731887805393
1328,OFF-AR-10003394,Newell 332,Clustered Body,0,Stable Profit Cluster,Stable Profit Cluster,,,False,False,False,False,0,67.032,0.23157894736842108,5,False,0.47183630636821,0.47183630636821,Protect,False,none,0.7956469314747883,cluster_margin,none,none,No Signal,0,No Escalation,Protect,15.523200000000001,3.1046400000000003,0.47183630636821,0.0,0.0006160017600050287
1329,OFF-PA-10002741,Xerox 1980,Clustered Body,0,Stable Profit Cluster,Stable Profit Cluster,,,False,False,False,False,0,34.24,0.44999999999999996,2,False,0.6845953565923463,0.6845953565923463,Protect,False,none,0.8190311718113096,cluster_margin,none,none,No Signal,0,No Escalation,Protect,15.408,7.704,0.6845953565923463,0.0,0.0006114303183723382
1330,FUR-FU-10001424,Dax Clear Box Frame,Clustered Body,1,Stable Loss Cluster,Stable Loss Cluster,,,False,False,False,False,0,96.03,0.15999999999999998,6,False,2.502050565096261,2.502050565096261,Correct,False,none,0.27985909475937154,cluster_margin,severe,none,Severe Deterioration,1,Reroute Action,Exit / Restructure,15.364799999999999,2.5608,2.502050565096261,0.3333333333333333,0.0006097160277600792
1331,FUR-TA-10001691,"Barricks Non-Folding Utility Table with Steel Legs, Laminate Tops",Clustered Body,0,Stable Profit Cluster,Stable Profit Cluster,,,False,False,False,False,0,136.464,0.1125,1,True,,0.0,Protect,False,none,0.8140860584465492,cluster_margin,none,none,No Signal,0,No Escalation,Protect,15.3522,15.3522,0.0,0.0,0.0006092160263315038
1332,OFF-LA-10003663,Avery 498,Clustered Body,0,Stable Profit Cluster,Stable Profit Cluster,,,False,False,False,False,0,35.257999999999996,0.43524590163934435,3,False,0.7096134387716347,0.7096134387716347,Protect,False,none,0.8075561079892409,cluster_margin,none,none,No Signal,0,No Escalation,Protect,15.3459,5.1153,0.7096134387716347,0.0,0.0006089660256172161
1333,OFF-FA-10000611,Binder Clips by OIC,Clustered Body,0,Stable Profit Cluster,Stable Profit Cluster,,,False,False,False,False,0,36.112,0.4245901639344262,7,False,0.7069740091645582,0.7069740091645582,Protect,False,none,0.7934245245551427,cluster_margin,none,none,No Signal,0,No Escalation,Protect,15.3328,2.1904,0.7069740091645582,0.0,0.0006084461828621098
1334,OFF-BI-10004506,Wilson Jones data.warehouse D-Ring Binders with DublLock,Clustered Body,1,Stable Loss Cluster,Stable Loss Cluster,,,False,False,False,False,0,66.663,0.22962962962962963,5,False,1.6763902892501292,1.6763902892501292,Correct,False,none,0.42018698750011235,cluster_margin,moderate,none,Moderate Deterioration,1,Intensify Action,Correct — Accelerated,15.307799999999999,3.0615599999999996,1.6763902892501292,0.4,0.000607454116535571
1335,FUR-FU-10003274,Regeneration Desk Collection,Clustered Body,0,Stable Profit Cluster,Stable Profit Cluster,,,False,False,False,False,0,35.904,0.4235294117647058,5,False,0.3995917971393112,0.3995917971393112,Protect,False,none,0.7931825789877429,cluster_margin,none,none,No Signal,0,No Escalation,Protect,15.206399999999999,3.0412799999999995,0.3995917971393112,0.0,0.00060343029551513
1336,OFF-BI-10004410,"C-Line Peel & Stick Add-On Filing Pockets, 8-3/4 x 5-1/8, 10/Pack",Clustered Body,1,Stable Loss Cluster,Stable Loss Cluster,,,False,False,False,False,0,85.995,0.17555555555555555,4,False,3.07519158796238,3.07519158796238,Correct,False,none,0.7499272046256763,cluster_margin,severe,none,Severe Deterioration,1,Reroute Action,Exit / Restructure,15.0969,3.774225,3.07519158796238,0.5,0.0005990850450048905
1337,OFF-PA-10001752,Hammermill CopyPlus Copy Paper (20Lb. and 84 Bright),Clustered Body,0,Stable Profit Cluster,Stable Profit Cluster,,,False,False,False,False,0,32.868,0.45909090909090905,3,False,0.420181611352301,0.420181611352301,Protect,False,none,0.8026971601196669,cluster_margin,none,none,No Signal,0,No Escalation,Protect,15.0894,5.0298,0.420181611352301,0.0,0.0005987874251069289
1338,OFF-BI-10003655,Durable Pressboard Binders,Clustered Body,0,Stable Profit Cluster,Stable Profit Cluster,,,False,False,False,False,0,37.239999999999995,0.40510204081632656,2,False,0.25159458418842945,0.25159458418842945,Protect,False,none,0.8065337262129393,cluster_margin,none,none,No Signal,0,No Escalation,Protect,15.085999999999999,7.542999999999999,0.25159458418842945,0.0,0.0005986525040865196
1339,OFF-BI-10002003,Ibico Presentation Index for Binding Systems,Clustered Body,1,Stable Loss Cluster,Stable Loss Cluster,,,False,False,False,False,0,72.038,0.20939226519337018,7,False,2.5088300638710295,2.5088300638710295,Correct,False,watch,0.05952309064850481,cluster_margin,severe,none,Severe Deterioration,2,Reroute Action,Exit / Restructure,15.0842,2.1548857142857143,2.5088300638710295,0.2857142857142857,0.0005985810753110088
1340,FUR-CH-10004540,Global Chrome Stack Chair,Clustered Body,1,Stable Loss Cluster,Stable Loss Cluster,,,False,False,False,False,0,815.864,0.018487394957983194,6,False,4.144087225833866,4.144087225833866,Correct,False,none,0.7318927050522807,cluster_margin,severe,none,Severe Deterioration,1,Reroute Action,Exit / Restructure,15.083200000000001,2.513866666666667,4.144087225833866,0.6666666666666666,0.0005985413926579473
1341,FUR-BO-10001811,"Atlantic Metals Mobile 5-Shelf Bookcases, Custom Colors",Extreme Tail,Unclustered,Extreme Volatility Tail,,Extreme Volatility Tail,cv_above_body_p95,False,False,True,False,1,5492.885,0.002739726027397261,8,False,61.478532292364896,22.66768706900737,Contain,False,none,16.021137452302877,excess_over_cv_p95,severe,none,Severe Deterioration,1,Reroute Action,Reroute to Correct,15.049000000000007,1.8811250000000008,22.66768706900737,0.625,0.0005971842459232426
1342,OFF-EN-10004846,Letter or Legal Size Expandable Poly String Tie Envelopes,Clustered Body,0,Stable Profit Cluster,Stable Profit Cluster,,,False,False,False,False,0,36.708,0.40869565217391307,4,False,0.20973466209599426,0.20973466209599426,Protect,False,none,0.7890204999576648,cluster_margin,none,none,No Signal,0,No Escalation,Protect,15.0024,3.7506,0.20973466209599426,0.0,0.0005953350342905742
1343,TEC-PH-10003931,JBL Micro Wireless Portable Bluetooth Speaker,Clustered Body,3,Risk-Oriented Profit Cluster,Risk-Oriented Profit Cluster,,,False,False,False,False,0,779.87,0.01923076923076923,6,False,9.80414167552299,9.80414167552299,Contain,False,none,0.556603667073158,cluster_margin,severe,none,Severe Deterioration,1,Reroute Action,Reroute to Correct,14.997499999999999,2.4995833333333333,9.80414167552299,0.3333333333333333,0.0005951405892905726
1344,TEC-AC-10001542,SanDisk Cruzer 16 GB USB Flash Drive,Clustered Body,1,Stable Loss Cluster,Stable Loss Cluster,,,False,False,False,False,0,107.912,0.1382978723404255,3,False,1.0807459150747796,1.0807459150747796,Correct,False,high,0.03588559240826154,cluster_margin,none,none,High Classification Instability,1,Reassess Classification,Reassess Classification,14.924,4.974666666666667,1.0807459150747796,0.3333333333333333,0.0005922239142905488
1345,FUR-CH-10002017,SAFCO Optional Arm Kit for Workspace Cribbage Stacking Chair,Clustered Body,1,Stable Loss Cluster,Stable Loss Cluster,,,False,False,False,False,0,245.08800000000002,0.06086956521739131,5,False,1.3452670639919138,1.3452670639919138,Correct,False,none,0.37033727919198667,cluster_margin,none,none,No Signal,0,No Escalation,Correct,14.918400000000002,2.9836800000000006,1.3452670639919138,0.4,0.0005920016914334042
1346,OFF-BI-10001097,Avery Hole Reinforcements,Clustered Body,1,Stable Loss Cluster,Stable Loss Cluster,,,False,False,False,False,0,116.501,0.12727272727272726,9,False,3.7137575920090695,3.7137575920090695,Correct,False,none,0.6520322122672023,cluster_margin,severe,none,Severe Deterioration,1,Reroute Action,Exit / Restructure,14.827399999999999,1.6474888888888888,3.7137575920090695,0.4444444444444444,0.0005883905700048032
1347,OFF-BI-10001890,Avery Poly Binder Pockets,Clustered Body,0,Stable Profit Cluster,Stable Profit Cluster,,,False,False,False,False,0,78.044,0.1889908256880734,8,False,2.936330202440823,2.936330202440823,Protect,False,high,0.04803469573299835,cluster_margin,severe,none,High Classification Instability,2,Reassess Classification,Reassess Classification,14.7496,1.8437,2.936330202440823,0.25,0.0005853032595966147
1348,OFF-PA-10001243,Xerox 1983,Clustered Body,0,Stable Profit Cluster,Stable Profit Cluster,,,False,False,False,False,0,29.900000000000002,0.48999999999999994,2,False,0.8201653159649789,0.8201653159649789,Protect,False,none,0.8158931458696194,cluster_margin,none,none,No Signal,0,No Escalation,Protect,14.651,7.3255,0.8201653159649789,0.0,0.000581390550004746
1349,OFF-AR-10001954,Newell 331,Clustered Body,0,Stable Profit Cluster,Stable Profit Cluster,,,False,False,False,False,0,75.306,0.19415584415584416,4,False,0.7952272998546551,0.7952272998546551,Protect,False,none,0.7993670530665093,cluster_margin,none,none,No Signal,0,No Escalation,Protect,14.6211,3.655275,0.7952272998546551,0.0,0.0005802040386782058
1350,OFF-AR-10004511,"Sanford Colorific Scented Colored Pencils, 12/Pack",Clustered Body,0,Stable Profit Cluster,Stable Profit Cluster,,,False,False,False,False,0,47.080000000000005,0.30999999999999994,2,False,0.8697603556205302,0.8697603556205302,Protect,False,none,0.8148944707234294,cluster_margin,none,none,No Signal,0,No Escalation,Protect,14.5948,7.2974,0.8697603556205302,0.0,0.000579160384902687
1351,FUR-FU-10002111,"Master Caster Door Stop, Large Brown",Clustered Body,1,Stable Loss Cluster,Stable Loss Cluster,,,False,False,False,False,0,59.696,0.24390243902439027,3,False,1.8283880253664369,1.8283880253664369,Correct,False,none,0.16944707043660967,cluster_margin,moderate,none,Moderate Deterioration,1,Intensify Action,Correct — Accelerated,14.56,4.8533333333333335,1.8283880253664369,0.3333333333333333,0.0005777794285761451
1352,FUR-FU-10000206,"GE General Purpose, Extra Long Life, Showcase & Floodlight Incandescent Bulbs",Clustered Body,0,Stable Profit Cluster,Stable Profit Cluster,,,False,False,False,False,0,45.396,0.32051282051282054,7,False,1.09427365359068,1.09427365359068,Protect,False,none,0.1830090216309425,cluster_margin,moderate,none,Moderate Deterioration,1,Intensify Action,Protect (Tight Control),14.55,2.0785714285714287,1.09427365359068,0.2857142857142857,0.0005773826020455297
1353,OFF-ST-10003221,Staple magnet,Clustered Body,0,Stable Profit Cluster,Stable Profit Cluster,,,False,False,False,False,0,53.4,0.27,3,False,0.32906481478021504,0.32906481478021504,Protect,False,none,0.7980273997827975,cluster_margin,none,none,No Signal,0,No Escalation,Protect,14.418,4.806,0.32906481478021504,0.0,0.0005721444918414052
1354,OFF-AR-10000246,Newell 318,Clustered Body,0,Stable Profit Cluster,Stable Profit Cluster,,,False,False,False,False,0,61.716,0.2333333333333333,5,False,0.5933588401153028,0.5933588401153028,Protect,False,none,0.7954709047705848,cluster_margin,none,none,No Signal,0,No Escalation,Protect,14.4004,2.88008,0.5933588401153028,0.0,0.000571446077147522
1355,OFF-AR-10000127,Newell 321,Clustered Body,0,Stable Profit Cluster,Stable Profit Cluster,,,False,False,False,False,0,65.6,0.21900000000000003,4,False,0.692706060298765,0.692706060298765,Protect,False,none,0.7993777095429406,cluster_margin,none,none,No Signal,0,No Escalation,Protect,14.3664,3.5916,0.692706060298765,0.0,0.0005700968669434293
1356,OFF-BI-10003638,GBC Durable Plastic Covers,Clustered Body,3,Risk-Oriented Profit Cluster,Risk-Oriented Profit Cluster,,,False,False,False,False,0,369.585,0.0387434554973822,8,False,14.97573692091479,14.97573692091479,Contain,False,none,0.8326044915115337,cluster_margin,severe,none,Severe Deterioration,1,Reroute Action,Reroute to Correct,14.318999999999999,1.7898749999999999,14.97573692091479,0.375,0.0005682159091883119
1357,OFF-ST-10002289,"Safco Wire Cube Shelving System, For Use as 4 or 5 14"" Cubes, Black",Clustered Body,0,Stable Profit Cluster,Stable Profit Cluster,,,False,False,False,False,0,406.784,0.03515625,4,False,1.5667283076227303,1.5667283076227303,Protect,False,none,0.28567698683169,cluster_margin,severe,none,Severe Deterioration,1,Reroute Action,Reroute to Contain / Correct,14.301,3.57525,1.5667283076227303,0.25,0.0005675016214332041
1358,OFF-PA-10003205,"Wirebound Message Forms, Four 2 3/4 x 5 Forms per Page, Pink Paper",Clustered Body,0,Stable Profit Cluster,Stable Profit Cluster,,,False,False,False,False,0,35.948,0.3977272727272727,2,False,0.10146042603494064,0.10146042603494064,Protect,False,none,0.7963416660771242,cluster_margin,none,none,No Signal,0,No Escalation,Protect,14.2975,7.14875,0.10146042603494064,0.0,0.0005673627321474887
1359,FUR-FU-10002963,"Master Caster Door Stop, Gray",Clustered Body,0,Stable Profit Cluster,Stable Profit Cluster,,,False,False,False,False,0,47.752,0.2978723404255319,4,False,0.9303170996304198,0.9303170996304198,Protect,False,none,0.357756933651656,cluster_margin,none,none,No Signal,0,No Escalation,Protect,14.224,3.556,0.9303170996304198,0.25,0.0005644460571474648
1360,OFF-AR-10001573,American Pencil,Clustered Body,0,Stable Profit Cluster,Stable Profit Cluster,,,False,False,False,False,0,48.93,0.29,6,False,0.2706663714016349,0.2706663714016349,Protect,False,none,0.7847093357819137,cluster_margin,none,none,No Signal,0,No Escalation,Protect,14.189699999999998,2.36495,0.2706663714016349,0.0,0.0005630849421474537
1361,OFF-AR-10002804,Faber Castell Col-Erase Pencils,Clustered Body,0,Stable Profit Cluster,Stable Profit Cluster,,,False,False,False,False,0,37.164,0.3789473684210526,5,False,0.7046087892648136,0.7046087892648136,Protect,False,none,0.79531654575616,cluster_margin,none,none,No Signal,0,No Escalation,Protect,14.0832,2.81664,0.7046087892648136,0.0,0.0005588587395963988
1362,TEC-PH-10000912,Anker 24W Portable Micro USB Car Charger,Clustered Body,0,Stable Profit Cluster,Stable Profit Cluster,,,False,False,False,False,0,61.544,0.22857142857142856,2,False,0.8531553722164874,0.8531553722164874,Protect,False,none,0.8134918934918908,cluster_margin,none,none,No Signal,0,No Escalation,Protect,14.0672,7.0336,0.8531553722164874,0.0,0.000558223817147414
1363,OFF-PA-10004948,Xerox 190,Clustered Body,0,Stable Profit Cluster,Stable Profit Cluster,,,False,False,False,False,0,29.88,0.47000000000000003,2,False,0.9099792344830895,0.9099792344830895,Protect,False,none,0.8122292789534317,cluster_margin,none,none,No Signal,0,No Escalation,Protect,14.0436,7.0218,0.9099792344830895,0.0,0.0005572873065351615
1364,OFF-LA-10000634,Avery 509,Clustered Body,0,Stable Profit Cluster,Stable Profit Cluster,,,False,False,False,False,0,32.364000000000004,0.4338709677419354,4,False,0.7055852166638978,0.7055852166638978,Protect,False,none,0.798651841323121,cluster_margin,none,none,No Signal,0,No Escalation,Protect,14.041799999999999,3.5104499999999996,0.7055852166638978,0.0,0.0005572158777596507
1365,TEC-PH-10003535,RCA ViSYS 25423RE1 Corded phone,Clustered Body,0,Stable Profit Cluster,Stable Profit Cluster,,,False,False,False,False,0,159.984,0.0875,1,True,,0.0,Protect,False,none,0.8098936153844029,cluster_margin,none,none,No Signal,0,No Escalation,Protect,13.9986,13.9986,0.0,0.0,0.0005555015871473918
1366,OFF-BI-10000546,Avery Durable Binders,Clustered Body,1,Stable Loss Cluster,Stable Loss Cluster,,,False,False,False,False,0,87.264,0.15841584158415842,12,False,3.483640030789124,3.483640030789124,Correct,False,none,0.6030107343155451,cluster_margin,severe,none,Severe Deterioration,1,Reroute Action,Exit / Restructure,13.824,1.152,3.483640030789124,0.4166666666666667,0.0005485729959228455
1367,OFF-AR-10000203,Newell 336,Clustered Body,0,Stable Profit Cluster,Stable Profit Cluster,,,False,False,False,False,0,68.48,0.20125,4,False,0.5039048855501511,0.5039048855501511,Protect,False,none,0.7962480032113234,cluster_margin,none,none,No Signal,0,No Escalation,Protect,13.781600000000001,3.4454000000000002,0.5039048855501511,0.0,0.0005468904514330359
1368,OFF-BI-10002764,Recycled Pressboard Report Cover with Reinforced Top Hinge,Clustered Body,1,Stable Loss Cluster,Stable Loss Cluster,,,False,False,False,False,0,69.768,0.1972222222222222,8,False,2.0687801685175087,2.0687801685175087,Correct,False,none,0.3969555505824456,cluster_margin,moderate,none,Moderate Deterioration,1,Intensify Action,Correct — Accelerated,13.759799999999998,1.7199749999999998,2.0687801685175087,0.375,0.000546025369596294
1369,OFF-AR-10000940,Newell 343,Clustered Body,0,Stable Profit Cluster,Stable Profit Cluster,,,False,False,False,False,0,65.268,0.2108108108108108,7,False,0.5776105215890633,0.5776105215890633,Protect,False,none,0.790214186007747,cluster_margin,none,none,No Signal,0,No Escalation,Protect,13.7592,1.9656,0.5776105215890633,0.0,0.0005460015600044571
1370,FUR-FU-10002107,Eldon Pizzaz Desk Accessories,Clustered Body,0,Stable Profit Cluster,Stable Profit Cluster,,,False,False,False,False,0,37.464,0.36666666666666664,4,False,0.3337235152325222,0.3337235152325222,Protect,False,none,0.7914917311689618,cluster_margin,none,none,No Signal,0,No Escalation,Protect,13.736799999999999,3.4341999999999997,0.3337235152325222,0.0,0.0005451126685758784
1371,OFF-PA-10004248,Xerox 1990,Clustered Body,0,Stable Profit Cluster,Stable Profit Cluster,,,False,False,False,False,0,36.96,0.3714285714285714,2,False,0.05245680905871851,0.05245680905871851,Protect,False,none,0.7918640332844623,cluster_margin,none,none,No Signal,0,No Escalation,Protect,13.728,6.864,0.05245680905871851,0.0,0.0005447634612289369
1372,OFF-BI-10001072,"GBC Clear Cover, 8-1/2 x 11, unpunched, 25 covers per pack",Clustered Body,1,Stable Loss Cluster,Stable Loss Cluster,,,False,False,False,False,0,136.44,0.10000000000000002,4,False,6.69606162717774,6.69606162717774,Correct,False,none,0.3627065770417502,cluster_margin,severe,none,Severe Deterioration,1,Reroute Action,Exit / Restructure,13.644000000000002,3.4110000000000005,6.69606162717774,0.5,0.0005414301183717669
1373,OFF-BI-10003274,"Avery Durable Slant Ring Binders, No Labels",Clustered Body,1,Stable Loss Cluster,Stable Loss Cluster,,,False,False,False,False,0,89.55,0.15200000000000002,9,False,3.263768491856883,3.263768491856883,Correct,False,none,0.6659651921322544,cluster_margin,severe,none,Severe Deterioration,1,Reroute Action,Exit / Restructure,13.611600000000001,1.5124000000000002,3.263768491856883,0.4444444444444444,0.0005401444004125727
1374,OFF-AR-10001026,"Sanford Uni-Blazer View Highlighters, Chisel Tip, Yellow",Clustered Body,0,Stable Profit Cluster,Stable Profit Cluster,,,False,False,False,False,0,30.799999999999997,0.44,3,False,0.9589002501737567,0.9589002501737567,Protect,False,none,0.7990709895030723,cluster_margin,none,none,No Signal,0,No Escalation,Protect,13.552,4.517333333333333,0.9589002501737567,0.0,0.0005377793142901043
1375,OFF-PA-10004022,Hammermill Color Copier Paper (28Lb. and 96 Bright),Clustered Body,0,Stable Profit Cluster,Stable Profit Cluster,,,False,False,False,False,0,29.97,0.45,2,False,0.45433610196888097,0.45433610196888097,Protect,False,none,0.8093959149675443,cluster_margin,none,none,No Signal,0,No Escalation,Protect,13.4865,6.74325,0.45433610196888097,0.0,0.0005351801005145729
1376,OFF-AR-10000657,"Binney & Smith inkTank Desk Highlighter, Chisel Tip, Yellow, 12/Box",Clustered Body,0,Stable Profit Cluster,Stable Profit Cluster,,,False,False,False,False,0,45.15,0.2980952380952381,5,False,0.9255908446726913,0.9255908446726913,Protect,False,none,0.7910706295921669,cluster_margin,none,none,No Signal,0,No Escalation,Protect,13.459,2.6917999999999997,0.9255908446726913,0.0,0.0005340888275553803
1377,OFF-SU-10002557,Fiskars Spring-Action Scissors,Clustered Body,0,Stable Profit Cluster,Stable Profit Cluster,,,False,False,False,False,0,75.492,0.17777777777777776,4,False,0.7927041578075171,0.7927041578075171,Protect,False,none,0.7967286130643958,cluster_margin,none,none,No Signal,0,No Escalation,Protect,13.4208,3.3552,0.7927041578075171,0.0,0.0005325729502084291
1378,OFF-PA-10000955,Southworth 25% Cotton Granite Paper & Envelopes,Clustered Body,0,Stable Profit Cluster,Stable Profit Cluster,,,False,False,False,False,0,37.932,0.3482758620689655,3,False,0.2594582359930915,0.2594582359930915,Protect,False,none,0.7923812444765758,cluster_margin,none,none,No Signal,0,No Escalation,Protect,13.2108,4.4036,0.2594582359930915,0.0,0.0005242395930655041
1379,OFF-BI-10001759,"Acco Pressboard Covers with Storage Hooks, 14 7/8"" x 11"", Dark Blue",Clustered Body,0,Stable Profit Cluster,Stable Profit Cluster,,,False,False,False,False,0,59.817,0.22038216560509555,5,False,1.8158502146379443,1.8158502146379443,Protect,False,none,0.4307202240891226,cluster_margin,severe,none,Severe Deterioration,1,Reroute Action,Reroute to Contain / Correct,13.1826,2.63652,1.8158502146379443,0.2,0.0005231205422491684
1380,OFF-AR-10001246,Newell 317,Clustered Body,0,Stable Profit Cluster,Stable Profit Cluster,,,False,False,False,False,0,79.96799999999999,0.1647058823529412,7,False,0.3137238426645512,0.3137238426645512,Protect,False,none,0.7831442938571788,cluster_margin,none,none,No Signal,0,No Escalation,Protect,13.1712,1.8816000000000002,0.3137238426645512,0.0,0.0005226681600042667
1381,OFF-AR-10003772,Boston 16750 Black Compact Battery Pencil Sharpener,Clustered Body,0,Stable Profit Cluster,Stable Profit Cluster,,,False,False,False,False,0,43.75,0.3,2,False,0.8169902316076084,0.8169902316076084,Protect,False,none,0.8109771745140052,cluster_margin,none,none,No Signal,0,No Escalation,Protect,13.125,6.5625,0.8169902316076084,0.0,0.0005208348214328231
1382,FUR-FU-10003026,"Eldon Regeneration Recycled Desk Accessories, Black",Clustered Body,0,Stable Profit Cluster,Stable Profit Cluster,,,False,False,False,False,0,39.688,0.33048780487804874,3,False,0.24187797558533275,0.24187797558533275,Protect,False,none,0.7914026602920614,cluster_margin,none,none,No Signal,0,No Escalation,Protect,13.116399999999999,4.372133333333333,0.24187797558533275,0.0,0.0005204935506164938
1383,FUR-FU-10004164,"Eldon 300 Class Desk Accessories, Black",Clustered Body,0,Stable Profit Cluster,Stable Profit Cluster,,,False,False,False,False,0,29.7,0.44000000000000006,2,False,0.9076197821332195,0.9076197821332195,Protect,False,none,0.8091068647581386,cluster_margin,none,none,No Signal,0,No Escalation,Protect,13.068000000000001,6.534000000000001,0.9076197821332195,0.0,0.000518572910208315
1384,OFF-AR-10001547,Newell 311,Clustered Body,0,Stable Profit Cluster,Stable Profit Cluster,,,False,False,False,False,0,61.438,0.21223021582733811,8,False,0.7245752656822787,0.7245752656822787,Protect,False,none,0.7883216265162923,cluster_margin,none,none,No Signal,0,No Escalation,Protect,13.039,1.629875,0.7245752656822787,0.0,0.00051742211326953
1385,TEC-PH-10004924,"SKILCRAFT Telephone Shoulder Rest, 2"" x 6.5"" x 2.5"", Black",Clustered Body,0,Stable Profit Cluster,Stable Profit Cluster,,,False,False,False,False,0,56.163999999999994,0.2315789473684211,3,False,0.7597019369014001,0.7597019369014001,Protect,False,none,0.8012993302525458,cluster_margin,none,none,No Signal,0,No Escalation,Protect,13.006400000000001,4.335466666666667,0.7597019369014001,0.0,0.0005161284587797236
1386,TEC-PH-10002365,Belkin Grip Candy Sheer Case / Cover for iPhone 5 and 5S,Clustered Body,0,Stable Profit Cluster,Stable Profit Cluster,,,False,False,False,False,0,64.972,0.2,3,False,0.909855356974044,0.909855356974044,Protect,False,none,0.7989296110281414,cluster_margin,none,none,No Signal,0,No Escalation,Protect,12.994399999999999,4.331466666666667,0.909855356974044,0.0,0.0005156522669429849
1387,OFF-BI-10004002,Wilson Jones International Size A4 Ring Binders,Clustered Body,1,Stable Loss Cluster,Stable Loss Cluster,,,False,False,False,False,0,174.73,0.07326732673267332,7,False,7.515602865172708,7.515602865172708,Correct,False,watch,0.08862113778932536,cluster_margin,severe,none,Severe Deterioration,2,Reroute Action,Exit / Restructure,12.802000000000008,1.828857142857144,7.515602865172708,0.42857142857142855,0.0005080173244939434
1388,OFF-AP-10002287,"Eureka Sanitaire  Multi-Pro Heavy-Duty Upright, Disposable Bags",Clustered Body,0,Stable Profit Cluster,Stable Profit Cluster,,,False,False,False,False,0,83.904,0.15208333333333335,5,False,0.6694145508959767,0.6694145508959767,Protect,False,none,0.7927108282279295,cluster_margin,none,none,No Signal,0,No Escalation,Protect,12.7604,2.55208,0.6694145508959767,0.0,0.0005063665261265826
1389,OFF-PA-10001837,Xerox 1976,Clustered Body,0,Stable Profit Cluster,Stable Profit Cluster,,,False,False,False,False,0,36.288,0.35000000000000003,2,False,0.19428030722504727,0.19428030722504727,Protect,False,none,0.796852630293349,cluster_margin,none,none,No Signal,0,No Escalation,Protect,12.700800000000001,6.3504000000000005,0.19428030722504727,0.0,0.0005040014400041143
1390,OFF-AR-10004752,Blackstonian Pencils,Clustered Body,0,Stable Profit Cluster,Stable Profit Cluster,,,False,False,False,False,0,49.128,0.2565217391304348,4,False,0.7138645748648782,0.7138645748648782,Protect,False,none,0.7954515286236661,cluster_margin,none,none,No Signal,0,No Escalation,Protect,12.602400000000001,3.1506000000000003,0.7138645748648782,0.0,0.0005000966669428579
1391,OFF-BI-10004528,Cardinal Poly Pocket Divider Pockets for Ring Binders,Clustered Body,0,Stable Profit Cluster,Stable Profit Cluster,,,False,False,False,False,0,40.32,0.3125,4,False,0.9317142855723692,0.9317142855723692,Protect,False,none,0.7923031481882918,cluster_margin,none,none,No Signal,0,No Escalation,Protect,12.6,3.15,0.9317142855723692,0.0,0.0005000014285755102
1392,OFF-BI-10003727,Avery Durable Slant Ring Binders With Label Holder,Clustered Body,1,Stable Loss Cluster,Stable Loss Cluster,,,False,False,False,False,0,90.70599999999999,0.13732718894009222,9,False,3.331088795277515,3.331088795277515,Correct,False,none,0.8069180211155491,cluster_margin,severe,none,Severe Deterioration,1,Reroute Action,Exit / Restructure,12.456400000000002,1.3840444444444446,3.331088795277515,0.5555555555555556,0.000494302999595872
1393,OFF-SU-10004115,Acme Stainless Steel Office Snips,Clustered Body,0,Stable Profit Cluster,Stable Profit Cluster,,,False,False,False,False,0,81.424,0.1526785714285714,4,False,0.6338822108504373,0.6338822108504373,Protect,False,none,0.7949511444788249,cluster_margin,none,none,No Signal,0,No Escalation,Protect,12.4317,3.107925,0.6338822108504373,0.0,0.0004933228380652516
1394,OFF-BI-10003529,Avery Round Ring Poly Binders,Clustered Body,1,Stable Loss Cluster,Stable Loss Cluster,,,False,False,False,False,0,36.92,0.33307692307692305,6,False,1.2333319861592977,1.2333319861592977,Correct,False,watch,0.08711681981965842,cluster_margin,none,none,Classification Instability Watch,1,Intensify Action,Correct — Accelerated,12.2972,2.049533333333333,1.2333319861592977,0.3333333333333333,0.0004879855212284734
1395,OFF-PA-10004405,Rediform Voice Mail Log Books,Clustered Body,0,Stable Profit Cluster,Stable Profit Cluster,,,False,False,False,False,0,29.204,0.4163265306122449,2,False,0.23958330935798322,0.23958330935798322,Protect,False,none,0.7974329120129218,cluster_margin,none,none,No Signal,0,No Escalation,Protect,12.1584,6.0792,0.23958330935798322,0.0,0.00048247756898353047
1396,FUR-CH-10001802,Hon Every-Day Chair Series Swivel Task Chairs,Clustered Body,3,Risk-Oriented Profit Cluster,Risk-Oriented Profit Cluster,,,False,False,False,False,0,967.84,0.012499999999999999,3,False,8.469611580967255,8.469611580967255,Contain,False,none,0.2617897862380242,cluster_margin,severe,none,Severe Deterioration,1,Reroute Action,Reroute to Correct,12.097999999999999,4.032666666666667,8.469611580967255,0.3333333333333333,0.00048008073673861285
1397,OFF-ST-10001414,Decoflex Hanging Personal Folder File,Clustered Body,0,Stable Profit Cluster,Stable Profit Cluster,,,False,False,False,False,0,46.26,0.26,1,True,,0.0,Protect,False,none,0.8031568168969714,cluster_margin,none,none,No Signal,0,No Escalation,Protect,12.0276,12.0276,0.0,0.0,0.0004772870779630799
1398,TEC-AC-10000926,NETGEAR RangeMax WNR1000 Wireless Router,Clustered Body,0,Stable Profit Cluster,Stable Profit Cluster,,,False,False,False,False,0,59.976,0.2,1,True,,0.0,Protect,False,none,0.8030401266782806,cluster_margin,none,none,No Signal,0,No Escalation,Protect,11.9952,11.9952,0.0,0.0,0.00047600136000388574
1399,OFF-AR-10003190,Newell 32,Clustered Body,0,Stable Profit Cluster,Stable Profit Cluster,,,False,False,False,False,0,47.232,0.25365853658536586,6,False,0.5054440336028774,0.5054440336028774,Protect,False,none,0.7876363653581459,cluster_margin,none,none,No Signal,0,No Escalation,Protect,11.9808,1.9968000000000001,0.5054440336028774,0.0,0.00047542992979979947
1400,OFF-BI-10000145,Zipper Ring Binder Pockets,Clustered Body,1,Stable Loss Cluster,Stable Loss Cluster,,,False,False,False,False,0,81.744,0.1435114503816794,13,False,3.2259955935420486,3.2259955935420486,Correct,False,none,0.7050116926439319,cluster_margin,severe,none,Severe Deterioration,1,Reroute Action,Exit / Restructure,11.7312,0.9024,3.2259955935420486,0.46153846153846156,0.0004655251395956369
1401,OFF-AR-10002766,Prang Drawing Pencil Set,Clustered Body,0,Stable Profit Cluster,Stable Profit Cluster,,,False,False,False,False,0,56.156,0.20495049504950497,4,False,0.3295187489436629,0.3295187489436629,Protect,False,none,0.7867405716369393,cluster_margin,none,none,No Signal,0,No Escalation,Protect,11.5092,2.8773,0.3295187489436629,0.0,0.0004567155906159732
1402,TEC-AC-10002857,"Verbatim 25 GB 6x Blu-ray Single Layer Recordable Disc, 1/Pack",Clustered Body,0,Stable Profit Cluster,Stable Profit Cluster,,,False,False,False,False,0,83.44,0.1375,3,False,0.41835862083844244,0.41835862083844244,Protect,False,none,0.7937366322209233,cluster_margin,none,none,No Signal,0,No Escalation,Protect,11.473,3.8243333333333336,0.41835862083844244,0.0,0.00045527907857514515
1403,OFF-BI-10000756,Storex DuraTech Recycled Plastic Frosted Binders,Clustered Body,1,Stable Loss Cluster,Stable Loss Cluster,,,False,False,False,False,0,94.128,0.12162162162162163,8,False,6.006917789939149,6.006917789939149,Correct,False,none,0.5383950390783544,cluster_margin,severe,none,Severe Deterioration,1,Reroute Action,Exit / Restructure,11.448,1.431,6.006917789939149,0.625,0.0004542870122486064
1404,OFF-AP-10000595,Disposable Triple-Filter Dust Bags,Clustered Body,0,Stable Profit Cluster,Stable Profit Cluster,,,False,False,False,False,0,43.7,0.26,4,False,0.21203024696038325,0.21203024696038325,Protect,False,none,0.7818630568555325,cluster_margin,none,none,No Signal,0,No Escalation,Protect,11.362,2.8405,0.21203024696038325,0.0,0.0004508743040853133
1405,OFF-AR-10004817,Colorific Watercolor Pencils,Clustered Body,0,Stable Profit Cluster,Stable Profit Cluster,,,False,False,False,False,0,51.6,0.219,3,False,0.31124210978370465,0.31124210978370465,Protect,False,none,0.7898689290577959,cluster_margin,none,none,No Signal,0,No Escalation,Protect,11.3004,3.7668,0.31124210978370465,0.0,0.0004484298526567219
1406,OFF-PA-10000141,"Ampad Evidence Wirebond Steno Books, 6"" x 9""",Clustered Body,0,Stable Profit Cluster,Stable Profit Cluster,,,False,False,False,False,0,27.468,0.41111111111111115,4,False,0.5507316266606725,0.5507316266606725,Protect,False,none,0.7916468581762083,cluster_margin,none,none,No Signal,0,No Escalation,Protect,11.2924,2.8231,0.5507316266606725,0.0,0.00044811239143222953
1407,OFF-LA-10002381,Avery 497,Clustered Body,0,Stable Profit Cluster,Stable Profit Cluster,,,False,False,False,False,0,24.023999999999997,0.4666666666666668,2,False,1.14490165435355,1.14490165435355,Protect,False,none,0.7941999437158582,cluster_margin,moderate,none,Moderate Deterioration,1,Intensify Action,Protect (Tight Control),11.211200000000002,5.605600000000001,1.14490165435355,0.0,0.00044489016000363185
1408,TEC-PH-10000376,Square Credit Card Reader,Clustered Body,0,Stable Profit Cluster,Stable Profit Cluster,,,False,False,False,False,0,173.826,0.06436781609195402,7,False,3.283988651607423,3.283988651607423,Protect,False,none,0.3529450811374052,cluster_margin,severe,none,Severe Deterioration,1,Reroute Action,Reroute to Contain / Correct,11.1888,1.5984,3.283988651607423,0.14285714285714285,0.0004440012685750531
1409,OFF-SU-10002522,Acme Kleen Earth Office Shears,Clustered Body,0,Stable Profit Cluster,Stable Profit Cluster,,,False,False,False,False,0,44.232,0.25263157894736843,5,False,0.70625155770899,0.70625155770899,Protect,False,none,0.7895702328246884,cluster_margin,none,none,No Signal,0,No Escalation,Protect,11.1744,2.23488,0.70625155770899,0.0,0.0004434298383709668
1410,OFF-AR-10001427,Newell 330,Clustered Body,0,Stable Profit Cluster,Stable Profit Cluster,,,False,False,False,False,0,59.800000000000004,0.18599999999999997,4,False,0.47125162222461336,0.47125162222461336,Protect,False,none,0.7898812124496738,cluster_margin,none,none,No Signal,0,No Escalation,Protect,11.1228,2.7807,0.47125162222461336,0.0,0.0004413822134729909
1411,OFF-EN-10001749,Jiffy Padded Mailers with Self-Seal Closure,Clustered Body,0,Stable Profit Cluster,Stable Profit Cluster,,,False,False,False,False,0,29.808,0.36250000000000004,1,True,,0.0,Protect,False,none,0.7986284469623287,cluster_margin,none,none,No Signal,0,No Escalation,Protect,10.8054,10.8054,0.0,0.0,0.00042878693939125544
1412,OFF-FA-10001229,Staples,Clustered Body,0,Stable Profit Cluster,Stable Profit Cluster,,,False,False,False,False,0,29.868000000000002,0.36052631578947364,3,False,0.13308343295666925,0.13308343295666925,Protect,False,none,0.7808426073111239,cluster_margin,none,none,No Signal,0,No Escalation,Protect,10.7682,3.5894,0.13308343295666925,0.0,0.0004273107446973658
1413,OFF-AR-10003811,Newell 327,Clustered Body,0,Stable Profit Cluster,Stable Profit Cluster,,,False,False,False,False,0,39.78,0.27,4,False,0.6091926671645694,0.6091926671645694,Protect,False,none,0.791071255501949,cluster_margin,none,none,No Signal,0,No Escalation,Protect,10.7406,2.68515,0.6091926671645694,0.0,0.0004262155034728671
1414,OFF-AR-10004165,"Binney & Smith inkTank Erasable Pocket Highlighter, Chisel Tip, Yellow",Clustered Body,0,Stable Profit Cluster,Stable Profit Cluster,,,False,False,False,False,0,25.992,0.4105263157894737,3,False,0.7891687949323353,0.7891687949323353,Protect,False,none,0.794939017743556,cluster_margin,none,none,No Signal,0,No Escalation,Protect,10.6704,3.5568000000000004,0.7891687949323353,0.0,0.0004234297812279464
1415,FUR-FU-10003981,Eldon Wave Desk Accessories,Clustered Body,0,Stable Profit Cluster,Stable Profit Cluster,,,False,False,False,False,0,29.951999999999998,0.35555555555555557,5,False,0.2323569825002312,0.2323569825002312,Protect,False,none,0.7789153923786237,cluster_margin,none,none,No Signal,0,No Escalation,Protect,10.6496,2.12992,0.2323569825002312,0.0,0.00042260438204426616
1416,OFF-AR-10004930,Turquoise Lead Holder with Pocket Clip,Clustered Body,0,Stable Profit Cluster,Stable Profit Cluster,,,False,False,False,False,0,37.52,0.28214285714285714,3,False,0.713548988866139,0.713548988866139,Protect,False,none,0.7952249901152382,cluster_margin,none,none,No Signal,0,No Escalation,Protect,10.586,3.5286666666666666,0.713548988866139,0.0,0.0004200805653095517
1417,OFF-PA-10003424,"""While you Were Out"" Message Book, One Form per Page",Clustered Body,0,Stable Profit Cluster,Stable Profit Cluster,,,False,False,False,False,0,25.228,0.4117647058823529,3,False,0.05764186930807717,0.05764186930807717,Protect,False,none,0.7760250316281712,cluster_margin,none,none,No Signal,0,No Escalation,Protect,10.388,3.462666666666667,0.05764186930807717,0.0,0.0004122234000033651
1418,TEC-PH-10002824,Jabra SPEAK 410 Multidevice Speakerphone,Clustered Body,3,Risk-Oriented Profit Cluster,Risk-Oriented Profit Cluster,,,False,False,False,False,0,2018.702,0.005102040816326535,3,False,22.582384378391193,22.582384378391193,Contain,False,none,0.5140753832888252,cluster_margin,severe,none,Severe Deterioration,1,Reroute Action,Reroute to Correct,10.299500000000009,3.43316666666667,22.582384378391193,0.3333333333333333,0.00040871148520741843
1419,OFF-SU-10004290,"Acme Design Line 8"" Stainless Steel Bent Scissors w/Champagne Handles, 3-1/8"" Cut",Clustered Body,0,Stable Profit Cluster,Stable Profit Cluster,,,False,False,False,False,0,45.144,0.22575757575757574,3,False,0.9543620453885706,0.9543620453885706,Protect,False,none,0.7904233868410673,cluster_margin,none,none,No Signal,0,No Escalation,Protect,10.1916,3.3971999999999998,0.9543620453885706,0.0,0.00040442972694207694
1420,OFF-AP-10004655,"Holmes Visible Mist Ultrasonic Humidifier with 2.3-Gallon Output per Day, Replacement Filter",Clustered Body,1,Stable Loss Cluster,Stable Loss Cluster,,,False,False,False,False,0,47.544000000000004,0.21428571428571427,2,False,2.72436876803676,2.72436876803676,Correct,False,none,0.7409690263669628,cluster_margin,severe,none,Severe Deterioration,1,Reroute Action,Exit / Restructure,10.188,5.094,2.72436876803676,0.5,0.0004042868693910554
1421,OFF-BI-10003669,3M Organizer Strips,Clustered Body,1,Stable Loss Cluster,Stable Loss Cluster,,,False,False,False,False,0,83.16,0.12207792207792205,7,False,3.6210581393409496,3.6210581393409496,Correct,False,none,0.6282796081597866,cluster_margin,severe,none,Severe Deterioration,1,Reroute Action,Exit / Restructure,10.151999999999997,1.450285714285714,3.6210581393409496,0.42857142857142855,0.00040285829388083956
1422,FUR-FU-10002364,"Eldon Expressions Wood Desk Accessories, Oak",Clustered Body,1,Stable Loss Cluster,Stable Loss Cluster,,,False,False,False,False,0,183.024,0.05524193548387098,12,False,6.174206027986601,6.174206027986601,Correct,False,none,0.19563000060891594,cluster_margin,severe,none,Severe Deterioration,1,Reroute Action,Exit / Restructure,10.110600000000002,0.8425500000000001,6.174206027986601,0.25,0.0004012154320440916
1423,TEC-PH-10003356,"SmartStand Mobile Device Holder, Assorted Colors",Clustered Body,0,Stable Profit Cluster,Stable Profit Cluster,,,False,False,False,False,0,75.49199999999999,0.13333333333333336,3,False,0.4100019810098456,0.4100019810098456,Protect,False,none,0.790014152697383,cluster_margin,none,none,No Signal,0,No Escalation,Protect,10.0656,3.3552,0.4100019810098456,0.0,0.0003994297126563219
1424,OFF-AR-10001177,Newell 349,Clustered Body,0,Stable Profit Cluster,Stable Profit Cluster,,,False,False,False,False,0,42.64,0.23538461538461536,3,False,0.7993710266881872,0.7993710266881872,Protect,False,none,0.7931617688800028,cluster_margin,none,none,No Signal,0,No Escalation,Protect,10.0368,3.3455999999999997,0.7993710266881872,0.0,0.00039828685224814925
1425,OFF-AR-10002578,Newell 335,Clustered Body,0,Stable Profit Cluster,Stable Profit Cluster,,,False,False,False,False,0,34.56,0.29,4,False,0.24717485928433994,0.24717485928433994,Protect,False,none,0.7806258644121007,cluster_margin,none,none,No Signal,0,No Escalation,Protect,10.0224,2.5056,0.24717485928433994,0.0,0.000397715422044063
1426,OFF-BI-10000591,Avery Binder Labels,Clustered Body,0,Stable Profit Cluster,Stable Profit Cluster,,,False,False,False,False,0,26.063000000000002,0.3791044776119403,4,False,0.9913199739267042,0.9913199739267042,Protect,False,none,0.34148164331933417,cluster_margin,none,none,No Signal,0,No Escalation,Protect,9.880600000000001,2.4701500000000003,0.9913199739267042,0.25,0.00039208842183993545
1427,OFF-BI-10004182,Economy Binders,Clustered Body,0,Stable Profit Cluster,Stable Profit Cluster,,,False,False,False,False,0,29.951999999999998,0.3270833333333334,4,False,1.2932152225205327,1.2932152225205327,Protect,False,none,0.30894446668062286,cluster_margin,moderate,none,Moderate Deterioration,1,Intensify Action,Protect (Tight Control),9.796800000000001,2.4492000000000003,1.2932152225205327,0.25,0.0003887630155133777
1428,OFF-PA-10001450,Rediform S.O.S. Phone Message Books,Clustered Body,0,Stable Profit Cluster,Stable Profit Cluster,,,False,False,False,False,0,19.92,0.48999999999999994,1,True,,0.0,Protect,False,none,0.7945596165273743,cluster_margin,none,none,No Signal,0,No Escalation,Protect,9.7608,9.7608,0.0,0.0,0.0003873344400031619
1429,OFF-FA-10003485,Staples,Clustered Body,0,Stable Profit Cluster,Stable Profit Cluster,,,False,False,False,False,0,26.724,0.36470588235294116,2,False,0.3469237950240927,0.3469237950240927,Protect,False,none,0.7944274630659152,cluster_margin,none,none,No Signal,0,No Escalation,Protect,9.7464,4.8732,0.3469237950240927,0.0,0.0003867630097990756
1430,OFF-AR-10003481,Newell 348,Clustered Body,0,Stable Profit Cluster,Stable Profit Cluster,,,False,False,False,False,0,65.6,0.14800000000000002,6,False,0.6977767042200078,0.6977767042200078,Protect,False,none,0.7850851522492062,cluster_margin,none,none,No Signal,0,No Escalation,Protect,9.7088,1.6181333333333334,0.6977767042200078,0.0,0.0003852709420439614
1431,OFF-AR-10003876,"Avery Hi-Liter GlideStik Fluorescent Highlighter, Yellow Ink",Clustered Body,0,Stable Profit Cluster,Stable Profit Cluster,,,False,False,False,False,0,26.08,0.37,2,False,0.2542066341896969,0.2542066341896969,Protect,False,none,0.7905616757960039,cluster_margin,none,none,No Signal,0,No Escalation,Protect,9.6496,4.8248,0.2542066341896969,0.0,0.0003829217289827177
1432,OFF-AR-10000462,Sanford Pocket Accent Highlighters,Clustered Body,0,Stable Profit Cluster,Stable Profit Cluster,,,False,False,False,False,0,22.4,0.43,3,False,0.4998356662134199,0.4998356662134199,Protect,False,none,0.7910007552764253,cluster_margin,none,none,No Signal,0,No Escalation,Protect,9.632,3.2106666666666666,0.4998356662134199,0.0,0.0003822233142888345
1433,OFF-FA-10000089,Acco Glide Clips,Clustered Body,0,Stable Profit Cluster,Stable Profit Cluster,,,False,False,False,False,0,19.6,0.48999999999999994,1,True,,0.0,Protect,False,none,0.7939337229376534,cluster_margin,none,none,No Signal,0,No Escalation,Protect,9.604,9.604,0.0,0.0,0.0003811122000031111
1434,TEC-AC-10001090,Micro Innovations Wireless Classic Keyboard with Mouse,Clustered Body,1,Stable Loss Cluster,Stable Loss Cluster,,,False,False,False,False,0,107.964,0.08888888888888889,2,False,1.6791186858251692,1.6791186858251692,Correct,False,none,0.646216682839077,cluster_margin,moderate,none,Moderate Deterioration,1,Intensify Action,Correct — Accelerated,9.5968,4.7984,1.6791186858251692,0.5,0.000380826484901068
1435,FUR-FU-10002874,Ultra Commercial Grade Dual Valve Door Closer,Clustered Body,0,Stable Profit Cluster,Stable Profit Cluster,,,False,False,False,False,0,63.824,0.15000000000000002,1,True,,0.0,Protect,False,none,0.7938119287144242,cluster_margin,none,none,No Signal,0,No Escalation,Protect,9.5736,9.5736,0.0,0.0,0.00037990584735004006
1436,OFF-LA-10000476,"Avery 05222 Permanent Self-Adhesive File Folder Labels for Typewriters, on Rolls, White, 250/Roll",Clustered Body,0,Stable Profit Cluster,Stable Profit Cluster,,,False,False,False,False,0,20.65,0.45999999999999996,2,False,0.26852035137158753,0.26852035137158753,Protect,False,none,0.790699294655973,cluster_margin,none,none,No Signal,0,No Escalation,Protect,9.498999999999999,4.749499999999999,0.26852035137158753,0.0,0.0003769455214316485
1437,OFF-AR-10000634,Newell 320,Clustered Body,0,Stable Profit Cluster,Stable Profit Cluster,,,False,False,False,False,0,81.32,0.11631578947368422,7,False,0.7603685897030962,0.7603685897030962,Protect,False,none,0.7831811790188568,cluster_margin,none,none,No Signal,0,No Escalation,Protect,9.4588,1.351257142857143,0.7603685897030962,0.0,0.00037535027877857427
1438,OFF-AR-10003183,Avery Fluorescent Highlighter Four-Color Set,Clustered Body,0,Stable Profit Cluster,Stable Profit Cluster,,,False,False,False,False,0,65.464,0.14285714285714288,8,False,0.46965216319060604,0.46965216319060604,Protect,False,none,0.7804514100713371,cluster_margin,none,none,No Signal,0,No Escalation,Protect,9.352,1.169,0.46965216319060604,0.0,0.00037111217143160095
1439,FUR-FU-10000550,Stacking Trays by OIC,Clustered Body,1,Stable Loss Cluster,Stable Loss Cluster,,,False,False,False,False,0,72.708,0.12808219178082192,6,False,3.132559989007621,3.132559989007621,Correct,False,none,0.3498436554995205,cluster_margin,severe,none,Severe Deterioration,1,Reroute Action,Exit / Restructure,9.3126,1.5521,3.132559989007621,0.3333333333333333,0.0003695486749009759
1440,OFF-AR-10002257,"Eldon Spacemaker Box, Quick-Snap Lid, Clear",Clustered Body,0,Stable Profit Cluster,Stable Profit Cluster,,,False,False,False,False,0,50.768,0.18289473684210525,6,False,0.7881497416010298,0.7881497416010298,Protect,False,none,0.7837203234728679,cluster_margin,none,none,No Signal,0,No Escalation,Protect,9.2852,1.5475333333333332,0.7881497416010298,0.0,0.0003684613702070895
1441,OFF-AR-10002467,Dixon Ticonderoga Pencils,Clustered Body,0,Stable Profit Cluster,Stable Profit Cluster,,,False,False,False,False,0,37.548,0.2468253968253968,3,False,0.9172868562002304,0.9172868562002304,Protect,False,none,0.7889808431668025,cluster_margin,none,none,No Signal,0,No Escalation,Protect,9.2678,3.0892666666666666,0.9172868562002304,0.0,0.0003677708920438185
1442,OFF-PA-10003543,Xerox 1985,Clustered Body,0,Stable Profit Cluster,Stable Profit Cluster,,,False,False,False,False,0,25.92,0.3499999999999999,2,False,0.2678818853258932,0.2678818853258932,Protect,False,none,0.789368026995929,cluster_margin,none,none,No Signal,0,No Escalation,Protect,9.072,4.536,0.2678818853258932,0.0,0.0003600010285743673
1443,OFF-BI-10000014,Heavy-Duty E-Z-D Binders,Clustered Body,3,Risk-Oriented Profit Cluster,Risk-Oriented Profit Cluster,,,False,False,False,False,0,176.742,0.05123456790123457,8,False,13.00334663518506,13.00334663518506,Contain,False,none,0.7757046657266644,cluster_margin,severe,none,Severe Deterioration,1,Reroute Action,Reroute to Correct,9.055299999999999,1.1319124999999999,13.00334663518506,0.625,0.0003593383282682395
1444,OFF-AR-10001770,Economy #2 Pencils,Clustered Body,0,Stable Profit Cluster,Stable Profit Cluster,,,False,False,False,False,0,34.58,0.26,4,False,0.13826307815428598,0.13826307815428598,Protect,False,none,0.7737884314510598,cluster_margin,none,none,No Signal,0,No Escalation,Protect,8.9908,2.2477,0.13826307815428598,0.0,0.0003567787971457696
1445,OFF-LA-10004677,Self-Adhesive Address Labels for Typewriters with Dispenser Box,Clustered Body,0,Stable Profit Cluster,Stable Profit Cluster,,,False,False,False,False,0,26.568,0.33749999999999997,2,False,0.7436544167059302,0.7436544167059302,Protect,False,none,0.7978870196448525,cluster_margin,none,none,No Signal,0,No Escalation,Protect,8.9667,4.48335,0.7436544167059302,0.0,0.0003558224452069863
1446,OFF-AR-10004582,BIC Brite Liner Grip Highlighters,Clustered Body,0,Stable Profit Cluster,Stable Profit Cluster,,,False,False,False,False,0,24.272,0.3682432432432433,5,False,0.3930446375885406,0.3930446375885406,Protect,False,none,0.7812260907991504,cluster_margin,none,none,No Signal,0,No Escalation,Protect,8.938,1.7876,0.3930446375885406,0.0,0.0003546835530641199
1447,OFF-FA-10003059,Assorted Color Push Pins,Clustered Body,0,Stable Profit Cluster,Stable Profit Cluster,,,False,False,False,False,0,34.39,0.25947368421052636,8,False,0.5313531949522,0.5313531949522,Protect,False,none,0.7808168602310679,cluster_margin,none,none,No Signal,0,No Escalation,Protect,8.923300000000001,1.1154125000000001,0.5313531949522,0.0,0.00035410021806411515
1448,FUR-FU-10001852,"Eldon Regeneration Recycled Desk Accessories, Smoke",Clustered Body,0,Stable Profit Cluster,Stable Profit Cluster,,,False,False,False,False,0,33.756,0.2639175257731959,5,False,0.6621030288592535,0.6621030288592535,Protect,False,none,0.7851073748712355,cluster_margin,none,none,No Signal,0,No Escalation,Protect,8.9088,1.7817599999999998,0.6621030288592535,0.0,0.00035352481959472263
1449,TEC-AC-10001445,Imation USB 2.0 Swivel Flash Drive USB flash drive - 4 GB - Pink,Clustered Body,0,Stable Profit Cluster,Stable Profit Cluster,,,False,False,False,False,0,42.42,0.21000000000000002,3,False,0.41100693871949684,0.41100693871949684,Protect,False,none,0.7871587229056858,cluster_margin,none,none,No Signal,0,No Escalation,Protect,8.9082,2.9694000000000003,0.41100693871949684,0.0,0.00035350101000288577
1450,FUR-FU-10000448,Tenex Chairmats For Use With Carpeted Floors,Clustered Body,0,Stable Profit Cluster,Stable Profit Cluster,,,False,False,False,False,0,175.78,0.049999999999999996,4,False,0.3121646709040244,0.3121646709040244,Protect,False,none,0.7805053068781322,cluster_margin,none,none,No Signal,0,No Escalation,Protect,8.789,2.19725,0.3121646709040244,0.0,0.00034877083775794915
1451,TEC-AC-10003027,Imation 8GB Mini TravelDrive USB 2.0 Flash Drive,Clustered Body,1,Stable Loss Cluster,Stable Loss Cluster,,,False,False,False,False,0,350.20399999999995,0.025000000000000005,3,False,4.83608156885874,4.83608156885874,Correct,False,none,0.3712289618002444,cluster_margin,severe,none,Severe Deterioration,1,Reroute Action,Exit / Restructure,8.7551,2.918366666666667,4.83608156885874,0.3333333333333333,0.00034742559581916267
1452,OFF-BI-10000279,"Acco Recycled 2"" Capacity Laser Printer Hanging Data Binders",Clustered Body,1,Stable Loss Cluster,Stable Loss Cluster,,,False,False,False,False,0,85.255,0.1016949152542373,4,False,4.816085481616201,4.816085481616201,Correct,False,none,0.6478707770792234,cluster_margin,severe,none,Severe Deterioration,1,Reroute Action,Exit / Restructure,8.67,2.1675,4.816085481616201,0.5,0.00034404860204362487
1453,OFF-LA-10004008,Avery 507,Clustered Body,0,Stable Profit Cluster,Stable Profit Cluster,,,False,False,False,False,0,24.192,0.35714285714285715,2,False,0.5165388747205238,0.5165388747205238,Protect,False,none,0.7953698649110287,cluster_margin,none,none,No Signal,0,No Escalation,Protect,8.64,4.32,0.5165388747205238,0.0,0.00034285812245177846
1454,OFF-BI-10001267,"Universal Recycled Hanging Pressboard Report Binders, Letter Size",Clustered Body,1,Stable Loss Cluster,Stable Loss Cluster,,,False,False,False,False,0,72.806,0.1186440677966102,5,False,5.852155518711667,5.852155518711667,Correct,False,none,0.5687137693454425,cluster_margin,severe,none,Severe Deterioration,1,Reroute Action,Exit / Restructure,8.638000000000002,1.7276000000000002,5.852155518711667,0.6,0.0003427787571456554
1455,OFF-AR-10002335,DIXON Oriole Pencils,Clustered Body,0,Stable Profit Cluster,Stable Profit Cluster,,,False,False,False,False,0,44.891999999999996,0.19195402298850578,6,False,0.9867013066093901,0.9867013066093901,Protect,False,none,0.7782423556169614,cluster_margin,none,none,No Signal,0,No Escalation,Protect,8.6172,1.4362000000000001,0.9867013066093901,0.0,0.00034195335796197515
1456,OFF-AR-10002255,Newell 346,Clustered Body,0,Stable Profit Cluster,Stable Profit Cluster,,,False,False,False,False,0,31.104,0.27685185185185185,5,False,0.46483267208319135,0.46483267208319135,Protect,False,none,0.782310399794579,cluster_margin,none,none,No Signal,0,No Escalation,Protect,8.6112,1.72224,0.46483267208319135,0.0,0.00034171526204360587
1457,OFF-PA-10001274,Loose Memo Sheets,Clustered Body,0,Stable Profit Cluster,Stable Profit Cluster,,,False,False,False,False,0,18.25,0.47000000000000003,2,False,0.2670674863855436,0.2670674863855436,Protect,False,none,0.7878182784725556,cluster_margin,none,none,No Signal,0,No Escalation,Protect,8.5775,4.28875,0.2670674863855436,0.0,0.0003403779566354317
1458,OFF-AR-10003856,Newell 344,Clustered Body,0,Stable Profit Cluster,Stable Profit Cluster,,,False,False,False,False,0,45.592,0.1878048780487805,6,False,0.4188753282249438,0.4188753282249438,Protect,False,none,0.7798266007623107,cluster_margin,none,none,No Signal,0,No Escalation,Protect,8.5624,1.4270666666666667,0.4188753282249438,0.0,0.0003397787485742023
1459,TEC-AC-10004877,Imation 30456 USB Flash Drive 8GB,Clustered Body,0,Stable Profit Cluster,Stable Profit Cluster,,,False,False,False,False,0,154.56,0.05535714285714285,5,False,1.675330075759647,1.675330075759647,Protect,False,none,0.43869888968821885,cluster_margin,severe,none,Severe Deterioration,1,Reroute Action,Reroute to Contain / Correct,8.556,1.7111999999999998,1.675330075759647,0.2,0.00033952477959460833
1460,OFF-BI-10001658,GBC Standard Therm-A-Bind Covers,Extreme Tail,Unclustered,Extreme Volatility Tail,,Extreme Volatility Tail,cv_above_body_p95,False,False,True,False,1,466.004,0.018181818181818188,12,False,23.254053127776384,22.66768706900737,Contain,False,none,16.021137452302877,excess_over_cv_p95,severe,none,Severe Deterioration,1,Reroute Action,Reroute to Correct,8.472800000000003,0.706066666666667,22.66768706900737,0.5833333333333334,0.0003362231828598877
1461,OFF-AR-10004956,Newell 33,Clustered Body,0,Stable Profit Cluster,Stable Profit Cluster,,,False,False,False,False,0,47.988,0.17441860465116277,3,False,0.5932784895091325,0.5932784895091325,Protect,False,none,0.7890707983320765,cluster_margin,none,none,No Signal,0,No Escalation,Protect,8.37,2.7899999999999996,0.5932784895091325,0.0,0.00033214380612516035
1462,OFF-PA-10000859,Unpadded Memo Slips,Clustered Body,0,Stable Profit Cluster,Stable Profit Cluster,,,False,False,False,False,0,18.308,0.4565217391304348,2,False,0.5714504402396651,0.5714504402396651,Protect,False,none,0.7952733111558297,cluster_margin,none,none,No Signal,0,No Escalation,Protect,8.358,4.179,0.5714504402396651,0.0,0.0003316676142884218
1463,OFF-AR-10001231,"Sanford EarthWrite Recycled Pencils, Medium Soft, #2",Clustered Body,0,Stable Profit Cluster,Stable Profit Cluster,,,False,False,False,False,0,29.4,0.27999999999999997,3,False,0.49369536523463625,0.49369536523463625,Protect,False,none,0.787329943252602,cluster_margin,none,none,No Signal,0,No Escalation,Protect,8.232,2.7439999999999998,0.49369536523463625,0.0,0.00032666760000266663
1464,OFF-BI-10002160,Acco Hanging Data Binders,Clustered Body,1,Stable Loss Cluster,Stable Loss Cluster,,,False,False,False,False,0,41.91,0.19636363636363638,7,False,2.104091145768615,2.104091145768615,Correct,False,high,0.002900946888963574,cluster_margin,moderate,none,High Classification Instability,2,Reassess Classification,Reassess Classification,8.2296,1.1756571428571427,2.104091145768615,0.2857142857142857,0.00032657236163531893
1465,OFF-AR-10003217,Newell 316,Clustered Body,0,Stable Profit Cluster,Stable Profit Cluster,,,False,False,False,False,0,46.944,0.175,2,False,0.44402032391149066,0.44402032391149066,Protect,False,none,0.7924497120599857,cluster_margin,none,none,No Signal,0,No Escalation,Protect,8.2152,4.1076,0.44402032391149066,0.0,0.00032600093143123266
1466,OFF-AR-10001919,"OIC #2 Pencils, Medium Soft",Clustered Body,0,Stable Profit Cluster,Stable Profit Cluster,,,False,False,False,False,0,30.832,0.2640243902439024,7,False,0.6011984733112717,0.6011984733112717,Protect,False,none,0.7810297491446093,cluster_margin,none,none,No Signal,0,No Escalation,Protect,8.1404,1.1629142857142856,0.6011984733112717,0.0,0.00032303266898222883
1467,OFF-LA-10003714,Avery 510,Clustered Body,0,Stable Profit Cluster,Stable Profit Cluster,,,False,False,False,False,0,21.75,0.37241379310344824,3,False,0.4427781601313728,0.4427781601313728,Protect,False,none,0.7859259139822349,cluster_margin,none,none,No Signal,0,No Escalation,Protect,8.1,2.6999999999999997,0.4427781601313728,0.0,0.00032142948979854225
1468,OFF-AR-10001545,Newell 326,Clustered Body,0,Stable Profit Cluster,Stable Profit Cluster,,,False,False,False,False,0,36.608,0.21490384615384617,6,False,0.3977737335943441,0.3977737335943441,Protect,False,none,0.7780885769083534,cluster_margin,none,none,No Signal,0,No Escalation,Protect,7.8671999999999995,1.3112,0.3977737335943441,0.0,0.0003121913681658138
1469,OFF-BI-10002393,Binder Posts,Clustered Body,1,Stable Loss Cluster,Stable Loss Cluster,,,False,False,False,False,0,57.39999999999999,0.136,6,False,3.48034208830344,3.48034208830344,Correct,False,none,0.7590894340956835,cluster_margin,severe,none,Severe Deterioration,1,Reroute Action,Exit / Restructure,7.8064,1.3010666666666666,3.48034208830344,0.5,0.00030977866285967164
1470,OFF-FA-10003021,Staples,Clustered Body,0,Stable Profit Cluster,Stable Profit Cluster,,,False,False,False,False,0,34.592,0.22282608695652173,6,False,0.3760981653849873,0.3760981653849873,Protect,False,none,0.7772330047679046,cluster_margin,none,none,No Signal,0,No Escalation,Protect,7.707999999999999,1.2846666666666666,0.3760981653849873,0.0,0.00030587388979841525
1471,FUR-FU-10000175,DAX Wood Document Frame.,Clustered Body,3,Risk-Oriented Profit Cluster,Risk-Oriented Profit Cluster,,,False,False,False,False,0,159.268,0.048275862068965524,4,False,8.354216273139345,8.354216273139345,Contain,False,none,0.16090246715406276,cluster_margin,severe,none,Severe Deterioration,1,Reroute Action,Reroute to Correct,7.6888000000000005,1.9222000000000001,8.354216273139345,0.5,0.0003051119828596336
1472,OFF-FA-10002676,Colored Push Pins,Clustered Body,0,Stable Profit Cluster,Stable Profit Cluster,,,False,False,False,False,0,24.978,0.30434782608695654,5,False,0.9603069138195318,0.9603069138195318,Protect,False,none,0.7784452389934888,cluster_margin,none,none,No Signal,0,No Escalation,Protect,7.602,1.5204,0.9603069138195318,0.0,0.0003016675285738912
1473,OFF-AR-10003770,Newell 340,Clustered Body,0,Stable Profit Cluster,Stable Profit Cluster,,,False,False,False,False,0,25.92,0.29,2,False,0.4416366731214541,0.4416366731214541,Protect,False,none,0.7901363115261321,cluster_margin,none,none,No Signal,0,No Escalation,Protect,7.5168,3.7584,0.4416366731214541,0.0,0.00029828656653304724
1474,OFF-AR-10003723,Avery Hi-Liter Fluorescent Desk Style Markers,Clustered Body,0,Stable Profit Cluster,Stable Profit Cluster,,,False,False,False,False,0,20.279999999999998,0.37000000000000005,2,False,0.8831752381503603,0.8831752381503603,Protect,False,none,0.7910799846836262,cluster_margin,none,none,No Signal,0,No Escalation,Protect,7.5036000000000005,3.7518000000000002,0.8831752381503603,0.0,0.0002977627555126348
1475,OFF-AR-10001315,Newell 310,Clustered Body,0,Stable Profit Cluster,Stable Profit Cluster,,,False,False,False,False,0,38.72,0.1931818181818182,7,False,0.6396673011502393,0.6396673011502393,Protect,False,none,0.7801183645014127,cluster_margin,none,none,No Signal,0,No Escalation,Protect,7.48,1.0685714285714287,0.6396673011502393,0.0,0.0002968262449003823
1476,OFF-AR-10000799,Col-Erase Pencils with Erasers,Clustered Body,0,Stable Profit Cluster,Stable Profit Cluster,,,False,False,False,False,0,37.696,0.19838709677419358,2,False,0.5491748664494571,0.5491748664494571,Protect,False,none,0.7920774327813191,cluster_margin,none,none,No Signal,0,No Escalation,Protect,7.478400000000001,3.7392000000000003,0.5491748664494571,0.0,0.0002967627526554838
1477,OFF-SU-10004768,Acme Kleencut Forged Steel Scissors,Clustered Body,0,Stable Profit Cluster,Stable Profit Cluster,,,False,False,False,False,0,35.587999999999994,0.20967741935483875,3,False,0.8464352423347447,0.8464352423347447,Protect,False,none,0.7856907967501927,cluster_margin,none,none,No Signal,0,No Escalation,Protect,7.462,2.4873333333333334,0.8464352423347447,0.0,0.0002961119571452744
1478,OFF-BI-10003708,"Acco Four Pocket Poly Ring Binder with Label Holder, Smoke, 1""",Clustered Body,3,Risk-Oriented Profit Cluster,Risk-Oriented Profit Cluster,,,False,False,False,False,0,122.18,0.06097560975609755,6,False,7.780426980937906,7.780426980937906,Contain,False,watch,0.05701824932042345,cluster_margin,severe,none,Severe Deterioration,2,Reroute Action,Reroute to Correct,7.449999999999999,1.2416666666666665,7.780426980937906,0.3333333333333333,0.00029563576530853577
1479,OFF-ST-10003572,Portfile Personal File Boxes,Clustered Body,0,Stable Profit Cluster,Stable Profit Cluster,,,False,False,False,False,0,99.11999999999999,0.07500000000000001,2,False,0.945699157390307,0.945699157390307,Protect,False,none,0.7893228986629339,cluster_margin,none,none,No Signal,0,No Escalation,Protect,7.434,3.717,0.945699157390307,0.0,0.00029500084285955105
1480,TEC-AC-10003709,Maxell 4.7GB DVD-R 5/Pack,Clustered Body,0,Stable Profit Cluster,Stable Profit Cluster,,,False,False,False,False,0,19.008,0.3875,5,False,0.7201347239105319,0.7201347239105319,Protect,False,none,0.7819678298557605,cluster_margin,none,none,No Signal,0,No Escalation,Protect,7.3656,1.47312,0.7201347239105319,0.0,0.00029228654939014113
1481,OFF-LA-10004055,Color-Coded Legal Exhibit Labels,Clustered Body,0,Stable Profit Cluster,Stable Profit Cluster,,,False,False,False,False,0,14.73,0.49,2,False,0.4404840125759469,0.4404840125759469,Protect,False,none,0.78913976379705,cluster_margin,none,none,No Signal,0,No Escalation,Protect,7.2177,3.60885,0.4404840125759469,0.0,0.0002864174850023381
1482,OFF-BI-10000042,"Pressboard Data Binder, Crimson, 12"" X 8 1/2""",Clustered Body,1,Stable Loss Cluster,Stable Loss Cluster,,,False,False,False,False,0,33.108000000000004,0.21612903225806449,3,False,1.645349543117546,1.645349543117546,Correct,False,none,0.16416536357303613,cluster_margin,moderate,none,Moderate Deterioration,1,Intensify Action,Correct — Accelerated,7.1556,2.3851999999999998,1.645349543117546,0.3333333333333333,0.00028395319224721596
1483,OFF-FA-10000490,"OIC Binder Clips, Mini, 1/4"" Capacity, Black",Clustered Body,0,Stable Profit Cluster,Stable Profit Cluster,,,False,False,False,False,0,15.623999999999999,0.45317460317460323,5,False,0.5178284951298624,0.5178284951298624,Protect,False,none,0.7803017916517854,cluster_margin,none,none,No Signal,0,No Escalation,Protect,7.0804,1.41608,0.5178284951298624,0.0,0.0002809690567369875
1484,OFF-LA-10002368,Avery 479,Clustered Body,0,Stable Profit Cluster,Stable Profit Cluster,,,False,False,False,False,0,16.704,0.409375,3,False,0.4812965655409231,0.4812965655409231,Protect,False,none,0.7835477651815943,cluster_margin,none,none,No Signal,0,No Escalation,Protect,6.8382,2.2794,0.4812965655409231,0.0,0.00027135791816548045
1485,FUR-FU-10000820,Tensor Brushed Steel Torchiere Floor Lamp,Clustered Body,1,Stable Loss Cluster,Stable Loss Cluster,,,False,False,False,False,0,146.114,0.04651162790697674,4,False,6.104117340663874,6.104117340663874,Correct,False,none,0.5009448640727856,cluster_margin,severe,none,Severe Deterioration,1,Reroute Action,Exit / Restructure,6.795999999999999,1.6989999999999998,6.104117340663874,0.5,0.00026968331020628313
1486,FUR-FU-10003194,"Eldon Expressions Desk Accessory, Wood Pencil Holder, Oak",Clustered Body,1,Stable Loss Cluster,Stable Loss Cluster,,,False,False,False,False,0,108.08,0.06250000000000001,4,False,5.800008433188227,5.800008433188227,Correct,False,none,0.19104012853626934,cluster_margin,severe,none,Severe Deterioration,1,Reroute Action,Exit / Restructure,6.755000000000001,1.6887500000000002,5.800008433188227,0.25,0.0002680563214307597
1487,OFF-AR-10001118,"Binney & Smith Crayola Metallic Crayons, 16-Color Pack",Clustered Body,0,Stable Profit Cluster,Stable Profit Cluster,,,False,False,False,False,0,16.176000000000002,0.4166666666666666,2,False,0.9996562678299604,0.9996562678299604,Protect,False,none,0.7853188958982551,cluster_margin,none,none,No Signal,0,No Escalation,Protect,6.739999999999999,3.3699999999999997,0.9996562678299604,0.0,0.0002674610816348364
1488,OFF-AR-10002833,Newell 322,Clustered Body,0,Stable Profit Cluster,Stable Profit Cluster,,,False,False,False,False,0,30.576,0.21785714285714286,6,False,0.4722149284677054,0.4722149284677054,Protect,False,none,0.7776446242051233,cluster_margin,none,none,No Signal,0,No Escalation,Protect,6.6612,1.1102,0.4722149284677054,0.0,0.0002643340885735864
1489,OFF-AR-10003896,"Stride Job 150 Highlighters, Chisel Tip, Assorted Colors",Clustered Body,0,Stable Profit Cluster,Stable Profit Cluster,,,False,False,False,False,0,17.94,0.36,1,True,,0.0,Protect,False,none,0.780605193692067,cluster_margin,none,none,No Signal,0,No Escalation,Protect,6.4584,6.4584,0.0,0.0,0.00025628644653270436
1490,FUR-FU-10001025,"Eldon Imàge Series Desk Accessories, Clear",Clustered Body,1,Stable Loss Cluster,Stable Loss Cluster,,,False,False,False,False,0,53.46,0.1190909090909091,3,False,3.7910470353241488,3.7910470353241488,Correct,False,none,0.37760248639094834,cluster_margin,severe,none,Severe Deterioration,1,Reroute Action,Exit / Restructure,6.3666,2.1222,3.7910470353241488,0.3333333333333333,0.0002526435789816542
1491,OFF-AR-10001227,Newell 338,Clustered Body,0,Stable Profit Cluster,Stable Profit Cluster,,,False,False,False,False,0,23.52,0.27,2,False,0.32742982493396844,0.32742982493396844,Protect,False,none,0.7830858804503477,cluster_margin,none,none,No Signal,0,No Escalation,Protect,6.3504000000000005,3.1752000000000002,0.32742982493396844,0.0,0.00025200072000205716
1492,OFF-PA-10002001,Xerox 1984,Clustered Body,0,Stable Profit Cluster,Stable Profit Cluster,,,False,False,False,False,0,12.96,0.48999999999999994,1,True,,0.0,Protect,False,none,0.7801230648108998,cluster_margin,none,none,No Signal,0,No Escalation,Protect,6.3504,6.3504,0.0,0.0,0.00025200072000205716
1493,TEC-PH-10000004,Belkin iPhone and iPad Lightning Cable,Clustered Body,0,Stable Profit Cluster,Stable Profit Cluster,,,False,False,False,False,0,83.944,0.075,2,False,0.9349146967894131,0.9349146967894131,Protect,False,none,0.7857352132108072,cluster_margin,none,none,No Signal,0,No Escalation,Protect,6.2958,3.1479,0.9349146967894131,0.0,0.0002498340471448966
1494,OFF-LA-10000973,Avery 502,Clustered Body,0,Stable Profit Cluster,Stable Profit Cluster,,,False,False,False,False,0,17.64,0.35000000000000003,3,False,0.22031605478193855,0.22031605478193855,Protect,False,none,0.7740093466336864,cluster_margin,none,none,No Signal,0,No Escalation,Protect,6.174,2.0580000000000003,0.22031605478193855,0.0,0.00024500070000200004
1495,TEC-PH-10001870,Lunatik TT5L-002 Taktik Strike Impact Protection System for iPhone 5,Clustered Body,1,Stable Loss Cluster,Stable Loss Cluster,,,False,False,False,False,0,281.658,0.021739130434782608,3,False,4.2894217053119945,4.2894217053119945,Correct,False,none,0.38219222625943605,cluster_margin,severe,none,Severe Deterioration,1,Reroute Action,Exit / Restructure,6.123,2.041,4.2894217053119945,0.3333333333333333,0.00024297688469586106
1496,OFF-AR-10001216,Newell 339,Clustered Body,0,Stable Profit Cluster,Stable Profit Cluster,,,False,False,False,False,0,26.688000000000002,0.22916666666666663,3,False,0.7172977583133756,0.7172977583133756,Protect,False,none,0.7834956867289893,cluster_margin,none,none,No Signal,0,No Escalation,Protect,6.116,2.0386666666666664,0.7172977583133756,0.0,0.00024269910612443018
1497,OFF-AR-10001130,"Quartet Alpha White Chalk, 12/Pack",Clustered Body,0,Stable Profit Cluster,Stable Profit Cluster,,,False,False,False,False,0,15.469999999999999,0.3942857142857143,2,False,0.028385919119337914,0.028385919119337914,Protect,False,none,0.7689680212611211,cluster_margin,none,none,No Signal,0,No Escalation,Protect,6.0996,3.0498,0.028385919119337914,0.0,0.00024204831061422078
1498,OFF-BI-10001553,SpineVue Locking Slant-D Ring Binders by Cardinal,Clustered Body,1,Stable Loss Cluster,Stable Loss Cluster,,,False,False,False,False,0,110.59400000000001,0.05454545454545454,8,False,7.49027068287215,7.49027068287215,Correct,False,watch,0.06637807236274382,cluster_margin,severe,none,Severe Deterioration,2,Reroute Action,Exit / Restructure,6.0324,0.75405,7.49027068287215,0.375,0.00023938163632848474
1499,OFF-ST-10001034,Eldon File Chest Portable File,Clustered Body,0,Stable Profit Cluster,Stable Profit Cluster,,,False,False,False,False,0,79.4,0.075,1,True,,0.0,Protect,False,none,0.7783450032141181,cluster_margin,none,none,No Signal,0,No Escalation,Protect,5.955,5.955,0.0,0.0,0.0002363101989815209
1500,OFF-ST-10000352,Acco Perma 2700 Stacking Storage Drawers,Clustered Body,1,Stable Loss Cluster,Stable Loss Cluster,,,False,False,False,False,0,208.18,0.028571428571428574,4,False,3.6250650682674936,3.6250650682674936,Correct,False,none,0.7517477104193369,cluster_margin,severe,none,Severe Deterioration,1,Reroute Action,Exit / Restructure,5.948,1.487,3.6250650682674936,0.5,0.00023603242041009007
1501,OFF-FA-10004076,Translucent Push Pins by OIC,Clustered Body,0,Stable Profit Cluster,Stable Profit Cluster,,,False,False,False,False,0,24.552,0.23790322580645162,3,False,0.2976818362630331,0.2976818362630331,Protect,False,none,0.7761011221886082,cluster_margin,none,none,No Signal,0,No Escalation,Protect,5.841,1.947,0.2976818362630331,0.0,0.0002317863765325044
1502,OFF-AR-10004027,"Binney & Smith inkTank Erasable Desk Highlighter, Chisel Tip, Yellow, 12/Box",Clustered Body,0,Stable Profit Cluster,Stable Profit Cluster,,,False,False,False,False,0,17.64,0.3257142857142857,3,False,0.4884875899487963,0.4884875899487963,Protect,False,none,0.780892573216621,cluster_margin,none,none,No Signal,0,No Escalation,Protect,5.7456,1.9151999999999998,0.4884875899487963,0.0,0.00022800065143043264
1503,OFF-BI-10002799,"SlimView Poly Binder, 3/8""",Clustered Body,3,Risk-Oriented Profit Cluster,Risk-Oriented Profit Cluster,,,False,False,False,False,0,117.586,0.04845814977973566,7,False,13.875549494926227,13.875549494926227,Contain,False,none,0.8255324925322921,cluster_margin,severe,none,Severe Deterioration,1,Reroute Action,Reroute to Correct,5.697999999999997,0.8139999999999995,13.875549494926227,0.5714285714285714,0.00022611175714470284
1504,OFF-AR-10003087,Staples in misc. colors,Clustered Body,0,Stable Profit Cluster,Stable Profit Cluster,,,False,False,False,False,0,24.92,0.22857142857142854,3,False,1.0422390584430319,1.0422390584430319,Protect,False,none,0.7756785563828833,cluster_margin,moderate,none,Moderate Deterioration,1,Intensify Action,Protect (Tight Control),5.696,1.8986666666666665,1.0422390584430319,0.0,0.00022603239183857985
1505,OFF-PA-10003739,Xerox 1969,Clustered Body,0,Stable Profit Cluster,Stable Profit Cluster,,,False,False,False,False,0,11.56,0.48999999999999994,1,True,,0.0,Protect,False,none,0.7770254595773665,cluster_margin,none,none,No Signal,0,No Escalation,Protect,5.6644,5.6644,0.0,0.0,0.0002247784200018349
1506,OFF-PA-10002333,"Universal Ultra Bright White Copier/Laser Paper, 8 1/2"" x 11"", Ream",Clustered Body,0,Stable Profit Cluster,Stable Profit Cluster,,,False,False,False,False,0,15.552,0.3625,1,True,,0.0,Protect,False,none,0.7769032307356566,cluster_margin,none,none,No Signal,0,No Escalation,Protect,5.6376,5.6376,0.0,0.0,0.00022371492489978541
1507,OFF-BI-10002012,Wilson Jones Easy Flow II Sheet Lifters,Clustered Body,1,Stable Loss Cluster,Stable Loss Cluster,,,False,False,False,False,0,51.480000000000004,0.10909090909090907,12,False,3.938152689402442,3.938152689402442,Correct,False,none,0.5983443732626482,cluster_margin,severe,none,Severe Deterioration,1,Reroute Action,Exit / Restructure,5.616,0.46799999999999997,3.938152689402442,0.4166666666666667,0.00022285777959365596
1508,TEC-AC-10000487,SanDisk Cruzer 4 GB USB Flash Drive,Clustered Body,0,Stable Profit Cluster,Stable Profit Cluster,,,False,False,False,False,0,25.96,0.2125,2,False,0.25905043563600627,0.25905043563600627,Protect,False,none,0.7780001516123942,cluster_margin,none,none,No Signal,0,No Escalation,Protect,5.5165,2.75825,0.25905043563600627,0.0,0.00021890935561403192
1509,OFF-LA-10004272,Avery 482,Clustered Body,0,Stable Profit Cluster,Stable Profit Cluster,,,False,False,False,False,0,11.56,0.47000000000000003,2,False,0.6467919376226492,0.6467919376226492,Protect,False,none,0.7860743912049472,cluster_margin,none,none,No Signal,0,No Escalation,Protect,5.4332,2.7166,0.6467919376226492,0.0,0.00021560379061400493
1510,OFF-BI-10001787,Wilson Jones Four-Pocket Poly Binders,Clustered Body,1,Stable Loss Cluster,Stable Loss Cluster,,,False,False,False,False,0,62.13,0.08736842105263157,4,False,6.487295566602016,6.487295566602016,Correct,False,none,0.4183194628752893,cluster_margin,severe,none,Severe Deterioration,1,Reroute Action,Exit / Restructure,5.4281999999999995,1.3570499999999999,6.487295566602016,0.5,0.00021540537734869716
1511,TEC-AC-10003441,Kingston Digital DataTraveler 32GB USB 2.0,Clustered Body,1,Stable Loss Cluster,Stable Loss Cluster,,,False,False,False,False,0,355.95,0.015238095238095236,7,False,4.7730270010130935,4.7730270010130935,Correct,False,none,0.2627318935773323,cluster_margin,severe,none,Severe Deterioration,1,Reroute Action,Exit / Restructure,5.4239999999999995,0.7748571428571428,4.7730270010130935,0.2857142857142857,0.00021523871020583867
1512,OFF-BI-10002103,"Cardinal Slant-D Ring Binder, Heavy Gauge Vinyl",Clustered Body,3,Risk-Oriented Profit Cluster,Risk-Oriented Profit Cluster,,,False,False,False,False,0,179.014,0.030097087378640766,10,False,13.227054245054953,13.227054245054953,Contain,False,none,0.9692542268323774,cluster_margin,severe,none,Severe Deterioration,1,Reroute Action,Reroute to Correct,5.387799999999999,0.5387799999999998,13.227054245054953,0.4,0.00021380219816501058
1513,OFF-PA-10000308,Xerox 1901,Clustered Body,0,Stable Profit Cluster,Stable Profit Cluster,,,False,False,False,False,0,16.896,0.3125,1,True,,0.0,Protect,False,none,0.7752637408753134,cluster_margin,none,none,No Signal,0,No Escalation,Protect,5.28,5.28,0.0,0.0,0.00020952440816497572
1514,TEC-AC-10001101,Sony 16GB Class 10 Micro SDHC R40 Memory Card,Clustered Body,1,Stable Loss Cluster,Stable Loss Cluster,,,False,False,False,False,0,190.772,0.02702702702702702,4,False,4.577585398365543,4.577585398365543,Correct,False,none,0.6745433270546113,cluster_margin,severe,none,Severe Deterioration,1,Reroute Action,Exit / Restructure,5.155999999999999,1.2889999999999997,4.577585398365543,0.5,0.00020460375918534367
1515,OFF-FA-10000840,OIC Thumb-Tacks,Clustered Body,0,Stable Profit Cluster,Stable Profit Cluster,,,False,False,False,False,0,12.996,0.3956140350877193,3,False,0.5277282402956499,0.5277282402956499,Protect,False,none,0.7799701761118899,cluster_margin,none,none,No Signal,0,No Escalation,Protect,5.1414,1.7138,0.5277282402956499,0.0,0.00020402439245064508
1516,TEC-AC-10002718,Belkin Standard 104 key USB Keyboard,Clustered Body,1,Stable Loss Cluster,Stable Loss Cluster,,,False,False,False,False,0,265.538,0.019230769230769232,6,False,6.463996955492434,6.463996955492434,Correct,False,none,0.3992413912582549,cluster_margin,severe,none,Severe Deterioration,1,Reroute Action,Exit / Restructure,5.1065000000000005,0.8510833333333334,6.463996955492434,0.8333333333333334,0.00020263946785879707
1517,OFF-BI-10004876,Wilson Jones Suede Grain Vinyl Binders,Clustered Body,1,Stable Loss Cluster,Stable Loss Cluster,,,False,False,False,False,0,16.401999999999997,0.3084745762711865,3,False,1.86149299955437,1.86149299955437,Correct,False,none,0.2069542549114989,cluster_margin,moderate,none,Moderate Deterioration,1,Intensify Action,Correct — Accelerated,5.0596000000000005,1.6865333333333334,1.86149299955437,0.3333333333333333,0.00020077835143021046
1518,OFF-BI-10001308,GBC Standard Plastic Binding Systems' Combs,Clustered Body,3,Risk-Oriented Profit Cluster,Risk-Oriented Profit Cluster,,,False,False,False,False,0,108.644,0.04624277456647398,8,False,10.954834857172454,10.954834857172454,Contain,False,none,0.7284529572999936,cluster_margin,severe,none,Severe Deterioration,1,Reroute Action,Reroute to Correct,5.023999999999999,0.6279999999999999,10.954834857172454,0.5,0.00019936564898121928
1519,OFF-PA-10002109,Wirebound Voice Message Log Book,Clustered Body,0,Stable Profit Cluster,Stable Profit Cluster,,,False,False,False,False,0,15.232,0.325,2,False,0.641455728256763,0.641455728256763,Protect,False,none,0.7844183974030532,cluster_margin,none,none,No Signal,0,No Escalation,Protect,4.9504,2.4752,0.641455728256763,0.0,0.00019644500571588936
1520,OFF-AR-10000315,"Dixon Ticonderoga Maple Cedar Pencil, #2",Clustered Body,0,Stable Profit Cluster,Stable Profit Cluster,,,False,False,False,False,0,23.332,0.2105263157894737,3,False,0.6093644016878091,0.6093644016878091,Protect,False,none,0.78020837572089,cluster_margin,none,none,No Signal,0,No Escalation,Protect,4.912000000000001,1.6373333333333335,0.6093644016878091,0.0,0.00019492119183832593
1521,OFF-AR-10000896,Newell 329,Clustered Body,0,Stable Profit Cluster,Stable Profit Cluster,,,False,False,False,False,0,24.272,0.2,2,False,0.9690726150452986,0.9690726150452986,Protect,False,none,0.7798281958394581,cluster_margin,none,none,No Signal,0,No Escalation,Protect,4.8544,2.4272,0.9690726150452986,0.0,0.0001926354710219807
1522,FUR-FU-10004909,Contemporary Wood/Metal Frame,Clustered Body,3,Risk-Oriented Profit Cluster,Risk-Oriented Profit Cluster,,,False,False,False,False,0,193.92,0.024999999999999998,4,False,18.729074619360215,18.729074619360215,Contain,False,none,0.6327197028942212,cluster_margin,severe,none,Severe Deterioration,1,Reroute Action,Reroute to Correct,4.847999999999999,1.2119999999999997,18.729074619360215,0.5,0.00019238150204238673
1523,OFF-ST-10000636,Rogers Profile Extra Capacity Storage Tub,Clustered Body,1,Stable Loss Cluster,Stable Loss Cluster,,,False,False,False,False,0,518.9399999999999,0.00903225806451613,7,False,6.908294903271167,6.908294903271167,Correct,False,high,0.03353365690233344,cluster_margin,severe,none,High Classification Instability,2,Reassess Classification,Reassess Classification,4.6872,0.6696,6.908294903271167,0.14285714285714285,0.0001860005314300898
1524,TEC-AC-10003433,Maxell 4.7GB DVD+R 5/Pack,Clustered Body,0,Stable Profit Cluster,Stable Profit Cluster,,,False,False,False,False,0,11.682,0.3940677966101695,5,False,0.2078401397286117,0.2078401397286117,Protect,False,none,0.766982029623613,cluster_margin,none,none,No Signal,0,No Escalation,Protect,4.6035,0.9207000000000001,0.2078401397286117,0.0,0.0001826790933688382
1525,OFF-AR-10002704,Boston 1900 Electric Pencil Sharpener,Clustered Body,0,Stable Profit Cluster,Stable Profit Cluster,,,False,False,False,False,0,14.98,0.3,1,True,,0.0,Protect,False,none,0.7716055081066567,cluster_margin,none,none,No Signal,0,No Escalation,Protect,4.494,4.494,0.0,0.0,0.00017833384285859865
1526,OFF-AR-10001022,SANFORD Liquid Accent Tank-Style Highlighters,Clustered Body,0,Stable Profit Cluster,Stable Profit Cluster,,,False,False,False,False,0,14.2,0.30999999999999994,3,False,0.2954089823298138,0.2954089823298138,Protect,False,none,0.7724889226657652,cluster_margin,none,none,No Signal,0,No Escalation,Protect,4.401999999999999,1.4673333333333332,0.2954089823298138,0.0,0.00017468303877693616
1527,OFF-BI-10003429,"Cardinal HOLDit! Binder Insert Strips,Extra Strips",Clustered Body,3,Risk-Oriented Profit Cluster,Risk-Oriented Profit Cluster,,,False,False,False,False,0,136.728,0.031944444444444456,9,False,13.750063030343224,13.750063030343224,Contain,False,none,0.9234342017610706,cluster_margin,severe,none,Severe Deterioration,1,Reroute Action,Reroute to Correct,4.367700000000002,0.48530000000000023,13.750063030343224,0.4444444444444444,0.00017332192377692514
1528,OFF-PA-10001661,Xerox 1922,Clustered Body,0,Stable Profit Cluster,Stable Profit Cluster,,,False,False,False,False,0,11.952,0.36250000000000004,1,True,,0.0,Protect,False,none,0.7708452576293251,cluster_margin,none,none,No Signal,0,No Escalation,Protect,4.3326,4.3326,0.0,0.0,0.00017192906265446473
1529,OFF-BI-10004656,Peel & Stick Add-On Corner Pockets,Clustered Body,1,Stable Loss Cluster,Stable Loss Cluster,,,False,False,False,False,0,38.016,0.11363636363636365,7,False,3.825423824016707,3.825423824016707,Correct,False,none,0.6283992787489127,cluster_margin,severe,none,Severe Deterioration,1,Reroute Action,Exit / Restructure,4.32,0.6171428571428572,3.825423824016707,0.42857142857142855,0.00017142906122588923
1530,OFF-AR-10001473,Newell 313,Clustered Body,0,Stable Profit Cluster,Stable Profit Cluster,,,False,False,False,False,0,28.208,0.15116279069767444,3,False,0.6711849749255305,0.6711849749255305,Protect,False,none,0.7787059738602257,cluster_margin,none,none,No Signal,0,No Escalation,Protect,4.264,1.4213333333333333,0.6711849749255305,0.0,0.00016920683265444253
1531,TEC-PH-10000347,Cush Cases Heavy Duty Rugged Cover Case for Samsung Galaxy S5 - Purple,Clustered Body,1,Stable Loss Cluster,Stable Loss Cluster,,,False,False,False,False,0,65.34,0.05984848484848485,6,False,2.6865458762536996,2.6865458762536996,Correct,False,none,0.32299980052704597,cluster_margin,severe,none,Severe Deterioration,1,Reroute Action,Exit / Restructure,3.9105000000000003,0.65175,2.6865458762536996,0.3333333333333333,0.00015517901479718515
1532,OFF-AR-10000422,Pencil and Crayon Sharpener,Clustered Body,0,Stable Profit Cluster,Stable Profit Cluster,,,False,False,False,False,0,29.346,0.12835820895522387,4,False,0.5638507067349183,0.5638507067349183,Protect,False,none,0.7753284074126864,cluster_margin,none,none,No Signal,0,No Escalation,Protect,3.7668,0.9417,0.5638507067349183,0.0,0.00014947661755224063
1533,OFF-AR-10001972,Newell 323,Clustered Body,0,Stable Profit Cluster,Stable Profit Cluster,,,False,False,False,False,0,21.168,0.1777777777777778,3,False,0.5368521304226259,0.5368521304226259,Protect,False,none,0.7765296247890396,cluster_margin,none,none,No Signal,0,No Escalation,Protect,3.7632000000000003,1.2544000000000002,0.5368521304226259,0.0,0.00014933376000121908
1534,TEC-AC-10002370,Maxell CD-R Discs,Clustered Body,0,Stable Profit Cluster,Stable Profit Cluster,,,False,False,False,False,0,15.76,0.235,3,False,0.7533505661437453,0.7533505661437453,Protect,False,none,0.7768946916875642,cluster_margin,none,none,No Signal,0,No Escalation,Protect,3.7036,1.2345333333333333,0.7533505661437453,0.0,0.00014696867387875077
1535,TEC-PH-10004348,OtterBox Defender Series Case - iPhone 5c,Clustered Body,1,Stable Loss Cluster,Stable Loss Cluster,,,False,False,False,False,0,133.128,0.027777777777777776,2,False,6.219008989070381,6.219008989070381,Correct,False,none,0.4775986727144388,cluster_margin,severe,none,Severe Deterioration,1,Reroute Action,Exit / Restructure,3.6979999999999995,1.8489999999999998,6.219008989070381,0.5,0.00014674645102160608
1536,OFF-ST-10001627,Eldon Jumbo ProFile Portable File Boxes Graphite/Black,Clustered Body,0,Stable Profit Cluster,Stable Profit Cluster,,,False,False,False,False,0,36.744,0.09999999999999999,1,True,,0.0,Protect,False,none,0.7677139842495861,cluster_margin,none,none,No Signal,0,No Escalation,Protect,3.6744,3.6744,0.0,0.0,0.00014580994040935355
1537,OFF-BI-10002954,Newell 3-Hole Punched Plastic Slotted Magazine Holders for Binders,Clustered Body,1,Stable Loss Cluster,Stable Loss Cluster,,,False,False,False,False,0,51.184,0.07142857142857142,6,False,6.199237794609971,6.199237794609971,Correct,False,none,0.48378209392829236,cluster_margin,severe,none,Severe Deterioration,1,Reroute Action,Exit / Restructure,3.6559999999999997,0.6093333333333333,6.199237794609971,0.5,0.00014507977959302105
1538,FUR-FU-10003489,Contemporary Borderless Frame,Clustered Body,1,Stable Loss Cluster,Stable Loss Cluster,,,False,False,False,False,0,36.162,0.1,2,False,5.316088823839864,5.316088823839864,Correct,False,none,0.6057283031945692,cluster_margin,severe,none,Severe Deterioration,1,Reroute Action,Exit / Restructure,3.6162,1.8081,5.316088823839864,0.5,0.00014350041000117143
1539,TEC-AC-10003133,Memorex Mini Travel Drive 4 GB USB 2.0 Flash Drive,Clustered Body,0,Stable Profit Cluster,Stable Profit Cluster,,,False,False,False,False,0,13.616,0.2625,1,True,,0.0,Protect,False,none,0.7672330257988151,cluster_margin,none,none,No Signal,0,No Escalation,Protect,3.5742,3.5742,0.0,0.0,0.0001418337385725864
1540,OFF-AR-10000823,Newell 307,Clustered Body,0,Stable Profit Cluster,Stable Profit Cluster,,,False,False,False,False,0,19.292,0.18490566037735848,3,False,0.2039784622946133,0.2039784622946133,Protect,False,none,0.7670849231225058,cluster_margin,none,none,No Signal,0,No Escalation,Protect,3.5672,1.1890666666666667,0.2039784622946133,0.0,0.00014155596000115558
1541,OFF-AP-10004052,"Hoover Replacement Belts For Soft Guard & Commercial Ltweight Upright Vacs, 2/Pk",Clustered Body,1,Stable Loss Cluster,Stable Loss Cluster,,,False,False,False,False,0,56.09,0.06197183098591547,5,False,5.734527092187561,5.734527092187561,Correct,False,watch,0.08673058024735966,cluster_margin,severe,none,Severe Deterioration,2,Reroute Action,Exit / Restructure,3.475999999999999,0.6951999999999998,5.734527092187561,0.2,0.0001379369020419423
1542,OFF-AR-10004707,Staples in misc. colors,Clustered Body,0,Stable Profit Cluster,Stable Profit Cluster,,,False,False,False,False,0,9.92,0.35,2,False,0.6170609435348136,0.6170609435348136,Protect,False,none,0.7792778159797473,cluster_margin,none,none,No Signal,0,No Escalation,Protect,3.472,1.736,0.6170609435348136,0.0,0.00013777817142969614
1543,OFF-BI-10001153,Ibico Recycled Grain-Textured Covers,Clustered Body,3,Risk-Oriented Profit Cluster,Risk-Oriented Profit Cluster,,,False,False,False,False,0,141.614,0.024390243902439015,4,False,18.95977629964476,18.95977629964476,Contain,False,none,0.6237661209906118,cluster_margin,severe,none,Severe Deterioration,1,Reroute Action,Reroute to Correct,3.453999999999999,0.8634999999999997,18.95977629964476,0.5,0.00013706388367458824
1544,OFF-FA-10001754,Stockwell Gold Paper Clips,Clustered Body,0,Stable Profit Cluster,Stable Profit Cluster,,,False,False,False,False,0,8.096,0.4204545454545454,2,False,0.07319402290930517,0.07319402290930517,Protect,False,none,0.7633168286317111,cluster_margin,none,none,No Signal,0,No Escalation,Protect,3.404,1.702,0.07319402290930517,0.0,0.00013507975102151085
1545,OFF-LA-10002473,Avery 484,Clustered Body,0,Stable Profit Cluster,Stable Profit Cluster,,,False,False,False,False,0,9.216,0.36250000000000004,1,True,,0.0,Protect,False,none,0.7661084190471986,cluster_margin,none,none,No Signal,0,No Escalation,Protect,3.3408,3.3408,0.0,0.0,0.000132571807348021
1546,OFF-BI-10000301,GBC Instant Report Kit,Clustered Body,3,Risk-Oriented Profit Cluster,Risk-Oriented Profit Cluster,,,False,False,False,False,0,164.985,0.019607843137254898,13,False,20.798284712997916,20.798284712997916,Contain,False,none,0.5469031214184009,cluster_margin,severe,none,Severe Deterioration,1,Reroute Action,Reroute to Correct,3.2349999999999994,0.2488461538461538,20.798284712997916,0.6153846153846154,0.00012837338265410915
1547,OFF-AR-10003986,Avery Hi-Liter Pen Style Six-Color Fluorescent Set,Clustered Body,0,Stable Profit Cluster,Stable Profit Cluster,,,False,False,False,False,0,7.7,0.41,1,True,,0.0,Protect,False,none,0.7652186231527808,cluster_margin,none,none,No Signal,0,No Escalation,Protect,3.157,3.157,0.0,0.0,0.0001252781357153084
1548,FUR-FU-10004587,"GE General Use Halogen Bulbs, 100 Watts, 1 Bulb per Pack",Clustered Body,3,Risk-Oriented Profit Cluster,Risk-Oriented Profit Cluster,,,False,False,False,False,0,163.332,0.019230769230769242,3,False,20.504144295865,20.504144295865,Contain,False,none,0.5462936238076267,cluster_margin,severe,none,Severe Deterioration,1,Reroute Action,Reroute to Correct,3.141000000000002,1.0470000000000006,20.504144295865,0.6666666666666666,0.0001246432132663237
1549,OFF-PA-10000048,Xerox 20,Clustered Body,0,Stable Profit Cluster,Stable Profit Cluster,,,False,False,False,False,0,6.48,0.4799999999999999,1,True,,0.0,Protect,False,none,0.7649924478075868,cluster_margin,none,none,No Signal,0,No Escalation,Protect,3.1104,3.1104,0.0,0.0,0.00012342892408264024
1550,OFF-AR-10001149,"Avery Hi-Liter Comfort Grip Fluorescent Highlighter, Yellow Ink",Clustered Body,0,Stable Profit Cluster,Stable Profit Cluster,,,False,False,False,False,0,7.8,0.38999999999999996,2,False,0.0,0.0,Protect,False,none,0.7584745976256696,cluster_margin,none,none,No Signal,0,No Escalation,Protect,3.042,1.521,0.0,0.0,0.00012071463061323032
1551,OFF-AR-10002221,12 Colored Short Pencils,Clustered Body,0,Stable Profit Cluster,Stable Profit Cluster,,,False,False,False,False,0,18.2,0.16571428571428573,3,False,0.7607592650433495,0.7607592650433495,Protect,False,none,0.7750042155724791,cluster_margin,none,none,No Signal,0,No Escalation,Protect,3.016,1.0053333333333334,0.7607592650433495,0.0,0.00011968288163363007
1552,OFF-AR-10004790,Staples in misc. colors,Clustered Body,0,Stable Profit Cluster,Stable Profit Cluster,,,False,False,False,False,0,47.88,0.0625,2,False,0.2418886787733988,0.2418886787733988,Protect,False,none,0.769391396823292,cluster_margin,none,none,No Signal,0,No Escalation,Protect,2.9925,1.49625,0.2418886787733988,0.0,0.00011875033928668368
1553,OFF-AR-10004974,Newell 342,Clustered Body,0,Stable Profit Cluster,Stable Profit Cluster,,,False,False,False,False,0,9.84,0.29000000000000004,1,True,,0.0,Protect,False,none,0.7637418928760651,cluster_margin,none,none,No Signal,0,No Escalation,Protect,2.8536,2.8536,0.0,0.0,0.00011323841877643461
1554,OFF-LA-10003388,Avery 5,Clustered Body,0,Stable Profit Cluster,Stable Profit Cluster,,,False,False,False,False,0,5.76,0.49000000000000005,1,True,,0.0,Protect,False,none,0.763589479452493,cluster_margin,none,none,No Signal,0,No Escalation,Protect,2.8224,2.8224,0.0,0.0,0.00011200032000091429
1555,OFF-AP-10003278,Belkin 7-Outlet SurgeMaster Home Series,Clustered Body,3,Risk-Oriented Profit Cluster,Risk-Oriented Profit Cluster,,,False,False,False,False,0,106.172,0.026315789473684216,5,False,11.762740474482252,11.762740474482252,Contain,False,none,0.7265121652896147,cluster_margin,severe,none,Severe Deterioration,1,Reroute Action,Reroute to Correct,2.7940000000000005,0.5588000000000001,11.762740474482252,0.2,0.00011087333265396634
1556,OFF-AR-10003477,4009 Highlighters,Clustered Body,0,Stable Profit Cluster,Stable Profit Cluster,,,False,False,False,False,0,8.04,0.34,1,True,,0.0,Protect,False,none,0.7631551263759231,cluster_margin,none,none,No Signal,0,No Escalation,Protect,2.7336,2.7336,0.0,0.0,0.00010847650040904879
1557,OFF-PA-10003919,Xerox 1989,Clustered Body,0,Stable Profit Cluster,Stable Profit Cluster,,,False,False,False,False,0,7.968,0.3375,1,True,,0.0,Protect,False,none,0.7629376395443606,cluster_margin,none,none,No Signal,0,No Escalation,Protect,2.6892,2.6892,0.0,0.0,0.00010671459061311604
1558,OFF-ST-10004835,Plastic Stacking Crates & Casters,Clustered Body,0,Stable Profit Cluster,Stable Profit Cluster,,,False,False,False,False,0,35.712,0.07499999999999998,4,False,0.29619070041455253,0.29619070041455253,Protect,False,none,0.7672328509954323,cluster_margin,none,none,No Signal,0,No Escalation,Protect,2.6784,0.6696,0.29619070041455253,0.0,0.00010628601796005131
1559,OFF-ST-10000617,Woodgrain Magazine Files by Perma,Clustered Body,1,Stable Loss Cluster,Stable Loss Cluster,,,False,False,False,False,0,69.136,0.03793103448275862,6,False,1.4123593293796286,1.4123593293796286,Correct,False,none,0.14197765131761605,cluster_margin,none,none,No Signal,0,No Escalation,Correct,2.6224,0.43706666666666666,1.4123593293796286,0.3333333333333333,0.0001040637893886046
1560,TEC-PH-10001795,RCA H5401RE1 DECT 6.0 4-Line Cordless Handset With Caller ID/Call Waiting,Clustered Body,0,Stable Profit Cluster,Stable Profit Cluster,,,False,False,False,False,0,239.97,0.01,1,True,,0.0,Protect,False,none,0.7615145399352805,cluster_margin,none,none,No Signal,0,No Escalation,Protect,2.3997,2.3997,0.0,0.0,9.522646255179778e-05
1561,OFF-EN-10001535,Grip Seal Envelopes,Clustered Body,0,Stable Profit Cluster,Stable Profit Cluster,,,False,False,False,False,0,7.072,0.3375,1,True,,0.0,Protect,False,none,0.7614509258322317,cluster_margin,none,none,No Signal,0,No Escalation,Protect,2.3868,2.3868,0.0,0.0,9.471455632730379e-05
1562,OFF-BI-10003094,Self-Adhesive Ring Binder Labels,Clustered Body,1,Stable Loss Cluster,Stable Loss Cluster,,,False,False,False,False,0,22.88,0.10307692307692311,4,False,4.0698026219302665,4.0698026219302665,Correct,False,none,0.7247635588904713,cluster_margin,severe,none,Severe Deterioration,1,Reroute Action,Exit / Restructure,2.3584000000000005,0.5896000000000001,4.0698026219302665,0.5,9.358756898035584e-05
1563,OFF-AR-10000369,Design Ebony Sketching Pencil,Clustered Body,0,Stable Profit Cluster,Stable Profit Cluster,,,False,False,False,False,0,13.622,0.16938775510204082,3,False,0.28817194850563355,0.28817194850563355,Protect,False,none,0.7670814756325968,cluster_margin,none,none,No Signal,0,No Escalation,Protect,2.3074,0.7691333333333333,0.28817194850563355,0.0,9.156375367421684e-05
1564,TEC-PH-10003655,Sannysis Cute Owl Design Soft Skin Case Cover for Samsung Galaxy S4,Clustered Body,0,Stable Profit Cluster,Stable Profit Cluster,,,False,False,False,False,0,13.86,0.1657142857142857,2,False,0.4594559649378787,0.4594559649378787,Protect,False,none,0.7733390786321261,cluster_margin,none,none,No Signal,0,No Escalation,Protect,2.2967999999999997,1.1483999999999999,0.4594559649378787,0.0,9.114311755176443e-05
1565,OFF-SU-10001212,Kleencut Forged Office Shears by Acme United Corporation,Clustered Body,0,Stable Profit Cluster,Stable Profit Cluster,,,False,False,False,False,0,9.568,0.23913043478260873,2,False,0.7367966337044608,0.7367966337044608,Protect,False,none,0.7751327606486178,cluster_margin,none,none,No Signal,0,No Escalation,Protect,2.2880000000000003,1.1440000000000001,0.7367966337044608,0.0,9.079391020482282e-05
1566,OFF-AR-10004272,Newell 308,Clustered Body,0,Stable Profit Cluster,Stable Profit Cluster,,,False,False,False,False,0,8.4,0.25,2,False,0.22786632961732017,0.22786632961732017,Protect,False,none,0.7660320345165276,cluster_margin,none,none,No Signal,0,No Escalation,Protect,2.1,1.05,0.22786632961732017,0.0,8.33335714292517e-05
1567,FUR-FU-10002506,"Tensor ""Hersey Kiss"" Styled Floor Lamp",Clustered Body,1,Stable Loss Cluster,Stable Loss Cluster,,,False,False,False,False,0,93.52799999999999,0.022222222222222227,3,False,4.7348964573549415,4.7348964573549415,Correct,False,none,0.38424239434366714,cluster_margin,severe,none,Severe Deterioration,1,Reroute Action,Exit / Restructure,2.0784000000000002,0.6928000000000001,4.7348964573549415,0.3333333333333333,8.247642612312226e-05
1568,TEC-AC-10002217,Imation Clip USB flash drive - 8 GB,Clustered Body,3,Risk-Oriented Profit Cluster,Risk-Oriented Profit Cluster,,,False,False,False,False,0,443.68,0.004237288135593218,7,False,12.167567473381125,12.167567473381125,Contain,False,none,0.9132918187406818,cluster_margin,severe,none,Severe Deterioration,1,Reroute Action,Reroute to Correct,1.879999999999999,0.2685714285714284,12.167567473381125,0.42857142857142855,7.460338775571101e-05
1569,OFF-BI-10004716,Wilson Jones Hanging Recycled Pressboard Data Binders,Clustered Body,3,Risk-Oriented Profit Cluster,Risk-Oriented Profit Cluster,,,False,False,False,False,0,32.647999999999996,0.05454545454545453,2,False,9.174780490440769,9.174780490440769,Contain,False,none,0.3895418930666523,cluster_margin,severe,none,Severe Deterioration,1,Reroute Action,Reroute to Correct,1.7807999999999993,0.8903999999999996,9.174780490440769,0.5,7.066686857200542e-05
1570,OFF-AP-10001626,"Commercial WindTunnel Clean Air Upright Vacuum, Replacement Belts, Filtration Bags",Clustered Body,3,Risk-Oriented Profit Cluster,Risk-Oriented Profit Cluster,,,False,False,False,False,0,50.57,0.03230769230769232,7,False,8.034634840305184,8.034634840305184,Contain,False,none,0.14892862361879558,cluster_margin,severe,none,Severe Deterioration,1,Reroute Action,Reroute to Correct,1.6338000000000008,0.2334000000000001,8.034634840305184,0.2857142857142857,6.483351857195786e-05
1571,OFF-AP-10000804,Hoover Portapower Portable Vacuum,Clustered Body,3,Risk-Oriented Profit Cluster,Risk-Oriented Profit Cluster,,,False,False,False,False,0,61.824000000000005,0.021739130434782598,4,False,9.865351531800092,9.865351531800092,Contain,False,none,0.5389705760133083,cluster_margin,severe,none,Severe Deterioration,1,Reroute Action,Reroute to Correct,1.3439999999999994,0.33599999999999985,9.865351531800092,0.25,5.333348571472107e-05
1572,OFF-AP-10003914,"Sanitaire Vibra Groomer IR Commercial Upright Vacuum, Replacement Belts",Clustered Body,0,Stable Profit Cluster,Stable Profit Cluster,,,False,False,False,False,0,13.0,0.1,1,True,,0.0,Protect,False,none,0.756031654817026,cluster_margin,none,none,No Signal,0,No Escalation,Protect,1.3,1.3,0.0,0.0,5.158744898001296e-05
1573,TEC-AC-10000387,KeyTronic KT800P2 - Keyboard - Black,Clustered Body,1,Stable Loss Cluster,Stable Loss Cluster,,,False,False,False,False,0,75.1,0.015999999999999997,3,False,3.058994162689923,3.058994162689923,Correct,False,none,0.7875840419553772,cluster_margin,severe,none,Severe Deterioration,1,Reroute Action,Exit / Restructure,1.2015999999999998,0.40053333333333324,3.058994162689923,0.6666666666666666,4.768267591875658e-05
1574,OFF-BI-10004364,Storex Dura Pro Binders,Clustered Body,3,Risk-Oriented Profit Cluster,Risk-Oriented Profit Cluster,,,False,False,False,False,0,125.334,0.00947867298578198,12,False,22.439346504235782,22.439346504235782,Contain,False,none,0.5070241129406141,cluster_margin,severe,none,Severe Deterioration,1,Reroute Action,Reroute to Correct,1.1879999999999988,0.09899999999999991,22.439346504235782,0.5833333333333334,4.714299183711949e-05
1575,OFF-AR-10003958,Newell 337,Clustered Body,0,Stable Profit Cluster,Stable Profit Cluster,,,False,False,False,False,0,10.496,0.1125,2,False,0.0,0.0,Protect,False,none,0.7529457451338347,cluster_margin,none,none,No Signal,0,No Escalation,Protect,1.1808,0.5904,0.0,0.0,4.685727673507639e-05
1576,OFF-BI-10003350,Acco Expandable Hanging Binders,Clustered Body,3,Risk-Oriented Profit Cluster,Risk-Oriented Profit Cluster,,,False,False,False,False,0,38.918,0.026229508196721322,4,False,12.807560047656201,12.807560047656201,Contain,False,none,0.9065961375595016,cluster_margin,severe,none,Severe Deterioration,1,Reroute Action,Reroute to Correct,1.0208000000000004,0.2552000000000001,12.807560047656201,0.5,4.050805224522865e-05
1577,TEC-AC-10002134,Rosewill 107 Normal Keys USB Wired Standard Keyboard,Clustered Body,3,Risk-Oriented Profit Cluster,Risk-Oriented Profit Cluster,,,False,False,False,False,0,105.14399999999999,0.00769230769230769,3,False,8.67301678457014,8.67301678457014,Contain,False,none,0.31004706203890026,cluster_margin,severe,none,Severe Deterioration,1,Reroute Action,Reroute to Correct,0.8087999999999997,0.2695999999999999,8.67301678457014,0.3333333333333333,3.209532979618036e-05
1578,FUR-FU-10002240,Nu-Dell EZ-Mount Plastic Wall Frames,Clustered Body,3,Risk-Oriented Profit Cluster,Risk-Oriented Profit Cluster,,,False,False,False,False,0,19.7,0.039999999999999994,2,False,9.468445557512633,9.468445557512633,Contain,False,none,0.4581017404519129,cluster_margin,severe,none,Severe Deterioration,1,Reroute Action,Reroute to Correct,0.7879999999999998,0.3939999999999999,9.468445557512633,0.5,3.1269930612500155e-05
1579,OFF-FA-10002701,Alliance Rubber Bands,Clustered Body,0,Stable Profit Cluster,Stable Profit Cluster,,,False,False,False,False,0,13.440000000000001,0.04,2,False,0.1820146159054545,0.1820146159054545,Protect,False,none,0.7593035284563838,cluster_margin,none,none,No Signal,0,No Escalation,Protect,0.5376000000000001,0.26880000000000004,0.1820146159054545,0.0,2.1333394285888438e-05
1580,OFF-AP-10002906,Hoover Replacement Belt for Commercial Guardsman Heavy-Duty Upright Vacuum,Clustered Body,0,Stable Profit Cluster,Stable Profit Cluster,,,False,False,False,False,0,9.768,0.04545454545454545,4,False,2.2526320486047817,2.2526320486047817,Protect,False,none,0.13795524478988327,cluster_margin,severe,none,Severe Deterioration,1,Reroute Action,Reroute to Contain / Correct,0.44399999999999995,0.11099999999999999,2.2526320486047817,0.25,1.76190979593275e-05
1581,TEC-AC-10002380,Sony 8GB Class 10 Micro SDHC R40 Memory Card,Clustered Body,0,Stable Profit Cluster,Stable Profit Cluster,,,False,False,False,False,0,27.192,0.012499999999999999,1,True,,0.0,Protect,False,none,0.7511499104858572,cluster_margin,none,none,No Signal,0,No Escalation,Protect,0.3399,0.3399,0.0,0.0,1.348813377562031e-05
1582,OFF-FA-10003472,Bagged Rubber Bands,Clustered Body,0,Stable Profit Cluster,Stable Profit Cluster,,,False,False,False,False,0,25.704,0.011764705882352941,5,False,1.2146826731438065,1.2146826731438065,Protect,False,none,0.4691119747202333,cluster_margin,moderate,none,Moderate Deterioration,1,Intensify Action,Protect (Tight Control),0.3024,0.06048,1.2146826731438065,0.2,1.2000034285812245e-05
1583,OFF-SU-10003002,Letter Slitter,Clustered Body,0,Stable Profit Cluster,Stable Profit Cluster,,,False,False,False,False,0,10.08,0.03,2,False,0.0,0.0,Protect,False,none,0.7503118031919461,cluster_margin,none,none,No Signal,0,No Escalation,Protect,0.3024,0.1512,0.0,0.0,1.2000034285812245e-05
1584,FUR-CH-10002024,HON 5400 Series Task Chairs for Big and Tall,Extreme Tail,Unclustered,Extreme Volatility Tail,,Extreme Volatility Tail,cv_above_body_p95,False,False,True,False,1,21870.576,5.198163858218276e-18,8,False,1640.3588128890037,22.66768706900737,Contain,False,none,16.021137452302877,excess_over_cv_p95,severe,none,Severe Deterioration,1,Reroute Action,Reroute to Correct,1.1368683772161603e-13,1.4210854715202004e-14,22.66768706900737,0.375,4.511395338971446e-18
1585,OFF-SU-10003505,Premier Electric Letter Opener,Extreme Tail,Unclustered,Extreme Volatility Tail,,Extreme Volatility Tail,cv_above_body_p95,False,False,True,False,1,2641.6079999999997,0.0,8,False,117.87607765622528,22.66768706900737,Contain,False,none,16.021137452302877,excess_over_cv_p95,severe,none,Severe Deterioration,1,Reroute Action,Reroute to Correct,0.0,0.0,22.66768706900737,0.375,0.0
1586,OFF-BI-10002931,"Avery Trapezoid Extra Heavy Duty 4"" Binders",Extreme Tail,Unclustered,Extreme Volatility Tail,,Extreme Volatility Tail,cv_above_body_p95,False,False,True,False,1,314.54999999999995,0.0,4,False,201.85983955728977,22.66768706900737,Contain,False,none,16.021137452302877,excess_over_cv_p95,severe,none,Severe Deterioration,1,Reroute Action,Reroute to Correct,0.0,0.0,22.66768706900737,0.5,0.0
1587,OFF-FA-10003467,"Alliance Big Bands Rubber Bands, 12/Pack",Clustered Body,0,Stable Profit Cluster,Stable Profit Cluster,,,False,False,False,False,0,29.7,0.0,4,False,0.0,0.0,Protect,False,none,0.7494015319205067,cluster_margin,severe,none,Severe Deterioration,1,Reroute Action,Reroute to Contain / Correct,0.0,0.0,0.0,0.0,0.0
1588,OFF-ST-10003324,Belkin OmniView SE Rackmount Kit,Clustered Body,0,Stable Profit Cluster,Stable Profit Cluster,,,False,False,False,False,0,248.35999999999999,0.0,2,False,0.0,0.0,Protect,False,none,0.7494015319205067,cluster_margin,severe,none,Severe Deterioration,1,Reroute Action,Reroute to Contain / Correct,0.0,0.0,0.0,0.0,0.0
1589,FUR-CH-10004289,Global Super Steno Chair,Extreme Tail,Unclustered,Extreme Volatility Tail,,Extreme Volatility Tail,cv_above_body_p95,False,False,True,False,1,2389.902,-1.1149140253869722e-18,7,False,205.28102711619223,22.66768706900737,Contain,False,none,16.021137452302877,excess_over_cv_p95,severe,none,Severe Deterioration,1,Reroute Action,Reroute to Correct,-2.6645352591003757e-15,-3.806478941571965e-16,22.66768706900737,0.5714285714285714,-1.0573582825714326e-19
1590,OFF-BI-10001132,"Acco PRESSTEX Data Binder with Storage Hooks, Dark Blue, 9 1/2"" X 11""",Extreme Tail,Unclustered,Extreme Volatility Tail,,Extreme Volatility Tail,cv_above_body_p95,False,False,True,False,1,62.946000000000005,-0.0025641025641025142,4,False,50.30206738412629,22.66768706900737,Contain,False,none,16.021137452302877,excess_over_cv_p95,severe,none,Severe Deterioration,1,Reroute Action,Reroute to Correct,-0.16139999999999688,-0.04034999999999922,22.66768706900737,0.75,-6.404780204133793e-06
1591,OFF-FA-10004968,Rubber Band Ball,Clustered Body,0,Stable Profit Cluster,Stable Profit Cluster,,,False,False,False,False,0,58.344,-0.005128205128205129,4,False,2.6124269841762398,2.6124269841762398,Protect,False,watch,0.07255143391296895,cluster_margin,severe,none,Severe Deterioration,2,Reroute Action,Reroute to Contain / Correct,-0.2992000000000001,-0.07480000000000002,2.6124269841762398,0.25,-1.1873049796015293e-05
1592,OFF-FA-10001135,"Brites Rubber Bands, 1 1/2 oz. Box",Clustered Body,1,Stable Loss Cluster,Stable Loss Cluster,,,False,False,False,False,0,13.068000000000001,-0.039393939393939384,3,False,1.103974391571495,1.103974391571495,Correct,False,watch,0.09507403771955492,cluster_margin,none,none,Classification Instability Watch,1,Intensify Action,Correct — Accelerated,-0.5147999999999999,-0.17159999999999997,1.103974391571495,0.3333333333333333,-2.0428629796085127e-05
1593,OFF-ST-10004963,Eldon Gobal File Keepers,Clustered Body,3,Risk-Oriented Profit Cluster,Risk-Oriented Profit Cluster,,,False,False,False,False,0,348.22,-0.001739130434782608,6,False,14.15523628919197,14.15523628919197,Contain,False,none,0.8700673873910403,cluster_margin,severe,none,Severe Deterioration,1,Reroute Action,Reroute to Correct,-0.6055999999999998,-0.1009333333333333,14.15523628919197,0.3333333333333333,-2.4031814694073723e-05
1594,OFF-BI-10002571,"Avery Framed View Binder, EZD Ring (Locking), Navy, 1 1/2""",Extreme Tail,Unclustered,Extreme Volatility Tail,,Extreme Volatility Tail,cv_above_body_p95,False,False,True,False,1,99.8,-0.006999999999999991,6,False,31.18443877902959,22.66768706900737,Contain,False,none,16.021137452302877,excess_over_cv_p95,severe,none,Severe Deterioration,1,Reroute Action,Reroute to Correct,-0.698599999999999,-0.11643333333333317,22.66768706900737,0.5,-2.7722301428797693e-05
1595,OFF-BI-10004967,Round Ring Binders,Clustered Body,1,Stable Loss Cluster,Stable Loss Cluster,,,False,False,False,False,0,29.952,-0.03055555555555557,6,False,7.269227402405165,7.269227402405165,Correct,False,none,0.21554007875589615,cluster_margin,severe,none,Severe Deterioration,1,Reroute Action,Exit / Restructure,-0.9152000000000005,-0.1525333333333334,7.269227402405165,0.5,-3.631756408192914e-05
1596,FUR-FU-10001379,"Executive Impressions 16-1/2"" Circular Wall Clock",Clustered Body,3,Risk-Oriented Profit Cluster,Risk-Oriented Profit Cluster,,,False,False,False,False,0,58.784,-0.018181818181818174,2,False,22.066442451127525,22.066442451127525,Contain,False,none,0.5237792744014678,cluster_margin,severe,none,Severe Deterioration,1,Reroute Action,Reroute to Correct,-1.0687999999999995,-0.5343999999999998,22.066442451127525,0.5,-4.2412819592182946e-05
1597,TEC-AC-10004127,SanDisk Cruzer 8 GB USB Flash Drive,Clustered Body,1,Stable Loss Cluster,Stable Loss Cluster,,,False,False,False,False,0,27.168,-0.05,1,True,,0.0,Correct,False,none,0.4657530081210828,cluster_margin,severe,none,Severe Deterioration,1,Reroute Action,Exit / Restructure,-1.3584,-1.3584,0.0,1.0,-5.390491591880739e-05
1598,OFF-SU-10003936,Acme Serrated Blade Letter Opener,Clustered Body,1,Stable Loss Cluster,Stable Loss Cluster,,,False,False,False,False,0,13.992,-0.12499999999999999,2,False,1.176307287192183,1.176307287192183,Correct,False,none,0.6048740799268418,cluster_margin,moderate,none,Moderate Deterioration,1,Intensify Action,Correct — Accelerated,-1.7489999999999999,-0.8744999999999999,1.176307287192183,0.5,-6.94049602046482e-05
1599,FUR-FU-10002030,"Executive Impressions 14"" Contract Wall Clock with Quartz Movement",Clustered Body,3,Risk-Oriented Profit Cluster,Risk-Oriented Profit Cluster,,,False,False,False,False,0,97.812,-0.01818181818181816,2,False,20.91224858859378,20.91224858859378,Contain,False,none,0.5569248739667813,cluster_margin,severe,none,Severe Deterioration,1,Reroute Action,Reroute to Correct,-1.7783999999999978,-0.8891999999999989,20.91224858859378,0.5,-7.057163020465764e-05
1600,TEC-MA-10003493,Penpower WorldCard Pro Card Scanner,Clustered Body,1,Stable Loss Cluster,Stable Loss Cluster,,,False,False,False,False,0,91.475,-0.02,1,True,,0.0,Correct,False,none,0.4661859919563575,cluster_margin,severe,none,Severe Deterioration,1,Reroute Action,Exit / Restructure,-1.8295,-1.8295,0.0,1.0,-7.259941377610285e-05
1601,OFF-BI-10000848,Angle-D Ring Binders,Clustered Body,1,Stable Loss Cluster,Stable Loss Cluster,,,False,False,False,False,0,39.384,-0.04999999999999998,6,False,6.284603308637326,6.284603308637326,Correct,False,none,0.4862302349338355,cluster_margin,severe,none,Severe Deterioration,1,Reroute Action,Exit / Restructure,-1.9691999999999992,-0.3281999999999999,6.284603308637326,0.6666666666666666,-7.814308040880113e-05
1602,OFF-BI-10000831,Storex Flexible Poly Binders with Double Pockets,Clustered Body,1,Stable Loss Cluster,Stable Loss Cluster,,,False,False,False,False,0,10.824,-0.1853658536585366,3,False,2.9293526112321207,2.9293526112321207,Correct,False,none,0.7929026189611732,cluster_margin,severe,none,Severe Deterioration,1,Reroute Action,Exit / Restructure,-2.0064,-0.6688000000000001,2.9293526112321207,0.6666666666666666,-7.961927510269077e-05
1603,OFF-BI-10003784,Computer Printout Index Tabs,Clustered Body,1,Stable Loss Cluster,Stable Loss Cluster,,,False,False,False,False,0,11.088000000000001,-0.1818181818181818,4,False,3.104805436485207,3.104805436485207,Correct,False,none,0.7901048734330504,cluster_margin,severe,none,Severe Deterioration,1,Reroute Action,Exit / Restructure,-2.016,-0.504,3.104805436485207,0.5,-8.000022857208164e-05
1604,TEC-AC-10000199,Kingston Digital DataTraveler 8GB USB 2.0,Clustered Body,1,Stable Loss Cluster,Stable Loss Cluster,,,False,False,False,False,0,44.03,-0.045945945945945935,3,False,1.4071808102988375,1.4071808102988375,Correct,False,none,0.698198160502582,cluster_margin,severe,none,Severe Deterioration,1,Reroute Action,Exit / Restructure,-2.0229999999999997,-0.6743333333333332,1.4071808102988375,0.6666666666666666,-8.027800714351246e-05
1605,TEC-PH-10004875,PNY Rapid USB Car Charger - Black,Clustered Body,1,Stable Loss Cluster,Stable Loss Cluster,,,False,False,False,False,0,9.588,-0.21666666666666667,1,True,,0.0,Correct,False,none,0.4664114775341328,cluster_margin,severe,none,Severe Deterioration,1,Reroute Action,Exit / Restructure,-2.0774,-2.0774,0.0,1.0,-8.243674347006071e-05
1606,OFF-BI-10002982,Avery Self-Adhesive Photo Pockets for Polaroid Photos,Clustered Body,3,Risk-Oriented Profit Cluster,Risk-Oriented Profit Cluster,,,False,False,False,False,0,143.01,-0.015238095238095226,11,False,17.392486568641957,17.392486568641957,Contain,False,none,0.6536813495232453,cluster_margin,severe,none,Severe Deterioration,1,Reroute Action,Reroute to Correct,-2.179199999999998,-0.19810909090909073,17.392486568641957,0.6363636363636364,-8.647643755172626e-05
1607,OFF-BI-10000309,"GBC Twin Loop Wire Binding Elements, 9/16"" Spine, Black",Extreme Tail,Unclustered,Extreme Volatility Tail,,Extreme Volatility Tail,cv_above_body_p95,False,False,True,False,1,269.394,-0.008474576271186446,9,False,46.91718411930735,22.66768706900737,Contain,False,none,16.021137452302877,excess_over_cv_p95,severe,none,Severe Deterioration,1,Reroute Action,Reroute to Correct,-2.2830000000000013,-0.2536666666666668,22.66768706900737,0.4444444444444444,-9.059549693951511e-05
1608,OFF-AP-10001634,Hoover Commercial Lightweight Upright Vacuum,Clustered Body,1,Stable Loss Cluster,Stable Loss Cluster,,,False,False,False,False,0,18.096,-0.13846153846153847,2,False,2.352688885848305,2.352688885848305,Correct,False,none,0.7655537688466205,cluster_margin,moderate,none,Moderate Deterioration,1,Intensify Action,Correct — Accelerated,-2.5056000000000003,-1.2528000000000001,2.352688885848305,0.5,-9.942885551101576e-05
1609,OFF-FA-10004838,"Super Bands, 12/Pack",Clustered Body,1,Stable Loss Cluster,Stable Loss Cluster,,,False,False,False,False,0,33.480000000000004,-0.07777777777777777,4,False,1.3214666878086396,1.3214666878086396,Correct,False,none,0.6277626837704536,cluster_margin,moderate,none,Moderate Deterioration,1,Intensify Action,Correct — Accelerated,-2.604,-0.651,1.3214666878086396,0.5,-0.00010333362857227212
1610,FUR-FU-10004415,"Stacking Tray, Side-Loading, Legal, Smoke",Clustered Body,1,Stable Loss Cluster,Stable Loss Cluster,,,False,False,False,False,0,46.592000000000006,-0.06153846153846154,4,False,5.813106095448124,5.813106095448124,Correct,False,none,0.202070944530639,cluster_margin,severe,none,Severe Deterioration,1,Reroute Action,Exit / Restructure,-2.8672000000000004,-0.7168000000000001,5.813106095448124,0.25,-0.00011377810285807168
1611,OFF-BI-10004094,GBC Standard Plastic Binding Systems Combs,Clustered Body,3,Risk-Oriented Profit Cluster,Risk-Oriented Profit Cluster,,,False,False,False,False,0,55.754999999999995,-0.052380952380952396,5,False,12.17222752650772,12.17222752650772,Contain,False,none,0.7676744620423023,cluster_margin,severe,none,Severe Deterioration,1,Reroute Action,Reroute to Correct,-2.9205000000000005,-0.5841000000000001,12.17222752650772,0.6,-0.00011589318826625221
1612,OFF-BI-10004209,"Fellowes Twister Kit, Gray/Clear, 3/pkg",Extreme Tail,Unclustered,Extreme Volatility Tail,,Extreme Volatility Tail,cv_above_body_p95,False,False,True,False,1,182.508,-0.017621145374449348,10,False,23.87551022697257,22.66768706900737,Contain,False,none,16.021137452302877,excess_over_cv_p95,severe,none,Severe Deterioration,1,Reroute Action,Reroute to Correct,-3.216000000000002,-0.3216000000000002,22.66768706900737,0.5,-0.00012761941224593982
1613,OFF-ST-10000736,Carina Double Wide Media Storage Towers in Natural & Black,Extreme Tail,Unclustered,Extreme Volatility Tail,,Extreme Volatility Tail,cv_above_body_p95,False,False,True,False,1,3028.652,-0.0010695187165775384,12,False,42.681335319769794,22.66768706900737,Contain,False,none,16.021137452302877,excess_over_cv_p95,severe,none,Severe Deterioration,1,Reroute Action,Reroute to Correct,-3.239199999999995,-0.2699333333333329,22.66768706900737,0.3333333333333333,-0.00012854004979696748
1614,OFF-FA-10004395,Plymouth Boxed Rubber Bands by Plymouth,Clustered Body,1,Stable Loss Cluster,Stable Loss Cluster,,,False,False,False,False,0,77.244,-0.04268292682926829,5,False,2.252301042291335,2.252301042291335,Correct,False,none,0.5291100981306375,cluster_margin,moderate,none,Moderate Deterioration,1,Intensify Action,Correct — Accelerated,-3.2969999999999997,-0.6594,2.252301042291335,0.4,-0.00013083370714392516
1615,OFF-SU-10002189,Acme Rosewood Handle Letter Opener,Clustered Body,1,Stable Loss Cluster,Stable Loss Cluster,,,False,False,False,False,0,43.67,-0.08,3,False,1.5923874976175239,1.5923874976175239,Correct,False,none,0.19040082344735787,cluster_margin,moderate,none,Moderate Deterioration,1,Intensify Action,Correct — Accelerated,-3.4936000000000003,-1.1645333333333334,1.5923874976175239,0.3333333333333333,-0.0001386353167358256
1616,OFF-AP-10000124,Acco 6 Outlet Guardian Basic Surge Suppressor,Clustered Body,1,Stable Loss Cluster,Stable Loss Cluster,,,False,False,False,False,0,38.272,-0.09565217391304348,2,False,7.566618508473237,7.566618508473237,Correct,False,none,0.12430328304254343,cluster_margin,severe,none,Severe Deterioration,1,Reroute Action,Exit / Restructure,-3.6608,-1.8304,7.566618508473237,0.5,-0.00014527025632771648
1617,OFF-FA-10000254,Sterling Rubber Bands by Alliance,Clustered Body,1,Stable Loss Cluster,Stable Loss Cluster,,,False,False,False,False,0,19.782,-0.19047619047619047,2,False,1.2465923888347301,1.2465923888347301,Correct,False,none,0.6213276527448179,cluster_margin,moderate,none,Moderate Deterioration,1,Intensify Action,Correct — Accelerated,-3.768,-1.884,1.2465923888347301,0.5,-0.00014952423673591448
1618,OFF-SU-10001935,Staple remover,Clustered Body,1,Stable Loss Cluster,Stable Loss Cluster,,,False,False,False,False,0,29.648,-0.12941176470588237,6,False,0.8965865228829797,0.8965865228829797,Correct,False,none,0.6433738944580192,cluster_margin,severe,none,Severe Deterioration,1,Reroute Action,Exit / Restructure,-3.8368,-0.6394666666666667,0.8965865228829797,0.6666666666666666,-0.00015225440326654903
1619,OFF-BI-10000216,"Mead 1st Gear 2"" Zipper Binder, Asst. Colors",Clustered Body,1,Stable Loss Cluster,Stable Loss Cluster,,,False,False,False,False,0,54.474000000000004,-0.07142857142857142,3,False,7.245138170755502,7.245138170755502,Correct,False,none,0.27638411632979665,cluster_margin,severe,none,Severe Deterioration,1,Reroute Action,Exit / Restructure,-3.891,-1.297,7.245138170755502,0.6666666666666666,-0.00015440520306248494
1620,OFF-SU-10002301,Serrated Blade or Curved Handle Hand Letter Openers,Clustered Body,1,Stable Loss Cluster,Stable Loss Cluster,,,False,False,False,False,0,23.864,-0.17236842105263156,2,False,1.2975704400292996,1.2975704400292996,Correct,False,none,0.6303678715755626,cluster_margin,moderate,none,Moderate Deterioration,1,Intensify Action,Correct — Accelerated,-4.1133999999999995,-2.0566999999999998,1.2975704400292996,0.5,-0.0001632306251033733
1621,OFF-BI-10002071,Fellowes Black Plastic Comb Bindings,Clustered Body,3,Risk-Oriented Profit Cluster,Risk-Oriented Profit Cluster,,,False,False,False,False,0,102.256,-0.043181818181818196,9,False,10.299792955693714,10.299792955693714,Contain,False,none,0.6442958413385153,cluster_margin,severe,none,Severe Deterioration,1,Reroute Action,Reroute to Correct,-4.415600000000001,-0.49062222222222235,10.299792955693714,0.4444444444444444,-0.0001752227228585733
1622,OFF-AP-10002203,Eureka Disposable Bags for Sanitaire Vibra Groomer I Upright Vac,Clustered Body,1,Stable Loss Cluster,Stable Loss Cluster,,,False,False,False,False,0,1.624,-2.75,1,True,,0.0,Correct,False,none,0.46850035491437425,cluster_margin,severe,none,Severe Deterioration,1,Reroute Action,Exit / Restructure,-4.466,-4.466,0.0,1.0,-0.0001772227285728753
1623,OFF-BI-10004141,Insertable Tab Indexes For Data Binders,Clustered Body,1,Stable Loss Cluster,Stable Loss Cluster,,,False,False,False,False,0,17.49,-0.27636363636363637,5,False,2.5047449615885022,2.5047449615885022,Correct,False,none,0.6740917096096761,cluster_margin,severe,none,Severe Deterioration,1,Reroute Action,Exit / Restructure,-4.8336,-0.9667199999999999,2.5047449615885022,0.8,-0.00019181007183830047
1624,FUR-FU-10002505,Eldon 100 Class Desk Accessories,Clustered Body,1,Stable Loss Cluster,Stable Loss Cluster,,,False,False,False,False,0,36.396,-0.13333333333333333,4,False,3.840796419951887,3.840796419951887,Correct,False,none,0.7562986975121968,cluster_margin,severe,none,Severe Deterioration,1,Reroute Action,Exit / Restructure,-4.8528,-1.2132,3.840796419951887,0.5,-0.00019257197877708222
1625,OFF-ST-10000419,"Rogers Jumbo File, Granite",Clustered Body,0,Stable Profit Cluster,Stable Profit Cluster,,,False,False,False,False,0,317.77200000000005,-0.015384615384615382,7,False,3.264636473749742,3.264636473749742,Protect,False,none,0.33234295442767015,cluster_margin,severe,none,Severe Deterioration,1,Reroute Action,Reroute to Contain / Correct,-4.8888,-0.6984,3.264636473749742,0.14285714285714285,-0.00019400055428729794
1626,OFF-BI-10004022,Acco Suede Grain Vinyl Round Ring Binder,Clustered Body,1,Stable Loss Cluster,Stable Loss Cluster,,,False,False,False,False,0,38.641999999999996,-0.12661870503597125,8,False,3.685880504499099,3.685880504499099,Correct,False,none,0.8015049788504788,cluster_margin,severe,none,Severe Deterioration,1,Reroute Action,Exit / Restructure,-4.8928,-0.6116,3.685880504499099,0.625,-0.00019415928489954418
1627,OFF-BI-10000201,"Avery Triangle Shaped Sheet Lifters, Black, 2/Pack",Clustered Body,1,Stable Loss Cluster,Stable Loss Cluster,,,False,False,False,False,0,25.830000000000002,-0.19047619047619044,6,False,3.354899051273075,3.354899051273075,Correct,False,none,0.6555421361404512,cluster_margin,severe,none,Severe Deterioration,1,Reroute Action,Exit / Restructure,-4.919999999999999,-0.8199999999999998,3.354899051273075,0.8333333333333334,-0.00019523865306281824
1628,OFF-BI-10002049,UniKeep View Case Binders,Clustered Body,1,Stable Loss Cluster,Stable Loss Cluster,,,False,False,False,False,0,28.851,-0.18983050847457628,5,False,3.768121792750528,3.768121792750528,Correct,False,none,0.8068207799753049,cluster_margin,severe,none,Severe Deterioration,1,Reroute Action,Exit / Restructure,-5.4768,-1.09536,3.768121792750528,0.6,-0.00021733395428748844
1629,OFF-FA-10000053,Revere Boxed Rubber Bands by Revere,Clustered Body,1,Stable Loss Cluster,Stable Loss Cluster,,,False,False,False,False,0,48.006,-0.11889763779527561,6,False,1.038527887030728,1.038527887030728,Correct,False,none,0.5854786459948906,cluster_margin,moderate,none,Moderate Deterioration,1,Intensify Action,Correct — Accelerated,-5.707800000000001,-0.9513000000000001,1.038527887030728,0.5,-0.00022650064714470615
1630,OFF-BI-10000494,Acco Economy Flexible Poly Round Ring Binder,Clustered Body,1,Stable Loss Cluster,Stable Loss Cluster,,,False,False,False,False,0,11.484,-0.5,4,False,1.1036715766701322,1.1036715766701322,Correct,False,none,0.6354046782189158,cluster_margin,severe,none,Severe Deterioration,1,Reroute Action,Exit / Restructure,-5.742,-1.4355,1.1036715766701322,0.75,-0.00022785779387941109
1631,FUR-FU-10001967,Telescoping Adjustable Floor Lamp,Clustered Body,1,Stable Loss Cluster,Stable Loss Cluster,,,False,False,False,False,0,143.928,-0.04166666666666667,6,False,6.655727620597557,6.655727620597557,Correct,False,none,0.27879852166275243,cluster_margin,severe,none,Severe Deterioration,1,Reroute Action,Exit / Restructure,-5.997000000000001,-0.9995000000000002,6.655727620597557,0.3333333333333333,-0.00023797687041010596
1632,OFF-ST-10001963,Tennsco Regal Shelving Units,Clustered Body,3,Risk-Oriented Profit Cluster,Risk-Oriented Profit Cluster,,,False,False,False,False,0,1764.5339999999999,-0.003448275862068963,4,False,19.21945926036162,19.21945926036162,Contain,False,none,0.6096965663681354,cluster_margin,severe,none,Severe Deterioration,1,Reroute Action,Reroute to Correct,-6.084599999999995,-1.5211499999999987,19.21945926036162,0.25,-0.00024145307081829736
1633,OFF-SU-10001225,Staple remover,Clustered Body,1,Stable Loss Cluster,Stable Loss Cluster,,,False,False,False,False,0,80.224,-0.07889908256880734,8,False,1.2759887484169323,1.2759887484169323,Correct,False,none,0.6237295407309428,cluster_margin,moderate,none,Moderate Deterioration,1,Intensify Action,Correct — Accelerated,-6.3296,-0.7912,1.2759887484169323,0.5,-0.00025117532081837693
1634,OFF-ST-10002957,Sterilite Show Offs Storage Containers,Clustered Body,1,Stable Loss Cluster,Stable Loss Cluster,,,False,False,False,False,0,78.144,-0.08108108108108109,5,False,1.1411717887847124,1.1411717887847124,Correct,False,none,0.3778783021105933,cluster_margin,none,none,No Signal,0,No Escalation,Correct,-6.336,-1.2672,1.1411717887847124,0.4,-0.00025142928979797084
1635,TEC-PH-10001527,Plantronics MX500i Earset,Clustered Body,1,Stable Loss Cluster,Stable Loss Cluster,,,False,False,False,False,0,618.48,-0.010416666666666664,7,False,6.161258063983115,6.161258063983115,Correct,False,none,0.2705751140952724,cluster_margin,severe,none,Severe Deterioration,1,Reroute Action,Exit / Restructure,-6.442499999999999,-0.9203571428571428,6.161258063983115,0.2857142857142857,-0.00025565549234902573
1636,OFF-ST-10000321,Akro Stacking Bins,Clustered Body,1,Stable Loss Cluster,Stable Loss Cluster,,,False,False,False,False,0,91.524,-0.07586206896551723,6,False,1.4338364961662808,1.4338364961662808,Correct,False,none,0.650446949485213,cluster_margin,moderate,none,Moderate Deterioration,1,Intensify Action,Correct — Accelerated,-6.943199999999999,-1.1571999999999998,1.4338364961662808,0.5,-0.00027552459673694304
1637,OFF-BI-10002609,Avery Hidden Tab Dividers for Binding Systems,Clustered Body,1,Stable Loss Cluster,Stable Loss Cluster,,,False,False,False,False,0,31.588,-0.22264150943396227,7,False,2.5127909125724623,2.5127909125724623,Correct,False,none,0.7461615398986554,cluster_margin,severe,none,Severe Deterioration,1,Reroute Action,Exit / Restructure,-7.032800000000001,-1.0046857142857144,2.5127909125724623,0.7142857142857143,-0.0002790801624512578
1638,OFF-AP-10002403,Acco Smartsocket Color-Coded Six-Outlet AC Adapter Model Surge Protectors,Extreme Tail,Unclustered,Extreme Volatility Tail,,Extreme Volatility Tail,cv_above_body_p95,False,False,True,False,1,448.902,-0.01568627450980391,4,False,24.70288894264311,22.66768706900737,Contain,False,none,16.021137452302877,excess_over_cv_p95,severe,none,Severe Deterioration,1,Reroute Action,Reroute to Correct,-7.041599999999995,-1.7603999999999989,22.66768706900737,0.25,-0.00027942936979819926
1639,OFF-ST-10004180,Safco Commercial Shelving,Clustered Body,1,Stable Loss Cluster,Stable Loss Cluster,,,False,False,False,False,0,483.704,-0.015384615384615385,5,False,5.519519464570792,5.519519464570792,Correct,False,none,0.4848913821590746,cluster_margin,severe,none,Severe Deterioration,1,Reroute Action,Exit / Restructure,-7.4416,-1.48832,5.519519464570792,0.4,-0.0002953024310228188
1640,FUR-FU-10001756,"Eldon Expressions Desk Accessory, Wood Photo Frame, Mahogany",Clustered Body,3,Risk-Oriented Profit Cluster,Risk-Oriented Profit Cluster,,,False,False,False,False,0,262.752,-0.028985507246376822,6,False,13.111319694587513,13.111319694587513,Contain,False,none,0.9099480726758393,cluster_margin,severe,none,Severe Deterioration,1,Reroute Action,Reroute to Correct,-7.616000000000003,-1.2693333333333339,13.111319694587513,0.3333333333333333,-0.000302223085716753
1641,OFF-ST-10002486,Eldon Shelf Savers Cubes and Bins,Clustered Body,1,Stable Loss Cluster,Stable Loss Cluster,,,False,False,False,False,0,300.14,-0.02558139534883721,8,False,3.1947576909390425,3.1947576909390425,Correct,False,high,0.040412797736466735,cluster_margin,severe,none,High Classification Instability,2,Reassess Classification,Reassess Classification,-7.677999999999999,-0.9597499999999999,3.1947576909390425,0.25,-0.0003046834102065688
1642,OFF-SU-10000432,Acco Side-Punched Conventional Columnar Pads,Clustered Body,1,Stable Loss Cluster,Stable Loss Cluster,,,False,False,False,False,0,41.64,-0.1875,4,False,0.48659358806539815,0.48659358806539815,Correct,False,none,0.48764024226185604,cluster_margin,severe,none,Severe Deterioration,1,Reroute Action,Exit / Restructure,-7.8075,-1.951875,0.48659358806539815,1.0,-0.0003098223137780394
1643,FUR-BO-10003966,"Sauder Facets Collection Library, Sky Alder Finish",Clustered Body,3,Risk-Oriented Profit Cluster,Risk-Oriented Profit Cluster,,,False,False,False,False,0,1427.683,-0.005988023952095803,4,False,21.829964313195724,21.829964313195724,Contain,False,none,0.5298644665538375,cluster_margin,severe,none,Severe Deterioration,1,Reroute Action,Reroute to Correct,-8.548999999999992,-2.137249999999998,21.829964313195724,0.25,-0.00033924700102317724
1644,OFF-BI-10001116,"Wilson Jones 1"" Hanging DublLock Ring Binders",Clustered Body,1,Stable Loss Cluster,Stable Loss Cluster,,,False,False,False,False,0,117.744,-0.0726457399103139,10,False,6.8389066664860865,6.8389066664860865,Correct,False,none,0.3696550418039237,cluster_margin,severe,none,Severe Deterioration,1,Reroute Action,Exit / Restructure,-8.5536,-0.8553599999999999,6.8389066664860865,0.6,-0.00033942954122726063
1645,OFF-BI-10004330,"GBC Velobind Prepunched Cover Sets, Regency Series",Extreme Tail,Unclustered,Extreme Volatility Tail,,Extreme Volatility Tail,cv_above_body_p95,False,False,True,False,1,661.942,-0.01396648044692738,7,False,32.42429337848294,22.66768706900737,Contain,False,none,16.021137452302877,excess_over_cv_p95,severe,none,Severe Deterioration,1,Reroute Action,Reroute to Correct,-9.245000000000005,-1.3207142857142864,22.66768706900737,0.42857142857142855,-0.0003668661275540154
1646,OFF-AP-10001564,Hoover Commercial Lightweight Upright Vacuum with E-Z Empty Dirt Cup,Extreme Tail,Unclustered,Extreme Volatility Tail,,Extreme Volatility Tail,cv_above_body_p95,False,False,True,False,1,1023.3520000000001,-0.009090909090909094,3,False,64.049744735625,22.66768706900737,Contain,False,none,16.021137452302877,excess_over_cv_p95,severe,none,Severe Deterioration,1,Reroute Action,Reroute to Correct,-9.303200000000004,-3.101066666666668,22.66768706900737,0.3333333333333333,-0.0003691756579621975
1647,FUR-BO-10004409,"Safco Value Mate Series Steel Bookcases, Baked Enamel Finish on Steel, Gray",Extreme Tail,Unclustered,Extreme Volatility Tail,,Extreme Volatility Tail,cv_above_body_p95,False,False,True,False,1,858.858,-0.011570247933884288,6,False,23.45005930832812,22.66768706900737,Contain,False,none,16.021137452302877,excess_over_cv_p95,severe,none,Severe Deterioration,1,Reroute Action,Reroute to Correct,-9.937199999999992,-1.6561999999999986,22.66768706900737,0.5,-0.0003943344600032187
1648,TEC-PH-10000307,Shocksock Galaxy S4 Armband,Clustered Body,1,Stable Loss Cluster,Stable Loss Cluster,,,False,False,False,False,0,63.510000000000005,-0.1586206896551724,3,False,1.031516708123857,1.031516708123857,Correct,False,none,0.6671531405435751,cluster_margin,severe,none,Severe Deterioration,1,Reroute Action,Exit / Restructure,-10.074,-3.358,1.031516708123857,0.6666666666666666,-0.0003997630469420389
1649,OFF-BI-10001757,Pressboard Hanging Data Binders for Unburst Sheets,Clustered Body,1,Stable Loss Cluster,Stable Loss Cluster,,,False,False,False,False,0,112.66799999999999,-0.08995633187772928,10,False,5.842200762102741,5.842200762102741,Correct,False,none,0.5616676116359269,cluster_margin,severe,none,Severe Deterioration,1,Reroute Action,Exit / Restructure,-10.135200000000001,-1.0135200000000002,5.842200762102741,0.5,-0.0004021916253094057
1650,OFF-FA-10001883,"Alliance Super-Size Bands, Assorted Sizes",Clustered Body,0,Stable Profit Cluster,Stable Profit Cluster,,,False,False,False,False,0,197.61200000000002,-0.052362204724409445,4,False,2.1713885293633024,2.1713885293633024,Protect,False,none,0.1196439269799667,cluster_margin,severe,none,Severe Deterioration,1,Reroute Action,Reroute to Contain / Correct,-10.3474,-2.58685,2.1713885293633024,0.25,-0.0004106122842890662
1651,OFF-AP-10004868,Hoover Commercial Soft Guard Upright Vacuum And Disposable Filtration Bags,Clustered Body,1,Stable Loss Cluster,Stable Loss Cluster,,,False,False,False,False,0,91.68599999999999,-0.1135593220338983,4,False,5.2427463433478625,5.2427463433478625,Correct,False,none,0.20163212199402442,cluster_margin,severe,none,Severe Deterioration,1,Reroute Action,Exit / Restructure,-10.4118,-2.60295,5.2427463433478625,0.25,-0.00041316784714622994
1652,TEC-PH-10004080,Avaya 5410 Digital phone,Clustered Body,3,Risk-Oriented Profit Cluster,Risk-Oriented Profit Cluster,,,False,False,False,False,0,625.508,-0.01739130434782609,4,False,8.74248942002101,8.74248942002101,Contain,False,none,0.27026699302735124,cluster_margin,severe,none,Severe Deterioration,1,Reroute Action,Reroute to Correct,-10.878400000000003,-2.7196000000000007,8.74248942002101,0.5,-0.00043168377306474853
1653,FUR-FU-10001546,Dana Swing-Arm Lamps,Clustered Body,1,Stable Loss Cluster,Stable Loss Cluster,,,False,False,False,False,0,108.936,-0.10294117647058823,7,False,3.2435614530059187,3.2435614530059187,Correct,False,none,0.6655951676118649,cluster_margin,severe,none,Severe Deterioration,1,Reroute Action,Exit / Restructure,-11.214,-1.602,3.2435614530059187,0.42857142857142855,-0.0004450012714322041
1654,OFF-BI-10004817,GBC Personal VeloBind Strips,Clustered Body,3,Risk-Oriented Profit Cluster,Risk-Oriented Profit Cluster,,,False,False,False,False,0,156.938,-0.0717557251908397,7,False,8.159963515050348,8.159963515050348,Contain,False,none,0.12798701491273368,cluster_margin,severe,none,Severe Deterioration,1,Reroute Action,Reroute to Correct,-11.261199999999999,-1.608742857142857,8.159963515050348,0.42857142857142855,-0.00044687429265670913
1655,OFF-BI-10000343,"Pressboard Covers with Storage Hooks, 9 1/2"" x 11"", Light Blue",Clustered Body,1,Stable Loss Cluster,Stable Loss Cluster,,,False,False,False,False,0,102.619,-0.11578947368421055,12,False,6.581468070714172,6.581468070714172,Correct,False,none,0.404168203907702,cluster_margin,severe,none,Severe Deterioration,1,Reroute Action,Exit / Restructure,-11.882200000000003,-0.9901833333333335,6.581468070714172,0.5,-0.00047151722020793085
1656,TEC-PH-10004774,Gear Head AU3700S Headset,Clustered Body,1,Stable Loss Cluster,Stable Loss Cluster,,,False,False,False,False,0,189.654,-0.06301369863013699,3,False,2.3566247560545137,2.3566247560545137,Correct,False,none,0.3268008788377374,cluster_margin,moderate,none,Moderate Deterioration,1,Intensify Action,Correct — Accelerated,-11.950800000000001,-3.9836000000000005,2.3566247560545137,0.3333333333333333,-0.000474239450207953
1657,TEC-PH-10002583,iOttie HLCRIO102 Car Mount,Clustered Body,1,Stable Loss Cluster,Stable Loss Cluster,,,False,False,False,False,0,215.892,-0.05555555555555555,5,False,2.827758481606859,2.827758481606859,Correct,False,none,0.8549734048961247,cluster_margin,severe,none,Severe Deterioration,1,Reroute Action,Exit / Restructure,-11.994,-2.3988,2.827758481606859,0.6,-0.00047595374082021186
1658,TEC-AC-10001314,Case Logic 2.4GHz Wireless Keyboard,Clustered Body,3,Risk-Oriented Profit Cluster,Risk-Oriented Profit Cluster,,,False,False,False,False,0,1229.754,-0.009756097560975615,8,False,11.353458661531135,11.353458661531135,Contain,False,none,0.8056454825919941,cluster_margin,severe,none,Severe Deterioration,1,Reroute Action,Reroute to Correct,-11.997600000000006,-1.4997000000000007,11.353458661531135,0.375,-0.00047609659837123366
1659,FUR-TA-10001520,"Lesro Sheffield Collection Coffee Table, End Table, Center Table, Corner Table",Clustered Body,3,Risk-Oriented Profit Cluster,Risk-Oriented Profit Cluster,,,False,False,False,False,0,2298.114,-0.005279503105590065,9,False,18.93607595607639,18.93607595607639,Contain,False,none,0.558617051354968,cluster_margin,severe,none,Severe Deterioration,1,Reroute Action,Reroute to Correct,-12.132900000000006,-1.3481000000000007,18.93607595607639,0.7777777777777778,-0.0004814656613304612
1660,FUR-BO-10002853,O'Sullivan 5-Shelf Heavy-Duty Bookcases,Clustered Body,3,Risk-Oriented Profit Cluster,Risk-Oriented Profit Cluster,,,False,False,False,False,0,540.804,-0.02272727272727272,4,False,16.32206181806637,16.32206181806637,Contain,False,none,0.7237655666750639,cluster_margin,severe,none,Severe Deterioration,1,Reroute Action,Reroute to Correct,-12.290999999999997,-3.072749999999999,16.32206181806637,0.25,-0.00048773948877949165
1661,OFF-BI-10001679,GBC Instant Index System for Binding Systems,Clustered Body,1,Stable Loss Cluster,Stable Loss Cluster,,,False,False,False,False,0,71.92800000000001,-0.1728395061728395,5,False,3.8988774805232116,3.8988774805232116,Correct,False,none,0.8049973373446495,cluster_margin,severe,none,Severe Deterioration,1,Reroute Action,Exit / Restructure,-12.432,-2.4864,3.8988774805232116,0.6,-0.0004933347428611702
1662,OFF-BI-10002194,Cardinal Hold-It CD Pocket,Clustered Body,1,Stable Loss Cluster,Stable Loss Cluster,,,False,False,False,False,0,38.304,-0.325,4,False,2.6767166836768697,2.6767166836768697,Correct,False,none,0.8068830800111335,cluster_margin,severe,none,Severe Deterioration,1,Reroute Action,Exit / Restructure,-12.4488,-3.1122,2.6767166836768697,0.5,-0.0004940014114326041
1663,FUR-BO-10002206,"Bush Saratoga Collection 5-Shelf Bookcase, Hanover Cherry, *Special Order",Clustered Body,1,Stable Loss Cluster,Stable Loss Cluster,,,False,False,False,False,0,119.833,-0.10588235294117647,1,True,,0.0,Correct,False,none,0.47451213359183275,cluster_margin,severe,none,Severe Deterioration,1,Reroute Action,Exit / Restructure,-12.6882,-12.6882,0.0,1.0,-0.0005035014385755388
1664,OFF-ST-10000563,Fellowes Bankers Box Stor/Drawer Steel Plus,Clustered Body,3,Risk-Oriented Profit Cluster,Risk-Oriented Profit Cluster,,,False,False,False,False,0,1426.308,-0.008968609865470852,12,False,12.24402902789766,12.24402902789766,Contain,False,none,0.8734837353358298,cluster_margin,severe,none,Severe Deterioration,1,Reroute Action,Reroute to Correct,-12.792,-1.066,12.24402902789766,0.5,-0.0005076204979633276
1665,OFF-SU-10004498,Martin-Yale Premier Letter Opener,Clustered Body,1,Stable Loss Cluster,Stable Loss Cluster,,,False,False,False,False,0,236.99200000000002,-0.05434782608695651,7,False,2.1977963829246647,2.1977963829246647,Correct,False,none,0.6172236129030865,cluster_margin,moderate,none,Moderate Deterioration,1,Intensify Action,Correct — Accelerated,-12.879999999999999,-1.8399999999999999,2.1977963829246647,0.42857142857142855,-0.0005111125714327438
1666,OFF-BI-10002414,GBC ProClick Spines for 32-Hole Punch,Clustered Body,1,Stable Loss Cluster,Stable Loss Cluster,,,False,False,False,False,0,66.40899999999999,-0.20000000000000004,5,False,3.917243720233572,3.917243720233572,Correct,False,none,0.8043943031454164,cluster_margin,severe,none,Severe Deterioration,1,Reroute Action,Exit / Restructure,-13.2818,-2.6563600000000003,3.917243720233572,0.6,-0.0005270570614328739
1667,OFF-BI-10000285,XtraLife ClearVue Slant-D Ring Binders by Cardinal,Clustered Body,1,Stable Loss Cluster,Stable Loss Cluster,,,False,False,False,False,0,72.912,-0.18279569892473116,5,False,4.735141941989889,4.735141941989889,Correct,False,none,0.7250983325302316,cluster_margin,severe,none,Severe Deterioration,1,Reroute Action,Exit / Restructure,-13.328,-2.6656,4.735141941989889,0.6,-0.0005288904000043175
1668,TEC-PH-10003092,Motorola L804,Clustered Body,3,Risk-Oriented Profit Cluster,Risk-Oriented Profit Cluster,,,False,False,False,False,0,607.068,-0.021969696969696983,6,False,8.551166492328464,8.551166492328464,Contain,False,none,0.2745946359992803,cluster_margin,severe,none,Severe Deterioration,1,Reroute Action,Reroute to Correct,-13.337100000000007,-2.222850000000001,8.551166492328464,0.3333333333333333,-0.0005292515121471779
1669,OFF-BI-10004140,Avery Non-Stick Binders,Clustered Body,1,Stable Loss Cluster,Stable Loss Cluster,,,False,False,False,False,0,75.432,-0.17857142857142855,13,False,3.5084210569636167,3.5084210569636167,Correct,False,none,0.7263779234179981,cluster_margin,severe,none,Severe Deterioration,1,Reroute Action,Exit / Restructure,-13.469999999999999,-1.036153846153846,3.5084210569636167,0.46153846153846156,-0.0005345253367390573
1670,OFF-BI-10001525,"Acco Pressboard Covers with Storage Hooks, 14 7/8"" x 11"", Executive Red",Clustered Body,1,Stable Loss Cluster,Stable Loss Cluster,,,False,False,False,False,0,63.627,-0.218562874251497,8,False,2.5308800089731878,2.5308800089731878,Correct,False,none,0.719884324271951,cluster_margin,severe,none,Severe Deterioration,1,Reroute Action,Exit / Restructure,-13.906500000000001,-1.7383125000000001,2.5308800089731878,0.75,-0.0005518468148004232
1671,OFF-BI-10003694,"Avery 3 1/2"" Diskette Storage Pages, 10/Pack",Clustered Body,1,Stable Loss Cluster,Stable Loss Cluster,,,False,False,False,False,0,137.808,-0.10454545454545458,6,False,5.804886897207567,5.804886897207567,Correct,False,none,0.5718595546624258,cluster_margin,severe,none,Severe Deterioration,1,Reroute Action,Exit / Restructure,-14.407200000000003,-2.4012000000000007,5.804886897207567,0.5,-0.0005717159191883407
1672,TEC-PH-10004522,Dexim XPower Skin Super-Thin Power Case for iPhone 5 - Black,Clustered Body,3,Risk-Oriented Profit Cluster,Risk-Oriented Profit Cluster,,,False,False,False,False,0,467.92,-0.03125000000000001,3,False,8.311040390959901,8.311040390959901,Contain,False,none,0.20646941992483012,cluster_margin,severe,none,Severe Deterioration,1,Reroute Action,Reroute to Correct,-14.622500000000002,-4.874166666666667,8.311040390959901,0.3333333333333333,-0.000580259594392492
1673,TEC-PH-10000169,ARKON Windshield Dashboard Air Vent Car Mount Holder,Clustered Body,1,Stable Loss Cluster,Stable Loss Cluster,,,False,False,False,False,0,216.95999999999998,-0.07187500000000001,4,False,1.4613736841458778,1.4613736841458778,Correct,False,none,0.6708770841078308,cluster_margin,moderate,none,Moderate Deterioration,1,Intensify Action,Correct — Accelerated,-15.594000000000001,-3.8985000000000003,1.4613736841458778,0.5,-0.0006188112918417862
1674,OFF-BI-10002827,Avery Durable Poly Binders,Clustered Body,1,Stable Loss Cluster,Stable Loss Cluster,,,False,False,False,False,0,82.95,-0.188,6,False,4.435223352340131,4.435223352340131,Correct,False,none,0.7370953416264309,cluster_margin,severe,none,Severe Deterioration,1,Reroute Action,Exit / Restructure,-15.5946,-2.5991,4.435223352340131,0.6666666666666666,-0.0006188351014336231
1675,OFF-BI-10002813,Avery Reinforcements for Hole-Punch Pages,Clustered Body,1,Stable Loss Cluster,Stable Loss Cluster,,,False,False,False,False,0,28.512,-0.5659722222222222,8,False,1.4764529734089176,1.4764529734089176,Correct,False,none,0.6676338174345495,cluster_margin,severe,none,Severe Deterioration,1,Reroute Action,Exit / Restructure,-16.137,-2.017125,1.4764529734089176,0.75,-0.0006403589724542071
1676,FUR-FU-10002553,"Electrix Incandescent Magnifying Lamp, Black",Clustered Body,1,Stable Loss Cluster,Stable Loss Cluster,,,False,False,False,False,0,117.28,-0.140625,2,False,2.652655226732107,2.652655226732107,Correct,False,none,0.8317740811314398,cluster_margin,severe,none,Severe Deterioration,1,Reroute Action,Exit / Restructure,-16.4925,-8.24625,2.652655226732107,0.5,-0.0006544661556175874
1677,OFF-AP-10002439,Tripp Lite Isotel 8 Ultra 8 Outlet Metal Surge,Extreme Tail,Unclustered,Extreme Volatility Tail,,Extreme Volatility Tail,cv_above_body_p95,False,False,True,False,1,823.252,-0.020689655172413807,3,False,30.22567556651118,22.66768706900737,Contain,False,none,16.021137452302877,excess_over_cv_p95,severe,none,Severe Deterioration,1,Reroute Action,Reroute to Correct,-17.03280000000001,-5.677600000000003,22.66768706900737,0.3333333333333333,-0.0006759066930667424
1678,FUR-TA-10003837,Anderson Hickey Conga Table Tops & Accessories,Clustered Body,1,Stable Loss Cluster,Stable Loss Cluster,,,False,False,False,False,0,51.782,-0.338235294117647,2,False,0.8485756088681264,0.8485756088681264,Correct,False,none,0.5075482919674064,cluster_margin,severe,none,Severe Deterioration,1,Reroute Action,Exit / Restructure,-17.514499999999998,-8.757249999999999,0.8485756088681264,1.0,-0.0006950218270464899
1679,OFF-ST-10002583,Fellowes Neat Ideas Storage Cubes,Clustered Body,1,Stable Loss Cluster,Stable Loss Cluster,,,False,False,False,False,0,480.70399999999995,-0.03783783783783784,7,False,2.783659485689516,2.783659485689516,Correct,False,none,0.6675870570003184,cluster_margin,severe,none,Severe Deterioration,1,Reroute Action,Exit / Restructure,-18.1888,-2.5984000000000003,2.783659485689516,0.42857142857142855,-0.0007217798400058921
1680,TEC-PH-10002844,Speck Products Candyshell Flip Case,Clustered Body,1,Stable Loss Cluster,Stable Loss Cluster,,,False,False,False,False,0,188.946,-0.0962962962962963,4,False,1.9056677921561487,1.9056677921561487,Correct,False,none,0.7415764967043071,cluster_margin,moderate,none,Moderate Deterioration,1,Intensify Action,Correct — Accelerated,-18.1948,-4.5487,1.9056677921561487,0.5,-0.0007220179359242614
1681,OFF-BI-10004781,GBC Wire Binding Strips,Clustered Body,1,Stable Loss Cluster,Stable Loss Cluster,,,False,False,False,False,0,212.65800000000002,-0.08656716417910448,5,False,6.438855119458335,6.438855119458335,Correct,False,none,0.4671973049905288,cluster_margin,severe,none,Severe Deterioration,1,Reroute Action,Exit / Restructure,-18.409200000000002,-3.6818400000000002,6.438855119458335,0.6,-0.0007305258967406574
1682,OFF-BI-10003719,Large Capacity Hanging Post Binders,Clustered Body,3,Risk-Oriented Profit Cluster,Risk-Oriented Profit Cluster,,,False,False,False,False,0,276.945,-0.07027027027027026,5,False,9.455954517492707,9.455954517492707,Contain,False,none,0.3850665613422424,cluster_margin,severe,none,Severe Deterioration,1,Reroute Action,Reroute to Correct,-19.461,-3.8922,9.455954517492707,0.6,-0.0007722641112307939
1683,TEC-MA-10003230,Okidata C610n Printer,Clustered Body,1,Stable Loss Cluster,Stable Loss Cluster,,,False,False,False,False,0,1362.9,-0.014285714285714284,1,True,,0.0,Correct,False,none,0.47807468537873793,cluster_margin,severe,none,Severe Deterioration,1,Reroute Action,Exit / Restructure,-19.47,-19.47,0.0,1.0,-0.0007726212551083479
1684,TEC-AC-10004396,Logitech Keyboard K120,Clustered Body,1,Stable Loss Cluster,Stable Loss Cluster,,,False,False,False,False,0,174.24,-0.1125,3,False,0.24066903850704616,0.24066903850704616,Correct,False,none,0.4823832289443912,cluster_margin,severe,none,Severe Deterioration,1,Reroute Action,Exit / Restructure,-19.602,-6.534,0.24066903850704616,1.0,-0.0007778593653124723
1685,OFF-BI-10001982,Wilson Jones Custom Binder Spines & Labels,Clustered Body,1,Stable Loss Cluster,Stable Loss Cluster,,,False,False,False,False,0,41.344,-0.47631578947368414,7,False,0.9273196437289638,0.9273196437289638,Correct,False,none,0.5744366949210121,cluster_margin,severe,none,Severe Deterioration,1,Reroute Action,Exit / Restructure,-19.6928,-2.8132571428571427,0.9273196437289638,0.8571428571428571,-0.0007814625502104609
1686,OFF-BI-10003196,Accohide Poly Flexible Ring Binders,Clustered Body,1,Stable Loss Cluster,Stable Loss Cluster,,,False,False,False,False,0,43.758,-0.45299145299145305,8,False,1.443587755233724,1.443587755233724,Correct,False,none,0.7284129772179356,cluster_margin,severe,none,Severe Deterioration,1,Reroute Action,Exit / Restructure,-19.822000000000003,-2.4777500000000003,1.443587755233724,0.625,-0.0007865895489860131
1687,FUR-BO-10004709,"Bush Westfield Collection Bookcases, Medium Cherry Finish",Clustered Body,3,Risk-Oriented Profit Cluster,Risk-Oriented Profit Cluster,,,False,False,False,False,0,1426.8878,-0.014221861032100777,9,False,13.860800346620497,13.860800346620497,Contain,False,none,0.8828754886073712,cluster_margin,severe,none,Severe Deterioration,1,Reroute Action,Reroute to Correct,-20.293000000000006,-2.2547777777777784,13.860800346620497,0.3333333333333333,-0.0008052800785780025
1688,OFF-AP-10004980,3M Replacement Filter for Office Air Cleaner for 20' x 33' Room,Clustered Body,3,Risk-Oriented Profit Cluster,Risk-Oriented Profit Cluster,,,False,False,False,False,0,303.36,-0.0675,4,False,13.069104809099684,13.069104809099684,Contain,False,none,0.8249322448626676,cluster_margin,severe,none,Severe Deterioration,1,Reroute Action,Reroute to Correct,-20.4768,-5.1192,13.069104809099684,0.25,-0.000812573750210715
1689,OFF-ST-10003641,Space Solutions Industrial Galvanized Steel Shelving.,Clustered Body,1,Stable Loss Cluster,Stable Loss Cluster,,,False,False,False,False,0,520.0799999999999,-0.0393939393939394,3,False,2.654684853309795,2.654684853309795,Correct,False,none,0.3786927677060639,cluster_margin,severe,none,Severe Deterioration,1,Reroute Action,Exit / Restructure,-20.488,-6.8293333333333335,2.654684853309795,0.3333333333333333,-0.0008130181959250042
1690,TEC-MA-10000752,Texas Instrument TI-15 Fraction Calculator,Clustered Body,1,Stable Loss Cluster,Stable Loss Cluster,,,False,False,False,False,0,41.905,-0.489655172413793,2,False,1.8855366107332912,1.8855366107332912,Correct,False,none,0.7582553765384601,cluster_margin,moderate,none,Moderate Deterioration,1,Intensify Action,Correct — Accelerated,-20.519,-10.2595,1.8855366107332912,0.5,-0.0008142483581699122
1691,TEC-PH-10000148,Cyber Acoustics AC-202b Speech Recognition Stereo Headset,Clustered Body,1,Stable Loss Cluster,Stable Loss Cluster,,,False,False,False,False,0,119.508,-0.17173913043478262,5,False,1.0575074314732882,1.0575074314732882,Correct,False,none,0.6817731800698142,cluster_margin,moderate,none,Moderate Deterioration,1,Intensify Action,Correct — Accelerated,-20.5242,-4.10484,1.0575074314732882,0.6,-0.0008144547079658323
1692,FUR-CH-10003535,"Global Armless Task Chair, Royal Blue",Clustered Body,3,Risk-Oriented Profit Cluster,Risk-Oriented Profit Cluster,,,False,False,False,False,0,1396.442,-0.014847161572052401,8,False,8.648964214568393,8.648964214568393,Contain,False,none,0.2414073435135591,cluster_margin,severe,none,Severe Deterioration,1,Reroute Action,Reroute to Correct,-20.7332,-2.59165,8.648964214568393,0.5,-0.0008227483824556959
1693,TEC-MA-10004086,Plantronics Single Ear Headset,Clustered Body,1,Stable Loss Cluster,Stable Loss Cluster,,,False,False,False,False,0,29.925,-0.7333333333333333,1,True,,0.0,Correct,False,none,0.4790590593327459,cluster_margin,severe,none,Severe Deterioration,1,Reroute Action,Exit / Restructure,-21.945,-21.945,0.0,1.0,-0.0008708358214356804
1694,OFF-SU-10003567,Stiletto Hand Letter Openers,Clustered Body,1,Stable Loss Cluster,Stable Loss Cluster,,,False,False,False,False,0,136.32000000000002,-0.16126760563380277,4,False,1.1462206167010804,1.1462206167010804,Correct,False,none,0.649761111119123,cluster_margin,severe,none,Severe Deterioration,1,Reroute Action,Exit / Restructure,-21.983999999999998,-5.4959999999999996,1.1462206167010804,0.75,-0.0008723834449050806
1695,FUR-TA-10004086,KI Adjustable-Height Table,Extreme Tail,Unclustered,Extreme Volatility Tail,,Extreme Volatility Tail,cv_above_body_p95,False,False,True,False,1,1788.384,-0.012499999999999994,7,False,22.66768706900737,22.66768706900737,Contain,False,none,16.021137452302877,excess_over_cv_p95,severe,none,Severe Deterioration,1,Reroute Action,Reroute to Correct,-22.35479999999999,-3.1935428571428557,22.66768706900737,0.5714285714285714,-0.0008870977726603025
1696,TEC-MA-10003356,Panasonic KX MC6040 Color Laser Multifunction Printer,Extreme Tail,Unclustered,Extreme Volatility Tail,,Extreme Volatility Tail,cv_above_body_p95,False,False,True,False,1,1619.82,-0.013888888888888892,2,False,46.19440467981607,22.66768706900737,Contain,False,none,16.021137452302877,excess_over_cv_p95,severe,none,Severe Deterioration,1,Reroute Action,Reroute to Correct,-22.497500000000002,-11.248750000000001,22.66768706900737,0.5,-0.0008927604872521859
1697,OFF-BI-10004465,Avery Durable Slant Ring Binders,Clustered Body,1,Stable Loss Cluster,Stable Loss Cluster,,,False,False,False,False,0,51.480000000000004,-0.4615384615384615,5,False,1.2854775619790448,1.2854775619790448,Correct,False,none,0.6301391562650364,cluster_margin,severe,none,Severe Deterioration,1,Reroute Action,Exit / Restructure,-23.76,-4.752000000000001,1.2854775619790448,0.8,-0.0009428598367423908
1698,OFF-BI-10004099,GBC VeloBinder Strips,Clustered Body,1,Stable Loss Cluster,Stable Loss Cluster,,,False,False,False,False,0,52.992,-0.4492753623188406,4,False,1.5001404608247224,1.5001404608247224,Correct,False,none,0.6776171332377454,cluster_margin,severe,none,Severe Deterioration,1,Reroute Action,Exit / Restructure,-23.808,-5.952,1.5001404608247224,0.75,-0.000944764604089345
1699,TEC-PH-10001448,Anker Astro 15000mAh USB Portable Charger,Clustered Body,1,Stable Loss Cluster,Stable Loss Cluster,,,False,False,False,False,0,599.88,-0.04,5,False,3.222588186354935,3.222588186354935,Correct,False,none,0.6147416503548521,cluster_margin,severe,none,Severe Deterioration,1,Reroute Action,Exit / Restructure,-23.9952,-4.79904,3.222588186354935,0.4,-0.0009521931967424669
1700,OFF-ST-10004337,"SAFCO Commercial Wire Shelving, 72h",Clustered Body,0,Stable Profit Cluster,Stable Profit Cluster,,,False,False,False,False,0,1445.2640000000001,-0.016949152542372878,5,False,2.1261294686010905,2.1261294686010905,Protect,False,none,0.29969394135494165,cluster_margin,severe,none,Severe Deterioration,1,Reroute Action,Reroute to Contain / Correct,-24.496,-4.8991999999999996,2.1261294686010905,0.2,-0.0009720662693956903
1701,OFF-ST-10000642,"Tennsco Lockers, Gray",Clustered Body,1,Stable Loss Cluster,Stable Loss Cluster,,,False,False,False,False,0,402.81600000000003,-0.065625,6,False,2.049725021588287,2.049725021588287,Correct,False,none,0.7660163259806663,cluster_margin,moderate,none,Moderate Deterioration,1,Intensify Action,Correct — Accelerated,-26.434800000000003,-4.4058,2.049725021588287,0.5,-0.0010490029971514205
1702,FUR-BO-10001608,"Hon Metal Bookcases, Black",Clustered Body,3,Risk-Oriented Profit Cluster,Risk-Oriented Profit Cluster,,,False,False,False,False,0,1570.0776,-0.017179023508137437,5,False,19.696163966292026,19.696163966292026,Contain,False,none,0.6008001914730058,cluster_margin,severe,none,Severe Deterioration,1,Reroute Action,Reroute to Correct,-26.972400000000007,-5.3944800000000015,19.696163966292026,0.4,-0.001070336391437309
1703,OFF-BI-10003676,"GBC Standard Recycled Report Covers, Clear Plastic Sheets",Clustered Body,1,Stable Loss Cluster,Stable Loss Cluster,,,False,False,False,False,0,258.72,-0.105,12,False,6.256730581159663,6.256730581159663,Correct,False,none,0.5045389233170148,cluster_margin,severe,none,Severe Deterioration,1,Reroute Action,Exit / Restructure,-27.1656,-2.2638000000000003,6.256730581159663,0.5833333333333334,-0.0010780030800088
1704,OFF-ST-10001469,Fellowes Bankers Box Recycled Super Stor/Drawer,Clustered Body,1,Stable Loss Cluster,Stable Loss Cluster,,,False,False,False,False,0,1187.56,-0.02545454545454546,7,False,4.335082089606983,4.335082089606983,Correct,False,none,0.6330754569055016,cluster_margin,severe,none,Severe Deterioration,1,Reroute Action,Exit / Restructure,-30.228800000000003,-4.3184000000000005,4.335082089606983,0.42857142857142855,-0.0011995589828669353
1705,TEC-PH-10004833,Macally Suction Cup Mount,Clustered Body,1,Stable Loss Cluster,Stable Loss Cluster,,,False,False,False,False,0,279.63,-0.11111111111111112,4,False,0.7449354459609875,0.7449354459609875,Correct,False,none,0.6210651347105667,cluster_margin,severe,none,Severe Deterioration,1,Reroute Action,Exit / Restructure,-31.07,-7.7675,0.7449354459609875,0.75,-0.0012329400306223097
1706,TEC-PH-10000562,Samsung Convoy 3,Clustered Body,1,Stable Loss Cluster,Stable Loss Cluster,,,False,False,False,False,0,688.138,-0.04516129032258064,2,False,6.957635935156788,6.957635935156788,Correct,False,none,0.3287243249125406,cluster_margin,severe,none,Severe Deterioration,1,Reroute Action,Exit / Restructure,-31.077199999999998,-15.538599999999999,6.957635935156788,0.5,-0.0012332257457243528
1707,TEC-PH-10003187,Anker Astro Mini 3000mAh Ultra-Compact Portable Charger,Clustered Body,1,Stable Loss Cluster,Stable Loss Cluster,,,False,False,False,False,0,147.926,-0.21621621621621626,4,False,0.7914227300744198,0.7914227300744198,Correct,False,none,0.6255942185466711,cluster_margin,severe,none,Severe Deterioration,1,Reroute Action,Exit / Restructure,-31.984,-7.996,0.7914227300744198,0.75,-0.001269209975520565
1708,TEC-AC-10002550,"Memorex 25GB 6X Branded Blu-Ray Recordable Disc, 30/Pack",Clustered Body,1,Stable Loss Cluster,Stable Loss Cluster,,,False,False,False,False,0,472.86,-0.06824324324324324,4,False,2.1843981972155824,2.1843981972155824,Correct,False,none,0.800570206865835,cluster_margin,moderate,none,Moderate Deterioration,1,Intensify Action,Correct — Accelerated,-32.2695,-8.067375,2.1843981972155824,0.5,-0.0012805393729696372
1709,FUR-CH-10003968,Novimex Turbo Task Chair,Clustered Body,1,Stable Loss Cluster,Stable Loss Cluster,,,False,False,False,False,0,1341.5220000000002,-0.024338624338624333,6,False,3.745349218752623,3.745349218752623,Correct,False,none,0.7979960052775161,cluster_margin,severe,none,Severe Deterioration,1,Reroute Action,Exit / Restructure,-32.6508,-5.4418,3.745349218752623,0.5,-0.0012956703685820053
1710,OFF-ST-10002485,Rogers Deluxe File Chest,Clustered Body,1,Stable Loss Cluster,Stable Loss Cluster,,,False,False,False,False,0,443.996,-0.0782178217821782,8,False,1.2142721202114708,1.2142721202114708,Correct,False,none,0.6427768008085826,cluster_margin,moderate,none,Moderate Deterioration,1,Intensify Action,Correct — Accelerated,-34.72839999999999,-4.341049999999999,1.2142721202114708,0.5,-0.0013781150485826783
1711,FUR-CH-10001545,Hon Comfortask Task/Swivel Chairs,Clustered Body,1,Stable Loss Cluster,Stable Loss Cluster,,,False,False,False,False,0,1686.904,-0.02162162162162162,6,False,4.913232379443756,4.913232379443756,Correct,False,none,0.6777292179436786,cluster_margin,severe,none,Severe Deterioration,1,Reroute Action,Exit / Restructure,-36.4736,-6.078933333333333,4.913232379443756,0.5,-0.0014473692147056927
1712,OFF-ST-10002756,"Tennsco Stur-D-Stor Boltless Shelving, 5 Shelves, 24"" Deep, Sand",Clustered Body,1,Stable Loss Cluster,Stable Loss Cluster,,,False,False,False,False,0,4384.044,-0.008333333333333335,7,False,5.815250058796367,5.815250058796367,Correct,False,high,0.0065057805166786305,cluster_margin,severe,none,High Classification Instability,2,Reassess Classification,Reassess Classification,-36.5337,-5.2191,5.815250058796367,0.14285714285714285,-0.001449754142154692
1713,OFF-AP-10004136,Kensington 6 Outlet SmartSocket Surge Protector,Clustered Body,1,Stable Loss Cluster,Stable Loss Cluster,,,False,False,False,False,0,147.528,-0.25000000000000006,2,False,3.720131665852644,3.720131665852644,Correct,False,none,0.8251965460847804,cluster_margin,severe,none,Severe Deterioration,1,Reroute Action,Exit / Restructure,-36.882000000000005,-18.441000000000003,3.720131665852644,0.5,-0.0014635756102160293
1714,TEC-PH-10004897,Mediabridge Sport Armband iPhone 5s,Clustered Body,1,Stable Loss Cluster,Stable Loss Cluster,,,False,False,False,False,0,257.742,-0.1511627906976744,7,False,1.148661723095276,1.148661723095276,Correct,False,none,0.6988486726382391,cluster_margin,moderate,none,Moderate Deterioration,1,Intensify Action,Correct — Accelerated,-38.961,-5.565857142857142,1.148661723095276,0.5714285714285714,-0.0015460758459309883
1715,FUR-TA-10001866,Bevis Round Conference Room Tables and Bases,Clustered Body,1,Stable Loss Cluster,Stable Loss Cluster,,,False,False,False,False,0,519.941,-0.07586206896551724,2,False,1.6501470429660767,1.6501470429660767,Correct,False,none,0.7435436980110384,cluster_margin,moderate,none,Moderate Deterioration,1,Intensify Action,Correct — Accelerated,-39.4438,-19.7219,1.6501470429660767,0.5,-0.001565234630829104
1716,OFF-BI-10000773,Insertable Tab Post Binder Dividers,Clustered Body,1,Stable Loss Cluster,Stable Loss Cluster,,,False,False,False,False,0,66.566,-0.5963855421686747,8,False,1.3884891364043705,1.3884891364043705,Correct,False,none,0.6718057856981546,cluster_margin,severe,none,Severe Deterioration,1,Reroute Action,Exit / Restructure,-39.699,-4.962375,1.3884891364043705,0.75,-0.001575361643890411
1717,FUR-FU-10003247,36X48 HARDFLOOR CHAIRMAT,Clustered Body,1,Stable Loss Cluster,Stable Loss Cluster,,,False,False,False,False,0,369.248,-0.10965909090909091,6,False,2.5105191924108037,2.5105191924108037,Correct,False,none,0.8347010899667697,cluster_margin,severe,none,Severe Deterioration,1,Reroute Action,Exit / Restructure,-40.4914,-6.748566666666666,2.5105191924108037,0.5,-0.001606806178176382
1718,FUR-FU-10003394,"Tenex ""The Solids"" Textured Chair Mats",Clustered Body,3,Risk-Oriented Profit Cluster,Risk-Oriented Profit Cluster,,,False,False,False,False,0,1469.1599999999999,-0.027619047619047616,7,False,14.331522411394733,14.331522411394733,Contain,False,none,0.871134472257159,cluster_margin,severe,none,Severe Deterioration,1,Reroute Action,Reroute to Correct,-40.57679999999999,-5.796685714285713,14.331522411394733,0.42857142857142855,-0.001610195076747838
1719,FUR-CH-10002372,Office Star - Ergonomically Designed Knee Chair,Clustered Body,1,Stable Loss Cluster,Stable Loss Cluster,,,False,False,False,False,0,1311.876,-0.03209876543209876,7,False,3.304183556526253,3.304183556526253,Correct,False,none,0.8947906069956209,cluster_margin,severe,none,Severe Deterioration,1,Reroute Action,Exit / Restructure,-42.10959999999999,-6.015657142857142,3.304183556526253,0.5714285714285714,-0.0016710206473605795
1720,FUR-FU-10004597,Eldon Cleatmat Chair Mats for Medium Pile Carpets,Clustered Body,1,Stable Loss Cluster,Stable Loss Cluster,,,False,False,False,False,0,344.1,-0.12258064516129032,4,False,3.223146065062074,3.223146065062074,Correct,False,none,0.8609895539277094,cluster_margin,severe,none,Severe Deterioration,1,Reroute Action,Exit / Restructure,-42.18,-10.545,3.223146065062074,0.5,-0.0016738143061361128
1721,OFF-ST-10002182,"Iris 3-Drawer Stacking Bin, Black",Clustered Body,1,Stable Loss Cluster,Stable Loss Cluster,,,False,False,False,False,0,284.104,-0.15294117647058825,3,False,1.2195019376402636,1.2195019376402636,Correct,False,none,0.715498094576769,cluster_margin,severe,none,Severe Deterioration,1,Reroute Action,Exit / Restructure,-43.4512,-14.483733333333333,1.2195019376402636,0.6666666666666666,-0.0017242588947079531
1722,FUR-FU-10002703,"Tenex Traditional Chairmats for Hard Floors, Average Lip, 36"" x 48""",Clustered Body,1,Stable Loss Cluster,Stable Loss Cluster,,,False,False,False,False,0,180.46,-0.2571428571428571,2,False,2.3315655866056706,2.3315655866056706,Correct,False,none,0.8378847342698393,cluster_margin,moderate,none,Moderate Deterioration,1,Intensify Action,Correct — Accelerated,-46.403999999999996,-23.201999999999998,2.3315655866056706,0.5,-0.0018414338326680933
1723,OFF-ST-10003994,"Belkin 19"" Center-Weighted Shelf, Gray",Clustered Body,1,Stable Loss Cluster,Stable Loss Cluster,,,False,False,False,False,0,849.312,-0.05555555555555555,4,False,2.3728802866494685,2.3728802866494685,Correct,False,none,0.8418496125534086,cluster_margin,moderate,none,Moderate Deterioration,1,Intensify Action,Correct — Accelerated,-47.184,-11.796,2.3728802866494685,0.5,-0.001872386302056101
1724,TEC-AC-10004227,SanDisk Ultra 16 GB MicroSDHC Class 10 Memory Card,Clustered Body,1,Stable Loss Cluster,Stable Loss Cluster,,,False,False,False,False,0,329.946,-0.14724409448818895,7,False,1.0163031268379585,1.0163031268379585,Correct,False,none,0.6646606610238103,cluster_margin,severe,none,Severe Deterioration,1,Reroute Action,Exit / Restructure,-48.5826,-6.940371428571429,1.0163031268379585,0.7142857142857143,-0.0019278864606279828
1725,OFF-ST-10002301,Tennsco Commercial Shelving,Clustered Body,1,Stable Loss Cluster,Stable Loss Cluster,,,False,False,False,False,0,374.256,-0.1298913043478261,9,False,1.2194152980508626,1.2194152980508626,Correct,False,none,0.7053226947457563,cluster_margin,moderate,none,Moderate Deterioration,1,Intensify Action,Correct — Accelerated,-48.6126,-5.4014,1.2194152980508626,0.5555555555555556,-0.0019290769402198291
1726,FUR-FU-10004622,Eldon Advantage Foldable Chair Mats for Low Pile Carpets,Clustered Body,1,Stable Loss Cluster,Stable Loss Cluster,,,False,False,False,False,0,379.4,-0.1285714285714286,3,False,4.702713748160076,4.702713748160076,Correct,False,none,0.44996896513663254,cluster_margin,severe,none,Severe Deterioration,1,Reroute Action,Exit / Restructure,-48.78,-16.26,4.702713748160076,0.3333333333333333,-0.0019357198163423325
1727,FUR-CH-10002126,Hon Deluxe Fabric Upholstered Stacking Chairs,Clustered Body,1,Stable Loss Cluster,Stable Loss Cluster,,,False,False,False,False,0,2586.1879999999996,-0.01886792452830189,4,False,1.767005568685511,1.767005568685511,Correct,False,none,0.7078467440431471,cluster_margin,severe,none,Severe Deterioration,1,Reroute Action,Exit / Restructure,-48.796,-12.199,1.767005568685511,0.75,-0.0019363547387913171
1728,TEC-PH-10000141,Clearsounds A400,Clustered Body,1,Stable Loss Cluster,Stable Loss Cluster,,,False,False,False,False,0,488.326,-0.09999999999999999,3,False,1.7055077825432214,1.7055077825432214,Correct,False,none,0.7705254525223536,cluster_margin,severe,none,Severe Deterioration,1,Reroute Action,Exit / Restructure,-48.8326,-16.277533333333334,1.7055077825432214,0.6666666666666666,-0.00193780712389337
1729,TEC-PH-10000127,iOttie XL Car Mount,Clustered Body,1,Stable Loss Cluster,Stable Loss Cluster,,,False,False,False,False,0,223.88799999999998,-0.22500000000000003,2,False,0.4000375298972521,0.4000375298972521,Correct,False,none,0.4996666314381884,cluster_margin,severe,none,Severe Deterioration,1,Reroute Action,Exit / Restructure,-50.3748,-25.1874,0.4000375298972521,1.0,-0.00199900571144489
1730,OFF-ST-10003479,"Eldon Base for stackable storage shelf, platinum",Clustered Body,1,Stable Loss Cluster,Stable Loss Cluster,,,False,False,False,False,0,872.256,-0.06026785714285715,7,False,2.259181311596174,2.259181311596174,Correct,False,none,0.6691656523476212,cluster_margin,moderate,none,Moderate Deterioration,1,Intensify Action,Correct — Accelerated,-52.569,-7.509857142857143,2.259181311596174,0.42857142857142855,-0.0020860773887925394
1731,TEC-MA-10002178,Cisco CP-7937G Unified IP Conference Station Phone,Clustered Body,1,Stable Loss Cluster,Stable Loss Cluster,,,False,False,False,False,0,1391.4,-0.039999999999999994,2,False,0.0,0.0,Correct,False,none,0.48356649380993705,cluster_margin,severe,none,Severe Deterioration,1,Reroute Action,Exit / Restructure,-55.656,-27.828,0.0,1.0,-0.0022085777387935396
1732,TEC-PH-10004188,OtterBox Commuter Series Case - Samsung Galaxy S4,Clustered Body,1,Stable Loss Cluster,Stable Loss Cluster,,,False,False,False,False,0,384.846,-0.14545454545454545,4,False,1.0081859071994104,1.0081859071994104,Correct,False,none,0.6538797905926698,cluster_margin,severe,none,Severe Deterioration,1,Reroute Action,Exit / Restructure,-55.9776,-13.9944,1.0081859071994104,0.75,-0.0022213396800181335
1733,OFF-ST-10000676,Fellowes Econo/Stor Drawers,Clustered Body,1,Stable Loss Cluster,Stable Loss Cluster,,,False,False,False,False,0,581.58,-0.09666666666666666,2,False,1.9815473512740025,1.9815473512740025,Correct,False,none,0.7871817811182976,cluster_margin,moderate,none,Moderate Deterioration,1,Intensify Action,Correct — Accelerated,-56.2194,-28.1097,1.9815473512740025,0.5,-0.002230934945528416
1734,FUR-BO-10001798,Bush Somerset Collection Bookcase,Clustered Body,1,Stable Loss Cluster,Stable Loss Cluster,,,False,False,False,False,0,1263.9569999999999,-0.04455958549222798,4,False,3.8606130749795673,3.8606130749795673,Correct,False,none,0.8149018555844623,cluster_margin,severe,none,Severe Deterioration,1,Reroute Action,Exit / Restructure,-56.3214,-14.08035,3.8606130749795673,0.5,-0.0022349825761406937
1735,OFF-SU-10000157,Compact Automatic Electric Letter Opener,Clustered Body,1,Stable Loss Cluster,Stable Loss Cluster,,,False,False,False,False,0,2982.75,-0.019200000000000005,8,False,3.9840423843036157,3.9840423843036157,Correct,False,none,0.19588821867958864,cluster_margin,severe,none,Severe Deterioration,1,Reroute Action,Exit / Restructure,-57.26880000000001,-7.158600000000002,3.9840423843036157,0.25,-0.0022725779216512055
1736,OFF-ST-10000934,"Contico 72""H Heavy-Duty Storage System",Clustered Body,1,Stable Loss Cluster,Stable Loss Cluster,,,False,False,False,False,0,598.308,-0.0958904109589041,5,False,1.362322149124423,1.362322149124423,Correct,False,none,0.48714741950204243,cluster_margin,none,none,No Signal,0,No Escalation,Correct,-57.372,-11.4744,1.362322149124423,0.4,-0.0022766731714471567
1737,TEC-AC-10004855,V7 USB Numeric Keypad,Clustered Body,1,Stable Loss Cluster,Stable Loss Cluster,,,False,False,False,False,0,461.868,-0.1272727272727273,4,False,0.9526768526868076,0.9526768526868076,Correct,False,none,0.650019419585454,cluster_margin,severe,none,Severe Deterioration,1,Reroute Action,Exit / Restructure,-58.7832,-14.6958,0.9526768526868076,0.75,-0.0023326733314476137
1738,TEC-PH-10003800,i.Sound Portable Power - 8000 mAh,Clustered Body,1,Stable Loss Cluster,Stable Loss Cluster,,,False,False,False,False,0,413.322,-0.1423076923076923,5,False,0.9541345349370538,0.9541345349370538,Correct,False,none,0.6933430933037515,cluster_margin,moderate,none,Moderate Deterioration,1,Intensify Action,Correct — Accelerated,-58.8189,-11.76378,0.9541345349370538,0.6,-0.002334090002161911
1739,OFF-ST-10001713,"Gould Plastics 9-Pocket Panel Bin, 18-3/8w x 5-1/4d x 20-1/2h, Black",Clustered Body,1,Stable Loss Cluster,Stable Loss Cluster,,,False,False,False,False,0,953.82,-0.06666666666666665,6,False,2.1218367851065376,2.1218367851065376,Correct,False,none,0.8131818996595704,cluster_margin,moderate,none,Moderate Deterioration,1,Intensify Action,Correct — Accelerated,-63.587999999999994,-10.597999999999999,2.1218367851065376,0.5,-0.0025233405428777412
1740,FUR-TA-10004915,"Office Impressions End Table, 20-1/2""H x 24""W x 20""D",Clustered Body,3,Risk-Oriented Profit Cluster,Risk-Oriented Profit Cluster,,,False,False,False,False,0,5801.816,-0.011518324607329844,5,False,19.45843365895841,19.45843365895841,Contain,False,none,0.5854011922455703,cluster_margin,severe,none,Severe Deterioration,1,Reroute Action,Reroute to Correct,-66.8272,-13.365440000000001,19.45843365895841,0.6,-0.0026518805926747093
1741,FUR-BO-10003034,"O'Sullivan Elevations Bookcase, Cherry Finish",Clustered Body,1,Stable Loss Cluster,Stable Loss Cluster,,,False,False,False,False,0,1912.308,-0.03561643835616438,5,False,1.3525666285321252,1.3525666285321252,Correct,False,none,0.7561420651179226,cluster_margin,moderate,none,Moderate Deterioration,1,Intensify Action,Correct — Accelerated,-68.1096,-13.62192,1.3525666285321252,0.6,-0.002702769626960839
1742,OFF-BI-10003166,GBC Plasticlear Binding Covers,Clustered Body,1,Stable Loss Cluster,Stable Loss Cluster,,,False,False,False,False,0,68.88,-0.9933333333333334,7,False,0.6368437077883051,0.6368437077883051,Correct,False,none,0.5054043395292865,cluster_margin,severe,none,Severe Deterioration,1,Reroute Action,Exit / Restructure,-68.4208,-9.7744,0.6368437077883051,1.0,-0.0027151188685935928
1743,OFF-ST-10001128,"Carina Mini System Audio Rack, Model AR050B",Clustered Body,1,Stable Loss Cluster,Stable Loss Cluster,,,False,False,False,False,0,2730.108,-0.025203252032520322,6,False,3.9665883763185037,3.9665883763185037,Correct,False,none,0.4665786717953031,cluster_margin,severe,none,Severe Deterioration,1,Reroute Action,Exit / Restructure,-68.8076,-11.467933333333333,3.9665883763185037,0.3333333333333333,-0.0027304681187977995
1744,OFF-BI-10000474,Avery Recycled Flexi-View Covers for Binding Systems,Clustered Body,1,Stable Loss Cluster,Stable Loss Cluster,,,False,False,False,False,0,197.169,-0.35284552845528455,7,False,2.6543444584136324,2.6543444584136324,Correct,False,none,0.7827447330308712,cluster_margin,severe,none,Severe Deterioration,1,Reroute Action,Exit / Restructure,-69.5702,-9.9386,2.6543444584136324,0.7142857142857143,-0.0027607301100225365
1745,FUR-BO-10002213,"Sauder Forest Hills Library, Woodland Oak Finish",Clustered Body,1,Stable Loss Cluster,Stable Loss Cluster,,,False,False,False,False,0,1875.034,-0.03759398496240601,4,False,2.937173083279256,2.937173083279256,Correct,False,none,0.7549261927864054,cluster_margin,severe,none,Severe Deterioration,1,Reroute Action,Exit / Restructure,-70.49,-17.6225,2.937173083279256,0.75,-0.0027972302143085487
1746,FUR-BO-10004360,Rush Hierlooms Collection Rich Wood Bookcases,Clustered Body,1,Stable Loss Cluster,Stable Loss Cluster,,,False,False,False,False,0,489.37919999999997,-0.14473684210526316,2,False,2.233905992222826,2.233905992222826,Correct,False,none,0.7921736867618141,cluster_margin,moderate,none,Moderate Deterioration,1,Intensify Action,Correct — Accelerated,-70.8312,-35.4156,2.233905992222826,0.5,-0.002810769935533149
1747,TEC-MA-10002694,Hewlett-Packard Deskjet F4180 All-in-One Color Ink-jet - Printer / copier / scanner,Clustered Body,1,Stable Loss Cluster,Stable Loss Cluster,,,False,False,False,False,0,101.994,-0.7,1,True,,0.0,Correct,False,none,0.46664339759355056,cluster_margin,severe,none,Severe Deterioration,1,Reroute Action,Exit / Restructure,-71.3958,-71.3958,0.0,1.0,-0.0028331747614516994
1748,OFF-ST-10001511,Space Solutions Commercial Steel Shelving,Clustered Body,0,Stable Profit Cluster,Stable Profit Cluster,,,False,False,False,False,0,1952.43,-0.03807947019867548,7,False,5.101859727712681,5.101859727712681,Protect,False,high,0.009556937897617064,cluster_margin,severe,none,High Classification Instability,2,Reassess Classification,Reassess Classification,-74.34749999999998,-10.621071428571426,5.101859727712681,0.14285714285714285,-0.002950306048493471
1749,OFF-AP-10002867,Fellowes Command Center 5-outlet power strip,Clustered Body,1,Stable Loss Cluster,Stable Loss Cluster,,,False,False,False,False,0,664.832,-0.11734693877551021,4,False,5.46419133768717,5.46419133768717,Correct,False,none,0.2721191422445915,cluster_margin,severe,none,Severe Deterioration,1,Reroute Action,Exit / Restructure,-78.016,-19.504,5.46419133768717,0.25,-0.0030958818612497625
1750,OFF-ST-10001370,Sensible Storage WireTech Storage Systems,Clustered Body,1,Stable Loss Cluster,Stable Loss Cluster,,,False,False,False,False,0,2484.3,-0.03142857142857143,8,False,4.179817352710461,4.179817352710461,Correct,False,none,0.5620942778512233,cluster_margin,severe,none,Severe Deterioration,1,Reroute Action,Exit / Restructure,-78.078,-9.75975,4.179817352710461,0.375,-0.0030983421857395783
1751,FUR-BO-10003159,"Sauder Camden County Collection Libraries, Planked Cherry Finish",Clustered Body,1,Stable Loss Cluster,Stable Loss Cluster,,,False,False,False,False,0,1909.8178,-0.04093919325707405,7,False,3.05350944136578,3.05350944136578,Correct,False,none,0.7886830256478725,cluster_margin,severe,none,Severe Deterioration,1,Reroute Action,Exit / Restructure,-78.18639999999999,-11.169485714285713,3.05350944136578,0.7142857142857143,-0.00310264378533145
1752,FUR-BO-10004690,O'Sullivan Cherrywood Estates Traditional Barrister Bookcase,Clustered Body,1,Stable Loss Cluster,Stable Loss Cluster,,,False,False,False,False,0,1072.344,-0.07307692307692307,2,False,3.13072541058465,3.13072541058465,Correct,False,none,0.8075293922583217,cluster_margin,severe,none,Severe Deterioration,1,Reroute Action,Exit / Restructure,-78.36359999999999,-39.181799999999996,3.13072541058465,0.5,-0.0031096755514539564
1753,FUR-FU-10003919,Eldon Executive Woodline II Cherry Finish Desk Accessories,Clustered Body,1,Stable Loss Cluster,Stable Loss Cluster,,,False,False,False,False,0,98.13600000000001,-0.7999999999999998,2,False,0.4683818073382898,0.4683818073382898,Correct,False,none,0.5035388965381625,cluster_margin,severe,none,Severe Deterioration,1,Reroute Action,Exit / Restructure,-78.5088,-39.2544,0.4683818073382898,1.0,-0.003115437472678493
1754,FUR-BO-10001337,O'Sullivan Living Dimensions 2-Shelf Bookcases,Clustered Body,1,Stable Loss Cluster,Stable Loss Cluster,,,False,False,False,False,0,2970.059,-0.026476578411405292,10,False,3.08366036842937,3.08366036842937,Correct,False,none,0.799313888850822,cluster_margin,severe,none,Severe Deterioration,1,Reroute Action,Exit / Restructure,-78.637,-7.8637,3.08366036842937,0.7,-0.003120524788800984
1755,FUR-CH-10001146,"Global Task Chair, Black",Clustered Body,1,Stable Loss Cluster,Stable Loss Cluster,,,False,False,False,False,0,463.099,-0.17362637362637362,5,False,0.5112613255280308,0.5112613255280308,Correct,False,none,0.5041473051037603,cluster_margin,severe,none,Severe Deterioration,1,Reroute Action,Exit / Restructure,-80.4062,-16.08124,0.5112613255280308,1.0,-0.003190731338597475
1756,FUR-BO-10003433,Sauder Cornerstone Collection Library,Clustered Body,1,Stable Loss Cluster,Stable Loss Cluster,,,False,False,False,False,0,322.192,-0.2519230769230769,3,False,1.0676379314128446,1.0676379314128446,Correct,False,none,0.7026482378771187,cluster_margin,severe,none,Severe Deterioration,1,Reroute Action,Exit / Restructure,-81.1676,-27.055866666666663,1.0676379314128446,0.6666666666666666,-0.0032209457106385383
1757,OFF-BI-10002133,"Wilson Jones Elliptical Ring 3 1/2"" Capacity Binders, 800 sheets",Clustered Body,1,Stable Loss Cluster,Stable Loss Cluster,,,False,False,False,False,0,834.6,-0.09846153846153845,8,False,6.733549661575562,6.733549661575562,Correct,False,none,0.41862528812830624,cluster_margin,severe,none,Severe Deterioration,1,Reroute Action,Exit / Restructure,-82.17599999999999,-10.271999999999998,6.733549661575562,0.625,-0.0032609616979858034
1758,OFF-BI-10001575,GBC Linen Binding Covers,Clustered Body,1,Stable Loss Cluster,Stable Loss Cluster,,,False,False,False,False,0,207.566,-0.3970149253731343,6,False,2.277752518076941,2.277752518076941,Correct,False,none,0.8216314482237004,cluster_margin,severe,none,Severe Deterioration,1,Reroute Action,Exit / Restructure,-82.4068,-13.734466666666668,2.277752518076941,0.6666666666666666,-0.0032701204543124094
1759,TEC-PH-10003555,Motorola HK250 Universal Bluetooth Headset,Clustered Body,1,Stable Loss Cluster,Stable Loss Cluster,,,False,False,False,False,0,832.238,-0.10994475138121547,9,False,1.077593964740538,1.077593964740538,Correct,False,none,0.7000431500247943,cluster_margin,severe,none,Severe Deterioration,1,Reroute Action,Exit / Restructure,-91.5002,-10.16668888888889,1.077593964740538,0.6666666666666666,-0.0036309706916622937
1760,FUR-BO-10003450,"Bush Westfield Collection Bookcases, Dark Cherry Finish",Clustered Body,1,Stable Loss Cluster,Stable Loss Cluster,,,False,False,False,False,0,649.376,-0.15000000000000002,3,False,2.9598512596420234,2.9598512596420234,Correct,False,none,0.4842970872430565,cluster_margin,severe,none,Severe Deterioration,1,Reroute Action,Exit / Restructure,-97.4064,-32.4688,2.9598512596420234,0.3333333333333333,-0.0038653443771744112
1761,OFF-BI-10001098,Acco D-Ring Binder w/DublLock,Clustered Body,1,Stable Loss Cluster,Stable Loss Cluster,,,False,False,False,False,0,235.18,-0.43727272727272726,9,False,1.8308412595910015,1.8308412595910015,Correct,False,none,0.6916993590341616,cluster_margin,severe,none,Severe Deterioration,1,Reroute Action,Exit / Restructure,-102.8378,-11.426422222222222,1.8308412595910015,0.7777777777777778,-0.004080876739012905
1762,FUR-BO-10003893,Sauder Camden County Collection Library,Clustered Body,1,Stable Loss Cluster,Stable Loss Cluster,,,False,False,False,False,0,1368.2620000000002,-0.07563025210084033,2,False,2.3455386069116444,2.3455386069116444,Correct,False,none,0.7193543726256475,cluster_margin,moderate,none,Moderate Deterioration,1,Intensify Action,Correct — Accelerated,-103.482,-51.741,2.3455386069116444,0.5,-0.004106440304115154
1763,OFF-ST-10002790,Safco Industrial Shelving,Clustered Body,1,Stable Loss Cluster,Stable Loss Cluster,,,False,False,False,False,0,827.12,-0.12589285714285714,5,False,1.3168153066590405,1.3168153066590405,Correct,False,none,0.7525554086584119,cluster_margin,moderate,none,Moderate Deterioration,1,Intensify Action,Correct — Accelerated,-104.1285,-20.8257,1.3168153066590405,0.6,-0.004132095139319445
1764,FUR-TA-10004152,"Barricks 18"" x 48"" Non-Folding Utility Table with Bottom Storage Shelf",Clustered Body,1,Stable Loss Cluster,Stable Loss Cluster,,,False,False,False,False,0,1088.64,-0.09629629629629628,5,False,1.2343459915087387,1.2343459915087387,Correct,False,none,0.6455222329650541,cluster_margin,severe,none,Severe Deterioration,1,Reroute Action,Exit / Restructure,-104.832,-20.9664,1.2343459915087387,0.8,-0.004160011885748245
1765,OFF-ST-10002554,Tennsco Industrial Shelving,Clustered Body,1,Stable Loss Cluster,Stable Loss Cluster,,,False,False,False,False,0,1281.442,-0.08473282442748092,9,False,1.4696873047459538,1.4696873047459538,Correct,False,none,0.7623938811541474,cluster_margin,moderate,none,Moderate Deterioration,1,Intensify Action,Correct — Accelerated,-108.5802,-12.064466666666668,1.4696873047459538,0.5555555555555556,-0.004308750405953541
1766,OFF-ST-10002344,"Carina 42""Hx23 3/4""W Media Storage Unit",Clustered Body,1,Stable Loss Cluster,Stable Loss Cluster,,,False,False,False,False,0,1635.796,-0.06732673267326733,8,False,1.781105265859303,1.781105265859303,Correct,False,none,0.7657430445859221,cluster_margin,moderate,none,Moderate Deterioration,1,Intensify Action,Correct — Accelerated,-110.1328,-13.7666,1.781105265859303,0.5,-0.004370361693096901
1767,FUR-FU-10003773,Eldon Cleatmat Plus Chair Mats for High Pile Carpets,Clustered Body,1,Stable Loss Cluster,Stable Loss Cluster,,,False,False,False,False,0,1304.128,-0.08536585365853662,5,False,4.427603470198138,4.427603470198138,Correct,False,none,0.6137928297957376,cluster_margin,severe,none,Severe Deterioration,1,Reroute Action,Exit / Restructure,-111.32800000000003,-22.265600000000006,4.427603470198138,0.4,-0.004417790400036065
1768,FUR-BO-10002202,"Atlantic Metals Mobile 2-Shelf Bookcases, Custom Colors",Clustered Body,1,Stable Loss Cluster,Stable Loss Cluster,,,False,False,False,False,0,400.0268,-0.28313253012048195,2,False,1.048447647453497,1.048447647453497,Correct,False,none,0.5163089455699176,cluster_margin,severe,none,Severe Deterioration,1,Reroute Action,Exit / Restructure,-113.2606,-56.6303,1.048447647453497,1.0,-0.004494481095342812
1769,OFF-AP-10001947,Acco 6 Outlet Guardian Premium Plus Surge Suppressor,Clustered Body,1,Stable Loss Cluster,Stable Loss Cluster,,,False,False,False,False,0,289.456,-0.3930379746835443,6,False,2.3467208435619193,2.3467208435619193,Correct,False,none,0.8401336918349509,cluster_margin,moderate,none,Moderate Deterioration,1,Intensify Action,Correct — Accelerated,-113.7672,-18.9612,2.3467208435619193,0.5,-0.004514584327383792
1770,FUR-CH-10001714,"Global Leather & Oak Executive Chair, Burgundy",Clustered Body,1,Stable Loss Cluster,Stable Loss Cluster,,,False,False,False,False,0,1689.968,-0.06785714285714285,5,False,2.1573674227363475,2.1573674227363475,Correct,False,none,0.6907741097019521,cluster_margin,severe,none,Severe Deterioration,1,Reroute Action,Exit / Restructure,-114.6764,-22.93528,2.1573674227363475,0.8,-0.004550663795547353
1771,FUR-TA-10004607,Hon 2111 Invitation Series Straight Table,Clustered Body,1,Stable Loss Cluster,Stable Loss Cluster,,,False,False,False,False,0,2040.054,-0.056521739130434775,7,False,3.713344304751273,3.713344304751273,Correct,False,none,0.6570774160390601,cluster_margin,severe,none,Severe Deterioration,1,Reroute Action,Exit / Restructure,-115.30739999999999,-16.472485714285714,3.713344304751273,0.8571428571428571,-0.004575703549629189
1772,FUR-BO-10000112,"Bush Birmingham Collection Bookcase, Dark Cherry",Clustered Body,1,Stable Loss Cluster,Stable Loss Cluster,,,False,False,False,False,0,825.174,-0.14285714285714288,1,True,,0.0,Correct,False,none,0.4184162552941762,cluster_margin,severe,none,Severe Deterioration,1,Reroute Action,Exit / Restructure,-117.882,-117.882,0.0,1.0,-0.004677870508201452
1773,TEC-PH-10003580,Cisco IP Phone 7961G-GE VoIP phone,Clustered Body,1,Stable Loss Cluster,Stable Loss Cluster,,,False,False,False,False,0,2252.432,-0.05288461538461539,4,False,3.14357523072901,3.14357523072901,Correct,False,none,0.7465464186489644,cluster_margin,severe,none,Severe Deterioration,1,Reroute Action,Exit / Restructure,-119.119,-29.77975,3.14357523072901,0.75,-0.004726957950038587
1774,OFF-AP-10000055,Belkin F9S820V06 8 Outlet Surge,Clustered Body,1,Stable Loss Cluster,Stable Loss Cluster,,,False,False,False,False,0,266.33599999999996,-0.45121951219512196,4,False,2.7421015859432334,2.7421015859432334,Correct,False,none,0.837081914240516,cluster_margin,severe,none,Severe Deterioration,1,Reroute Action,Exit / Restructure,-120.17599999999999,-30.043999999999997,2.7421015859432334,0.5,-0.004768902514324644
1775,OFF-ST-10001418,Carina Media Storage Towers in Natural & Black,Clustered Body,1,Stable Loss Cluster,Stable Loss Cluster,,,False,False,False,False,0,1073.248,-0.11363636363636363,5,False,1.1295400991896276,1.1295400991896276,Correct,False,none,0.7214648366043953,cluster_margin,moderate,none,Moderate Deterioration,1,Intensify Action,Correct — Accelerated,-121.96000000000001,-24.392000000000003,1.1295400991896276,0.6,-0.004839696367386447
1776,FUR-FU-10000723,"Deflect-o EconoMat Studded, No Bevel Mat for Low Pile Carpeting",Clustered Body,1,Stable Loss Cluster,Stable Loss Cluster,,,False,False,False,False,0,1115.6399999999999,-0.11222222222222224,9,False,2.962367759744507,2.962367759744507,Correct,False,none,0.7576158171867724,cluster_margin,severe,none,Severe Deterioration,1,Reroute Action,Exit / Restructure,-125.1996,-13.911066666666667,2.962367759744507,0.4444444444444444,-0.004968252290244639
1777,FUR-BO-10001601,"Sauder Mission Library with Doors, Fruitwood Finish",Clustered Body,1,Stable Loss Cluster,Stable Loss Cluster,,,False,False,False,False,0,935.1972,-0.13445378151260506,3,False,1.62030690186383,1.62030690186383,Correct,False,none,0.726920769125778,cluster_margin,severe,none,Severe Deterioration,1,Reroute Action,Exit / Restructure,-125.74080000000001,-41.9136,1.62030690186383,0.6666666666666666,-0.0049897285420815495
1778,FUR-BO-10002613,"Atlantic Metals Mobile 4-Shelf Bookcases, Custom Colors",Clustered Body,3,Risk-Oriented Profit Cluster,Risk-Oriented Profit Cluster,,,False,False,False,False,0,5184.081,-0.02439024390243903,6,False,17.821530353430305,17.821530353430305,Contain,False,none,0.625720549967234,cluster_margin,severe,none,Severe Deterioration,1,Reroute Action,Reroute to Correct,-126.44100000000003,-21.073500000000006,17.821530353430305,0.16666666666666666,-0.005017514335755246
1779,OFF-ST-10003656,Safco Industrial Wire Shelving,Clustered Body,1,Stable Loss Cluster,Stable Loss Cluster,,,False,False,False,False,0,1363.058,-0.09295774647887324,5,False,1.1256161606036432,1.1256161606036432,Correct,False,none,0.6374128165544675,cluster_margin,severe,none,Severe Deterioration,1,Reroute Action,Exit / Restructure,-126.7068,-25.34136,1.1256161606036432,0.8,-0.005028061984939005
1780,TEC-PH-10002200,Samsung Galaxy Note 2,Clustered Body,1,Stable Loss Cluster,Stable Loss Cluster,,,False,False,False,False,0,4507.902,-0.028571428571428567,2,False,7.0433608556955685,7.0433608556955685,Correct,False,none,0.30468977405764447,cluster_margin,severe,none,Severe Deterioration,1,Reroute Action,Exit / Restructure,-128.79719999999998,-64.39859999999999,7.0433608556955685,0.5,-0.005111014602898864
1781,FUR-FU-10000193,Tenex Chairmats For Use with Hard Floors,Clustered Body,1,Stable Loss Cluster,Stable Loss Cluster,,,False,False,False,False,0,467.712,-0.27777777777777773,6,False,1.7386585960717678,1.7386585960717678,Correct,False,none,0.7690931952425755,cluster_margin,severe,none,Severe Deterioration,1,Reroute Action,Exit / Restructure,-129.92,-21.653333333333332,1.7386585960717678,0.6666666666666666,-0.005155570285756372
1782,FUR-CH-10001482,Office Star - Mesh Screen back chair with Vinyl seat,Clustered Body,1,Stable Loss Cluster,Stable Loss Cluster,,,False,False,False,False,0,2200.464,-0.059523809523809534,7,False,3.031186577774146,3.031186577774146,Correct,False,none,0.9127773635427885,cluster_margin,severe,none,Severe Deterioration,1,Reroute Action,Exit / Restructure,-130.98000000000002,-18.711428571428574,3.031186577774146,0.5714285714285714,-0.005197633898001614
1783,FUR-CH-10003833,Novimex Fabric Task Chair,Clustered Body,1,Stable Loss Cluster,Stable Loss Cluster,,,False,False,False,False,0,1890.3799999999999,-0.06935483870967743,9,False,1.7660537761449808,1.7660537761449808,Correct,False,none,0.6103833796185003,cluster_margin,severe,none,Severe Deterioration,1,Reroute Action,Exit / Restructure,-131.107,-14.567444444444444,1.7660537761449808,0.8888888888888888,-0.00520267359494043
1784,FUR-BO-10000468,O'Sullivan 2-Shelf Heavy-Duty Bookcases,Clustered Body,1,Stable Loss Cluster,Stable Loss Cluster,,,False,False,False,False,0,723.842,-0.18389261744966443,6,False,3.588349109953941,3.588349109953941,Correct,False,none,0.8249005747417497,cluster_margin,severe,none,Severe Deterioration,1,Reroute Action,Exit / Restructure,-133.1092,-22.184866666666665,3.588349109953941,0.5,-0.0052821262029002615
1785,FUR-CH-10003956,Novimex High-Tech Fabric Mesh Task Chair,Clustered Body,1,Stable Loss Cluster,Stable Loss Cluster,,,False,False,False,False,0,922.74,-0.14461538461538462,4,False,1.01489871718067,1.01489871718067,Correct,False,none,0.6522201620911655,cluster_margin,severe,none,Severe Deterioration,1,Reroute Action,Exit / Restructure,-133.4424,-33.3606,1.01489871718067,0.75,-0.00529534846290037
1786,FUR-TA-10002622,"Bush Andora Conference Table, Maple/Graphite Gray Finish",Clustered Body,1,Stable Loss Cluster,Stable Loss Cluster,,,False,False,False,False,0,1436.232,-0.1,4,False,1.0170948493508696,1.0170948493508696,Correct,False,none,0.6487350943225637,cluster_margin,severe,none,Severe Deterioration,1,Reroute Action,Exit / Restructure,-143.6232,-35.9058,1.0170948493508696,0.75,-0.005699349617189382
1787,FUR-TA-10001676,Hon 61000 Series Interactive Training Tables,Clustered Body,1,Stable Loss Cluster,Stable Loss Cluster,,,False,False,False,False,0,653.121,-0.22721088435374148,9,False,0.9300217396259556,0.9300217396259556,Correct,False,none,0.5209300286392304,cluster_margin,severe,none,Severe Deterioration,1,Reroute Action,Exit / Restructure,-148.3962,-16.488466666666667,0.9300217396259556,1.0,-0.005888754920252153
1788,FUR-CH-10001190,Global Deluxe High-Back Office Chair in Storm,Clustered Body,1,Stable Loss Cluster,Stable Loss Cluster,,,False,False,False,False,0,1087.92,-0.13749999999999998,3,False,0.34465911906725377,0.34465911906725377,Correct,False,none,0.4961486708432122,cluster_margin,severe,none,Severe Deterioration,1,Reroute Action,Exit / Restructure,-149.589,-49.863,0.34465911906725377,1.0,-0.005936088388823968
1789,FUR-CH-10002044,"Office Star - Contemporary Task Swivel chair with 2-way adjustable arms, Plum",Clustered Body,1,Stable Loss Cluster,Stable Loss Cluster,,,False,False,False,False,0,694.194,-0.2283018867924528,2,False,0.1980579960373049,0.1980579960373049,Correct,False,none,0.46876486740016043,cluster_margin,severe,none,Severe Deterioration,1,Reroute Action,Exit / Restructure,-158.48579999999998,-79.24289999999999,0.1980579960373049,1.0,-0.006289137016581951
1790,FUR-TA-10004534,Bevis 44 x 96 Conference Tables,Clustered Body,1,Stable Loss Cluster,Stable Loss Cluster,,,False,False,False,False,0,3253.2200000000003,-0.05063291139240507,5,False,7.542754053916201,7.542754053916201,Correct,False,none,0.13569162279209823,cluster_margin,severe,none,Severe Deterioration,1,Reroute Action,Exit / Restructure,-164.72000000000003,-32.944,7.542754053916201,0.4,-0.006536526612298258
1791,TEC-MA-10003589,Cisco 8961 IP Phone Charcoal,Clustered Body,1,Stable Loss Cluster,Stable Loss Cluster,,,False,False,False,False,0,224.937,-0.7333333333333333,1,True,,0.0,Correct,False,none,0.3603032073925602,cluster_margin,severe,none,Severe Deterioration,1,Reroute Action,Exit / Restructure,-164.9538,-164.9538,0.0,1.0,-0.006545804416584047
1792,FUR-CH-10000225,"Global Geo Office Task Chair, Gray",Clustered Body,1,Stable Loss Cluster,Stable Loss Cluster,,,False,False,False,False,0,1757.266,-0.0944700460829493,7,False,1.6244809646789238,1.6244809646789238,Correct,False,none,0.6236806016884308,cluster_margin,severe,none,Severe Deterioration,1,Reroute Action,Exit / Restructure,-166.009,-23.715571428571426,1.6244809646789238,0.8571428571428571,-0.006587677552094592
1793,OFF-ST-10001097,Office Impressions Heavy Duty Welded Shelving & Multimedia Storage Drawers,Clustered Body,1,Stable Loss Cluster,Stable Loss Cluster,,,False,False,False,False,0,3178.13,-0.052631578947368425,5,False,2.2192626893439233,2.2192626893439233,Correct,False,high,0.03589801849953671,cluster_margin,moderate,none,High Classification Instability,2,Reassess Classification,Reassess Classification,-167.27,-33.454,2.2192626893439233,0.2,-0.006637717377605206
1794,FUR-BO-10004357,O'Sullivan Living Dimensions 3-Shelf Bookcases,Clustered Body,1,Stable Loss Cluster,Stable Loss Cluster,,,False,False,False,False,0,2904.161,-0.05882352941176469,4,False,3.635599990378189,3.635599990378189,Correct,False,none,0.709424982059906,cluster_margin,severe,none,Severe Deterioration,1,Reroute Action,Exit / Restructure,-170.83299999999997,-42.70824999999999,3.635599990378189,0.75,-0.006779106670463502
1795,TEC-MA-10004521,Epson Perfection V600 Photo Scanner,Clustered Body,1,Stable Loss Cluster,Stable Loss Cluster,,,False,False,False,False,0,206.991,-0.8333333333333333,1,True,,0.0,Correct,False,none,0.3512210042556845,cluster_margin,severe,none,Severe Deterioration,1,Reroute Action,Exit / Restructure,-172.4925,-172.4925,0.0,1.0,-0.0068449600332191425
1796,OFF-ST-10001522,"Gould Plastics 18-Pocket Panel Bin, 34w x 5-1/4d x 20-1/2h",Clustered Body,1,Stable Loss Cluster,Stable Loss Cluster,,,False,False,False,False,0,2299.75,-0.0752,10,False,1.5410906000072573,1.5410906000072573,Correct,False,none,0.753443567828082,cluster_margin,moderate,none,Moderate Deterioration,1,Intensify Action,Correct — Accelerated,-172.9412,-17.29412,1.5410906000072573,0.6,-0.00686276563964786
1797,FUR-FU-10002298,"Rubbermaid ClusterMat Chairmats, Mat Size- 66"" x 60"", Lip 20"" x 11"" -90 Degree Angle",Clustered Body,1,Stable Loss Cluster,Stable Loss Cluster,,,False,False,False,False,0,2064.228,-0.08387096774193548,5,False,4.4166083298808925,4.4166083298808925,Correct,False,none,0.7494158234952509,cluster_margin,severe,none,Severe Deterioration,1,Reroute Action,Exit / Restructure,-173.12879999999998,-34.62576,4.4166083298808925,0.6,-0.006870210105362205
1798,OFF-AP-10004233,Honeywell Enviracaire Portable Air Cleaner for up to 8 x 10 Room,Clustered Body,1,Stable Loss Cluster,Stable Loss Cluster,,,False,False,False,False,0,299.20799999999997,-0.5923076923076924,2,False,2.1793722317491966,2.1793722317491966,Correct,False,none,0.539912420405137,cluster_margin,moderate,none,Moderate Deterioration,1,Intensify Action,Correct — Accelerated,-177.22320000000002,-88.61160000000001,2.1793722317491966,0.5,-0.007032686760057411
1799,FUR-TA-10004175,"Hon 30"" x 60"" Table with Locking Drawer",Clustered Body,1,Stable Loss Cluster,Stable Loss Cluster,,,False,False,False,False,0,1296.028,-0.1368421052631579,3,False,1.3066102894390907,1.3066102894390907,Correct,False,none,0.6447816417276622,cluster_margin,severe,none,Severe Deterioration,1,Reroute Action,Exit / Restructure,-177.3512,-59.117066666666666,1.3066102894390907,0.6666666666666666,-0.007037766139649288
1800,OFF-ST-10004804,"Belkin 19"" Vented Equipment Shelf, Black",Clustered Body,1,Stable Loss Cluster,Stable Loss Cluster,,,False,False,False,False,0,1400.2559999999999,-0.12830882352941178,10,False,1.1227506013462862,1.1227506013462862,Correct,False,none,0.6996899222642361,cluster_margin,moderate,none,Moderate Deterioration,1,Intensify Action,Correct — Accelerated,-179.6652,-17.96652,1.1227506013462862,0.6,-0.007129591798833711
1801,FUR-TA-10001095,Chromcraft Round Conference Tables,Clustered Body,3,Risk-Oriented Profit Cluster,Risk-Oriented Profit Cluster,,,False,False,False,False,0,8209.059,-0.02314225053078556,13,False,9.598807451039225,9.598807451039225,Contain,False,none,0.3883151432892867,cluster_margin,severe,none,Severe Deterioration,1,Reroute Action,Reroute to Correct,-189.97609999999997,-14.613546153846151,9.598807451039225,0.5384615384615384,-0.007538755666286029
1802,FUR-BO-10001567,"Bush Westfield Collection Bookcases, Dark Cherry Finish, Fully Assembled",Clustered Body,1,Stable Loss Cluster,Stable Loss Cluster,,,False,False,False,False,0,90.882,-2.1,1,True,,0.0,Correct,False,none,0.3298160806155616,cluster_margin,severe,none,Severe Deterioration,1,Reroute Action,Exit / Restructure,-190.8522,-190.8522,0.0,1.0,-0.007573521638633254
1803,FUR-BO-10003546,Hon 4-Shelf Metal Bookcases,Clustered Body,1,Stable Loss Cluster,Stable Loss Cluster,,,False,False,False,False,0,1474.308,-0.13013698630136988,4,False,4.5678107629004945,4.5678107629004945,Correct,False,none,0.6646677904446763,cluster_margin,severe,none,Severe Deterioration,1,Reroute Action,Exit / Restructure,-191.86200000000002,-47.965500000000006,4.5678107629004945,0.5,-0.007613593181694806
1804,FUR-TA-10002903,"Bevis Round Bullnose 29"" High Table Top",Clustered Body,1,Stable Loss Cluster,Stable Loss Cluster,,,False,False,False,False,0,4544.925,-0.04228571428571429,5,False,6.323746079947117,6.323746079947117,Correct,False,none,0.49284476756643414,cluster_margin,severe,none,Severe Deterioration,1,Reroute Action,Exit / Restructure,-192.18540000000002,-38.43708,6.323746079947117,0.6,-0.007626426551694911
1805,FUR-CH-10000513,High-Back Leather Manager's Chair,Clustered Body,1,Stable Loss Cluster,Stable Loss Cluster,,,False,False,False,False,0,4770.633,-0.041416893732970035,9,False,4.067919041172496,4.067919041172496,Correct,False,none,0.756246202889699,cluster_margin,severe,none,Severe Deterioration,1,Reroute Action,Exit / Restructure,-197.58480000000003,-21.95386666666667,4.067919041172496,0.6666666666666666,-0.007840689068635436
1806,OFF-BI-10002429,"Premier Elliptical Ring Binder, Black",Clustered Body,1,Stable Loss Cluster,Stable Loss Cluster,,,False,False,False,False,0,526.6120000000001,-0.3826589595375721,9,False,2.2595865276724463,2.2595865276724463,Correct,False,none,0.6170542333119455,cluster_margin,severe,none,Severe Deterioration,1,Reroute Action,Exit / Restructure,-201.51279999999997,-22.390311111111107,2.2595865276724463,0.8888888888888888,-0.007996562529861195
1807,FUR-TA-10002774,Laminate Occasional Tables,Clustered Body,1,Stable Loss Cluster,Stable Loss Cluster,,,False,False,False,False,0,2096.168,-0.09852941176470588,3,False,1.1539617393124821,1.1539617393124821,Correct,False,none,0.5059509796908748,cluster_margin,severe,none,Severe Deterioration,1,Reroute Action,Exit / Restructure,-206.5342,-68.84473333333334,1.1539617393124821,1.0,-0.008195825003944456
1808,FUR-BO-10004218,"Bush Heritage Pine Collection 5-Shelf Bookcase, Albany Pine Finish, *Special Order",Clustered Body,1,Stable Loss Cluster,Stable Loss Cluster,,,False,False,False,False,0,3626.0056,-0.05754276827371695,8,False,3.380709646405496,3.380709646405496,Correct,False,none,0.5743548201072204,cluster_margin,severe,none,Severe Deterioration,1,Reroute Action,Exit / Restructure,-208.6504,-26.0813,3.380709646405496,0.375,-0.008279801434353305
1809,TEC-PH-10002789,LG Exalt,Clustered Body,1,Stable Loss Cluster,Stable Loss Cluster,,,False,False,False,False,0,1154.326,-0.1837837837837838,3,False,1.2258371776351482,1.2258371776351482,Correct,False,none,0.5984997552131562,cluster_margin,severe,none,Severe Deterioration,1,Reroute Action,Exit / Restructure,-212.14640000000003,-70.71546666666667,1.2258371776351482,0.6666666666666666,-0.008418531989456478
1810,FUR-TA-10001857,Balt Solid Wood Rectangular Table,Clustered Body,1,Stable Loss Cluster,Stable Loss Cluster,,,False,False,False,False,0,828.0965,-0.2611464968152866,4,False,1.1167185432065228,1.1167185432065228,Correct,False,none,0.6139144797404154,cluster_margin,severe,none,Severe Deterioration,1,Reroute Action,Exit / Restructure,-216.2545,-54.063625,1.1167185432065228,0.75,-0.008581552296498625
1811,FUR-CH-10003396,Global Deluxe Steno Chair,Clustered Body,1,Stable Loss Cluster,Stable Loss Cluster,,,False,False,False,False,0,1770.54,-0.12217391304347827,10,False,0.8356043693844232,0.8356043693844232,Correct,False,none,0.6034694050056811,cluster_margin,severe,none,Severe Deterioration,1,Reroute Action,Exit / Restructure,-216.31380000000001,-21.63138,0.8356043693844232,0.8,-0.008583905477825175
1812,OFF-ST-10004123,Safco Industrial Wire Shelving System,Clustered Body,1,Stable Loss Cluster,Stable Loss Cluster,,,False,False,False,False,0,2511.0480000000002,-0.08695652173913043,8,False,1.6179759201446953,1.6179759201446953,Correct,False,none,0.6775812916375187,cluster_margin,moderate,none,Moderate Deterioration,1,Intensify Action,Correct — Accelerated,-218.352,-27.294,1.6179759201446953,0.5,-0.008664786661295222
1813,FUR-FU-10002116,"Tenex Carpeted, Granite-Look or Clear Contemporary Contour Shape Chair Mats",Clustered Body,1,Stable Loss Cluster,Stable Loss Cluster,,,False,False,False,False,0,763.668,-0.2916666666666667,5,False,1.9790534566080829,1.9790534566080829,Correct,False,none,0.5427107058772623,cluster_margin,moderate,none,Moderate Deterioration,1,Intensify Action,Correct — Accelerated,-222.7365,-44.5473,1.9790534566080829,0.4,-0.008838775253643582
1814,FUR-TA-10001039,KI Adjustable-Height Table,Clustered Body,1,Stable Loss Cluster,Stable Loss Cluster,,,False,False,False,False,0,2764.257,-0.0818040435458787,11,False,4.228721353571931,4.228721353571931,Correct,False,none,0.7352205727708873,cluster_margin,severe,none,Severe Deterioration,1,Reroute Action,Exit / Restructure,-226.1274,-20.557036363636364,4.228721353571931,0.5454545454545454,-0.008973335161909986
1815,FUR-CH-10001973,Office Star Flex Back Scooter Chair with White Frame,Clustered Body,1,Stable Loss Cluster,Stable Loss Cluster,,,False,False,False,False,0,1775.68,-0.12875,7,False,1.0879040659810353,1.0879040659810353,Correct,False,none,0.6474927686157279,cluster_margin,severe,none,Severe Deterioration,1,Reroute Action,Exit / Restructure,-228.61880000000002,-32.65982857142858,1.0879040659810353,0.7142857142857143,-0.009072200523747529
1816,FUR-TA-10004575,Hon 5100 Series Wood Tables,Clustered Body,1,Stable Loss Cluster,Stable Loss Cluster,,,False,False,False,False,0,5965.09,-0.04,7,False,7.999630967218528,7.999630967218528,Correct,False,watch,0.0978833668182346,cluster_margin,severe,none,Severe Deterioration,2,Reroute Action,Exit / Restructure,-238.6036,-34.08622857142857,7.999630967218528,0.5714285714285714,-0.009468423878036477
1817,OFF-BI-10004224,Catalog Binders with Expanding Posts,Clustered Body,1,Stable Loss Cluster,Stable Loss Cluster,,,False,False,False,False,0,1089.936,-0.22222222222222224,8,False,3.635048325590865,3.635048325590865,Correct,False,none,0.7524527431403387,cluster_margin,severe,none,Severe Deterioration,1,Reroute Action,Exit / Restructure,-242.208,-30.276,3.635048325590865,0.625,-0.009611456032731521
1818,FUR-CH-10004860,Global Low Back Tilter Chair,Clustered Body,1,Stable Loss Cluster,Stable Loss Cluster,,,False,False,False,False,0,1746.9540000000002,-0.14104046242774565,8,False,0.9689005162383342,0.9689005162383342,Correct,False,none,0.5696507785517086,cluster_margin,severe,none,Severe Deterioration,1,Reroute Action,Exit / Restructure,-246.3912,-30.7989,0.9689005162383342,0.875,-0.00977745650701859
1819,TEC-MA-10003337,Okidata B401 Printer,Extreme Tail,Unclustered,Loss Tail,,Loss Tail,material_negative_profit_scale,False,True,False,False,1,179.991,-1.4,1,True,,0.0,Correct,False,high,0.009999528570081628,distance_to_zero_profit_boundary,severe,none,High Classification Instability,2,Reassess Classification,Reassess Classification,-251.9874,-251.9874,0.0,1.0,-0.009999528570081628
1820,TEC-MA-10003353,Xerox WorkCentre 6505DN Laser Multifunction Printer,Extreme Tail,Unclustered,Loss Tail,,Loss Tail,material_negative_profit_scale,False,True,False,False,1,2519.958,-0.09999999999999999,1,True,,0.0,Correct,False,high,0.009999861904367345,distance_to_zero_profit_boundary,severe,none,High Classification Instability,2,Reassess Classification,Reassess Classification,-251.9958,-251.9958,0.0,1.0,-0.009999861904367345
1821,FUR-FU-10002918,Eldon ClusterMat Chair Mat with Cordless Antistatic Protection,Clustered Body,1,Stable Loss Cluster,Stable Loss Cluster,,,False,False,False,False,0,1200.936,-0.21363636363636365,5,False,2.8603959241265615,2.8603959241265615,Correct,False,none,0.5526348673718626,cluster_margin,severe,none,Severe Deterioration,1,Reroute Action,Exit / Restructure,-256.5636,-51.31272,2.8603959241265615,0.4,-0.010181124327021887
1822,OFF-SU-10000151,High Speed Automatic Electric Letter Opener,Clustered Body,1,Stable Loss Cluster,Stable Loss Cluster,,,False,False,False,False,0,17030.311999999998,-0.015384615384615389,3,False,6.948524602490022,6.948524602490022,Correct,False,none,0.2241359053244449,cluster_margin,severe,none,Severe Deterioration,1,Reroute Action,Exit / Restructure,-262.00480000000005,-87.33493333333335,6.948524602490022,0.3333333333333333,-0.010397045578860386
1823,FUR-FU-10004904,"Eldon ""L"" Workstation Diamond Chairmat",Clustered Body,1,Stable Loss Cluster,Stable Loss Cluster,,,False,False,False,False,0,1002.936,-0.2666666666666666,4,False,1.1527163951649269,1.1527163951649269,Correct,False,none,0.5012366634414898,cluster_margin,severe,none,Severe Deterioration,1,Reroute Action,Exit / Restructure,-267.4496,-66.8624,1.1527163951649269,1.0,-0.010613109688249902
1824,TEC-MA-10001856,Okidata C610n Printer,Extreme Tail,Unclustered,Loss Tail,,Loss Tail,material_negative_profit_scale,False,True,False,False,1,649.0,-0.42,1,True,,0.0,Correct,False,watch,0.01081669757151687,distance_to_zero_profit_boundary,severe,none,Severe Deterioration,2,Reroute Action,Exit / Restructure,-272.58,-272.58,0.0,1.0,-0.01081669757151687
1825,FUR-BO-10003965,O'Sullivan Manor Hill 2-Door Library in Brianna Oak,Clustered Body,1,Stable Loss Cluster,Stable Loss Cluster,,,False,False,False,False,0,1646.918,-0.17362637362637362,4,False,0.579124476598878,0.579124476598878,Correct,False,none,0.47874497299352864,cluster_margin,severe,none,Severe Deterioration,1,Reroute Action,Exit / Restructure,-285.9484,-71.4871,0.579124476598878,1.0,-0.011347191150704875
1826,FUR-BO-10002268,Sauder Barrister Bookcases,Clustered Body,1,Stable Loss Cluster,Stable Loss Cluster,,,False,False,False,False,0,754.7336,-0.3905579399141631,3,False,1.328208354634412,1.328208354634412,Correct,False,none,0.4689286419812193,cluster_margin,severe,none,Severe Deterioration,1,Reroute Action,Exit / Restructure,-294.7672,-98.25573333333334,1.328208354634412,1.0,-0.011697144531524059
1827,FUR-TA-10002645,Hon Rectangular Conference Tables,Clustered Body,1,Stable Loss Cluster,Stable Loss Cluster,,,False,False,False,False,0,3481.5150000000003,-0.0849673202614379,4,False,5.02870906680522,5.02870906680522,Correct,False,none,0.5412782646080302,cluster_margin,severe,none,Severe Deterioration,1,Reroute Action,Exit / Restructure,-295.815,-73.95375,5.02870906680522,0.75,-0.01173872401540195
1828,OFF-BI-10004632,Ibico Hi-Tech Manual Binding System,Clustered Body,3,Risk-Oriented Profit Cluster,Risk-Oriented Profit Cluster,,,False,False,False,False,0,5398.323,-0.05649717514124294,11,False,12.257064228523722,12.257064228523722,Contain,False,none,0.6514088534873049,cluster_margin,severe,none,Severe Deterioration,1,Reroute Action,Reroute to Correct,-304.99,-27.726363636363637,12.257064228523722,0.45454545454545453,-0.012102812357241656
1829,TEC-MA-10000904,"Brother MFC-9340CDW LED All-In-One Printer, Copier Scanner",Extreme Tail,Unclustered,Loss Tail,,Loss Tail,material_negative_profit_scale,False,True,False,False,1,341.991,-0.9333333333333333,1,True,,0.0,Correct,False,watch,0.012666369522960541,distance_to_zero_profit_boundary,severe,none,Severe Deterioration,2,Reroute Action,Exit / Restructure,-319.1916,-319.1916,0.0,1.0,-0.012666369522960541
1830,OFF-AP-10000390,Euro Pro Shark Stick Mini Vacuum,Clustered Body,1,Stable Loss Cluster,Stable Loss Cluster,,,False,False,False,False,0,170.744,-1.907142857142857,3,False,0.9430227768890401,0.9430227768890401,Correct,False,none,0.46467615449996486,cluster_margin,severe,none,Severe Deterioration,1,Reroute Action,Exit / Restructure,-325.6332,-108.5444,0.9430227768890401,0.6666666666666666,-0.012921989300921812
1831,FUR-TA-10003473,Bretford Rectangular Conference Table Tops,Clustered Body,3,Risk-Oriented Profit Cluster,Risk-Oriented Profit Cluster,,,False,False,False,False,0,12995.2915,-0.025180897250361798,12,False,8.254197376121287,8.254197376121287,Contain,False,high,0.04210952938893606,cluster_margin,severe,none,High Classification Instability,2,Reassess Classification,Reassess Classification,-327.23310000000004,-27.269425000000002,8.254197376121287,0.4166666666666667,-0.012985477577554985
1832,FUR-TA-10003008,"Lesro Round Back Collection Coffee Table, End Table",Clustered Body,1,Stable Loss Cluster,Stable Loss Cluster,,,False,False,False,False,0,2847.7799999999997,-0.11538461538461539,8,False,2.5420979973699676,2.5420979973699676,Correct,False,none,0.6389779884217833,cluster_margin,severe,none,Severe Deterioration,1,Reroute Action,Exit / Restructure,-328.59,-41.07375,2.5420979973699676,0.75,-0.013039322969494197
1833,OFF-ST-10001809,Fellowes Officeware Wire Shelving,Clustered Body,1,Stable Loss Cluster,Stable Loss Cluster,,,False,False,False,False,0,4509.465999999999,-0.07370517928286853,11,False,2.105610029081053,2.105610029081053,Correct,False,none,0.4416621418585699,cluster_margin,moderate,none,Moderate Deterioration,1,Intensify Action,Correct — Accelerated,-332.371,-30.215545454545452,2.105610029081053,0.36363636363636365,-0.013189363080719912
1834,TEC-PH-10000038,Jawbone MINI JAMBOX Wireless Bluetooth Speaker,Clustered Body,1,Stable Loss Cluster,Stable Loss Cluster,,,False,False,False,False,0,2027.304,-0.16756756756756755,5,False,0.7904960278450999,0.7904960278450999,Correct,False,none,0.5280899610247329,cluster_margin,severe,none,Severe Deterioration,1,Reroute Action,Exit / Restructure,-339.7104,-67.94208,0.7904960278450999,0.8,-0.013480609944599842
1835,FUR-FU-10003601,"Deflect-o RollaMat Studded, Beveled Mat for Medium Pile Carpeting",Clustered Body,1,Stable Loss Cluster,Stable Loss Cluster,,,False,False,False,False,0,1623.248,-0.21136363636363636,6,False,2.6181752979812276,2.6181752979812276,Correct,False,none,0.6253853778954136,cluster_margin,severe,none,Severe Deterioration,1,Reroute Action,Exit / Restructure,-343.0956,-57.1826,2.6181752979812276,0.6666666666666666,-0.013614943661743794
1836,FUR-TA-10003469,Balt Split Level Computer Training Table,Clustered Body,1,Stable Loss Cluster,Stable Loss Cluster,,,False,False,False,False,0,1040.625,-0.344,5,False,0.9446469318551022,0.9446469318551022,Correct,False,none,0.47744544021219093,cluster_margin,severe,none,Severe Deterioration,1,Reroute Action,Exit / Restructure,-357.97499999999997,-71.595,0.9446469318551022,1.0,-0.014205397729707797
1837,TEC-PH-10002645,LG G2,Extreme Tail,Unclustered,Loss Tail,,Loss Tail,material_negative_profit_scale,False,True,False,False,1,1499.97,-0.25,1,True,,0.0,Correct,False,watch,0.014880697278182699,distance_to_zero_profit_boundary,severe,none,Severe Deterioration,2,Reroute Action,Exit / Restructure,-374.9925,-374.9925,0.0,1.0,-0.014880697278182699
1838,FUR-TA-10002530,"Iceberg OfficeWorks 42"" Round Tables",Clustered Body,1,Stable Loss Cluster,Stable Loss Cluster,,,False,False,False,False,0,3457.442,-0.11353711790393012,7,False,3.218897950294447,3.218897950294447,Correct,False,none,0.5900704782931081,cluster_margin,severe,none,Severe Deterioration,1,Reroute Action,Exit / Restructure,-392.54799999999994,-56.078285714285705,3.218897950294447,0.5714285714285714,-0.01557734609400471
1839,FUR-TA-10003715,Hon 2111 Invitation Series Corner Table,Clustered Body,1,Stable Loss Cluster,Stable Loss Cluster,,,False,False,False,False,0,3140.55,-0.128,4,False,1.2756185900729198,1.2756185900729198,Correct,False,none,0.47856001515977775,cluster_margin,severe,none,Severe Deterioration,1,Reroute Action,Exit / Restructure,-401.9904,-100.4976,1.2756185900729198,0.75,-0.015952045577273078
1840,FUR-TA-10001932,"Chromcraft 48"" x 96"" Racetrack Double Pedestal Table",Clustered Body,1,Stable Loss Cluster,Stable Loss Cluster,,,False,False,False,False,0,5098.1759999999995,-0.07924528301886793,6,False,4.725708871509096,4.725708871509096,Correct,False,none,0.5527772246586202,cluster_margin,severe,none,Severe Deterioration,1,Reroute Action,Exit / Restructure,-404.00640000000004,-67.3344,4.725708871509096,0.6666666666666666,-0.01603204580584516
1841,OFF-BI-10000778,GBC VeloBinder Electric Binding Machine,Clustered Body,1,Stable Loss Cluster,Stable Loss Cluster,,,False,False,False,False,0,496.018,-0.8292682926829269,4,False,0.6172923910712014,0.6172923910712014,Correct,False,none,0.4314237298588415,cluster_margin,severe,none,Severe Deterioration,1,Reroute Action,Exit / Restructure,-411.332,-102.833,0.6172923910712014,1.0,-0.01632274504911284
1842,FUR-TA-10004442,Riverside Furniture Stanwyck Manor Table Series,Clustered Body,1,Stable Loss Cluster,Stable Loss Cluster,,,False,False,False,False,0,917.9200000000001,-0.45312499999999994,3,False,0.3433025868817711,0.3433025868817711,Correct,False,none,0.3864164026747363,cluster_margin,severe,none,Severe Deterioration,1,Reroute Action,Exit / Restructure,-415.9325,-138.64416666666668,0.3433025868817711,1.0,-0.016505305094522492
1843,FUR-BO-10001918,"Sauder Forest Hills Library with Doors, Woodland Oak Finish",Clustered Body,1,Stable Loss Cluster,Stable Loss Cluster,,,False,False,False,False,0,1014.174,-0.41269841269841273,3,False,1.4707026769435991,1.4707026769435991,Correct,False,none,0.40487136406390073,cluster_margin,severe,none,Severe Deterioration,1,Reroute Action,Exit / Restructure,-418.548,-139.516,1.4707026769435991,1.0,-0.016609095073604974
1844,OFF-SU-10000646,Premier Automatic Letter Opener,Clustered Body,1,Stable Loss Cluster,Stable Loss Cluster,,,False,False,False,False,0,2836.366,-0.15084745762711865,5,False,1.1473634196149405,1.1473634196149405,Correct,False,none,0.4713747529099136,cluster_margin,moderate,none,Moderate Deterioration,1,Intensify Action,Correct — Accelerated,-427.8586,-85.57172,1.1473634196149405,0.6,-0.016978564383199828
1845,TEC-MA-10001148,Okidata MB491 Multifunction Printer,Clustered Body,1,Stable Loss Cluster,Stable Loss Cluster,,,False,False,False,False,0,2844.2999999999997,-0.15263157894736842,2,False,2.7764208728015602,2.7764208728015602,Correct,False,none,0.2601160063339428,cluster_margin,severe,none,Severe Deterioration,1,Reroute Action,Exit / Restructure,-434.13,-217.065,2.7764208728015602,0.5,-0.01722743017361002
1846,FUR-CH-10000863,Novimex Swivel Fabric Task Chair,Clustered Body,1,Stable Loss Cluster,Stable Loss Cluster,,,False,False,False,False,0,2913.9139999999998,-0.1528497409326425,8,False,1.362338094938413,1.362338094938413,Correct,False,none,0.5293149236516158,cluster_margin,severe,none,Severe Deterioration,1,Reroute Action,Exit / Restructure,-445.391,-55.673875,1.362338094938413,0.75,-0.01767429652973612
1847,FUR-TA-10002356,Bevis Boat-Shaped Conference Table,Clustered Body,1,Stable Loss Cluster,Stable Loss Cluster,,,False,False,False,False,0,2542.467,-0.17525773195876287,6,False,1.5266816171676019,1.5266816171676019,Correct,False,none,0.5100392191222866,cluster_margin,severe,none,Severe Deterioration,1,Reroute Action,Exit / Restructure,-445.587,-74.2645,1.5266816171676019,0.6666666666666666,-0.01768207432973618
1848,TEC-MA-10001148,Swingline SM12-08 MicroCut Jam Free Shredder,Clustered Body,1,Stable Loss Cluster,Stable Loss Cluster,,,False,False,False,False,0,2359.9410000000003,-0.18983050847457625,3,False,3.2886645542461914,3.2886645542461914,Correct,False,none,0.4018965558054847,cluster_margin,severe,none,Severe Deterioration,1,Reroute Action,Exit / Restructure,-447.9888,-149.3296,3.2886645542461914,0.6666666666666666,-0.01777738412585941
1849,FUR-TA-10001539,Chromcraft Rectangular Conference Tables,Clustered Body,1,Stable Loss Cluster,Stable Loss Cluster,,,False,False,False,False,0,4952.673,-0.09090909090909091,9,False,2.0538581380283145,2.0538581380283145,Correct,False,none,0.5311806768252729,cluster_margin,moderate,none,Moderate Deterioration,1,Intensify Action,Correct — Accelerated,-450.243,-50.027,2.0538581380283145,0.5555555555555556,-0.01786683676239075
1850,FUR-TA-10002228,"Bevis Traditional Conference Table Top, Plinth Base",Clustered Body,1,Stable Loss Cluster,Stable Loss Cluster,,,False,False,False,False,0,2033.496,-0.2245901639344262,3,False,0.1422393710855746,0.1422393710855746,Correct,False,none,0.3632729516677277,cluster_margin,severe,none,Severe Deterioration,1,Reroute Action,Exit / Restructure,-456.7032,-152.2344,0.1422393710855746,1.0,-0.018123194637698965
1851,FUR-CH-10000229,Global Enterprise Series Seating High-Back Swivel/Tilt Chairs,Clustered Body,1,Stable Loss Cluster,Stable Loss Cluster,,,False,False,False,False,0,2032.35,-0.22666666666666668,4,False,0.4153641211689012,0.4153641211689012,Correct,False,none,0.406598904961394,cluster_margin,severe,none,Severe Deterioration,1,Reroute Action,Exit / Restructure,-460.666,-115.1665,0.4153641211689012,1.0,-0.01828044905525127
1852,OFF-BI-10004584,GBC ProClick 150 Presentation Binding System,Clustered Body,1,Stable Loss Cluster,Stable Loss Cluster,,,False,False,False,False,0,3222.996,-0.1431372549019608,5,False,5.853565473413052,5.853565473413052,Correct,False,none,0.38919683890559714,cluster_margin,severe,none,Severe Deterioration,1,Reroute Action,Exit / Restructure,-461.33080000000007,-92.26616000000001,5.853565473413052,0.6,-0.01830683008300659
1853,TEC-MA-10002073,"3D Systems Cube Printer, 2nd Generation, White",Extreme Tail,Unclustered,Loss Tail,,Loss Tail,material_negative_profit_scale,False,True,False,False,1,2339.982,-0.2,2,False,2.040543806465183,2.040543806465183,Correct,False,watch,0.018571338775253642,distance_to_zero_profit_boundary,none,none,Classification Instability Watch,1,Intensify Action,Correct — Accelerated,-467.9964,-233.9982,2.040543806465183,0.5,-0.018571338775253642
1854,OFF-ST-10002743,SAFCO Boltless Steel Shelving,Clustered Body,1,Stable Loss Cluster,Stable Loss Cluster,,,False,False,False,False,0,4704.696,-0.1,10,False,1.3255886438458668,1.3255886438458668,Correct,False,none,0.46135792706189305,cluster_margin,moderate,none,Moderate Deterioration,1,Intensify Action,Correct — Accelerated,-470.4696,-47.04696,1.3255886438458668,0.5,-0.018669481912805465
1855,FUR-CH-10002880,"Global High-Back Leather Tilter, Burgundy",Clustered Body,1,Stable Loss Cluster,Stable Loss Cluster,,,False,False,False,False,0,5436.158,-0.08733031674208143,14,False,2.0766197376404345,2.0766197376404345,Correct,False,none,0.551899215386395,cluster_margin,severe,none,Severe Deterioration,1,Reroute Action,Exit / Restructure,-474.74139999999994,-33.91009999999999,2.0766197376404345,0.7142857142857143,-0.018838998270153784
1856,FUR-TA-10002607,KI Conference Tables,Clustered Body,1,Stable Loss Cluster,Stable Loss Cluster,,,False,False,False,False,0,2140.8779999999997,-0.22384105960264902,8,False,1.1262308661178047,1.1262308661178047,Correct,False,none,0.4879513505307002,cluster_margin,severe,none,Severe Deterioration,1,Reroute Action,Exit / Restructure,-479.21639999999996,-59.902049999999996,1.1262308661178047,0.875,-0.019016578142604216
1857,FUR-CH-10003298,"Office Star - Contemporary Task Swivel chair with Loop Arms, Charcoal",Clustered Body,1,Stable Loss Cluster,Stable Loss Cluster,,,False,False,False,False,0,3680.538,-0.13345195729537368,9,False,1.033324836239495,1.033324836239495,Correct,False,none,0.4820545342544567,cluster_margin,severe,none,Severe Deterioration,1,Reroute Action,Exit / Restructure,-491.175,-54.575,1.033324836239495,0.8888888888888888,-0.01949112711750605
1858,FUR-CH-10003774,"Global Wood Trimmed Manager's Task Chair, Khaki",Clustered Body,1,Stable Loss Cluster,Stable Loss Cluster,,,False,False,False,False,0,4166.884,-0.12074235807860262,14,False,1.2479863404984295,1.2479863404984295,Correct,False,none,0.4958442726666071,cluster_margin,severe,none,Severe Deterioration,1,Reroute Action,Exit / Restructure,-503.1194,-35.9371,1.2479863404984295,0.8571428571428571,-0.01996511259873441
1859,TEC-MA-10001681,Lexmark MarkNet N8150 Wireless Print Server,Extreme Tail,Unclustered,Loss Tail,,Loss Tail,material_negative_profit_scale,False,True,False,False,1,723.51,-0.7,2,False,0.47093340006022616,0.47093340006022616,Correct,False,none,0.020097557421592634,distance_to_zero_profit_boundary,severe,none,Severe Deterioration,1,Reroute Action,Exit / Restructure,-506.457,-253.2285,0.47093340006022616,1.0,-0.020097557421592634
1860,FUR-TA-10002041,"Bevis Round Conference Table Top, X-Base",Clustered Body,1,Stable Loss Cluster,Stable Loss Cluster,,,False,False,False,False,0,2671.421,-0.1946308724832215,6,False,0.9330913602024468,0.9330913602024468,Correct,False,none,0.4501508686849037,cluster_margin,severe,none,Severe Deterioration,1,Reroute Action,Exit / Restructure,-519.941,-86.65683333333334,0.9330913602024468,0.8333333333333334,-0.020632638315474554
1861,FUR-FU-10003806,"Tenex Chairmat w/ Average Lip, 45"" x 53""",Clustered Body,1,Stable Loss Cluster,Stable Loss Cluster,,,False,False,False,False,0,2058.496,-0.25735294117647056,4,False,1.8259713773785946,1.8259713773785946,Correct,False,none,0.34582807232967616,cluster_margin,moderate,none,Moderate Deterioration,1,Intensify Action,Correct — Accelerated,-529.76,-132.44,1.8259713773785946,0.5,-0.021022282285885895
1862,FUR-FU-10001468,Tenex Antistatic Computer Chair Mats,Clustered Body,1,Stable Loss Cluster,Stable Loss Cluster,,,False,False,False,False,0,3317.0119999999997,-0.1597938144329897,6,False,2.040337792273335,2.040337792273335,Correct,False,none,0.46891112880180225,cluster_margin,severe,none,Severe Deterioration,1,Reroute Action,Exit / Restructure,-530.038,-88.33966666666667,2.040337792273335,0.8333333333333334,-0.021033314063437007
1863,FUR-TA-10000577,Bretford CR4500 Series Slim Rectangular Table,Clustered Body,1,Stable Loss Cluster,Stable Loss Cluster,,,False,False,False,False,0,7242.768,-0.07355769230769231,8,False,3.169263918126047,3.169263918126047,Correct,False,none,0.5014022732501155,cluster_margin,severe,none,Severe Deterioration,1,Reroute Action,Exit / Restructure,-532.7613,-66.5951625,3.169263918126047,0.625,-0.021141381832519523
1864,FUR-TA-10000849,Bevis Rectangular Conference Tables,Clustered Body,1,Stable Loss Cluster,Stable Loss Cluster,,,False,False,False,False,0,1007.262,-0.582608695652174,4,False,0.47854440545392757,0.47854440545392757,Correct,False,none,0.35780772680460415,cluster_margin,severe,none,Severe Deterioration,1,Reroute Action,Exit / Restructure,-586.8396,-146.7099,0.47854440545392757,1.0,-0.023287352249577856
1865,FUR-TA-10001768,Hon Racetrack Conference Tables,Clustered Body,1,Stable Loss Cluster,Stable Loss Cluster,,,False,False,False,False,0,3963.901,-0.1509933774834437,6,False,1.6330249373104953,1.6330249373104953,Correct,False,none,0.4154469345152043,cluster_margin,severe,none,Severe Deterioration,1,Reroute Action,Exit / Restructure,-598.5228,-99.7538,1.6330249373104953,0.6666666666666666,-0.023750972621826537
1866,FUR-TA-10003238,"Chromcraft Bull-Nose Wood 48"" x 96"" Rectangular Conference Tables",Clustered Body,1,Stable Loss Cluster,Stable Loss Cluster,,,False,False,False,False,0,4297.644,-0.1423076923076923,6,False,2.2168288102396927,2.2168288102396927,Correct,False,none,0.430080045679515,cluster_margin,severe,none,Severe Deterioration,1,Reroute Action,Exit / Restructure,-611.5878,-101.93130000000001,2.2168288102396927,0.8333333333333334,-0.02426942648407567
1867,FUR-BO-10004467,Bestar Classic Bookcase,Clustered Body,1,Stable Loss Cluster,Stable Loss Cluster,,,False,False,False,False,0,1897.8102,-0.32297154899894626,8,False,1.944196282838017,1.944196282838017,Correct,False,none,0.38830054686151294,cluster_margin,moderate,none,Moderate Deterioration,1,Intensify Action,Correct — Accelerated,-612.9386999999999,-76.61733749999999,1.944196282838017,0.5,-0.024323033780096513
1868,OFF-ST-10002574,"SAFCO Commercial Wire Shelving, Black",Clustered Body,1,Stable Loss Cluster,Stable Loss Cluster,,,False,False,False,False,0,4199.456,-0.1513157894736842,10,False,0.8910159110971824,0.8910159110971824,Correct,False,none,0.41995189281569045,cluster_margin,severe,none,Severe Deterioration,1,Reroute Action,Exit / Restructure,-635.444,-63.544399999999996,0.8910159110971824,0.7,-0.025216103792042577
1869,FUR-BO-10004834,"Riverside Palais Royal Lawyers Bookcase, Royale Cherry Finish",Clustered Body,1,Stable Loss Cluster,Stable Loss Cluster,,,False,False,False,False,0,15610.9656,-0.042889390519187366,5,False,7.317094824221992,7.317094824221992,Correct,False,none,0.1355554443835413,cluster_margin,severe,none,Severe Deterioration,1,Reroute Action,Exit / Restructure,-669.5448000000001,-133.90896000000004,7.317094824221992,0.4,-0.026569314007563835
1870,FUR-TA-10003954,Hon 94000 Series Round Tables,Clustered Body,1,Stable Loss Cluster,Stable Loss Cluster,,,False,False,False,False,0,7404.5,-0.092,5,False,2.749545018523814,2.749545018523814,Correct,False,none,0.34956130377037037,cluster_margin,severe,none,Severe Deterioration,1,Reroute Action,Exit / Restructure,-681.2139999999999,-136.2428,2.749545018523814,0.6,-0.02703237882266965
1871,FUR-BO-10003272,O'Sullivan Living Dimensions 5-Shelf Bookcases,Clustered Body,1,Stable Loss Cluster,Stable Loss Cluster,,,False,False,False,False,0,3420.7704,-0.2209302325581395,6,False,1.239186718187775,1.239186718187775,Correct,False,none,0.3557218223331597,cluster_margin,severe,none,Severe Deterioration,1,Reroute Action,Exit / Restructure,-755.7515999999999,-125.95859999999999,1.239186718187775,1.0,-0.029990228543510123
1872,FUR-BO-10000780,O'Sullivan Plantations 2-Door Library in Landvery Oak,Clustered Body,1,Stable Loss Cluster,Stable Loss Cluster,,,False,False,False,False,0,2946.3668,-0.2605729877216917,5,False,0.608555892865582,0.608555892865582,Correct,False,none,0.32560084422889546,cluster_margin,severe,none,Severe Deterioration,1,Reroute Action,Exit / Restructure,-767.7436,-153.54872,0.608555892865582,1.0,-0.030466102919024213
1873,TEC-MA-10004679,StarTech.com 10/100 VDSL2 Ethernet Extender Kit,Clustered Body,1,Stable Loss Cluster,Stable Loss Cluster,,,False,False,False,False,0,2330.65,-0.33714285714285713,4,False,1.337579891489331,1.337579891489331,Correct,False,none,0.2814990087205548,cluster_margin,severe,none,Severe Deterioration,1,Reroute Action,Exit / Restructure,-785.762,-196.4405,1.337579891489331,0.75,-0.031181120834948416
1874,FUR-TA-10002533,BPI Conference Tables,Clustered Body,1,Stable Loss Cluster,Stable Loss Cluster,,,False,False,False,False,0,2241.8675,-0.3550488599348534,5,False,0.8607227896702837,0.8607227896702837,Correct,False,none,0.31054703073682977,cluster_margin,severe,none,Severe Deterioration,1,Reroute Action,Exit / Restructure,-795.9725,-159.1945,0.8607227896702837,0.8,-0.03158630056403336
1875,OFF-ST-10004459,Tennsco Single-Tier Lockers,Extreme Tail,Unclustered,Loss Tail,,Loss Tail,material_negative_profit_scale,False,True,False,False,1,9158.296,-0.0901639344262295,8,False,1.882389016307684,1.882389016307684,Correct,False,none,0.03276787140026749,distance_to_zero_profit_boundary,none,none,No Signal,0,No Escalation,Correct,-825.7479999999999,-103.21849999999999,1.882389016307684,0.375,-0.03276787140026749
1876,FUR-TA-10002958,"Bevis Oval Conference Table, Walnut",Extreme Tail,Unclustered,Loss Tail,,Loss Tail,material_negative_profit_scale,False,True,False,False,1,6942.068,-0.12330827067669173,8,False,2.6132066260232207,2.6132066260232207,Correct,False,none,0.03396892245088955,distance_to_zero_profit_boundary,severe,none,Severe Deterioration,1,Reroute Action,Exit / Restructure,-856.0144,-107.0018,2.6132066260232207,0.75,-0.03396892245088955
1877,OFF-AP-10002534,3.6 Cubic Foot Counter Height Office Refrigerator,Extreme Tail,Unclustered,Loss Tail,,Loss Tail,material_negative_profit_scale,False,True,False,False,1,2946.2,-0.296,5,False,2.63667079437968,2.63667079437968,Correct,False,none,0.034606257605180456,distance_to_zero_profit_boundary,moderate,none,Moderate Deterioration,1,Intensify Action,Correct — Accelerated,-872.0751999999999,-174.41503999999998,2.63667079437968,0.6,-0.034606257605180456
1878,TEC-MA-10001695,Zebra GK420t Direct Thermal/Thermal Transfer Printer,Extreme Tail,Unclustered,Loss Tail,,Loss Tail,material_negative_profit_scale,False,True,False,False,1,703.71,-1.3333333333333333,1,True,,0.0,Correct,False,none,0.03723343971458966,distance_to_zero_profit_boundary,severe,none,Severe Deterioration,1,Reroute Action,Exit / Restructure,-938.28,-938.28,0.0,1.0,-0.03723343971458966
1879,FUR-TA-10004256,Bretford “Just In Time” Height-Adjustable Multi-Task Work Tables,Extreme Tail,Unclustered,Loss Tail,,Loss Tail,material_negative_profit_scale,False,True,False,False,1,5634.9,-0.17111111111111113,4,False,1.1330964285549043,1.1330964285549043,Correct,False,none,0.03826177598602663,distance_to_zero_profit_boundary,severe,none,Severe Deterioration,1,Reroute Action,Exit / Restructure,-964.1940000000001,-241.04850000000002,1.1330964285549043,0.75,-0.03826177598602663
1880,FUR-BO-10001972,O'Sullivan 4-Shelf Bookcase in Odessa Pine,Extreme Tail,Unclustered,Loss Tail,,Loss Tail,material_negative_profit_scale,False,True,False,False,1,2740.197,-0.355849889624724,7,False,1.220778391716129,1.220778391716129,Correct,False,none,0.0386945073811322,distance_to_zero_profit_boundary,severe,none,Severe Deterioration,1,Reroute Action,Exit / Restructure,-975.0988,-139.29982857142858,1.220778391716129,0.7142857142857143,-0.0386945073811322
1881,FUR-CH-10003312,Hon 2090 “Pillow Soft” Series Mid Back Swivel/Tilt Chairs,Extreme Tail,Unclustered,Loss Tail,,Loss Tail,material_negative_profit_scale,False,True,False,False,1,5282.424,-0.1872340425531915,6,False,0.4185040717559997,0.4185040717559997,Correct,False,none,0.03924811213746325,distance_to_zero_profit_boundary,severe,none,Severe Deterioration,1,Reroute Action,Exit / Restructure,-989.0496,-164.8416,0.4185040717559997,1.0,-0.03924811213746325
1882,TEC-MA-10002210,Epson TM-T88V Direct Thermal Printer - Monochrome - Desktop,Extreme Tail,Unclustered,Loss Tail,,Loss Tail,material_negative_profit_scale,False,True,False,False,1,1212.705,-0.8717948717948719,2,False,1.0892543278134563,1.0892543278134563,Correct,False,none,0.04195369129626085,distance_to_zero_profit_boundary,severe,none,Severe Deterioration,1,Reroute Action,Exit / Restructure,-1057.23,-528.615,1.0892543278134563,1.0,-0.04195369129626085
1883,FUR-TA-10004154,"Riverside Furniture Oval Coffee Table, Oval End Table, End Table with Drawer",Extreme Tail,Unclustered,Loss Tail,,Loss Tail,material_negative_profit_scale,False,True,False,False,1,4446.175,-0.25806451612903225,5,False,1.2907390008088335,1.2907390008088335,Correct,False,none,0.04553187612282067,distance_to_zero_profit_boundary,severe,none,Severe Deterioration,1,Reroute Action,Exit / Restructure,-1147.4,-229.48000000000002,1.2907390008088335,0.8,-0.04553187612282067
1884,FUR-TA-10004289,BoxOffice By Design Rectangular and Half-Moon Meeting Room Tables,Extreme Tail,Unclustered,Loss Tail,,Loss Tail,material_negative_profit_scale,False,True,False,False,1,1706.25,-0.6730769230769231,3,False,0.5348705831598324,0.5348705831598324,Correct,False,none,0.045573046875372024,distance_to_zero_profit_boundary,severe,none,Severe Deterioration,1,Reroute Action,Exit / Restructure,-1148.4375,-382.8125,0.5348705831598324,1.0,-0.045573046875372024
1885,FUR-TA-10001950,Balt Solid Wood Round Tables,Extreme Tail,Unclustered,Loss Tail,,Loss Tail,material_negative_profit_scale,False,True,False,False,1,6518.754,-0.18424657534246575,4,False,1.8717661289293568,1.8717661289293568,Correct,False,none,0.04766117188906254,distance_to_zero_profit_boundary,none,none,No Signal,0,No Escalation,Correct,-1201.0581,-300.264525,1.8717661289293568,0.5,-0.04766117188906254
1886,OFF-SU-10002881,Martin Yale Chadless Opener Electric Letter Opener,Extreme Tail,Unclustered,Loss Tail,,Loss Tail,material_negative_profit_scale,False,True,False,False,1,16656.2,-0.078,6,False,2.007685117004373,2.007685117004373,Correct,False,none,0.05155505206205351,distance_to_zero_profit_boundary,none,none,No Signal,0,No Escalation,Correct,-1299.1836,-216.53060000000002,2.007685117004373,0.5,-0.05155505206205351
1887,TEC-MA-10002412,Cisco TelePresence System EX90 Videoconferencing Unit,Extreme Tail,Unclustered,Loss Tail,,Loss Tail,material_negative_profit_scale,False,True,False,False,1,22638.48,-0.08,1,True,,0.0,Correct,False,none,0.07186839581446423,distance_to_zero_profit_boundary,severe,none,Severe Deterioration,1,Reroute Action,Exit / Restructure,-1811.0784,-1811.0784,0.0,1.0,-0.07186839581446423
1888,OFF-BI-10004995,GBC DocuBind P400 Electric Binding System,Extreme Tail,Unclustered,Loss Tail,,Loss Tail,material_negative_profit_scale,False,True,True,False,2,17965.068,-0.10454545454545458,6,False,7.506435185482369,7.506435185482369,Correct,True,none,0.0745306177065268,distance_to_zero_profit_boundary,severe,none,Tail Overlap,2,Reassess Classification,Reassess Classification,-1878.1662000000006,-313.0277000000001,7.506435185482369,0.5,-0.0745306177065268
1889,FUR-TA-10001889,Bush Advantage Collection Racetrack Conference Table,Extreme Tail,Unclustered,Loss Tail,,Loss Tail,material_negative_profit_scale,False,True,False,False,1,9544.725,-0.20266666666666666,7,False,1.689358837257065,1.689358837257065,Correct,False,none,0.07676202884389194,distance_to_zero_profit_boundary,severe,none,Severe Deterioration,1,Reroute Action,Exit / Restructure,-1934.3976,-276.3425142857143,1.689358837257065,0.8571428571428571,-0.07676202884389194
1890,FUR-TA-10000198,Chromcraft Bull-Nose Wood Oval Conference Tables & Bases,Extreme Tail,Unclustered,Loss Tail,,Loss Tail,material_negative_profit_scale,False,True,False,False,1,9917.64,-0.29000000000000004,5,False,1.4804275857040974,1.4804275857040974,Correct,False,none,0.1141318975197072,distance_to_zero_profit_boundary,severe,none,Severe Deterioration,1,Reroute Action,Exit / Restructure,-2876.1156,-575.22312,1.4804275857040974,0.8,-0.1141318975197072
1891,TEC-MA-10004125,Cubify CubeX 3D Printer Triple Head Print,Extreme Tail,Unclustered,Loss Tail,,Loss Tail,material_negative_profit_scale,False,True,False,False,1,7999.98,-0.48000000000000004,1,True,,0.0,Correct,False,none,0.15238100680287658,distance_to_zero_profit_boundary,severe,none,Severe Deterioration,1,Reroute Action,Exit / Restructure,-3839.9904,-3839.9904,0.0,1.0,-0.15238100680287658
1892,TEC-MA-10000822,Lexmark MX611dhe Monochrome Laser Printer,Extreme Tail,Unclustered,Loss Tail,,Loss Tail,material_negative_profit_scale,False,True,False,False,1,16829.901,-0.2727272727272727,4,False,1.4977247892572296,1.4977247892572296,Correct,False,none,0.18214230612087462,distance_to_zero_profit_boundary,severe,none,Severe Deterioration,1,Reroute Action,Exit / Restructure,-4589.973,-1147.49325,1.4977247892572296,0.75,-0.18214230612087462
1893,TEC-MA-10000418,Cubify CubeX 3D Printer Double Head Print,Extreme Tail,Unclustered,Loss Tail,,Loss Tail,material_negative_profit_scale,False,True,False,False,1,11099.963,-0.8,3,False,1.179296720425171,1.179296720425171,Correct,False,none,0.3523807845800194,distance_to_zero_profit_boundary,severe,none,Severe Deterioration,1,Reroute Action,Exit / Restructure,-8879.9704,-2959.9901333333332,1.179296720425171,0.6666666666666666,-0.3523807845800194
