product_row_id,product_id,product_name,analytical_role,primary_action,escalation_status,final_intervention,performance_deviation,role_profit_z,opportunity_reliability_pass,role_relative_loss_pass,role_relative_cv_pass,opportunity_quality,opportunity_action,opportunity_filter_reason,performance_context,priority_scope_flag,priority_zone,priority_action,priority_sort,total_profit,mean_order_profit,cv_order_profit,pct_orders_loss,profit_scale
0,TEC-CO-10004722,Canon imageCLASS 2200 Advanced Copier,Extreme Impact Tail,Optimize,Reroute Action,Reroute to Correct,High Positive Deviation,4.122778982845112,True,True,True,True Hidden Opportunity Candidate,Reframe / Reclassify,Positive deviation + reliability pass,True Hidden Opportunity,True,Misaligned Upside,Recover / Reclassify,1,25199.928,5039.9856,0.5499442985887083,0.0,1.0
5,TEC-MA-10003979,Ativa V4110MDD Micro-Cut Shredder,Extreme Impact Tail,Optimize,Reroute Action,Reroute to Correct,High Positive Deviation,0.867054418531387,True,True,True,True Hidden Opportunity Candidate,Reframe / Reclassify,Positive deviation + reliability pass,True Hidden Opportunity,True,Misaligned Upside,Recover / Reclassify,1,3772.9461,1886.47305,0.3856428210156909,0.0,0.14972051110622223
6,TEC-MA-10001047,"3D Systems Cube Printer, 2nd Generation, Magenta",Extreme Impact Tail,Optimize,Reroute Action,Reroute to Correct,Positive Deviation,0.8386761453569586,True,True,True,True Hidden Opportunity Candidate,Reframe / Reclassify,Positive deviation + reliability pass,True Hidden Opportunity,True,Misaligned Upside,Recover / Reclassify,1,3717.9714000000004,1858.9857000000002,0.3856420553880657,0.0,0.1475389691589595
9,TEC-MA-10000045,Zebra ZM400 Thermal Label Printer,Extreme Impact Tail,Optimize,Reroute Action,Reroute to Correct,Positive Deviation,0.645390323562998,True,True,True,True Hidden Opportunity Candidate,Reframe / Reclassify,Positive deviation + reliability pass,True Hidden Opportunity,True,Misaligned Upside,Recover / Reclassify,1,3343.536,1671.768,0.4713330979314393,0.0,0.1326803790867974
20,TEC-CO-10004115,Sharp AL-1530CS Digital Copier,High-Impact Profit Cluster,Optimize,Reroute Action,Reroute to Correct,High Positive Deviation,3.2927564423966325,True,True,True,True Hidden Opportunity Candidate,Reframe / Reclassify,Positive deviation + reliability pass,True Hidden Opportunity,True,Misaligned Upside,Recover / Reclassify,1,2064.9587,516.239675,0.684530390880185,0.0,0.08194303967852608
22,TEC-MA-10002927,Canon imageCLASS MF7460 Monochrome Digital Laser Multifunction Copier,Extreme Impact Tail,Optimize,Reroute Action,Reroute to Correct,High Positive Deviation,0.9801210446095734,True,True,True,True Hidden Opportunity Candidate,Reframe / Reclassify,Positive deviation + reliability pass,True Hidden Opportunity,True,Misaligned Upside,Recover / Reclassify,1,1995.99,1995.99,0.0,0.0,0.07920617868432005
23,TEC-CO-10002313,Canon PC1080F Personal Copier,High-Impact Profit Cluster,Optimize,Reroute Action,Reroute to Correct,High Positive Deviation,3.0687891028708107,True,True,True,True Hidden Opportunity Candidate,Reframe / Reclassify,Positive deviation + reliability pass,True Hidden Opportunity,True,Misaligned Upside,Recover / Reclassify,1,1973.9670999999998,493.49177499999996,0.400503305140623,0.0,0.07833225158421087
26,TEC-PH-10001459,Samsung Galaxy Mega 6.3,High-Impact Profit Cluster,Optimize,Reroute Action,Reroute to Correct,High Positive Deviation,1.2010834154401824,True,True,True,True Hidden Opportunity Candidate,Reframe / Reclassify,Positive deviation + reliability pass,True Hidden Opportunity,True,Misaligned Upside,Recover / Reclassify,1,1822.7566000000002,303.7927666666667,0.8255571405453624,0.0,0.07233181777344762
28,TEC-MA-10003673,Hewlett-Packard Desktjet 6988DT Refurbished Printer,Extreme Impact Tail,Optimize,Reroute Action,Reroute to Correct,Positive Deviation,0.6417118391939886,True,True,True,True Hidden Opportunity Candidate,Reframe / Reclassify,Positive deviation + reliability pass,True Hidden Opportunity,True,Misaligned Upside,Recover / Reclassify,1,1668.205,1668.205,0.0,0.0,0.0661988002505404
29,OFF-AP-10000275,"Sanyo Counter Height Refrigerator with Crisper, 3.6 Cubic Foot, Stainless Steel/Black",High-Impact Profit Cluster,Optimize,Reroute Action,Reroute to Correct,High Positive Deviation,3.6377031549784706,True,True,True,True Hidden Opportunity Candidate,Reframe / Reclassify,Positive deviation + reliability pass,True Hidden Opportunity,True,Misaligned Upside,Recover / Reclassify,1,1653.8256000000001,551.2752,0.28854253973178534,0.0,0.06562818750910718
30,TEC-CO-10001571,Sharp 1540cs Digital Laser Copier,High-Impact Profit Cluster,Optimize,Reroute Action,Reroute to Correct,Positive Deviation,0.5307658864423151,True,True,True,True Hidden Opportunity Candidate,Reframe / Reclassify,Positive deviation + reliability pass,True Hidden Opportunity,True,Misaligned Upside,Recover / Reclassify,1,1649.97,235.71,0.3737640359252405,0.0,0.06547518707196306
34,OFF-BI-10003091,GBC DocuBind TL200 Manual Binding Machine,High-Impact Profit Cluster,Optimize,Reroute Action,Reroute to Correct,Positive Deviation,0.8232430372191298,True,False,True,True Hidden Opportunity Candidate,Reframe / Reclassify,Positive deviation + reliability pass,True Hidden Opportunity,True,Misaligned Upside,Recover / Reclassify,1,1592.4978,265.41630000000004,0.6099999811799879,0.16666666666666666,0.06319453769867914
37,FUR-CH-10002320,Hon Pagoda Stacking Chairs,High-Impact Profit Cluster,Optimize,Reroute Action,Reroute to Correct,High Positive Deviation,2.0023523788027693,True,True,True,True Hidden Opportunity Candidate,Reframe / Reclassify,Positive deviation + reliability pass,True Hidden Opportunity,True,Misaligned Upside,Recover / Reclassify,1,1540.7040000000002,385.17600000000004,0.8187882187080527,0.0,0.06113922230253992
39,OFF-AP-10003057,Honeywell Enviracaire Portable HEPA Air Cleaner for 16' x 20' Room,High-Impact Profit Cluster,Optimize,Reroute Action,Reroute to Correct,High Positive Deviation,3.1444195177436143,True,True,True,True Hidden Opportunity Candidate,Reframe / Reclassify,Positive deviation + reliability pass,True Hidden Opportunity,True,Misaligned Upside,Recover / Reclassify,1,1503.5202,501.17339999999996,0.4458459228717705,0.0,0.0596636704676299
40,TEC-CO-10001943,Canon PC-428 Personal Copier,High-Impact Profit Cluster,Optimize,Reroute Action,Reroute to Correct,Positive Deviation,0.6221111527871507,True,True,False,True Hidden Opportunity Candidate,Reframe / Reclassify,Positive deviation + reliability pass,True Hidden Opportunity,True,Misaligned Upside,Recover / Reclassify,1,1469.9265,244.98775,1.0332240755303232,0.0,0.05833058332547617
41,TEC-MA-10000010,Hewlett-Packard Deskjet 3050a All-in-One Color Inkjet Printer,Extreme Impact Tail,Optimize,Reroute Action,Reroute to Correct,Positive Deviation,0.4259325449069276,True,True,True,True Hidden Opportunity Candidate,Reframe / Reclassify,Positive deviation + reliability pass,True Hidden Opportunity,True,Misaligned Upside,Recover / Reclassify,1,1459.2,1459.2,0.0,0.0,0.05790492734741147
42,TEC-AC-10004145,Logitech diNovo Edge Keyboard,High-Impact Profit Cluster,Optimize,Reroute Action,Reroute to Correct,Positive Deviation,1.030712453325653,True,True,True,True Hidden Opportunity Candidate,Reframe / Reclassify,Positive deviation + reliability pass,True Hidden Opportunity,True,Misaligned Upside,Recover / Reclassify,1,1432.4427,286.48854,0.7681653424395101,0.0,0.0568431266946477
45,OFF-ST-10000142,Deluxe Rollaway Locking File with Drawer,High-Impact Profit Cluster,Optimize,Intensify Action,Optimize (Risk-Controlled),Positive Deviation,0.9288671211029076,True,True,True,True Hidden Opportunity Candidate,Reframe / Reclassify,Positive deviation + reliability pass,True Hidden Opportunity,True,Misaligned Upside,Recover / Reclassify,1,1380.7216,276.14432,0.8236876800919387,0.0,0.05479069622738605
46,TEC-MA-10000488,Bady BDG101FRU Card Printer,High-Impact Profit Cluster,Optimize,Reroute Action,Reroute to Correct,High Positive Deviation,1.4787604555446179,True,False,False,True Hidden Opportunity Candidate,Reframe / Reclassify,Positive deviation + reliability pass,True Hidden Opportunity,True,Misaligned Upside,Recover / Reclassify,1,1327.9834,331.99585,1.7955482874930948,0.25,0.052697904533695494
48,FUR-CH-10002073,Hon Olson Stacker Chairs,High-Impact Profit Cluster,Optimize,Intensify Action,Optimize (Risk-Controlled),High Positive Deviation,1.390501793279339,True,True,True,True Hidden Opportunity Candidate,Reframe / Reclassify,Positive deviation + reliability pass,True Hidden Opportunity,True,Misaligned Upside,Recover / Reclassify,1,1292.1264,323.0316,0.6509441049380426,0.0,0.05127500364286756
58,TEC-PH-10003072,Panasonic KX-TG9541B DECT 6.0 Digital 2-Line Expandable Cordless Phone With Digital Answering System,High-Impact Profit Cluster,Optimize,Intensify Action,Optimize (Risk-Controlled),Positive Deviation,0.46947390438023084,True,True,False,True Hidden Opportunity Candidate,Reframe / Reclassify,Positive deviation + reliability pass,True Hidden Opportunity,True,Misaligned Upside,Recover / Reclassify,1,1147.4235,229.48470000000003,1.0891066535718366,0.0,0.045532808665167616
59,OFF-ST-10001780,Tennsco 16-Compartment Lockers with Coat Rack,High-Impact Profit Cluster,Optimize,Intensify Action,Optimize (Risk-Controlled),Positive Deviation,0.4043889929541638,True,True,False,True Hidden Opportunity Candidate,Reframe / Reclassify,Positive deviation + reliability pass,True Hidden Opportunity,True,Misaligned Upside,Recover / Reclassify,1,1114.3708,222.87416,1.1128318070450793,0.0,0.04422118983832017
60,OFF-ST-10002011,Smead Adjustable Mobile File Trolley with Lockable Top,High-Impact Profit Cluster,Optimize,Intensify Action,Optimize (Risk-Controlled),High Positive Deviation,1.8419789289428605,True,True,False,True Hidden Opportunity Candidate,Reframe / Reclassify,Positive deviation + reliability pass,True Hidden Opportunity,True,Misaligned Upside,Recover / Reclassify,1,1106.6616,368.88719999999995,1.010797155773716,0.0,0.04391526832933808
62,TEC-MA-10002428,Fellowes Powershred HS-440 4-Sheet High Security Shredder,High-Impact Profit Cluster,Optimize,Intensify Action,Optimize (Risk-Controlled),High Positive Deviation,1.7960914149601204,True,True,False,True Hidden Opportunity Candidate,Reframe / Reclassify,Positive deviation + reliability pass,True Hidden Opportunity,True,Misaligned Upside,Recover / Reclassify,1,1092.6795000000002,364.22650000000004,0.9659508526144585,0.0,0.043360421505966217
64,TEC-PH-10001795,ClearOne CHATAttach 160 - speaker phone,High-Impact Profit Cluster,Optimize,Reroute Action,Reroute to Correct,Positive Deviation,0.804334018192041,True,False,False,True Hidden Opportunity Candidate,Reframe / Reclassify,Positive deviation + reliability pass,True Hidden Opportunity,True,Misaligned Upside,Recover / Reclassify,1,1053.9830000000002,263.49575000000004,1.3622462861914622,0.25,0.041824841721770006
66,OFF-BI-10004390,GBC DocuBind 200 Manual Binding Machine,High-Impact Profit Cluster,Optimize,Reroute Action,Reroute to Correct,Positive Deviation,0.8005606816258842,True,False,False,True Hidden Opportunity Candidate,Reframe / Reclassify,Positive deviation + reliability pass,True Hidden Opportunity,True,Misaligned Upside,Recover / Reclassify,1,1052.45,263.1125,1.893012460286006,0.25,0.04176400821462665
68,TEC-PH-10000730,Samsung Galaxy S4 Active,High-Impact Profit Cluster,Optimize,Intensify Action,Optimize (Risk-Controlled),High Positive Deviation,3.329676805404706,True,True,False,True Hidden Opportunity Candidate,Reframe / Reclassify,Positive deviation + reliability pass,True Hidden Opportunity,True,Misaligned Upside,Recover / Reclassify,1,1039.9792,519.9896,1.0601436895552154,0.0,0.04126913378482669
72,OFF-AP-10001058,Sanyo 2.5 Cubic Foot Mid-Size Office Refrigerators,High-Impact Profit Cluster,Optimize,Intensify Action,Optimize (Risk-Controlled),Positive Deviation,0.5654968281355839,True,True,False,True Hidden Opportunity Candidate,Reframe / Reclassify,Positive deviation + reliability pass,True Hidden Opportunity,True,Misaligned Upside,Recover / Reclassify,1,956.9502,239.23755,1.207932848495508,0.0,0.03797432278377938
78,TEC-PH-10001494,Polycom CX600 IP Phone VoIP phone,High-Impact Profit Cluster,Optimize,Reroute Action,Reroute to Correct,Positive Deviation,0.4175670201610021,True,False,False,True Hidden Opportunity Candidate,Reframe / Reclassify,Positive deviation + reliability pass,True Hidden Opportunity,True,Misaligned Upside,Recover / Reclassify,1,896.8505000000001,224.21262500000003,1.4977250836881795,0.25,0.035589407239576244
80,TEC-AC-10000990,Imation Bio 2GB USB Flash Drive Imation Corp,High-Impact Profit Cluster,Optimize,Intensify Action,Optimize (Risk-Controlled),Positive Deviation,1.1031236927506973,True,True,True,True Hidden Opportunity Candidate,Reframe / Reclassify,Positive deviation + reliability pass,True Hidden Opportunity,True,Misaligned Upside,Recover / Reclassify,1,881.5296,293.84319999999997,0.4714581968488187,0.0,0.03498143328028556
81,TEC-MA-10000984,Okidata MB760 Printer,High-Impact Profit Cluster,Optimize,Intensify Action,Optimize (Risk-Controlled),High Positive Deviation,2.548873290611718,True,True,True,True Hidden Opportunity Candidate,Reframe / Reclassify,Positive deviation + reliability pass,True Hidden Opportunity,True,Misaligned Upside,Recover / Reclassify,1,881.37,440.685,0.20191443772764545,0.0,0.03497509992885694
82,TEC-PH-10001835,Jawbone JAMBOX Wireless Bluetooth Speaker,High-Impact Profit Cluster,Optimize,Intensify Action,Optimize (Risk-Controlled),Positive Deviation,1.0721926708166154,True,True,True,True Hidden Opportunity Candidate,Reframe / Reclassify,Positive deviation + reliability pass,True Hidden Opportunity,True,Misaligned Upside,Recover / Reclassify,1,872.1048000000001,290.70160000000004,0.07524098878442183,0.0,0.03460743221171109
113,OFF-AP-10003590,Hoover WindTunnel Plus Canister Vacuum,High-Impact Profit Cluster,Optimize,Intensify Action,Optimize (Risk-Controlled),Positive Deviation,0.498964511077187,True,True,True,True Hidden Opportunity Candidate,Reframe / Reclassify,Positive deviation + reliability pass,True Hidden Opportunity,True,Misaligned Upside,Recover / Reclassify,1,697.44,232.48000000000002,0.5406767117790309,0.0,0.02767626955124634
118,TEC-PH-10002103,Jabra SPEAK 410,Stable Profit Cluster,Protect,Reassess Classification,Reassess Classification,High Positive Deviation,1.899736998296761,True,True,False,True Hidden Opportunity Candidate,Reframe / Reclassify,Positive deviation + reliability pass,True Hidden Opportunity,True,Misaligned Upside,Recover / Reclassify,1,654.1704,72.6856,0.7540309011470412,0.0,0.02595921702633436
121,OFF-EN-10000056,Cameo Buff Policy Envelopes,Stable Profit Cluster,Protect,Reassess Classification,Reassess Classification,High Positive Deviation,2.141524163393203,True,True,True,True Hidden Opportunity Candidate,Reframe / Reclassify,Positive deviation + reliability pass,True Hidden Opportunity,True,Misaligned Upside,Recover / Reclassify,1,632.2568,79.0321,0.4833810959086151,0.0,0.025089627240204814
135,TEC-PH-10001336,Digium D40 VoIP phone,Stable Profit Cluster,Protect,Intensify Action,Protect (Tight Control),High Positive Deviation,1.5494720851818233,True,False,False,True Hidden Opportunity Candidate,Reframe / Reclassify,Positive deviation + reliability pass,True Hidden Opportunity,True,Misaligned Upside,Recover / Reclassify,1,571.4257,63.49174444444444,1.17955325215872,0.1111111111111111,0.022675687803552454
144,OFF-AP-10001005,Honeywell Quietcare HEPA Air Cleaner,Stable Profit Cluster,Protect,Intensify Action,Protect (Tight Control),High Positive Deviation,2.621370631913561,True,True,True,True Hidden Opportunity Candidate,Reframe / Reclassify,Positive deviation + reliability pass,True Hidden Opportunity,True,Misaligned Upside,Recover / Reclassify,1,549.7635,91.62725,0.5528145671577049,0.0,0.021816074236402583
145,TEC-PH-10003691,BlackBerry Q10,Stable Profit Cluster,Protect,Intensify Action,Protect (Tight Control),High Positive Deviation,2.6105318312407584,True,True,False,True Hidden Opportunity Candidate,Reframe / Reclassify,Positive deviation + reliability pass,True Hidden Opportunity,True,Misaligned Upside,Recover / Reclassify,1,548.0564999999999,91.34274999999998,0.8099671896204231,0.0,0.021748335947626513
155,OFF-LA-10003510,"Avery 4027 File Folder Labels for Dot Matrix Printers, 5000 Labels per Box, White",Stable Profit Cluster,Protect,Intensify Action,Protect (Tight Control),Positive Deviation,0.9471686808003885,True,True,False,True Hidden Opportunity Candidate,Reframe / Reclassify,Positive deviation + reliability pass,True Hidden Opportunity,True,Misaligned Upside,Recover / Reclassify,1,524.5054,47.682309090909094,1.1048178112867937,0.0,0.020813765817108684
167,FUR-CH-10004218,"Global Fabric Manager's Chair, Dark Gray",Stable Profit Cluster,Protect,Intensify Action,Protect (Tight Control),Positive Deviation,1.2464906727562821,True,False,False,True Hidden Opportunity Candidate,Reframe / Reclassify,Positive deviation + reliability pass,True Hidden Opportunity,True,Misaligned Upside,Recover / Reclassify,1,499.851,55.539,1.433731207999638,0.1111111111111111,0.019835413815468043
173,FUR-CH-10004853,"Global Manager's Adjustable Task Chair, Storm",Stable Profit Cluster,Protect,Intensify Action,Protect (Tight Control),High Positive Deviation,2.2654179412067426,True,False,False,True Hidden Opportunity Candidate,Reframe / Reclassify,Positive deviation + reliability pass,True Hidden Opportunity,True,Misaligned Upside,Recover / Reclassify,1,493.70459999999997,82.2841,1.3939050054948292,0.16666666666666666,0.019591508356690542
178,TEC-PH-10002200,Aastra 6757i CT Wireless VoIP phone,Stable Profit Cluster,Protect,Intensify Action,Protect (Tight Control),High Positive Deviation,2.194816520772715,True,False,False,True Hidden Opportunity Candidate,Reframe / Reclassify,Positive deviation + reliability pass,True Hidden Opportunity,True,Misaligned Upside,Recover / Reclassify,1,482.5856,80.43093333333333,1.2458718423612853,0.16666666666666666,0.019150276937299187
184,TEC-PH-10004094,Motorola L703CM,Stable Profit Cluster,Protect,Intensify Action,Protect (Tight Control),High Positive Deviation,2.1020130204133687,True,True,False,True Hidden Opportunity Candidate,Reframe / Reclassify,Positive deviation + reliability pass,True Hidden Opportunity,True,Misaligned Upside,Recover / Reclassify,1,467.97,77.995,1.241759661395442,0.0,0.01857029115321282
192,OFF-BI-10002867,GBC Recycled Regency Composition Covers,Stable Profit Cluster,Protect,Intensify Action,Protect (Tight Control),High Positive Deviation,2.000208299296105,True,False,False,True Hidden Opportunity Candidate,Reframe / Reclassify,Positive deviation + reliability pass,True Hidden Opportunity,True,Misaligned Upside,Recover / Reclassify,1,451.9368,75.3228,1.151612623490684,0.16666666666666666,0.017934051240146402
202,TEC-PH-10004447,Toshiba IPT2010-SD IP Telephone,Stable Profit Cluster,Protect,Intensify Action,Protect (Tight Control),Positive Deviation,1.155996211567799,True,True,False,True Hidden Opportunity Candidate,Reframe / Reclassify,Positive deviation + reliability pass,True Hidden Opportunity,True,Misaligned Upside,Recover / Reclassify,1,425.3094,53.163675,1.279079170745532,0.0,0.016877405364015326
207,TEC-PH-10000526,Vtech CS6719,Stable Profit Cluster,Protect,Intensify Action,Protect (Tight Control),Positive Deviation,1.4083700520841345,True,False,False,True Hidden Opportunity Candidate,Reframe / Reclassify,Positive deviation + reliability pass,True Hidden Opportunity,True,Misaligned Upside,Recover / Reclassify,1,418.5164,59.78805714285714,1.0487524006973208,0.14285714285714285,0.016607841101768227
214,FUR-BO-10002916,"Rush Hierlooms Collection 1"" Thick Stackable Bookcases",Stable Profit Cluster,Protect,Intensify Action,Protect (Tight Control),High Positive Deviation,3.038950190698848,True,True,False,True Hidden Opportunity Candidate,Reframe / Reclassify,Positive deviation + reliability pass,True Hidden Opportunity,True,Misaligned Upside,Recover / Reclassify,1,410.352,102.588,1.0713741594003514,0.0,0.01628385604911252
223,OFF-ST-10000689,"Fellowes Strictly Business Drawer File, Letter/Legal Size",Stable Profit Cluster,Protect,Intensify Action,Protect (Tight Control),Positive Deviation,1.2463437244167557,True,False,False,True Hidden Opportunity Candidate,Reframe / Reclassify,Positive deviation + reliability pass,True Hidden Opportunity,True,Misaligned Upside,Recover / Reclassify,1,388.746,55.53514285714285,1.2082511470751052,0.2857142857142857,0.015426472647064706
245,FUR-CH-10004983,Office Star - Mid Back Dual function Ergonomic High Back Chair with 2-Way Adjustable Arms,Stable Profit Cluster,Protect,Intensify Action,Protect (Tight Control),High Positive Deviation,1.7432270024445602,True,False,False,True Hidden Opportunity Candidate,Reframe / Reclassify,Positive deviation + reliability pass,True Hidden Opportunity,True,Misaligned Upside,Recover / Reclassify,1,342.8874,68.57748000000001,1.3838968138247352,0.2,0.013606681733376381
252,FUR-CH-10001270,Harbour Creations Steel Folding Chair,Stable Profit Cluster,Protect,Intensify Action,Protect (Tight Control),Positive Deviation,0.732471503942474,True,True,False,True Hidden Opportunity Candidate,Reframe / Reclassify,Positive deviation + reliability pass,True Hidden Opportunity,True,Misaligned Upside,Recover / Reclassify,1,336.375,42.046875,1.263696641355324,0.0,0.013348252423578353
259,TEC-PH-10004536,Avaya 5420 Digital phone,Stable Profit Cluster,Protect,Intensify Action,Protect (Tight Control),High Positive Deviation,3.244830256905604,True,True,False,True Hidden Opportunity Candidate,Reframe / Reclassify,Positive deviation + reliability pass,True Hidden Opportunity,True,Misaligned Upside,Recover / Reclassify,1,323.976,107.992,1.0489520927459455,0.0,0.012856227208268215
261,TEC-AC-10001465,SanDisk Cruzer 64 GB USB Flash Drive,Stable Profit Cluster,Protect,Intensify Action,Protect (Tight Control),Positive Deviation,0.48354154592071696,True,True,False,True Hidden Opportunity Candidate,Reframe / Reclassify,Positive deviation + reliability pass,True Hidden Opportunity,True,Misaligned Upside,Recover / Reclassify,1,319.616,35.51288888888889,1.1664560326194904,0.0,0.012683210840919862
267,TEC-PH-10002563,Adtran 1202752G1,Stable Profit Cluster,Protect,Intensify Action,Protect (Tight Control),High Positive Deviation,1.5113475298014356,True,True,False,True Hidden Opportunity Candidate,Reframe / Reclassify,Positive deviation + reliability pass,True Hidden Opportunity,True,Misaligned Upside,Recover / Reclassify,1,312.4552,62.49104,1.487105282028318,0.0,0.012399051298876727
268,FUR-TA-10001771,"Bush Cubix Conference Tables, Fully Assembled",Stable Profit Cluster,Protect,Intensify Action,Protect (Tight Control),High Positive Deviation,2.1005176849954164,True,False,False,True Hidden Opportunity Candidate,Reframe / Reclassify,Positive deviation + reliability pass,True Hidden Opportunity,True,Misaligned Upside,Recover / Reclassify,1,311.82300000000004,77.95575000000001,1.0943072908427025,0.25,0.012373963925611218
303,TEC-PH-10004120,AT&T 1080 Phone,Stable Profit Cluster,Protect,Intensify Action,Protect (Tight Control),High Positive Deviation,2.5751257173382336,True,True,False,True Hidden Opportunity Candidate,Reframe / Reclassify,Positive deviation + reliability pass,True Hidden Opportunity,True,Misaligned Upside,Recover / Reclassify,1,271.2402,90.41340000000001,1.1992540433886232,0.0,0.010763530752945009
306,FUR-FU-10001290,Executive Impressions Supervisor Wall Clock,Stable Profit Cluster,Protect,Intensify Action,Protect (Tight Control),High Positive Deviation,1.6647655148887701,True,True,False,True Hidden Opportunity Candidate,Reframe / Reclassify,Positive deviation + reliability pass,True Hidden Opportunity,True,Misaligned Upside,Recover / Reclassify,1,266.072,66.518,1.1053905505406632,0.0,0.010558442865392315
307,OFF-BI-10002026,Ibico Recycled Linen-Style Covers,Stable Profit Cluster,Protect,Intensify Action,Protect (Tight Control),High Positive Deviation,1.6305842426088477,True,False,False,True Hidden Opportunity Candidate,Reframe / Reclassify,Positive deviation + reliability pass,True Hidden Opportunity,True,Misaligned Upside,Recover / Reclassify,1,262.4832,65.6208,1.2387952339481407,0.25,0.01041602976008503
312,OFF-ST-10001837,"SAFCO Mobile Desk Side File, Wire Frame",Stable Profit Cluster,Protect,Intensify Action,Protect (Tight Control),Positive Deviation,0.36459327516674966,True,True,False,True Hidden Opportunity Candidate,Reframe / Reclassify,Positive deviation + reliability pass,True Hidden Opportunity,True,Misaligned Upside,Recover / Reclassify,1,259.1256,32.3907,1.1669397905653074,0.0,0.010282791284165574
314,FUR-FU-10001215,"Howard Miller 11-1/2"" Diameter Brentwood Wall Clock",Stable Profit Cluster,Protect,Intensify Action,Protect (Tight Control),High Positive Deviation,1.5706660571671982,True,False,False,True Hidden Opportunity Candidate,Reframe / Reclassify,Positive deviation + reliability pass,True Hidden Opportunity,True,Misaligned Upside,Recover / Reclassify,1,256.1922,64.04805,1.4704067841316453,0.25,0.010166386189674827
317,FUR-CH-10004875,Harbour Creations 67200 Series Stacking Chairs,Stable Profit Cluster,Protect,Intensify Action,Protect (Tight Control),Positive Deviation,0.34411003726962486,True,False,False,True Hidden Opportunity Candidate,Reframe / Reclassify,Positive deviation + reliability pass,True Hidden Opportunity,True,Misaligned Upside,Recover / Reclassify,1,254.8244,31.85305,1.37957826638891,0.125,0.010112108256817241
322,FUR-FU-10003553,"Howard Miller 13-1/2"" Diameter Rosebrook Wall Clock",Stable Profit Cluster,Protect,Intensify Action,Protect (Tight Control),Positive Deviation,1.0169671629729327,True,False,False,True Hidden Opportunity Candidate,Reframe / Reclassify,Positive deviation + reliability pass,True Hidden Opportunity,True,Misaligned Upside,Recover / Reclassify,1,247.57199999999997,49.514399999999995,1.2754721970647647,0.2,0.009824313783753667
335,OFF-BI-10004492,Tuf-Vin Binders,Stable Profit Cluster,Protect,Intensify Action,Protect (Tight Control),Positive Deviation,0.40589501087636165,True,False,False,True Hidden Opportunity Candidate,Reframe / Reclassify,Positive deviation + reliability pass,True Hidden Opportunity,True,Misaligned Upside,Recover / Reclassify,1,234.3236,33.4748,1.3641992978598154,0.2857142857142857,0.009298582122933049
337,OFF-ST-10000532,Advantus Rolling Drawer Organizers,Stable Profit Cluster,Protect,Intensify Action,Protect (Tight Control),Positive Deviation,0.6112417090359492,True,True,False,True Hidden Opportunity Candidate,Reframe / Reclassify,Positive deviation + reliability pass,True Hidden Opportunity,True,Misaligned Upside,Recover / Reclassify,1,233.18880000000001,38.8648,1.0899146785763163,0.0,0.009253550248238806
339,TEC-PH-10001061,Apple iPhone 5C,Stable Profit Cluster,Protect,Intensify Action,Protect (Tight Control),Positive Deviation,1.3209812352009076,True,True,False,True Hidden Opportunity Candidate,Reframe / Reclassify,Positive deviation + reliability pass,True Hidden Opportunity,True,Misaligned Upside,Recover / Reclassify,1,229.97699999999998,57.494249999999994,1.4379801729568245,0.0,0.009126097503135722
348,OFF-ST-10002292,"Sauder Facets Collection Locker/File Cabinet, Sky Alder Finish",Stable Profit Cluster,Protect,Intensify Action,Protect (Tight Control),High Positive Deviation,3.370628920601885,True,True,False,True Hidden Opportunity Candidate,Reframe / Reclassify,Positive deviation + reliability pass,True Hidden Opportunity,True,Misaligned Upside,Recover / Reclassify,1,222.588,111.294,1.4110018168622886,0.0,0.008832882379663941
351,TEC-PH-10000011,PureGear Roll-On Screen Protector,Stable Profit Cluster,Protect,Intensify Action,Protect (Tight Control),Positive Deviation,0.7938577849339526,True,True,False,True Hidden Opportunity Candidate,Reframe / Reclassify,Positive deviation + reliability pass,True Hidden Opportunity,True,Misaligned Upside,Recover / Reclassify,1,218.2908,43.658159999999995,1.1672183869535628,0.0,0.008662358082927856
368,TEC-PH-10001425,Mophie Juice Pack Helium for iPhone,Stable Profit Cluster,Protect,Intensify Action,Protect (Tight Control),Positive Deviation,0.41050483471259713,True,False,False,True Hidden Opportunity Candidate,Reframe / Reclassify,Positive deviation + reliability pass,True Hidden Opportunity,True,Misaligned Upside,Recover / Reclassify,1,201.57479999999998,33.5958,1.1164397504258483,0.16666666666666666,0.007999022854351012
383,FUR-FU-10003535,Howard Miller Distant Time Traveler Alarm Clock,Stable Profit Cluster,Protect,Intensify Action,Protect (Tight Control),Positive Deviation,0.3510685853992813,True,False,False,True Hidden Opportunity Candidate,Reframe / Reclassify,Positive deviation + reliability pass,True Hidden Opportunity,True,Misaligned Upside,Recover / Reclassify,1,192.2142,32.0357,1.3229446789981334,0.16666666666666666,0.007627569412103082
397,TEC-MA-10000112,Panasonic KX MB2061 Multifunction Printer,Stable Profit Cluster,Protect,Reassess Classification,Reassess Classification,High Positive Deviation,5.977884326028513,True,True,True,True Hidden Opportunity Candidate,Reframe / Reclassify,Positive deviation + reliability pass,True Hidden Opportunity,True,Misaligned Upside,Recover / Reclassify,1,179.73,179.73,0.0,0.0,0.007132163234752099
403,TEC-MA-10001031,Socket Bluetooth Cordless Hand Scanner (CHS),Stable Profit Cluster,Protect,Reassess Classification,Reassess Classification,High Positive Deviation,5.8814209049264585,True,True,True,True Hidden Opportunity Candidate,Reframe / Reclassify,Positive deviation + reliability pass,True Hidden Opportunity,True,Misaligned Upside,Recover / Reclassify,1,177.198,177.198,0.0,0.0,0.007031686757200259
413,OFF-AP-10001124,Belkin 8 Outlet SurgeMaster II Gold Surge Protector with Phone Protection,Stable Profit Cluster,Protect,Intensify Action,Protect (Tight Control),High Positive Deviation,5.547700137357122,True,True,True,True Hidden Opportunity Candidate,Reframe / Reclassify,Positive deviation + reliability pass,True Hidden Opportunity,True,Misaligned Upside,Recover / Reclassify,1,168.4384,168.4384,0.0,0.0,0.006684082589442319
423,OFF-BI-10003876,"Green Canvas Binder for 8-1/2"" x 14"" Sheets",Stable Profit Cluster,Protect,Intensify Action,Protect (Tight Control),Positive Deviation,0.3698240918007593,True,False,False,True Hidden Opportunity Candidate,Reframe / Reclassify,Positive deviation + reliability pass,True Hidden Opportunity,True,Misaligned Upside,Recover / Reclassify,1,162.64000000000001,32.528000000000006,1.371213137961423,0.2,0.006453986693930237
469,FUR-CH-10003846,Hon Valutask Swivel Chairs,Stable Profit Cluster,Protect,Intensify Action,Protect (Tight Control),Positive Deviation,0.45783362935520483,True,False,False,True Hidden Opportunity Candidate,Reframe / Reclassify,Positive deviation + reliability pass,True Hidden Opportunity,True,Misaligned Upside,Recover / Reclassify,1,139.3524,34.8381,1.0933715621752171,0.25,0.005529872942494121
473,FUR-FU-10001588,"Deflect-o SuperTray Unbreakable Stackable Tray, Letter, Black",Stable Profit Cluster,Protect,Intensify Action,Protect (Tight Control),Positive Deviation,0.44793584230847744,True,False,False,True Hidden Opportunity Candidate,Reframe / Reclassify,Positive deviation + reliability pass,True Hidden Opportunity,True,Misaligned Upside,Recover / Reclassify,1,138.3132,34.5783,1.1861998278092096,0.25,0.00548863472943256
480,TEC-PH-10002262,LG Electronics Tone+ HBS-730 Bluetooth Headset,Stable Profit Cluster,Protect,Intensify Action,Protect (Tight Control),Positive Deviation,0.40021083140225927,True,False,False,True Hidden Opportunity Candidate,Reframe / Reclassify,Positive deviation + reliability pass,True Hidden Opportunity,True,Misaligned Upside,Recover / Reclassify,1,133.30239999999998,33.325599999999994,1.2773265798427795,0.25,0.005289792891471753
484,TEC-PH-10002597,Xblue XB-1670-86 X16 Small Office Telephone - Titanium,Stable Profit Cluster,Protect,Intensify Action,Protect (Tight Control),High Positive Deviation,1.650545541774101,True,True,False,True Hidden Opportunity Candidate,Reframe / Reclassify,Positive deviation + reliability pass,True Hidden Opportunity,True,Misaligned Upside,Recover / Reclassify,1,132.2895,66.14475,1.2746447664466267,0.0,0.0052495983321857115
509,FUR-FU-10004845,"Deflect-o EconoMat Nonstudded, No Bevel Mat",Stable Profit Cluster,Protect,Intensify Action,Protect (Tight Control),Positive Deviation,0.7047792254221122,True,True,False,True Hidden Opportunity Candidate,Reframe / Reclassify,Positive deviation + reliability pass,True Hidden Opportunity,True,Misaligned Upside,Recover / Reclassify,1,123.96,41.32,1.138662883266468,0.0,0.004919061673509543
568,FUR-BO-10003894,"Safco Value Mate Steel Bookcase, Baked Enamel Finish on Steel, Black",Stable Profit Cluster,Protect,Intensify Action,Protect (Tight Control),Positive Deviation,0.4826695314943952,True,True,False,True Hidden Opportunity Candidate,Reframe / Reclassify,Positive deviation + reliability pass,True Hidden Opportunity,True,Misaligned Upside,Recover / Reclassify,1,106.47,35.49,1.2401473714561946,0.0,0.004225012071463061
633,TEC-PH-10000586,AT&T SB67148 SynJ,Stable Profit Cluster,Protect,Intensify Action,Protect (Tight Control),Positive Deviation,0.270292534503568,True,True,False,True Hidden Opportunity Candidate,Reframe / Reclassify,Positive deviation + reliability pass,True Hidden Opportunity,True,Misaligned Upside,Recover / Reclassify,1,89.74640000000001,29.91546666666667,1.1871001988195968,0.0,0.0035613752547229505
709,FUR-CH-10002758,"Hon Deluxe Fabric Upholstered Stacking Chairs, Squared Back",Stable Profit Cluster,Protect,Intensify Action,Protect (Tight Control),Positive Deviation,0.524843704938303,True,True,False,True Hidden Opportunity Candidate,Reframe / Reclassify,Positive deviation + reliability pass,True Hidden Opportunity,True,Misaligned Upside,Recover / Reclassify,1,73.194,36.597,1.4044914882050235,0.0,0.002904532108186976
33,TEC-PH-10002885,Apple iPhone 5,High-Impact Profit Cluster,Optimize,Reroute Action,Reroute to Correct,Positive Deviation,0.8545531157945614,False,False,False,Unstable Upside / Risky Profit,Do Not Scale — Stabilize or Restructure First,Rejected: loss rate above 30%,Unstable Upside / Risky Profit,True,Fragile Value,Stabilize First,2,1611.5784,268.5964,1.9906879904097454,0.3333333333333333,0.06395170652868533
97,OFF-BI-10000545,GBC Ibimaster 500 Manual ProClick Binding System,Extreme Volatility Tail,Contain,Reassess Classification,Reassess Classification,High Positive Deviation,4.085476872832834,False,False,True,Unstable Upside / Risky Profit,Do Not Scale — Stabilize or Restructure First,Rejected: loss rate above 30%,Unstable Upside / Risky Profit,True,Fragile Value,Stabilize First,2,760.9799999999998,84.55333333333331,22.66768706900737,0.6666666666666666,0.030197705326777118
132,TEC-PH-10003645,Aastra 57i VoIP phone,Stable Profit Cluster,Protect,Reroute Action,Reroute to Contain / Correct,High Positive Deviation,2.261841654025172,False,False,False,Unstable Upside / Risky Profit,Do Not Scale — Stabilize or Restructure First,Rejected: severe deterioration,Unstable Upside / Risky Profit,True,Fragile Value,Stabilize First,2,575.3316,82.19022857142856,1.7304849386574717,0.14285714285714285,0.022830684278145556
138,OFF-BI-10001718,GBC DocuBind P50 Personal Binding Machine,Stable Profit Cluster,Protect,Reroute Action,Reroute to Contain / Correct,Positive Deviation,1.2999493901695534,False,False,False,Unstable Upside / Risky Profit,Do Not Scale — Stabilize or Restructure First,Rejected: loss rate above 30%,Unstable Upside / Risky Profit,True,Fragile Value,Stabilize First,2,569.422,56.9422,2.094364754370369,0.4,0.022596175671613032
139,FUR-BO-10004695,O'Sullivan 2-Door Barrister Bookcase in Odessa Pine,Stable Profit Cluster,Protect,Reroute Action,Reroute to Contain / Correct,High Positive Deviation,2.213597969905739,False,False,False,Unstable Upside / Risky Profit,Do Not Scale — Stabilize or Restructure First,Rejected: CV above 2.0,Unstable Upside / Risky Profit,True,Fragile Value,Stabilize First,2,566.4674,80.92391428571429,2.501738999680875,0.14285714285714285,0.02247892930487738
141,OFF-BI-10001071,GBC ProClick Punch Binding System,Stable Profit Cluster,Protect,Reroute Action,Reroute to Contain / Correct,High Positive Deviation,2.191375026944561,False,False,False,Unstable Upside / Risky Profit,Do Not Scale — Stabilize or Restructure First,Rejected: severe deterioration,Unstable Upside / Risky Profit,True,Fragile Value,Stabilize First,2,562.3842,80.3406,1.5213130295733215,0.2857142857142857,0.022316897095896463
158,TEC-PH-10001817,Wilson Electronics DB Pro Signal Booster,Stable Profit Cluster,Protect,Reroute Action,Reroute to Contain / Correct,Positive Deviation,1.0945950724664348,False,False,False,Unstable Upside / Risky Profit,Do Not Scale — Stabilize or Restructure First,Rejected: CV above 2.0,Unstable Upside / Risky Profit,True,Fragile Value,Stabilize First,2,515.52,51.552,2.2000973074377193,0.2,0.020457201306289446
172,OFF-BI-10003650,GBC DocuBind 300 Electric Binding Machine,Risk-Oriented Profit Cluster,Contain,Reroute Action,Reroute to Correct,High Positive Deviation,4.261350394899802,False,False,True,Unstable Upside / Risky Profit,Do Not Scale — Stabilize or Restructure First,Rejected: loss rate above 30%,Unstable Upside / Risky Profit,True,Fragile Value,Stabilize First,2,494.4212000000001,61.802650000000014,8.854167346376538,0.5,0.019619944945874452
175,OFF-BI-10004519,GBC DocuBind P100 Manual Binding Machine,Stable Profit Cluster,Protect,Reroute Action,Reroute to Contain / Correct,High Positive Deviation,1.4623571032033125,False,False,False,Unstable Upside / Risky Profit,Do Not Scale — Stabilize or Restructure First,Rejected: CV above 2.0,Unstable Upside / Risky Profit,True,Fragile Value,Stabilize First,2,489.6410000000001,61.20512500000001,3.0081688188722233,0.25,0.019430253927709636
176,FUR-CH-10002602,DMI Arturo Collection Mission-style Design Wood Chair,Stable Profit Cluster,Protect,Reroute Action,Reroute to Contain / Correct,Positive Deviation,0.8143468760258812,False,False,False,Unstable Upside / Risky Profit,Do Not Scale — Stabilize or Restructure First,Rejected: CV above 2.0,Unstable Upside / Risky Profit,True,Fragile Value,Stabilize First,2,486.15560000000005,44.19596363636364,2.092811664324816,0.2727272727272727,0.019291944008728915
183,OFF-ST-10000046,Fellowes Super Stor/Drawer Files,Stable Profit Cluster,Protect,Intensify Action,Protect (Tight Control),Positive Deviation,1.1342738454039507,False,False,False,Unstable Upside / Risky Profit,Do Not Scale — Stabilize or Restructure First,Rejected: loss rate above 30%,Unstable Upside / Risky Profit,True,Fragile Value,Stabilize First,2,473.3415,52.5935,0.9997330774606065,0.3333333333333333,0.018783446524132927
186,TEC-MA-10000864,Cisco 9971 IP Video Phone Charcoal,High-Impact Profit Cluster,Optimize,Reroute Action,Reroute to Correct,Positive Deviation,0.5060533625517664,False,False,False,Unstable Upside / Risky Profit,Do Not Scale — Stabilize or Restructure First,Rejected: loss rate above 30%,Unstable Upside / Risky Profit,True,Fragile Value,Stabilize First,2,466.4,233.2,7.170012001714386,0.5,0.018507989387906185
189,FUR-TA-10003569,Bretford CR8500 Series Meeting Room Furniture,Stable Profit Cluster,Protect,Reroute Action,Reroute to Contain / Correct,High Positive Deviation,2.058562573428024,False,False,False,Unstable Upside / Risky Profit,Do Not Scale — Stabilize or Restructure First,Rejected: loss rate above 30%,Unstable Upside / Risky Profit,True,Fragile Value,Stabilize First,2,461.12700000000007,76.85450000000002,3.0296385389619127,0.3333333333333333,0.018298742758312645
190,OFF-AP-10002651,Hoover Upright Vacuum With Dirt Cup,Risk-Oriented Profit Cluster,Contain,Reroute Action,Reroute to Correct,High Positive Deviation,5.323132076094589,False,True,True,Unstable Upside / Risky Profit,Do Not Scale — Stabilize or Restructure First,Rejected: CV above 2.0,Unstable Upside / Risky Profit,True,Fragile Value,Stabilize First,2,460.35269999999986,76.72544999999998,8.181751701095484,0.16666666666666666,0.01826801648004708
195,FUR-TA-10003748,Bevis 36 x 72 Conference Tables,Stable Profit Cluster,Protect,Reroute Action,Reroute to Contain / Correct,Positive Deviation,1.2648347238070874,False,False,False,Unstable Upside / Risky Profit,Do Not Scale — Stabilize or Restructure First,Rejected: CV above 2.0,Unstable Upside / Risky Profit,True,Fragile Value,Stabilize First,2,448.164,56.0205,2.4853477915041293,0.25,0.01778433652667579
196,TEC-PH-10002584,Samsung Galaxy S4,Stable Profit Cluster,Protect,Reroute Action,Reroute to Contain / Correct,High Positive Deviation,2.469412170389583,False,False,False,Unstable Upside / Risky Profit,Do Not Scale — Stabilize or Restructure First,Rejected: CV above 2.0,Unstable Upside / Risky Profit,True,Fragile Value,Stabilize First,2,438.193,87.6386,2.2296230014292293,0.2,0.01738866079299909
198,FUR-TA-10000617,"Hon Practical Foundations 30 x 60 Training Table, Light Gray/Charcoal",Stable Profit Cluster,Protect,Reroute Action,Reroute to Contain / Correct,High Positive Deviation,1.8613592624171584,False,False,False,Unstable Upside / Risky Profit,Do Not Scale — Stabilize or Restructure First,Rejected: loss rate above 30%,Unstable Upside / Risky Profit,True,Fragile Value,Stabilize First,2,430.06950000000006,71.67825,2.8114091722844012,0.3333333333333333,0.017066298760853606
199,OFF-ST-10003716,Tennsco Double-Tier Lockers,Stable Loss Cluster,Correct,Reroute Action,Exit / Restructure,High Positive Deviation,1.2759628137670518,False,True,False,Unstable Upside / Risky Profit,Do Not Scale — Stabilize or Restructure First,Rejected: loss rate above 30%,Unstable Upside / Risky Profit,True,Fragile Value,Stabilize First,2,429.7882000000001,35.81568333333334,2.8646278408045456,0.5,0.017055136030547393
201,FUR-CH-10001708,Office Star - Contemporary Swivel Chair with Padded Adjustable Arms and Flex Back,Stable Profit Cluster,Protect,Reroute Action,Reroute to Contain / Correct,Positive Deviation,1.447791393300925,False,False,False,Unstable Upside / Risky Profit,Do Not Scale — Stabilize or Restructure First,Rejected: severe deterioration,Unstable Upside / Risky Profit,True,Fragile Value,Stabilize First,2,425.7596,60.822799999999994,1.7206230230687767,0.14285714285714285,0.016895270494423634
218,OFF-AP-10002684,"Acco 7-Outlet Masterpiece Power Center, Wihtout Fax/Phone Line Protection",Stable Profit Cluster,Protect,Reroute Action,Reroute to Contain / Correct,Positive Deviation,1.3142012020911196,False,False,False,Unstable Upside / Risky Profit,Do Not Scale — Stabilize or Restructure First,Rejected: CV above 2.0,Unstable Upside / Risky Profit,True,Fragile Value,Stabilize First,2,401.21400000000006,57.31628571428572,4.085477390313949,0.2857142857142857,0.015921235965436095
224,TEC-PH-10003505,Geemarc AmpliPOWER60,Stable Profit Cluster,Protect,Reroute Action,Reroute to Contain / Correct,Positive Deviation,0.46120319931033166,False,False,False,Unstable Upside / Risky Profit,Do Not Scale — Stabilize or Restructure First,Rejected: severe deterioration,Unstable Upside / Risky Profit,True,Fragile Value,Stabilize First,2,384.192,34.926545454545455,1.5536269026527108,0.09090909090909091,0.015245757845022415
225,OFF-AP-10000828,Avanti 4.4 Cu. Ft. Refrigerator,Stable Profit Cluster,Protect,Reroute Action,Reroute to Contain / Correct,Positive Deviation,1.2187587998222147,False,False,False,Unstable Upside / Risky Profit,Do Not Scale — Stabilize or Restructure First,Rejected: CV above 2.0,Unstable Upside / Risky Profit,True,Fragile Value,Stabilize First,2,383.67760000000004,54.81108571428572,4.361521907589808,0.14285714285714285,0.015225345088287556
226,OFF-AP-10002311,"Holmes Replacement Filter for HEPA Air Cleaner, Very Large Room, HEPA Filter",Stable Profit Cluster,Protect,Reroute Action,Reroute to Contain / Correct,Positive Deviation,0.5828947212376887,False,False,False,Unstable Upside / Risky Profit,Do Not Scale — Stabilize or Restructure First,Rejected: severe deterioration,Unstable Upside / Risky Profit,True,Fragile Value,Stabilize First,2,381.20739999999995,38.12074,1.8274022078709966,0.2,0.015127320998694915
228,OFF-AP-10004487,Kensington 4 Outlet MasterPiece Compact Power Control Center,Stable Profit Cluster,Protect,Reroute Action,Reroute to Contain / Correct,Positive Deviation,1.201886953432214,False,False,False,Unstable Upside / Risky Profit,Do Not Scale — Stabilize or Restructure First,Rejected: severe deterioration,Unstable Upside / Risky Profit,True,Fragile Value,Stabilize First,2,380.5776,54.368228571428574,1.6609497525764116,0.14285714285714285,0.015102328863796755
233,OFF-AP-10001394,Harmony Air Purifier,Stable Profit Cluster,Protect,Reroute Action,Reroute to Contain / Correct,High Positive Deviation,1.981967112082968,False,False,False,Unstable Upside / Risky Profit,Do Not Scale — Stabilize or Restructure First,Rejected: CV above 2.0,Unstable Upside / Risky Profit,True,Fragile Value,Stabilize First,2,374.22,74.84400000000001,2.0128837712631125,0.2,0.014850042428692655
242,FUR-TA-10003392,Global Adaptabilities Conference Tables,Stable Loss Cluster,Correct,Reassess Classification,Reassess Classification,High Positive Deviation,2.5569933484225142,False,True,True,Unstable Upside / Risky Profit,Do Not Scale — Stabilize or Restructure First,Rejected: loss rate above 30%,Unstable Upside / Risky Profit,True,Fragile Value,Stabilize First,2,354.0348,88.5087,2.166258424953417,0.5,0.014049040140114688
248,TEC-PH-10001128,Motorola Droid Maxx,Stable Profit Cluster,Protect,Reroute Action,Reroute to Contain / Correct,High Positive Deviation,2.3877192344223097,False,False,False,Unstable Upside / Risky Profit,Do Not Scale — Stabilize or Restructure First,Rejected: severe deterioration,Unstable Upside / Risky Profit,True,Fragile Value,Stabilize First,2,341.9772,85.4943,1.9173263764988355,0.25,0.013570562582559759
265,FUR-FU-10004306,Electrix Halogen Magnifier Lamp,Stable Profit Cluster,Protect,Reroute Action,Reroute to Contain / Correct,Positive Deviation,1.1292258978146845,False,False,False,Unstable Upside / Risky Profit,Do Not Scale — Stabilize or Restructure First,Rejected: CV above 2.0,Unstable Upside / Risky Profit,True,Fragile Value,Stabilize First,2,314.766,52.461000000000006,2.0100858114121203,0.16666666666666666,0.012490749973571354
271,FUR-BO-10000362,Sauder Inglewood Library Bookcases,Stable Profit Cluster,Protect,Reroute Action,Reroute to Contain / Correct,High Positive Deviation,1.501658518247457,False,False,False,Unstable Upside / Risky Profit,Do Not Scale — Stabilize or Restructure First,Rejected: severe deterioration,Unstable Upside / Risky Profit,True,Fragile Value,Stabilize First,2,311.1836,62.236720000000005,1.6889392606230402,0.2,0.012348590837243663
282,FUR-FU-10000576,Luxo Professional Fluorescent Magnifier Lamp with Clamp-Mount Base,Stable Profit Cluster,Protect,Reroute Action,Reroute to Contain / Correct,Positive Deviation,1.3370428519870108,False,False,False,Unstable Upside / Risky Profit,Do Not Scale — Stabilize or Restructure First,Rejected: CV above 2.0,Unstable Upside / Risky Profit,True,Fragile Value,Stabilize First,2,289.5791999999999,57.91583999999998,4.430333324850511,0.2,0.011491270927440742
289,FUR-CH-10004477,"Global Push Button Manager's Chair, Indigo",Stable Profit Cluster,Protect,Reroute Action,Reroute to Contain / Correct,Positive Deviation,0.3317069019791176,False,False,False,Unstable Upside / Risky Profit,Do Not Scale — Stabilize or Restructure First,Rejected: loss rate above 30%,Unstable Upside / Risky Profit,True,Fragile Value,Stabilize First,2,283.74739999999997,31.527488888888886,1.667573403996291,0.3333333333333333,0.011259849631316406
291,OFF-BI-10001543,GBC VeloBinder Manual Binding System,Stable Profit Cluster,Protect,Reroute Action,Reroute to Contain / Correct,Positive Deviation,0.467439968861873,False,False,False,Unstable Upside / Risky Profit,Do Not Scale — Stabilize or Restructure First,Rejected: severe deterioration,Unstable Upside / Risky Profit,True,Fragile Value,Stabilize First,2,280.72200000000004,35.090250000000005,1.5257363424745787,0.25,0.011139793732744
298,TEC-PH-10001079,Polycom SoundPoint Pro SE-225 Corded phone,Stable Profit Cluster,Protect,Reroute Action,Reroute to Contain / Correct,High Positive Deviation,1.7598650376987817,False,False,False,Unstable Upside / Risky Profit,Do Not Scale — Stabilize or Restructure First,Rejected: severe deterioration,Unstable Upside / Risky Profit,True,Fragile Value,Stabilize First,2,276.0568,69.0142,1.7514028472372996,0.25,0.010954666219681263
305,FUR-CH-10002965,"Global Leather Highback Executive Chair with Pneumatic Height Adjustment, Black",Stable Loss Cluster,Correct,Reassess Classification,Reassess Classification,High Positive Deviation,1.0550872032197631,False,True,True,Unstable Upside / Risky Profit,Do Not Scale — Stabilize or Restructure First,Rejected: loss rate above 30%,Unstable Upside / Risky Profit,True,Fragile Value,Stabilize First,2,267.3034,26.73034,1.9920922304410043,0.4,0.010607308084372305
310,OFF-BI-10002082,GBC Twin Loop Wire Binding Elements,Stable Loss Cluster,Correct,Reroute Action,Exit / Restructure,High Positive Deviation,1.0363204144975016,False,True,False,Unstable Upside / Risky Profit,Do Not Scale — Stabilize or Restructure First,Rejected: loss rate above 30%,Unstable Upside / Risky Profit,True,Fragile Value,Stabilize First,2,259.584,25.9584,2.527159776013869,0.4,0.010300981812328988
311,TEC-PH-10003811,Jabra Supreme Plus Driver Edition Headset,Stable Profit Cluster,Protect,Reroute Action,Reroute to Contain / Correct,Positive Deviation,1.10540263301076,False,False,False,Unstable Upside / Risky Profit,Do Not Scale — Stabilize or Restructure First,Rejected: severe deterioration,Unstable Upside / Risky Profit,True,Fragile Value,Stabilize First,2,259.1784,51.83568,1.592489432226346,0.2,0.010284886528247224
320,TEC-PH-10002555,Nortel Meridian M5316 Digital phone,Stable Loss Cluster,Correct,Reroute Action,Exit / Restructure,High Positive Deviation,1.9476099924974801,False,True,False,Unstable Upside / Risky Profit,Do Not Scale — Stabilize or Restructure First,Rejected: loss rate above 30%,Unstable Upside / Risky Profit,True,Fragile Value,Stabilize First,2,253.77100000000002,63.442750000000004,3.504977878653016,0.5,0.010070306550082207
325,FUR-FU-10000277,Deflect-o DuraMat Antistatic Studded Beveled Mat for Medium Pile Carpeting,Stable Profit Cluster,Protect,Reroute Action,Reroute to Contain / Correct,Positive Deviation,0.9927126320051557,False,False,False,Unstable Upside / Risky Profit,Do Not Scale — Stabilize or Restructure First,Rejected: CV above 2.0,Unstable Upside / Risky Profit,True,Fragile Value,Stabilize First,2,244.3888,48.87776,2.0381880776844694,0.2,0.009697995962528147
336,FUR-CH-10002647,"Situations Contoured Folding Chairs, 4/Set",Stable Loss Cluster,Correct,Intensify Action,Correct — Accelerated,High Positive Deviation,0.7848745218159379,False,True,True,Unstable Upside / Risky Profit,Do Not Scale — Stabilize or Restructure First,Rejected: loss rate above 30%,Unstable Upside / Risky Profit,True,Fragile Value,Stabilize First,2,234.234,15.6156,2.1431239516957787,0.4,0.009295026557218736
338,FUR-CH-10000749,Office Star - Ergonomic Mid Back Chair with 2-Way Adjustable Arms,Stable Profit Cluster,Protect,Reassess Classification,Reassess Classification,High Positive Deviation,3.5433334942748056,False,False,False,Unstable Upside / Risky Profit,Do Not Scale — Stabilize or Restructure First,Rejected: loss rate above 30%,Unstable Upside / Risky Profit,True,Fragile Value,Stabilize First,2,231.6544,115.8272,1.7639090532363981,0.5,0.009192661185381165
342,OFF-AP-10002518,Kensington 7 Outlet MasterPiece Power Center,Stable Profit Cluster,Protect,Reroute Action,Reroute to Contain / Correct,Positive Deviation,0.8799845332818966,False,False,False,Unstable Upside / Risky Profit,Do Not Scale — Stabilize or Restructure First,Rejected: CV above 2.0,Unstable Upside / Risky Profit,True,Fragile Value,Stabilize First,2,229.59420000000003,45.91884,6.539796483860875,0.2,0.009110906983543764
350,TEC-MA-10004626,Lexmark 20R1285 X6650 Wireless All-in-One Printer,Stable Profit Cluster,Protect,Reassess Classification,Reassess Classification,High Positive Deviation,3.2908522998326504,False,False,False,Unstable Upside / Risky Profit,Do Not Scale — Stabilize or Restructure First,Rejected: loss rate above 30%,Unstable Upside / Risky Profit,True,Fragile Value,Stabilize First,2,218.4,109.2,1.5039694070260612,0.5,0.008666691428642178
353,OFF-BI-10001597,"Wilson Jones Ledger-Size, Piano-Hinge Binder, 2"", Blue",Stable Loss Cluster,Correct,Reroute Action,Exit / Restructure,High Positive Deviation,0.8419402045992687,False,True,False,Unstable Upside / Risky Profit,Do Not Scale — Stabilize or Restructure First,Rejected: loss rate above 30%,Unstable Upside / Risky Profit,True,Fragile Value,Stabilize First,2,215.5548,17.9629,3.6225888304583975,0.4166666666666667,0.00855378634415146
358,FUR-TA-10001705,Bush Advantage Collection Round Conference Table,Stable Loss Cluster,Correct,Reroute Action,Exit / Restructure,High Positive Deviation,1.6844594719558068,False,True,False,Unstable Upside / Risky Profit,Do Not Scale — Stabilize or Restructure First,Rejected: loss rate above 30%,Unstable Upside / Risky Profit,True,Fragile Value,Stabilize First,2,210.474,52.6185,4.502178878525179,0.5,0.008352166720476345
366,FUR-CH-10003761,Global Italian Leather Office Chair,Stable Loss Cluster,Correct,Reassess Classification,Reassess Classification,High Positive Deviation,2.888979819851105,False,True,True,Unstable Upside / Risky Profit,Do Not Scale — Stabilize or Restructure First,Rejected: loss rate above 30%,Unstable Upside / Risky Profit,True,Fragile Value,Stabilize First,2,204.3288,102.1644,1.5192320976487919,0.5,0.008108308880882516
394,OFF-ST-10003470,"Tennsco Snap-Together Open Shelving Units, Starter Sets and Add-On Units",Stable Profit Cluster,Protect,Reroute Action,Reroute to Contain / Correct,Positive Deviation,0.2840661293597142,False,False,False,Unstable Upside / Risky Profit,Do Not Scale — Stabilize or Restructure First,Rejected: CV above 2.0,Unstable Upside / Risky Profit,True,Fragile Value,Stabilize First,2,181.66199999999998,30.276999999999997,2.530540496478286,0.16666666666666666,0.00720883012046701
405,TEC-PH-10001530,Plantronics Voyager Pro Legend,Stable Profit Cluster,Protect,Reroute Action,Reroute to Contain / Correct,Positive Deviation,1.3279512126458608,False,False,False,Unstable Upside / Risky Profit,Do Not Scale — Stabilize or Restructure First,Rejected: loss rate above 30%,Unstable Upside / Risky Profit,True,Fragile Value,Stabilize First,2,173.0316,57.6772,1.9240846626147508,0.3333333333333333,0.006866352951484623
410,FUR-CH-10001797,"Safco Chair Connectors, 6/Carton",Stable Profit Cluster,Protect,Reroute Action,Reroute to Contain / Correct,Positive Deviation,0.7578417265717734,False,False,False,Unstable Upside / Risky Profit,Do Not Scale — Stabilize or Restructure First,Rejected: severe deterioration,Unstable Upside / Risky Profit,True,Fragile Value,Stabilize First,2,170.8512,42.7128,1.5990217318429822,0.25,0.006779828894749223
424,TEC-PH-10002549,Polycom SoundPoint IP 450 VoIP phone,Stable Loss Cluster,Correct,Reroute Action,Exit / Restructure,High Positive Deviation,1.0641518777320083,False,True,False,Unstable Upside / Risky Profit,Do Not Scale — Stabilize or Restructure First,Rejected: loss rate above 30%,Unstable Upside / Risky Profit,True,Fragile Value,Stabilize First,2,162.61920000000003,27.103200000000005,4.293205435867257,0.3333333333333333,0.006453161294746558
425,OFF-AP-10000240,Belkin F9G930V10-GRY 9 Outlet Surge,Stable Profit Cluster,Protect,Reroute Action,Reroute to Contain / Correct,Positive Deviation,0.3693608235540764,False,False,False,Unstable Upside / Risky Profit,Do Not Scale — Stabilize or Restructure First,Rejected: severe deterioration,Unstable Upside / Risky Profit,True,Fragile Value,Stabilize First,2,162.57920000000001,32.515840000000004,1.6798888475442562,0.2,0.006451573988624095
440,TEC-PH-10002680,Samsung Galaxy Note 3,Stable Profit Cluster,Protect,Reroute Action,Reroute to Contain / Correct,Positive Deviation,1.0861754768647152,False,False,False,Unstable Upside / Risky Profit,Do Not Scale — Stabilize or Restructure First,Rejected: loss rate above 30%,Unstable Upside / Risky Profit,True,Fragile Value,Stabilize First,2,153.993,51.330999999999996,3.257193422132056,0.3333333333333333,0.0061108507929070275
442,OFF-ST-10000060,Fellowes Bankers Box Staxonsteel Drawer File/Stacking System,Stable Loss Cluster,Correct,Intensify Action,Correct — Accelerated,High Positive Deviation,0.8712643755928587,False,True,True,Unstable Upside / Risky Profit,Do Not Scale — Stabilize or Restructure First,Rejected: loss rate above 30%,Unstable Upside / Risky Profit,True,Fragile Value,Stabilize First,2,153.3528,19.1691,2.0395328619090933,0.375,0.006085445958417024
445,FUR-CH-10003606,SAFCO Folding Chair Trolley,Stable Profit Cluster,Protect,Reroute Action,Reroute to Contain / Correct,Positive Deviation,1.0522710479997515,False,False,False,Unstable Upside / Risky Profit,Do Not Scale — Stabilize or Restructure First,Rejected: loss rate above 30%,Unstable Upside / Risky Profit,True,Fragile Value,Stabilize First,2,151.3232,50.44106666666667,1.5969667835883197,0.3333333333333333,0.006004906045763306
454,FUR-FU-10003930,Howard Miller 12-3/4 Diameter Accuwave DS  Wall Clock,Stable Loss Cluster,Correct,Intensify Action,Correct — Accelerated,High Positive Deviation,2.2035060505748127,False,True,True,Unstable Upside / Risky Profit,Do Not Scale — Stabilize or Restructure First,Rejected: loss rate above 30%,Unstable Upside / Risky Profit,True,Fragile Value,Stabilize First,2,147.9372,73.9686,2.219034323645249,0.5,0.005870540582496902
456,OFF-BI-10001670,Vinyl Sectional Post Binders,Stable Loss Cluster,Correct,Reroute Action,Exit / Restructure,High Positive Deviation,0.7301928838352767,False,True,False,Unstable Upside / Risky Profit,Do Not Scale — Stabilize or Restructure First,Rejected: loss rate above 30%,Unstable Upside / Risky Profit,True,Fragile Value,Stabilize First,2,147.02999999999997,13.366363636363634,3.0001471884845334,0.45454545454545453,0.0058345404796394645
468,TEC-MA-10003626,Hewlett-Packard Deskjet 6540 Color Inkjet Printer,Stable Loss Cluster,Correct,Intensify Action,Correct — Accelerated,High Positive Deviation,2.102417644499165,False,True,True,Unstable Upside / Risky Profit,Do Not Scale — Stabilize or Restructure First,Rejected: loss rate above 30%,Unstable Upside / Risky Profit,True,Fragile Value,Stabilize First,2,139.621,69.8105,1.740653190248826,0.5,0.005540531703106454
472,OFF-BI-10004593,Ibico Laser Imprintable Binding System Covers,Stable Loss Cluster,Correct,Reroute Action,Exit / Restructure,High Positive Deviation,0.8256298196551471,False,True,False,Unstable Upside / Risky Profit,Do Not Scale — Stabilize or Restructure First,Rejected: loss rate above 30%,Unstable Upside / Risky Profit,True,Fragile Value,Stabilize First,2,138.336,17.292,3.797635373918729,0.375,0.005489539493922364
505,OFF-BI-10000069,"GBC Prepunched Paper, 19-Hole, for Binding Systems, 24-lb",Stable Loss Cluster,Correct,Intensify Action,Correct — Accelerated,High Positive Deviation,0.8420912813501299,False,True,True,Unstable Upside / Risky Profit,Do Not Scale — Stabilize or Restructure First,Rejected: loss rate above 30%,Unstable Upside / Risky Profit,True,Fragile Value,Stabilize First,2,125.7838,17.969114285714287,2.2543657408017816,0.42857142857142855,0.004991434896163195
520,FUR-FU-10004973,Flat Face Poster Frame,Stable Loss Cluster,Correct,Intensify Action,Correct — Accelerated,Positive Deviation,0.6502828492452921,False,True,True,Unstable Upside / Risky Profit,Do Not Scale — Stabilize or Restructure First,Rejected: loss rate above 30%,Unstable Upside / Risky Profit,True,Fragile Value,Stabilize First,2,120.9528,10.0794,2.3818624746139454,0.4166666666666667,0.004799727999222855
566,OFF-BI-10004230,GBC Recycled Grain Textured Covers,Stable Loss Cluster,Correct,Intensify Action,Correct — Accelerated,High Positive Deviation,0.9258600403253284,False,True,True,Unstable Upside / Risky Profit,Do Not Scale — Stabilize or Restructure First,Rejected: loss rate above 30%,Unstable Upside / Risky Profit,True,Fragile Value,Stabilize First,2,107.07400000000003,21.414800000000007,1.9003277729883299,0.4,0.004248980393912237
567,OFF-BI-10002854,"Performers Binder/Pad Holder, Black",Stable Loss Cluster,Correct,Reroute Action,Exit / Restructure,High Positive Deviation,0.7289259387317906,False,True,False,Unstable Upside / Risky Profit,Do Not Scale — Stabilize or Restructure First,Rejected: loss rate above 30%,Unstable Upside / Risky Profit,True,Fragile Value,Stabilize First,2,106.514,13.31425,3.8281925572461577,0.375,0.004226758108197769
569,OFF-BI-10000315,Poly Designer Cover & Back,Stable Loss Cluster,Correct,Intensify Action,Correct — Accelerated,High Positive Deviation,0.7745762969503395,False,True,True,Unstable Upside / Risky Profit,Do Not Scale — Stabilize or Restructure First,Rejected: loss rate above 30%,Unstable Upside / Risky Profit,True,Fragile Value,Stabilize First,2,106.34400000000001,15.192000000000002,2.2637457279187356,0.42857142857142855,0.004220012057177307
574,OFF-BI-10002852,Ibico Standard Transparent Covers,Stable Loss Cluster,Correct,Intensify Action,Correct — Accelerated,Positive Deviation,0.6600530348189151,False,True,True,Unstable Upside / Risky Profit,Do Not Scale — Stabilize or Restructure First,Rejected: loss rate above 30%,Unstable Upside / Risky Profit,True,Fragile Value,Stabilize First,2,104.81280000000001,10.481280000000002,2.31707332766139,0.4,0.0041592499788094634
582,TEC-PH-10001530,Cisco Unified IP Phone 7945G VoIP phone,Risk-Oriented Profit Cluster,Contain,Reroute Action,Reroute to Correct,High Positive Deviation,1.0770904138129695,False,True,True,Unstable Upside / Risky Profit,Do Not Scale — Stabilize or Restructure First,Rejected: CV above 2.0,Unstable Upside / Risky Profit,True,Fragile Value,Stabilize First,2,102.29699999999997,17.049499999999995,7.758725203692954,0.16666666666666666,0.004059416360237218
585,FUR-TA-10002855,Bevis Round Conference Table Top & Single Column Base,Stable Loss Cluster,Correct,Reroute Action,Exit / Restructure,High Positive Deviation,0.8962032920981184,False,False,False,Unstable Upside / Risky Profit,Do Not Scale — Stabilize or Restructure First,Rejected: loss rate above 30%,Unstable Upside / Risky Profit,True,Fragile Value,Stabilize First,2,100.97460000000001,20.194920000000003,5.485525628584041,0.6,0.004006940019828629
586,OFF-BI-10004001,GBC Recycled VeloBinder Covers,Stable Loss Cluster,Correct,Reroute Action,Exit / Restructure,High Positive Deviation,0.7117950507441988,False,True,False,Unstable Upside / Risky Profit,Do Not Scale — Stabilize or Restructure First,Rejected: loss rate above 30%,Unstable Upside / Risky Profit,True,Fragile Value,Stabilize First,2,100.87679999999999,12.609599999999999,2.577996227906339,0.375,0.004003059056359208
588,FUR-TA-10000688,"Chromcraft Bull-Nose Wood Round Conference Table Top, Wood Base",Stable Loss Cluster,Correct,Reroute Action,Exit / Restructure,High Positive Deviation,0.8112821590283434,False,True,False,Unstable Upside / Risky Profit,Do Not Scale — Stabilize or Restructure First,Rejected: loss rate above 30%,Unstable Upside / Risky Profit,True,Fragile Value,Stabilize First,2,100.211,16.701833333333333,6.987398871291124,0.5,0.00397663834595083
603,TEC-PH-10003963,GE 2-Jack Phone Line Splitter,Stable Loss Cluster,Correct,Reroute Action,Exit / Restructure,High Positive Deviation,1.1731130611580878,False,True,False,Unstable Upside / Risky Profit,Do Not Scale — Stabilize or Restructure First,Rejected: loss rate above 30%,Unstable Upside / Risky Profit,True,Fragile Value,Stabilize First,2,94.75540000000001,31.585133333333335,4.361912189209921,0.3333333333333333,0.0037601456639082464
619,FUR-FU-10002759,12-1/2 Diameter Round Wall Clock,Stable Loss Cluster,Correct,Reroute Action,Exit / Restructure,High Positive Deviation,0.6821110739715465,False,True,False,Unstable Upside / Risky Profit,Do Not Scale — Stabilize or Restructure First,Rejected: loss rate above 30%,Unstable Upside / Risky Profit,True,Fragile Value,Stabilize First,2,91.10879999999999,11.388599999999999,2.657665340956331,0.375,0.003615438901254003
623,OFF-BI-10003007,"Premium Transparent Presentation Covers, No Pattern/Clear, 8 1/2"" x 11""",Stable Loss Cluster,Correct,Reroute Action,Exit / Restructure,High Positive Deviation,0.7204012160001521,False,True,False,Unstable Upside / Risky Profit,Do Not Scale — Stabilize or Restructure First,Rejected: CV above 2.0,Unstable Upside / Risky Profit,True,Fragile Value,Stabilize First,2,90.74519999999998,12.963599999999998,3.7050054693924674,0.2857142857142857,0.0036010102886008238
627,OFF-BI-10002498,Clear Mylar Reinforcing Strips,Stable Loss Cluster,Correct,Intensify Action,Correct — Accelerated,High Positive Deviation,0.7187602099132119,False,True,True,Unstable Upside / Risky Profit,Do Not Scale — Stabilize or Restructure First,Rejected: loss rate above 30%,Unstable Upside / Risky Profit,True,Fragile Value,Stabilize First,2,90.27269999999999,12.896099999999999,1.7825016686255373,0.42857142857142855,0.0035822602350292425
630,FUR-BO-10002213,DMI Eclipse Executive Suite Bookcases,Stable Loss Cluster,Correct,Reroute Action,Exit / Restructure,High Positive Deviation,0.7706232956209101,False,False,False,Unstable Upside / Risky Profit,Do Not Scale — Stabilize or Restructure First,Rejected: loss rate above 30%,Unstable Upside / Risky Profit,True,Fragile Value,Stabilize First,2,90.17640000000003,15.029400000000004,4.897411141493966,0.6666666666666666,0.003578438795539417
647,OFF-BI-10002026,Avery Arch Ring Binders,Risk-Oriented Profit Cluster,Contain,Reroute Action,Reroute to Correct,Positive Deviation,0.48407707704520747,False,True,True,Unstable Upside / Risky Profit,Do Not Scale — Stabilize or Restructure First,Rejected: loss rate above 30%,Unstable Upside / Risky Profit,True,Fragile Value,Stabilize First,2,87.15000000000003,8.715000000000003,9.29116142261446,0.4,0.0034583432143139472
655,OFF-BI-10002794,"Avery Trapezoid Ring Binder, 3"" Capacity, Black, 1040 sheets",Stable Loss Cluster,Correct,Reroute Action,Exit / Restructure,High Positive Deviation,0.7012759412497552,False,False,False,Unstable Upside / Risky Profit,Do Not Scale — Stabilize or Restructure First,Rejected: loss rate above 30%,Unstable Upside / Risky Profit,True,Fragile Value,Stabilize First,2,85.2384,12.176914285714286,3.9555490258583954,0.5714285714285714,0.0033824858547214895
659,TEC-PH-10000560,Samsung Galaxy S III - 16GB - pebble blue (T-Mobile),Risk-Oriented Profit Cluster,Contain,Reroute Action,Reroute to Correct,High Positive Deviation,0.8600850294698185,False,True,False,Unstable Upside / Risky Profit,Do Not Scale — Stabilize or Restructure First,Rejected: loss rate above 30%,Unstable Upside / Risky Profit,True,Fragile Value,Stabilize First,2,83.99760000000003,13.999600000000006,17.636362422730137,0.3333333333333333,0.003333247618802722
672,FUR-CH-10004698,"Padded Folding Chairs, Black, 4/Carton",Stable Loss Cluster,Correct,Intensify Action,Correct — Accelerated,Positive Deviation,0.651330662020805,False,True,True,Unstable Upside / Risky Profit,Do Not Scale — Stabilize or Restructure First,Rejected: loss rate above 30%,Unstable Upside / Risky Profit,True,Fragile Value,Stabilize First,2,80.97999999999999,10.122499999999999,2.1316915850896243,0.5,0.0032135012449241913
674,OFF-AP-10001242,APC 7 Outlet Network SurgeArrest Surge Protector,Risk-Oriented Profit Cluster,Contain,Reroute Action,Reroute to Correct,Positive Deviation,0.5797760317458659,False,True,True,Unstable Upside / Risky Profit,Do Not Scale — Stabilize or Restructure First,Rejected: CV above 2.0,Unstable Upside / Risky Profit,True,Fragile Value,Stabilize First,2,80.47999999999998,10.059999999999997,8.545754572507406,0.25,0.0031936599183934166
680,TEC-AC-10003023,Logitech G105 Gaming Keyboard,Stable Loss Cluster,Correct,Intensify Action,Correct — Accelerated,High Positive Deviation,0.7862865163867451,False,False,True,Unstable Upside / Risky Profit,Do Not Scale — Stabilize or Restructure First,Rejected: loss rate above 30%,Unstable Upside / Risky Profit,True,Fragile Value,Stabilize First,2,78.36840000000001,15.673680000000001,1.623467457711052,0.6,0.003109866028188652
690,OFF-BI-10004236,"XtraLife ClearVue Slant-D Ring Binder, White, 3""",Stable Loss Cluster,Correct,Reassess Classification,Reassess Classification,Positive Deviation,0.5922500668747244,False,True,False,Unstable Upside / Risky Profit,Do Not Scale — Stabilize or Restructure First,Rejected: CV above 2.0,Unstable Upside / Risky Profit,True,Fragile Value,Stabilize First,2,76.9232,7.69232,2.5840964590001754,0.3,0.003052516657984102
700,OFF-AP-10000026,Tripp Lite Isotel 6 Outlet Surge Protector with Fax/Modem Protection,Risk-Oriented Profit Cluster,Contain,Reroute Action,Reroute to Correct,High Positive Deviation,0.7533042069664624,False,True,True,Unstable Upside / Risky Profit,Do Not Scale — Stabilize or Restructure First,Rejected: CV above 2.0,Unstable Upside / Risky Profit,True,Fragile Value,Stabilize First,2,74.99310000000001,12.498850000000003,8.186163979383194,0.16666666666666666,0.002975925169310008
707,FUR-BO-10003441,"Bush Westfield Collection Bookcases, Fully Assembled",Stable Loss Cluster,Correct,Reroute Action,Exit / Restructure,High Positive Deviation,0.7039255148872721,False,True,False,Unstable Upside / Risky Profit,Do Not Scale — Stabilize or Restructure First,Rejected: loss rate above 30%,Unstable Upside / Risky Profit,True,Fragile Value,Stabilize First,2,73.71539999999999,12.285899999999998,2.694810880274856,0.3333333333333333,0.002925222643493267
764,FUR-CH-10003061,"Global Leather Task Chair, Black",Stable Loss Cluster,Correct,Reroute Action,Exit / Restructure,Positive Deviation,0.5994046710797742,False,False,True,Unstable Upside / Risky Profit,Do Not Scale — Stabilize or Restructure First,Rejected: loss rate above 30%,Unstable Upside / Risky Profit,True,Fragile Value,Stabilize First,2,63.8929,7.9866125,2.300081111301296,0.625,0.0025354397837962076
772,OFF-AP-10004336,"Conquest 14 Commercial Heavy-Duty Upright Vacuum, Collection System, Accessory Kit",Stable Loss Cluster,Correct,Reassess Classification,Reassess Classification,High Positive Deviation,0.7791273538314537,False,True,False,Unstable Upside / Risky Profit,Do Not Scale — Stabilize or Restructure First,Rejected: CV above 2.0,Unstable Upside / Risky Profit,True,Fragile Value,Stabilize First,2,61.5168,15.3792,4.4567287718561275,0.25,0.0024411498318566626
787,TEC-PH-10001299,Polycom CX300 Desktop Phone USB VoIP phone,Stable Loss Cluster,Correct,Reassess Classification,Reassess Classification,High Positive Deviation,0.6969554934780015,False,True,False,Unstable Upside / Risky Profit,Do Not Scale — Stabilize or Restructure First,Rejected: CV above 2.0,Unstable Upside / Risky Profit,True,Fragile Value,Stabilize First,2,59.995999999999995,11.999199999999998,5.83499813224068,0.2,0.0023808004530806596
799,OFF-BI-10001191,Canvas Sectional Post Binders,Stable Loss Cluster,Correct,Reroute Action,Exit / Restructure,Positive Deviation,0.6445729584361164,False,True,False,Unstable Upside / Risky Profit,Do Not Scale — Stabilize or Restructure First,Rejected: loss rate above 30%,Unstable Upside / Risky Profit,True,Fragile Value,Stabilize First,2,59.0672,9.844533333333333,4.358924116329433,0.3333333333333333,0.0023439432049170935
828,OFF-AP-10001563,Belkin Premiere Surge Master II 8-outlet surge protector,Stable Loss Cluster,Correct,Reassess Classification,Reassess Classification,Positive Deviation,0.5975810270931579,False,True,False,Unstable Upside / Risky Profit,Do Not Scale — Stabilize or Restructure First,Rejected: CV above 2.0,Unstable Upside / Risky Profit,True,Fragile Value,Stabilize First,2,55.3812,7.9116,7.42425213388636,0.2857142857142857,0.002197672945732226
833,OFF-BI-10003982,Wilson Jones Century Plastic Molded Ring Binders,Stable Loss Cluster,Correct,Reroute Action,Exit / Restructure,Positive Deviation,0.5395555380829766,False,True,False,Unstable Upside / Risky Profit,Do Not Scale — Stabilize or Restructure First,Rejected: loss rate above 30%,Unstable Upside / Risky Profit,True,Fragile Value,Stabilize First,2,55.2482,5.52482,5.5149703502665135,0.4,0.0021923951528750396
838,FUR-TA-10001086,"SAFCO PlanMaster Boards, 60w x 37-1/2d, White Melamine",Risk-Oriented Profit Cluster,Contain,Reroute Action,Reroute to Correct,High Positive Deviation,0.6426228516031139,False,True,False,Unstable Upside / Risky Profit,Do Not Scale — Stabilize or Restructure First,Rejected: loss rate above 30%,Unstable Upside / Risky Profit,True,Fragile Value,Stabilize First,2,54.71640000000002,10.943280000000005,17.898570195002915,0.4,0.0021712919179769094
851,OFF-AP-10003217,Eureka Sanitaire  Commercial Upright,Risk-Oriented Profit Cluster,Contain,Reroute Action,Reroute to Correct,High Positive Deviation,1.1216479419904486,False,True,True,Unstable Upside / Risky Profit,Do Not Scale — Stabilize or Restructure First,Rejected: loss rate above 30%,Unstable Upside / Risky Profit,True,Fragile Value,Stabilize First,2,53.02719999999999,17.67573333333333,10.00473355480065,0.3333333333333333,0.0021042599804253406
880,TEC-PH-10004531,AT&T CL2909,Stable Loss Cluster,Correct,Intensify Action,Correct — Accelerated,High Positive Deviation,0.8136362936863986,False,True,True,Unstable Upside / Risky Profit,Do Not Scale — Stabilize or Restructure First,Rejected: loss rate above 30%,Unstable Upside / Risky Profit,True,Fragile Value,Stabilize First,2,50.395999999999994,16.798666666666666,2.1328987190918482,0.3333333333333333,0.0019998469836897946
881,TEC-AC-10002335,Logitech Media Keyboard K200,Stable Loss Cluster,Correct,Intensify Action,Correct — Accelerated,High Positive Deviation,0.7114741428871972,False,True,True,Unstable Upside / Risky Profit,Do Not Scale — Stabilize or Restructure First,Rejected: loss rate above 30%,Unstable Upside / Risky Profit,True,Fragile Value,Stabilize First,2,50.3856,12.5964,1.515295019546906,0.5,0.0019994342840979544
885,FUR-FU-10001940,Staple-based wall hangings,Stable Loss Cluster,Correct,Intensify Action,Correct — Accelerated,Positive Deviation,0.527543373526574,False,True,True,Unstable Upside / Risky Profit,Do Not Scale — Stabilize or Restructure First,Rejected: loss rate above 30%,Unstable Upside / Risky Profit,True,Fragile Value,Stabilize First,2,50.3072,5.0307200000000005,2.0030899101084256,0.4,0.001996323164097929
893,OFF-BI-10001524,GBC Premium Transparent Covers with Diagonal Lined Pattern,Risk-Oriented Profit Cluster,Contain,Reroute Action,Reroute to Correct,Positive Deviation,0.11562746160577018,False,True,True,Unstable Upside / Risky Profit,Do Not Scale — Stabilize or Restructure First,Rejected: loss rate above 30%,Unstable Upside / Risky Profit,True,Fragile Value,Stabilize First,2,49.512800000000006,3.536628571428572,8.527848684496039,0.35714285714285715,0.0019647992645058353
898,FUR-CH-10000422,Global Highback Leather Tilter in Burgundy,Stable Loss Cluster,Correct,Reroute Action,Exit / Restructure,Positive Deviation,0.5379650992947154,False,False,False,Unstable Upside / Risky Profit,Do Not Scale — Stabilize or Restructure First,Rejected: loss rate above 30%,Unstable Upside / Risky Profit,True,Fragile Value,Stabilize First,2,49.13459999999999,5.459399999999999,7.12303408944553,0.5555555555555556,0.0019497912851179572
901,OFF-ST-10000129,Fellowes Recycled Storage Drawers,Stable Loss Cluster,Correct,Reroute Action,Exit / Restructure,High Positive Deviation,0.8011338532373546,False,True,False,Unstable Upside / Risky Profit,Do Not Scale — Stabilize or Restructure First,Rejected: loss rate above 30%,Unstable Upside / Risky Profit,True,Fragile Value,Stabilize First,2,48.8532,16.2844,2.5444392276057815,0.3333333333333333,0.0019386245865464378
906,FUR-BO-10003660,"Bush Cubix Collection Bookcases, Fully Assembled",Stable Loss Cluster,Correct,Reroute Action,Exit / Restructure,High Positive Deviation,0.7992084060953447,False,True,False,Unstable Upside / Risky Profit,Do Not Scale — Stabilize or Restructure First,Rejected: loss rate above 30%,Unstable Upside / Risky Profit,True,Fragile Value,Stabilize First,2,48.6156,16.2052,6.503644610402671,0.3333333333333333,0.001929195988179014
908,OFF-BI-10003684,Wilson Jones Legal Size Ring Binders,Stable Loss Cluster,Correct,Reroute Action,Exit / Restructure,Positive Deviation,0.5359213376397706,False,True,False,Unstable Upside / Risky Profit,Do Not Scale — Stabilize or Restructure First,Rejected: loss rate above 30%,Unstable Upside / Risky Profit,True,Fragile Value,Stabilize First,2,48.378,5.375333333333334,6.6562083947204185,0.4444444444444444,0.0019197673898115899
918,TEC-AC-10001552,Logitech K350 2.4Ghz Wireless Keyboard,Stable Loss Cluster,Correct,Reroute Action,Exit / Restructure,Positive Deviation,0.6351345397227371,False,True,False,Unstable Upside / Risky Profit,Do Not Scale — Stabilize or Restructure First,Rejected: loss rate above 30%,Unstable Upside / Risky Profit,True,Fragile Value,Stabilize First,2,47.2815,9.4563,3.1545783261193368,0.4,0.001876255360729602
945,FUR-CH-10002304,"Global Stack Chair without Arms, Black",Stable Loss Cluster,Correct,Reassess Classification,Reassess Classification,Positive Deviation,0.5586303149952696,False,True,False,Unstable Upside / Risky Profit,Do Not Scale — Stabilize or Restructure First,Rejected: CV above 2.0,Unstable Upside / Risky Profit,True,Fragile Value,Stabilize First,2,44.166,6.309428571428571,2.776807856207565,0.2857142857142857,0.0017526240551163478
949,OFF-AP-10003040,Fellowes 8 Outlet Superior Workstation Surge Protector w/o Phone/Fax/Modem Protection,Stable Loss Cluster,Correct,Reroute Action,Exit / Restructure,Positive Deviation,0.6177495996816857,False,True,False,Unstable Upside / Risky Profit,Do Not Scale — Stabilize or Restructure First,Rejected: CV above 2.0,Unstable Upside / Risky Profit,True,Fragile Value,Stabilize First,2,43.706,8.741200000000001,6.349687998839046,0.2,0.0017343700347080358
953,OFF-BI-10003476,Avery Metallic Poly Binders,Stable Loss Cluster,Correct,Reassess Classification,Reassess Classification,Positive Deviation,0.5812268819867179,False,True,True,Unstable Upside / Risky Profit,Do Not Scale — Stabilize or Restructure First,Rejected: loss rate above 30%,Unstable Upside / Risky Profit,True,Fragile Value,Stabilize First,2,43.4334,7.2389,1.3707133955961905,0.3333333333333333,0.0017235525434834576
958,TEC-AC-10000580,Logitech G13 Programmable Gameboard with LCD Display,Stable Loss Cluster,Correct,Reroute Action,Exit / Restructure,Positive Deviation,0.6677686807716887,False,True,False,Unstable Upside / Risky Profit,Do Not Scale — Stabilize or Restructure First,Rejected: loss rate above 30%,Unstable Upside / Risky Profit,True,Fragile Value,Stabilize First,2,43.194599999999994,10.798649999999999,3.2617494542047982,0.5,0.0017140763259323596
966,TEC-AC-10004510,Logitech Desktop MK120 Mouse and keyboard Combo,Stable Loss Cluster,Correct,Intensify Action,Correct — Accelerated,Positive Deviation,0.49141563181519865,False,True,True,Unstable Upside / Risky Profit,Do Not Scale — Stabilize or Restructure First,Rejected: loss rate above 30%,Unstable Upside / Risky Profit,True,Fragile Value,Stabilize First,2,42.53600000000001,3.5446666666666675,1.82599332155333,0.3333333333333333,0.0016879413306260243
986,OFF-BI-10003707,Aluminum Screw Posts,Stable Loss Cluster,Correct,Reroute Action,Exit / Restructure,Positive Deviation,0.49630144657101805,False,False,False,Unstable Upside / Risky Profit,Do Not Scale — Stabilize or Restructure First,Rejected: loss rate above 30%,Unstable Upside / Risky Profit,True,Fragile Value,Stabilize First,2,41.202,3.7456363636363634,5.208126240315189,0.5454545454545454,0.0016350046714419184
987,FUR-CH-10003981,Global Commerce Series Low-Back Swivel/Tilt Chairs,Stable Loss Cluster,Correct,Reroute Action,Exit / Restructure,Positive Deviation,0.5480403557142152,False,False,False,Unstable Upside / Risky Profit,Do Not Scale — Stabilize or Restructure First,Rejected: loss rate above 30%,Unstable Upside / Risky Profit,True,Fragile Value,Stabilize First,2,41.116800000000005,5.8738285714285725,6.647877456849296,0.8571428571428571,0.0016316237094010746
995,OFF-BI-10000088,GBC Imprintable Covers,Stable Loss Cluster,Correct,Reroute Action,Exit / Restructure,Positive Deviation,0.5266968574977258,False,True,False,Unstable Upside / Risky Profit,Do Not Scale — Stabilize or Restructure First,Rejected: loss rate above 30%,Unstable Upside / Risky Profit,True,Fragile Value,Stabilize First,2,39.967200000000005,4.995900000000001,3.3947117952316326,0.375,0.0015860045314415186
1006,OFF-BI-10003984,Lock-Up Easel 'Spel-Binder',Risk-Oriented Profit Cluster,Contain,Reroute Action,Reroute to Correct,Positive Deviation,0.26418191969925153,False,False,True,Unstable Upside / Risky Profit,Do Not Scale — Stabilize or Restructure First,Rejected: loss rate above 30%,Unstable Upside / Risky Profit,True,Fragile Value,Stabilize First,2,39.371399999999994,5.624485714285713,9.718309730214285,0.5714285714285714,0.0015623616067474476
1019,TEC-AC-10002323,SanDisk Ultra 32 GB MicroSDHC Class 10 Memory Card,Stable Loss Cluster,Correct,Reroute Action,Exit / Restructure,Positive Deviation,0.4892511981974969,False,False,False,Unstable Upside / Risky Profit,Do Not Scale — Stabilize or Restructure First,Rejected: loss rate above 30%,Unstable Upside / Risky Profit,True,Fragile Value,Stabilize First,2,38.012,3.455636363636364,2.905575143290647,0.5454545454545454,0.0015084170081755789
1020,TEC-AC-10001767,SanDisk Ultra 64 GB MicroSDHC Class 10 Memory Card,Stable Loss Cluster,Correct,Reroute Action,Exit / Restructure,Positive Deviation,0.5591729757383054,False,True,False,Unstable Upside / Risky Profit,Do Not Scale — Stabilize or Restructure First,Rejected: loss rate above 30%,Unstable Upside / Risky Profit,True,Fragile Value,Stabilize First,2,37.9905,6.3317499999999995,2.8598833891859727,0.5,0.0015075638311347556
1022,OFF-BI-10001196,"Avery Flip-Chart Easel Binder, Black",Stable Loss Cluster,Correct,Reroute Action,Exit / Restructure,Positive Deviation,0.6351163063217711,False,True,False,Unstable Upside / Risky Profit,Do Not Scale — Stabilize or Restructure First,Rejected: loss rate above 30%,Unstable Upside / Risky Profit,True,Fragile Value,Stabilize First,2,37.8222,9.45555,3.571768434953094,0.5,0.001500885240624497
1031,OFF-BI-10001634,Wilson Jones Active Use Binders,Stable Loss Cluster,Correct,Intensify Action,Correct — Accelerated,Positive Deviation,0.5553832646441937,False,True,True,Unstable Upside / Risky Profit,Do Not Scale — Stabilize or Restructure First,Rejected: loss rate above 30%,Unstable Upside / Risky Profit,True,Fragile Value,Stabilize First,2,37.0552,6.175866666666667,1.6127307606302852,0.3333333333333333,0.0014704486457262893
1034,TEC-MA-10002930,Ricoh - Ink Collector Unit for GX3000 Series Printers,Stable Loss Cluster,Correct,Intensify Action,Correct — Accelerated,High Positive Deviation,0.7043979625656357,False,True,True,Unstable Upside / Risky Profit,Do Not Scale — Stabilize or Restructure First,Rejected: loss rate above 30%,Unstable Upside / Risky Profit,True,Fragile Value,Stabilize First,2,36.916,12.305333333333332,2.127430551392911,0.3333333333333333,0.0014649248204201216
1048,OFF-BI-10000050,"Angle-D Binders with Locking Rings, Label Holders",Stable Loss Cluster,Correct,Reroute Action,Exit / Restructure,Positive Deviation,0.4911368633737629,False,True,False,Unstable Upside / Risky Profit,Do Not Scale — Stabilize or Restructure First,Rejected: CV above 2.0,Unstable Upside / Risky Profit,True,Fragile Value,Stabilize First,2,35.331999999999994,3.5331999999999995,3.164256960443638,0.3,0.0014020674979706288
1054,TEC-MA-10000597,Lexmark S315 Color Inkjet Printer,Stable Loss Cluster,Correct,Reroute Action,Exit / Restructure,High Positive Deviation,0.8306440049207978,False,True,False,Unstable Upside / Risky Profit,Do Not Scale — Stabilize or Restructure First,Rejected: loss rate above 30%,Unstable Upside / Risky Profit,True,Fragile Value,Stabilize First,2,34.996500000000005,17.498250000000002,5.058343248634978,0.5,0.0013887539678684798
1065,FUR-TA-10004767,Safco Drafting Table,Stable Loss Cluster,Correct,Intensify Action,Correct — Accelerated,Positive Deviation,0.612313615073688,False,True,True,Unstable Upside / Risky Profit,Do Not Scale — Stabilize or Restructure First,Rejected: loss rate above 30%,Unstable Upside / Risky Profit,True,Fragile Value,Stabilize First,2,34.0704,8.5176,1.5024154125537372,0.5,0.0013520038628681795
1066,TEC-AC-10002942,WD My Passport Ultra 1TB Portable External Hard Drive,Stable Loss Cluster,Correct,Reroute Action,Exit / Restructure,Positive Deviation,0.5422341462408888,False,False,False,Unstable Upside / Risky Profit,Do Not Scale — Stabilize or Restructure First,Rejected: loss rate above 30%,Unstable Upside / Risky Profit,True,Fragile Value,Stabilize First,2,33.81,5.635000000000001,4.419705383575509,0.8333333333333334,0.0013416705000109524
1093,OFF-BI-10001107,"GBC White Gloss Covers, Plain Front",Stable Loss Cluster,Correct,Reroute Action,Exit / Restructure,Positive Deviation,0.5143686473245791,False,False,False,Unstable Upside / Risky Profit,Do Not Scale — Stabilize or Restructure First,Rejected: loss rate above 30%,Unstable Upside / Risky Profit,True,Fragile Value,Stabilize First,2,31.421600000000005,4.4888,5.913039915614699,0.5714285714285714,0.0012468924514387504
1098,OFF-BI-10004654,VariCap6 Expandable Binder,Stable Loss Cluster,Correct,Intensify Action,Correct — Accelerated,Positive Deviation,0.657590796352466,False,True,True,Unstable Upside / Risky Profit,Do Not Scale — Stabilize or Restructure First,Rejected: loss rate above 30%,Unstable Upside / Risky Profit,True,Fragile Value,Stabilize First,2,31.14,10.38,1.8373124681144386,0.3333333333333333,0.0012357178163366182
1116,OFF-BI-10001249,Avery Heavy-Duty EZD View Binder with Locking Rings,Stable Loss Cluster,Correct,Reroute Action,Exit / Restructure,Positive Deviation,0.47751967330832623,False,True,False,Unstable Upside / Risky Profit,Do Not Scale — Stabilize or Restructure First,Rejected: loss rate above 30%,Unstable Upside / Risky Profit,True,Fragile Value,Stabilize First,2,29.7308,2.97308,3.83347567738794,0.4,0.0011797970216422841
1119,FUR-FU-10001475,"Contract Clock, 14"", Brown",Stable Loss Cluster,Correct,Reroute Action,Exit / Restructure,Positive Deviation,0.5484490617381541,False,True,False,Unstable Upside / Risky Profit,Do Not Scale — Stabilize or Restructure First,Rejected: loss rate above 30%,Unstable Upside / Risky Profit,True,Fragile Value,Stabilize First,2,29.4532,5.890639999999999,4.87946810537529,0.4,0.0011687811171523983
1121,OFF-BI-10002706,Avery Premier Heavy-Duty Binder with Round Locking Rings,Stable Loss Cluster,Correct,Reroute Action,Exit / Restructure,Positive Deviation,0.5074059192756949,False,True,False,Unstable Upside / Risky Profit,Do Not Scale — Stabilize or Restructure First,Rejected: CV above 2.0,Unstable Upside / Risky Profit,True,Fragile Value,Stabilize First,2,29.416800000000002,4.2024,3.45148760061911,0.2857142857142857,0.001167336668580958
1142,FUR-FU-10004666,DAX Clear Channel Poster Frame,Stable Loss Cluster,Correct,Intensify Action,Correct — Accelerated,Positive Deviation,0.6297301596764139,False,True,True,Unstable Upside / Risky Profit,Do Not Scale — Stabilize or Restructure First,Rejected: loss rate above 30%,Unstable Upside / Risky Profit,True,Fragile Value,Stabilize First,2,27.701999999999998,9.234,1.9568750707934928,0.3333333333333333,0.0010992888551110145
1149,OFF-BI-10002432,Wilson Jones Standard D-Ring Binders,Stable Loss Cluster,Correct,Intensify Action,Correct — Accelerated,Positive Deviation,0.48704528819699183,False,True,True,Unstable Upside / Risky Profit,Do Not Scale — Stabilize or Restructure First,Rejected: loss rate above 30%,Unstable Upside / Risky Profit,True,Fragile Value,Stabilize First,2,26.9192,3.3649,1.8394662971115407,0.375,0.0010682252742944345
1157,OFF-BI-10001036,Cardinal EasyOpen D-Ring Binders,Stable Loss Cluster,Correct,Reroute Action,Exit / Restructure,Positive Deviation,0.48578961465046644,False,True,False,Unstable Upside / Risky Profit,Do Not Scale — Stabilize or Restructure First,Rejected: CV above 2.0,Unstable Upside / Risky Profit,True,Fragile Value,Stabilize First,2,26.506000000000004,3.3132500000000005,4.28585802144713,0.25,0.0010518284020494028
1162,FUR-FU-10003849,"DAX Metal Frame, Desktop, Stepped-Edge",Stable Loss Cluster,Correct,Reroute Action,Exit / Restructure,Positive Deviation,0.5321916752128404,False,True,False,Unstable Upside / Risky Profit,Do Not Scale — Stabilize or Restructure First,Rejected: loss rate above 30%,Unstable Upside / Risky Profit,True,Fragile Value,Stabilize First,2,26.1096,5.22192,2.8453768750532595,0.4,0.001036098198375805
1166,FUR-FU-10004586,G.E. Longer-Life Indoor Recessed Floodlight Bulbs,Stable Loss Cluster,Correct,Reassess Classification,Reassess Classification,Positive Deviation,0.5096295838201709,False,True,True,Unstable Upside / Risky Profit,Do Not Scale — Stabilize or Restructure First,Rejected: loss rate above 30%,Unstable Upside / Risky Profit,True,Fragile Value,Stabilize First,2,25.763199999999998,4.293866666666666,1.1023285157410454,0.3333333333333333,0.0010223521273552843
1180,OFF-BI-10002557,Presstex Flexible Ring Binders,Stable Loss Cluster,Correct,Reroute Action,Exit / Restructure,Positive Deviation,0.47990630393876954,False,True,False,Unstable Upside / Risky Profit,Do Not Scale — Stabilize or Restructure First,Rejected: loss rate above 30%,Unstable Upside / Risky Profit,True,Fragile Value,Stabilize First,2,24.57,3.07125,2.5695334157472893,0.375,0.000975002785722245
1182,FUR-BO-10000330,"Sauder Camden County Barrister Bookcase, Planked Cherry Finish",Stable Loss Cluster,Correct,Reroute Action,Exit / Restructure,Positive Deviation,0.6013184691045003,False,False,False,Unstable Upside / Risky Profit,Do Not Scale — Stabilize or Restructure First,Rejected: loss rate above 30%,Unstable Upside / Risky Profit,True,Fragile Value,Stabilize First,2,24.196,8.065333333333333,2.6868871298797306,0.6666666666666666,0.0009601614734772259
1183,FUR-BO-10002824,Bush Mission Pointe Library,Stable Loss Cluster,Correct,Reroute Action,Exit / Restructure,Positive Deviation,0.6010008027410038,False,True,False,Unstable Upside / Risky Profit,Do Not Scale — Stabilize or Restructure First,Rejected: loss rate above 30%,Unstable Upside / Risky Profit,True,Fragile Value,Stabilize First,2,24.156800000000004,8.052266666666668,5.877275157912482,0.3333333333333333,0.0009586059134772133
1184,OFF-ST-10000991,Space Solutions HD Industrial Steel Shelving.,Risk-Oriented Profit Cluster,Contain,Reroute Action,Reroute to Correct,Positive Deviation,0.07872352043520399,False,True,True,Unstable Upside / Risky Profit,Do Not Scale — Stabilize or Restructure First,Rejected: CV above 2.0,Unstable Upside / Risky Profit,True,Fragile Value,Stabilize First,2,24.143700000000003,3.0179625000000003,7.715795874389231,0.125,0.0009580860707221069
1197,FUR-FU-10004952,"C-Line Cubicle Keepers Polyproplyene Holder w/Velcro Back, 8-1/2x11, 25/Bx",Risk-Oriented Profit Cluster,Contain,Reroute Action,Reroute to Correct,Positive Deviation,0.2826859199206868,False,True,True,Unstable Upside / Risky Profit,Do Not Scale — Stabilize or Restructure First,Rejected: CV above 2.0,Unstable Upside / Risky Profit,True,Fragile Value,Stabilize First,2,23.53819999999999,5.884549999999997,11.061530173157914,0.25,0.0009340582242933389
1201,FUR-FU-10004671,"Executive Impressions 12"" Wall Clock",Stable Loss Cluster,Correct,Reroute Action,Exit / Restructure,Positive Deviation,0.49974789086997373,False,True,False,Unstable Upside / Risky Profit,Do Not Scale — Stabilize or Restructure First,Rejected: loss rate above 30%,Unstable Upside / Risky Profit,True,Fragile Value,Stabilize First,2,23.3244,3.8874,2.6410813696356437,0.3333333333333333,0.0009255740730687803
1205,TEC-PH-10002293,Anker 36W 4-Port USB Wall Charger Travel Power Adapter for iPhone 5s 5c 5,Stable Loss Cluster,Correct,Reroute Action,Exit / Restructure,Positive Deviation,0.4991968369741123,False,True,False,Unstable Upside / Risky Profit,Do Not Scale — Stabilize or Restructure First,Rejected: loss rate above 30%,Unstable Upside / Risky Profit,True,Fragile Value,Stabilize First,2,23.1884,3.8647333333333336,2.849502800980253,0.3333333333333333,0.0009201772322524097
1233,OFF-BI-10004139,Fellowes Presentation Covers for Comb Binding Machines,Stable Loss Cluster,Correct,Reroute Action,Exit / Restructure,High Positive Deviation,0.670536511038328,False,True,False,Unstable Upside / Risky Profit,Do Not Scale — Stabilize or Restructure First,Rejected: loss rate above 30%,Unstable Upside / Risky Profit,True,Fragile Value,Stabilize First,2,21.825000000000003,10.912500000000001,5.252086494042347,0.5,0.0008660739030682946
1238,TEC-AC-10002637,Logitech VX Revolution Cordless Laser Mouse for Notebooks (Black),Risk-Oriented Profit Cluster,Contain,Reroute Action,Reroute to Correct,Positive Deviation,0.17134854644407446,False,True,False,Unstable Upside / Risky Profit,Do Not Scale — Stabilize or Restructure First,Rejected: loss rate above 30%,Unstable Upside / Risky Profit,True,Fragile Value,Stabilize First,2,21.598799999999997,4.31976,16.99631735911775,0.4,0.0008570976869457721
1245,OFF-ST-10000798,2300 Heavy-Duty Transfer File Systems by Perma,Stable Loss Cluster,Correct,Intensify Action,Correct — Accelerated,Positive Deviation,0.5327722266995978,False,True,True,Unstable Upside / Risky Profit,Do Not Scale — Stabilize or Restructure First,Rejected: loss rate above 30%,Unstable Upside / Risky Profit,True,Fragile Value,Stabilize First,2,20.9832,5.2458,1.434080316809579,0.5,0.000832669045721083
1246,TEC-AC-10002076,Microsoft Natural Keyboard Elite,Risk-Oriented Profit Cluster,Contain,Reroute Action,Reroute to Correct,Positive Deviation,0.23678955506592117,False,False,True,Unstable Upside / Risky Profit,Do Not Scale — Stabilize or Restructure First,Rejected: loss rate above 30%,Unstable Upside / Risky Profit,True,Fragile Value,Stabilize First,2,20.957999999999995,5.239499999999999,9.434405160886294,0.75,0.0008316690428639317
1272,OFF-BI-10004738,Flexible Leather- Look Classic Collection Ring Binder,Stable Loss Cluster,Correct,Reroute Action,Exit / Restructure,Positive Deviation,0.4819828857154532,False,True,False,Unstable Upside / Risky Profit,Do Not Scale — Stabilize or Restructure First,Rejected: loss rate above 30%,Unstable Upside / Risky Profit,True,Fragile Value,Stabilize First,2,18.940000000000005,3.1566666666666676,5.550554807373336,0.5,0.0007515894489857275
1282,OFF-BI-10000948,"GBC Laser Imprintable Binding System Covers, Desert Sand",Stable Loss Cluster,Correct,Reroute Action,Exit / Restructure,Positive Deviation,0.47982850809464794,False,True,False,Unstable Upside / Risky Profit,Do Not Scale — Stabilize or Restructure First,Rejected: loss rate above 30%,Unstable Upside / Risky Profit,True,Fragile Value,Stabilize First,2,18.408299999999997,3.0680499999999995,4.429406942713699,0.3333333333333333,0.0007304901823529019
1286,TEC-PH-10002070,Griffin GC36547 PowerJolt SE Lightning Charger,Stable Loss Cluster,Correct,Intensify Action,Correct — Accelerated,Positive Deviation,0.5510429048409088,False,True,True,Unstable Upside / Risky Profit,Do Not Scale — Stabilize or Restructure First,Rejected: loss rate above 30%,Unstable Upside / Risky Profit,True,Fragile Value,Stabilize First,2,17.992,5.997333333333334,1.4541218942215062,0.3333333333333333,0.0007139702938833794
1294,OFF-AP-10004036,Bionaire 99.97% HEPA Air Cleaner,Stable Loss Cluster,Correct,Reroute Action,Exit / Restructure,Positive Deviation,0.5117235886244443,False,True,False,Unstable Upside / Risky Profit,Do Not Scale — Stabilize or Restructure First,Rejected: CV above 2.0,Unstable Upside / Risky Profit,True,Fragile Value,Stabilize First,2,17.52,4.38,5.205297404946152,0.25,0.0006952400816383284
1316,TEC-AC-10002600,Belkin QODE FastFit Bluetooth Keyboard,Stable Loss Cluster,Correct,Reroute Action,Exit / Restructure,Positive Deviation,0.6010307865559256,False,True,False,Unstable Upside / Risky Profit,Do Not Scale — Stabilize or Restructure First,Rejected: loss rate above 30%,Unstable Upside / Risky Profit,True,Fragile Value,Stabilize First,2,16.107,8.0535,4.535127295229968,0.5,0.0006391684928623606
1320,TEC-AC-10001142,First Data FD10 PIN Pad,Risk-Oriented Profit Cluster,Contain,Reroute Action,Reroute to Correct,Positive Deviation,0.08882972138560911,False,True,False,Unstable Upside / Risky Profit,Do Not Scale — Stabilize or Restructure First,Rejected: loss rate above 30%,Unstable Upside / Risky Profit,True,Fragile Value,Stabilize First,2,15.800000000000004,3.160000000000001,12.740023397887194,0.4,0.0006269859183724654
1327,OFF-BI-10004352,Wilson Jones DublLock D-Ring Binders,Stable Loss Cluster,Correct,Intensify Action,Correct — Accelerated,Positive Deviation,0.5939562269811165,False,True,True,Unstable Upside / Risky Profit,Do Not Scale — Stabilize or Restructure First,Rejected: loss rate above 30%,Unstable Upside / Risky Profit,True,Fragile Value,Stabilize First,2,15.525,7.7625,1.6076965609069167,0.5,0.0006160731887805393
1334,OFF-BI-10004506,Wilson Jones data.warehouse D-Ring Binders with DublLock,Stable Loss Cluster,Correct,Intensify Action,Correct — Accelerated,Positive Deviation,0.47967072839828884,False,True,True,Unstable Upside / Risky Profit,Do Not Scale — Stabilize or Restructure First,Rejected: loss rate above 30%,Unstable Upside / Risky Profit,True,Fragile Value,Stabilize First,2,15.307799999999999,3.0615599999999996,1.6763902892501292,0.4,0.000607454116535571
1336,OFF-BI-10004410,"C-Line Peel & Stick Add-On Filing Pockets, 8-3/4 x 5-1/8, 10/Pack",Stable Loss Cluster,Correct,Reroute Action,Exit / Restructure,Positive Deviation,0.49699647066420394,False,True,False,Unstable Upside / Risky Profit,Do Not Scale — Stabilize or Restructure First,Rejected: loss rate above 30%,Unstable Upside / Risky Profit,True,Fragile Value,Stabilize First,2,15.0969,3.774225,3.07519158796238,0.5,0.0005990850450048905
1341,FUR-BO-10001811,"Atlantic Metals Mobile 5-Shelf Bookcases, Custom Colors",Extreme Volatility Tail,Contain,Reroute Action,Reroute to Correct,High Positive Deviation,-0.059207918414915926,False,False,True,Unstable Upside / Risky Profit,Do Not Scale — Stabilize or Restructure First,Rejected: loss rate above 30%,Unstable Upside / Risky Profit,True,Fragile Value,Stabilize First,2,15.049000000000007,1.8811250000000008,22.66768706900737,0.625,0.0005971842459232426
1344,TEC-AC-10001542,SanDisk Cruzer 16 GB USB Flash Drive,Stable Loss Cluster,Correct,Reassess Classification,Reassess Classification,Positive Deviation,0.5261806496570438,False,True,True,Unstable Upside / Risky Profit,Do Not Scale — Stabilize or Restructure First,Rejected: loss rate above 30%,Unstable Upside / Risky Profit,True,Fragile Value,Stabilize First,2,14.924,4.974666666666667,1.0807459150747796,0.3333333333333333,0.0005922239142905488
1351,FUR-FU-10002111,"Master Caster Door Stop, Large Brown",Stable Loss Cluster,Correct,Intensify Action,Correct — Accelerated,Positive Deviation,0.5232308905674328,False,True,True,Unstable Upside / Risky Profit,Do Not Scale — Stabilize or Restructure First,Rejected: loss rate above 30%,Unstable Upside / Risky Profit,True,Fragile Value,Stabilize First,2,14.56,4.8533333333333335,1.8283880253664369,0.3333333333333333,0.0005777794285761451
1372,OFF-BI-10001072,"GBC Clear Cover, 8-1/2 x 11, unpunched, 25 covers per pack",Stable Loss Cluster,Correct,Reroute Action,Exit / Restructure,Positive Deviation,0.48816603457636887,False,True,False,Unstable Upside / Risky Profit,Do Not Scale — Stabilize or Restructure First,Rejected: loss rate above 30%,Unstable Upside / Risky Profit,True,Fragile Value,Stabilize First,2,13.644000000000002,3.4110000000000005,6.69606162717774,0.5,0.0005414301183717669
1396,FUR-CH-10001802,Hon Every-Day Chair Series Swivel Task Chairs,Risk-Oriented Profit Cluster,Contain,Reroute Action,Reroute to Correct,Positive Deviation,0.15092138517899806,False,True,True,Unstable Upside / Risky Profit,Do Not Scale — Stabilize or Restructure First,Rejected: loss rate above 30%,Unstable Upside / Risky Profit,True,Fragile Value,Stabilize First,2,12.097999999999999,4.032666666666667,8.469611580967255,0.3333333333333333,0.00048008073673861285
1418,TEC-PH-10002824,Jabra SPEAK 410 Multidevice Speakerphone,Risk-Oriented Profit Cluster,Contain,Reroute Action,Reroute to Correct,Positive Deviation,0.10826597748900205,False,True,False,Unstable Upside / Risky Profit,Do Not Scale — Stabilize or Restructure First,Rejected: loss rate above 30%,Unstable Upside / Risky Profit,True,Fragile Value,Stabilize First,2,10.299500000000009,3.43316666666667,22.582384378391193,0.3333333333333333,0.00040871148520741843
1420,OFF-AP-10004655,"Holmes Visible Mist Ultrasonic Humidifier with 2.3-Gallon Output per Day, Replacement Filter",Stable Loss Cluster,Correct,Reroute Action,Exit / Restructure,Positive Deviation,0.5290817863440789,False,True,False,Unstable Upside / Risky Profit,Do Not Scale — Stabilize or Restructure First,Rejected: loss rate above 30%,Unstable Upside / Risky Profit,True,Fragile Value,Stabilize First,2,10.188,5.094,2.72436876803676,0.5,0.0004042868693910554
1434,TEC-AC-10001090,Micro Innovations Wireless Classic Keyboard with Mouse,Stable Loss Cluster,Correct,Intensify Action,Correct — Accelerated,Positive Deviation,0.521895395243345,False,True,True,Unstable Upside / Risky Profit,Do Not Scale — Stabilize or Restructure First,Rejected: loss rate above 30%,Unstable Upside / Risky Profit,True,Fragile Value,Stabilize First,2,9.5968,4.7984,1.6791186858251692,0.5,0.000380826484901068
1460,OFF-BI-10001658,GBC Standard Therm-A-Bind Covers,Extreme Volatility Tail,Contain,Reroute Action,Reroute to Correct,Positive Deviation,-0.11811824028945478,False,False,True,Unstable Upside / Risky Profit,Do Not Scale — Stabilize or Restructure First,Rejected: loss rate above 30%,Unstable Upside / Risky Profit,True,Fragile Value,Stabilize First,2,8.472800000000003,0.706066666666667,22.66768706900737,0.5833333333333334,0.0003362231828598877
1584,FUR-CH-10002024,HON 5400 Series Task Chairs for Big and Tall,Extreme Volatility Tail,Contain,Reroute Action,Reroute to Correct,Positive Deviation,-0.15351615494465506,False,True,True,Unstable Upside / Risky Profit,Do Not Scale — Stabilize or Restructure First,Rejected: loss rate above 30%,Unstable Upside / Risky Profit,True,Fragile Value,Stabilize First,2,1.1368683772161603e-13,1.4210854715202004e-14,22.66768706900737,0.375,4.511395338971446e-18
1585,OFF-SU-10003505,Premier Electric Letter Opener,Extreme Volatility Tail,Contain,Reroute Action,Reroute to Correct,Positive Deviation,-0.15351615494465579,False,True,True,Unstable Upside / Risky Profit,Do Not Scale — Stabilize or Restructure First,Rejected: negative total profit,Unstable Upside / Risky Profit,True,Fragile Value,Stabilize First,2,0.0,0.0,22.66768706900737,0.375,0.0
1586,OFF-BI-10002931,"Avery Trapezoid Extra Heavy Duty 4"" Binders",Extreme Volatility Tail,Contain,Reroute Action,Reroute to Correct,Positive Deviation,-0.15351615494465579,False,True,True,Unstable Upside / Risky Profit,Do Not Scale — Stabilize or Restructure First,Rejected: negative total profit,Unstable Upside / Risky Profit,True,Fragile Value,Stabilize First,2,0.0,0.0,22.66768706900737,0.5,0.0
1876,FUR-TA-10002958,"Bevis Oval Conference Table, Walnut",Loss Tail,Correct,Reroute Action,Exit / Restructure,High Positive Deviation,0.5790994216855578,False,True,False,Unstable Upside / Risky Profit,Do Not Scale — Stabilize or Restructure First,Rejected: negative total profit,Unstable Upside / Risky Profit,True,Fragile Value,Stabilize First,2,-856.0144,-107.0018,2.6132066260232207,0.75,-0.03396892245088955
1877,OFF-AP-10002534,3.6 Cubic Foot Counter Height Office Refrigerator,Loss Tail,Correct,Intensify Action,Correct — Accelerated,Positive Deviation,0.5046023890353756,False,True,False,Unstable Upside / Risky Profit,Do Not Scale — Stabilize or Restructure First,Rejected: negative total profit,Unstable Upside / Risky Profit,True,Fragile Value,Stabilize First,2,-872.0751999999999,-174.41503999999998,2.63667079437968,0.6,-0.034606257605180456
1880,FUR-BO-10001972,O'Sullivan 4-Shelf Bookcase in Odessa Pine,Loss Tail,Correct,Reroute Action,Exit / Restructure,High Positive Deviation,0.5434075117725758,False,True,False,Unstable Upside / Risky Profit,Do Not Scale — Stabilize or Restructure First,Rejected: negative total profit,Unstable Upside / Risky Profit,True,Fragile Value,Stabilize First,2,-975.0988,-139.29982857142858,1.220778391716129,0.7142857142857143,-0.0386945073811322
1881,FUR-CH-10003312,Hon 2090 “Pillow Soft” Series Mid Back Swivel/Tilt Chairs,Loss Tail,Correct,Reroute Action,Exit / Restructure,Positive Deviation,0.515181807444201,False,False,True,Unstable Upside / Risky Profit,Do Not Scale — Stabilize or Restructure First,Rejected: negative total profit,Unstable Upside / Risky Profit,True,Fragile Value,Stabilize First,2,-989.0496,-164.8416,0.4185040717559997,1.0,-0.03924811213746325
1883,FUR-TA-10004154,"Riverside Furniture Oval Coffee Table, Oval End Table, End Table with Drawer",Loss Tail,Correct,Reroute Action,Exit / Restructure,Positive Deviation,0.4437511953677669,False,True,False,Unstable Upside / Risky Profit,Do Not Scale — Stabilize or Restructure First,Rejected: negative total profit,Unstable Upside / Risky Profit,True,Fragile Value,Stabilize First,2,-1147.4,-229.48000000000002,1.2907390008088335,0.8,-0.04553187612282067
10,OFF-AP-10002945,Honeywell Enviracaire Portable HEPA Air Cleaner for 17' x 22' Room,Extreme Impact Tail,Optimize,Reroute Action,Reroute to Correct,Negative Deviation,-0.6615303660601919,True,True,True,Not Opportunity Candidate,No Opportunity Action,No positive opportunity signal,Confirmed Downside Risk,True,Broken Value,Correct / Exit,3,3247.02,405.8775,0.5731442900030385,0.0,0.128850368143909
11,TEC-CO-10002095,Hewlett Packard 610 Color Digital Copier / Printer,Extreme Impact Tail,Optimize,Reroute Action,Reroute to Correct,Negative Deviation,-0.6196741665692731,True,True,True,Not Opportunity Candidate,No Opportunity Action,No positive opportunity signal,Confirmed Downside Risk,True,Broken Value,Correct / Exit,3,3124.9375,446.41964285714283,0.5918082938419217,0.0,0.1240058106515225
12,TEC-AC-10003033,Plantronics CS510 - Over-the-Head monaural Wireless Headset System,Extreme Impact Tail,Optimize,Reroute Action,Reroute to Correct,Negative Deviation,-0.762060721538443,True,True,False,Not Opportunity Candidate,No Opportunity Action,No positive opportunity signal,Confirmed Downside Risk,True,Broken Value,Correct / Exit,3,3085.0325,308.50325,0.8124992383271485,0.0,0.1224222743811014
14,OFF-BI-10003925,Fellowes PB300 Plastic Comb Binding Machine,Extreme Impact Tail,Optimize,Reroute Action,Reroute to Correct,Negative Deviation,-0.6472847823405399,True,False,False,Not Opportunity Candidate,No Opportunity Action,No positive opportunity signal,Confirmed Downside Risk,True,Broken Value,Correct / Exit,3,2518.0551,419.67585,1.4889215427966003,0.16666666666666666,0.09992310692316264
15,OFF-BI-10004600,Ibico Ibimaster 300 Manual Binding System,Extreme Impact Tail,Optimize,Reroute Action,Reroute to Correct,Negative Deviation,-0.7813783136908651,True,False,False,Not Opportunity Candidate,No Opportunity Action,No positive opportunity signal,Confirmed Downside Risk,True,Broken Value,Correct / Exit,3,2318.337,289.792125,1.1477594278951935,0.125,0.09199776285075101
17,OFF-BI-10001359,GBC DocuBind TL300 Electric Binding System,Extreme Impact Tail,Optimize,Reroute Action,Reroute to Correct,Negative Deviation,-0.8709361486197266,False,False,False,Not Opportunity Candidate,No Opportunity Action,No positive opportunity signal,Confirmed Downside Risk,True,Broken Value,Correct / Exit,3,2233.5051000000003,203.04591818181822,5.171399939695551,0.36363636363636365,0.08863140799449905
18,TEC-AC-10001838,Razer Tiamat Over Ear 7.1 Surround Sound PC Gaming Headset,Extreme Impact Tail,Optimize,Reroute Action,Reroute to Correct,Negative Deviation,-0.7625961820823629,True,True,False,Not Opportunity Candidate,No Opportunity Action,No positive opportunity signal,Confirmed Downside Risk,True,Broken Value,Correct / Exit,3,2155.8922000000002,307.98460000000006,0.7145632351946719,0.0,0.0855515222106984
75,FUR-CH-10003379,Global Commerce Series High-Back Swivel/Tilt Chairs,High-Impact Profit Cluster,Optimize,Reroute Action,Reroute to Correct,Negative Deviation,-0.7767388553285194,False,False,False,Not Opportunity Candidate,No Opportunity Action,No positive opportunity signal,Confirmed Downside Risk,True,Broken Value,Correct / Exit,3,926.1850000000001,102.90944444444445,1.5895648446868296,0.4444444444444444,0.036753478025810235
76,TEC-PH-10002496,Cisco SPA301,High-Impact Profit Cluster,Optimize,Reroute Action,Reroute to Correct,Negative Deviation,-0.800196608749725,True,False,False,Not Opportunity Candidate,No Opportunity Action,No positive opportunity signal,Confirmed Downside Risk,True,Broken Value,Correct / Exit,3,904.742,100.52688888888889,1.7902490537332827,0.1111111111111111,0.03590256289621145
77,TEC-PH-10000895,Polycom VVX 310 VoIP phone,High-Impact Profit Cluster,Optimize,Reroute Action,Reroute to Correct,Negative Deviation,-0.6823753573141829,True,False,False,Not Opportunity Candidate,No Opportunity Action,No positive opportunity signal,Confirmed Downside Risk,True,Broken Value,Correct / Exit,3,899.95,112.49375,1.4091576620686486,0.125,0.03571240362274051
84,FUR-CH-10004495,"Global Leather and Oak Executive Chair, Black",High-Impact Profit Cluster,Optimize,Reroute Action,Reroute to Correct,Negative Deviation,-0.737962290783288,True,False,False,Not Opportunity Candidate,No Opportunity Action,No positive opportunity signal,Confirmed Downside Risk,True,Broken Value,Correct / Exit,3,854.7832000000001,106.84790000000001,1.628899745653421,0.25,0.033920065168440164
88,FUR-CH-10000988,Hon Olson Stacker Stools,High-Impact Profit Cluster,Optimize,Reroute Action,Reroute to Correct,Negative Deviation,-0.9692201202256323,True,False,False,Not Opportunity Candidate,No Opportunity Action,No positive opportunity signal,Confirmed Downside Risk,True,Broken Value,Correct / Exit,3,833.5952,83.35952,1.4609268678026954,0.1,0.033079269115372074
92,FUR-CH-10000785,Global Ergonomic Managers Chair,High-Impact Profit Cluster,Optimize,Reroute Action,Reroute to Correct,Negative Deviation,-1.086921476786424,True,False,False,Not Opportunity Candidate,No Opportunity Action,No positive opportunity signal,Confirmed Downside Risk,True,Broken Value,Correct / Exit,3,785.4532,71.40483636363636,1.1474331568621319,0.2727272727272727,0.031168866831683014
93,TEC-PH-10004165,Mitel MiVoice 5330e IP Phone,High-Impact Profit Cluster,Optimize,Reroute Action,Reroute to Correct,Negative Deviation,-0.935596297414743,True,False,False,Not Opportunity Candidate,No Opportunity Action,No positive opportunity signal,Confirmed Downside Risk,True,Broken Value,Correct / Exit,3,780.9716,86.77462222222222,1.4843538429792773,0.2222222222222222,0.030991025053722376
94,FUR-BO-10002545,"Atlantic Metals Mobile 3-Shelf Bookcases, Custom Colors",High-Impact Profit Cluster,Optimize,Reroute Action,Reroute to Correct,Negative Deviation,-0.8295918496091355,False,False,False,Not Opportunity Candidate,No Opportunity Action,No positive opportunity signal,Confirmed Downside Risk,True,Broken Value,Correct / Exit,3,780.3302,97.541275,2.169288802546086,0.375,0.0309655726000487
102,TEC-PH-10004539,Wireless Extenders zBoost YX545 SOHO Signal Booster,High-Impact Profit Cluster,Optimize,Reroute Action,Reroute to Correct,Negative Deviation,-0.7585735484010735,True,False,False,Not Opportunity Candidate,No Opportunity Action,No positive opportunity signal,Confirmed Downside Risk,True,Broken Value,Correct / Exit,3,733.2811999999999,104.75445714285713,1.3724699683119457,0.14285714285714285,0.029098543456155902
116,OFF-BI-10003656,Fellowes PB200 Plastic Comb Binding Machine,High-Impact Profit Cluster,Optimize,Reroute Action,Reroute to Correct,Negative Deviation,-1.0312218407228524,False,False,False,Not Opportunity Candidate,No Opportunity Action,No positive opportunity signal,Confirmed Downside Risk,True,Broken Value,Correct / Exit,3,693.5592,77.06213333333334,3.1940330412324798,0.3333333333333333,0.02752226911124508
140,OFF-AP-10000891,Kensington 7 Outlet MasterPiece HOMEOFFICE Power Control Center,High-Impact Profit Cluster,Optimize,Reroute Action,Reroute to Correct,Negative Deviation,-0.6797224531060919,False,False,False,Not Opportunity Candidate,No Opportunity Action,No positive opportunity signal,Confirmed Downside Risk,True,Broken Value,Correct / Exit,3,563.816,112.76320000000001,2.1133195251652843,0.2,0.02237371471854999
154,OFF-PA-10000806,Xerox 1934,High-Impact Profit Cluster,Optimize,Reassess Classification,Reassess Classification,Negative Deviation,-0.753769445008896,True,True,True,Not Opportunity Candidate,No Opportunity Action,No positive opportunity signal,Confirmed Downside Risk,True,Broken Value,Correct / Exit,3,526.212,105.2424,0.7096769488562163,0.0,0.02088148823282352
803,OFF-BI-10004728,Wilson Jones Turn Tabs Binder Tool for Ring Binders,Stable Profit Cluster,Protect,Reroute Action,Reroute to Contain / Correct,Negative Deviation,-0.6979353658428425,False,False,False,Not Opportunity Candidate,No Opportunity Action,No positive opportunity signal,Confirmed Downside Risk,True,Broken Value,Correct / Exit,3,58.5148,4.501138461538462,1.6357530041066735,0.3076923076923077,0.002322022507365894
886,OFF-BI-10000174,"Wilson Jones Clip & Carry Folder Binder Tool for Ring Binders, Clear",Stable Profit Cluster,Protect,Reroute Action,Reroute to Contain / Correct,Negative Deviation,-0.6567993389239533,False,False,False,Not Opportunity Candidate,No Opportunity Action,No positive opportunity signal,Confirmed Downside Risk,True,Broken Value,Correct / Exit,3,50.228,5.5808888888888895,1.5985629163237227,0.2222222222222222,0.0019931802979754544
944,FUR-FU-10003724,Westinghouse Clip-On Gooseneck Lamps,Stable Profit Cluster,Protect,Reroute Action,Reroute to Contain / Correct,Negative Deviation,-0.6823434353035496,False,False,False,Not Opportunity Candidate,No Opportunity Action,No positive opportunity signal,Confirmed Downside Risk,True,Broken Value,Correct / Exit,3,44.1936,4.9104,1.7541187357608838,0.1111111111111111,0.0017537192963408468
1125,OFF-BI-10002309,Avery Heavy-Duty EZD  Binder With Locking Rings,Stable Profit Cluster,Protect,Reroute Action,Reroute to Contain / Correct,Negative Deviation,-0.6837606704003095,False,False,False,Not Opportunity Candidate,No Opportunity Action,No positive opportunity signal,Confirmed Downside Risk,True,Broken Value,Correct / Exit,3,29.239199999999997,4.8732,1.5153346769090097,0.16666666666666666,0.0011602890293972267
1128,OFF-AP-10003971,Belkin 6 Outlet Metallic Surge Strip,Stable Profit Cluster,Protect,Reroute Action,Reroute to Contain / Correct,Negative Deviation,-0.747719118799255,False,False,False,Not Opportunity Candidate,No Opportunity Action,No positive opportunity signal,Confirmed Downside Risk,True,Broken Value,Correct / Exit,3,28.7496,3.1944,1.7572156216443091,0.1111111111111111,0.0011408604024582929
1133,FUR-FU-10000222,"Seth Thomas 16"" Steel Case Clock",Stable Profit Cluster,Protect,Reassess Classification,Reassess Classification,Negative Deviation,-0.6541084547951944,False,False,False,Not Opportunity Candidate,No Opportunity Action,No positive opportunity signal,Confirmed Downside Risk,True,Broken Value,Correct / Exit,3,28.257600000000004,5.6515200000000005,4.725141197296491,0.2,0.0011213365371520111
1175,TEC-AC-10001553,"Memorex 25GB 6X Branded Blu-Ray Recordable Disc, 15/Pack",Stable Profit Cluster,Protect,Reroute Action,Reroute to Contain / Correct,Negative Deviation,-0.6804126429728022,False,True,False,Not Opportunity Candidate,No Opportunity Action,No positive opportunity signal,Confirmed Downside Risk,True,Broken Value,Correct / Exit,3,24.805400000000002,4.961080000000001,1.7649529127543102,0.0,0.0009843440822529335
1209,OFF-AP-10003281,Acco 6 Outlet Guardian Standard Surge Suppressor,Stable Profit Cluster,Protect,Reroute Action,Reroute to Contain / Correct,Negative Deviation,-0.6943899336260099,False,False,False,Not Opportunity Candidate,No Opportunity Action,No positive opportunity signal,Confirmed Downside Risk,True,Broken Value,Correct / Exit,3,22.971,4.5942,1.9748751027995852,0.2,0.000911550223476829
1232,OFF-BI-10003305,Avery Hanging File Binders,Stable Profit Cluster,Protect,Reroute Action,Reroute to Contain / Correct,Negative Deviation,-0.7304456136145505,False,False,False,Not Opportunity Candidate,No Opportunity Action,No positive opportunity signal,Confirmed Downside Risk,True,Broken Value,Correct / Exit,3,21.8868,3.6478,2.627839388376904,0.16666666666666666,0.0008685262910274982
1249,FUR-FU-10001196,DAX Cubicle Frames - 8x10,Stable Profit Cluster,Protect,Reroute Action,Reroute to Contain / Correct,Negative Deviation,-0.7111453098506085,False,False,False,Not Opportunity Candidate,No Opportunity Action,No positive opportunity signal,Confirmed Downside Risk,True,Broken Value,Correct / Exit,3,20.772,4.1544,2.5084892354714827,0.2,0.0008242880693944839
1252,FUR-FU-10003832,"Eldon Expressions Punched Metal & Wood Desk Accessories, Black & Cherry",Stable Profit Cluster,Protect,Reroute Action,Reroute to Contain / Correct,Negative Deviation,-0.7121815677708202,False,False,False,Not Opportunity Candidate,No Opportunity Action,No positive opportunity signal,Confirmed Downside Risk,True,Broken Value,Correct / Exit,3,20.636,4.1272,2.519093578087991,0.2,0.0008188912285781133
1268,OFF-BI-10002976,ACCOHIDE Binder by Acco,Stable Profit Cluster,Protect,Reroute Action,Reroute to Contain / Correct,Negative Deviation,-0.6857198455307097,False,False,False,Not Opportunity Candidate,No Opportunity Action,No positive opportunity signal,Confirmed Downside Risk,True,Broken Value,Correct / Exit,3,19.287100000000002,4.821775000000001,1.713179701189278,0.25,0.0007653632978633908
1295,TEC-PH-10001924,iHome FM Clock Radio with Lightning Dock,Stable Profit Cluster,Protect,Reroute Action,Reroute to Contain / Correct,Negative Deviation,-0.7360955051427632,False,False,False,Not Opportunity Candidate,No Opportunity Action,No positive opportunity signal,Confirmed Downside Risk,True,Broken Value,Correct / Exit,3,17.4975,3.4995,3.90091259528995,0.2,0.0006943472219444436
1313,OFF-BI-10000138,Acco Translucent Poly Ring Binders,Stable Profit Cluster,Protect,Reroute Action,Reroute to Contain / Correct,Negative Deviation,-0.7918591344741526,False,False,False,Not Opportunity Candidate,No Opportunity Action,No positive opportunity signal,Confirmed Downside Risk,True,Broken Value,Correct / Exit,3,16.2864,2.0358,2.4421865377858545,0.25,0.0006462875608216023
1347,OFF-BI-10001890,Avery Poly Binder Pockets,Stable Profit Cluster,Protect,Reassess Classification,Reassess Classification,Negative Deviation,-0.7991777060356473,False,False,False,Not Opportunity Candidate,No Opportunity Action,No positive opportunity signal,Confirmed Downside Risk,True,Broken Value,Correct / Exit,3,14.7496,1.8437,2.936330202440823,0.25,0.0005853032595966147
1357,OFF-ST-10002289,"Safco Wire Cube Shelving System, For Use as 4 or 5 14"" Cubes, Black",Stable Profit Cluster,Protect,Reroute Action,Reroute to Contain / Correct,Negative Deviation,-0.733209603030409,False,False,False,Not Opportunity Candidate,No Opportunity Action,No positive opportunity signal,Confirmed Downside Risk,True,Broken Value,Correct / Exit,3,14.301,3.57525,1.5667283076227303,0.25,0.0005675016214332041
1379,OFF-BI-10001759,"Acco Pressboard Covers with Storage Hooks, 14 7/8"" x 11"", Dark Blue",Stable Profit Cluster,Protect,Reroute Action,Reroute to Contain / Correct,Negative Deviation,-0.768973073524537,False,False,False,Not Opportunity Candidate,No Opportunity Action,No positive opportunity signal,Confirmed Downside Risk,True,Broken Value,Correct / Exit,3,13.1826,2.63652,1.8158502146379443,0.2,0.0005231205422491684
1408,TEC-PH-10000376,Square Credit Card Reader,Stable Profit Cluster,Protect,Reroute Action,Reroute to Contain / Correct,Negative Deviation,-0.8085230761763794,False,False,False,Not Opportunity Candidate,No Opportunity Action,No positive opportunity signal,Confirmed Downside Risk,True,Broken Value,Correct / Exit,3,11.1888,1.5984,3.283988651607423,0.14285714285714285,0.0004440012685750531
1459,TEC-AC-10004877,Imation 30456 USB Flash Drive 8GB,Stable Profit Cluster,Protect,Reroute Action,Reroute to Contain / Correct,Negative Deviation,-0.8042256536249135,False,False,False,Not Opportunity Candidate,No Opportunity Action,No positive opportunity signal,Confirmed Downside Risk,True,Broken Value,Correct / Exit,3,8.556,1.7111999999999998,1.675330075759647,0.2,0.00033952477959460833
1580,OFF-AP-10002906,Hoover Replacement Belt for Commercial Guardsman Heavy-Duty Upright Vacuum,Stable Profit Cluster,Protect,Reroute Action,Reroute to Contain / Correct,Negative Deviation,-0.8651896214161885,False,False,False,Not Opportunity Candidate,No Opportunity Action,No positive opportunity signal,Confirmed Downside Risk,True,Broken Value,Correct / Exit,3,0.44399999999999995,0.11099999999999999,2.2526320486047817,0.25,1.76190979593275e-05
1587,OFF-FA-10003467,"Alliance Big Bands Rubber Bands, 12/Pack",Stable Profit Cluster,Protect,Reroute Action,Reroute to Contain / Correct,Negative Deviation,-0.8694184680758757,False,True,True,Not Opportunity Candidate,No Opportunity Action,No positive opportunity signal,Confirmed Downside Risk,True,Broken Value,Correct / Exit,3,0.0,0.0,0.0,0.0,0.0
1588,OFF-ST-10003324,Belkin OmniView SE Rackmount Kit,Stable Profit Cluster,Protect,Reroute Action,Reroute to Contain / Correct,Negative Deviation,-0.8694184680758757,False,True,True,Not Opportunity Candidate,No Opportunity Action,No positive opportunity signal,Confirmed Downside Risk,True,Broken Value,Correct / Exit,3,0.0,0.0,0.0,0.0,0.0
1591,OFF-FA-10004968,Rubber Band Ball,Stable Profit Cluster,Protect,Reroute Action,Reroute to Contain / Correct,Negative Deviation,-0.8722681773564578,False,False,False,Not Opportunity Candidate,No Opportunity Action,No positive opportunity signal,Confirmed Downside Risk,True,Broken Value,Correct / Exit,3,-0.2992000000000001,-0.07480000000000002,2.6124269841762398,0.25,-1.1873049796015293e-05
1625,OFF-ST-10000419,"Rogers Jumbo File, Granite",Stable Profit Cluster,Protect,Reroute Action,Reroute to Contain / Correct,Negative Deviation,-0.896025914086016,False,False,False,Not Opportunity Candidate,No Opportunity Action,No positive opportunity signal,Confirmed Downside Risk,True,Broken Value,Correct / Exit,3,-4.8888,-0.6984,3.264636473749742,0.14285714285714285,-0.00019400055428729794
1632,OFF-ST-10001963,Tennsco Regal Shelving Units,Risk-Oriented Profit Cluster,Contain,Reroute Action,Reroute to Correct,Negative Deviation,-0.24424177437423394,False,True,False,Not Opportunity Candidate,No Opportunity Action,No positive opportunity signal,Confirmed Downside Risk,True,Broken Value,Correct / Exit,3,-6.084599999999995,-1.5211499999999987,19.21945926036162,0.25,-0.00024145307081829736
1638,OFF-AP-10002403,Acco Smartsocket Color-Coded Six-Outlet AC Adapter Model Surge Protectors,Extreme Volatility Tail,Contain,Reroute Action,Reroute to Correct,Negative Deviation,-0.241771969729401,False,True,True,Not Opportunity Candidate,No Opportunity Action,No positive opportunity signal,Confirmed Downside Risk,True,Broken Value,Correct / Exit,3,-7.041599999999995,-1.7603999999999989,22.66768706900737,0.25,-0.00027942936979819926
1643,FUR-BO-10003966,"Sauder Facets Collection Library, Sky Alder Finish",Risk-Oriented Profit Cluster,Contain,Reroute Action,Reroute to Correct,Negative Deviation,-0.28807829927466205,False,True,False,Not Opportunity Candidate,No Opportunity Action,No positive opportunity signal,Confirmed Downside Risk,True,Broken Value,Correct / Exit,3,-8.548999999999992,-2.137249999999998,21.829964313195724,0.25,-0.00033924700102317724
1646,OFF-AP-10001564,Hoover Commercial Lightweight Upright Vacuum with E-Z Empty Dirt Cup,Extreme Volatility Tail,Contain,Reroute Action,Reroute to Correct,Negative Deviation,-0.30898489237278626,False,True,True,Not Opportunity Candidate,No Opportunity Action,No positive opportunity signal,Confirmed Downside Risk,True,Broken Value,Correct / Exit,3,-9.303200000000004,-3.101066666666668,22.66768706900737,0.3333333333333333,-0.0003691756579621975
1650,OFF-FA-10001883,"Alliance Super-Size Bands, Assorted Sizes",Stable Profit Cluster,Protect,Reroute Action,Reroute to Contain / Correct,Negative Deviation,-0.9679715489912987,False,False,False,Not Opportunity Candidate,No Opportunity Action,No positive opportunity signal,Confirmed Downside Risk,True,Broken Value,Correct / Exit,3,-10.3474,-2.58685,2.1713885293633024,0.25,-0.0004106122842890662
1652,TEC-PH-10004080,Avaya 5410 Digital phone,Risk-Oriented Profit Cluster,Contain,Reroute Action,Reroute to Correct,Negative Deviation,-0.3295134563526761,False,False,True,Not Opportunity Candidate,No Opportunity Action,No positive opportunity signal,Confirmed Downside Risk,True,Broken Value,Correct / Exit,3,-10.878400000000003,-2.7196000000000007,8.74248942002101,0.5,-0.00043168377306474853
1654,OFF-BI-10004817,GBC Personal VeloBind Strips,Risk-Oriented Profit Cluster,Contain,Reroute Action,Reroute to Correct,Negative Deviation,-0.25047414974063964,False,False,True,Not Opportunity Candidate,No Opportunity Action,No positive opportunity signal,Confirmed Downside Risk,True,Broken Value,Correct / Exit,3,-11.261199999999999,-1.608742857142857,8.159963515050348,0.42857142857142855,-0.00044687429265670913
1660,FUR-BO-10002853,O'Sullivan 5-Shelf Heavy-Duty Bookcases,Risk-Oriented Profit Cluster,Contain,Reroute Action,Reroute to Correct,Negative Deviation,-0.3546406577300274,False,True,False,Not Opportunity Candidate,No Opportunity Action,No positive opportunity signal,Confirmed Downside Risk,True,Broken Value,Correct / Exit,3,-12.290999999999997,-3.072749999999999,16.32206181806637,0.25,-0.00048773948877949165
1668,TEC-PH-10003092,Motorola L804,Risk-Oriented Profit Cluster,Contain,Reroute Action,Reroute to Correct,Negative Deviation,-0.29416887958869675,False,True,True,Not Opportunity Candidate,No Opportunity Action,No positive opportunity signal,Confirmed Downside Risk,True,Broken Value,Correct / Exit,3,-13.337100000000007,-2.222850000000001,8.551166492328464,0.3333333333333333,-0.0005292515121471779
1672,TEC-PH-10004522,Dexim XPower Skin Super-Thin Power Case for iPhone 5 - Black,Risk-Oriented Profit Cluster,Contain,Reroute Action,Reroute to Correct,Negative Deviation,-0.48281440641429896,False,True,True,Not Opportunity Candidate,No Opportunity Action,No positive opportunity signal,Confirmed Downside Risk,True,Broken Value,Correct / Exit,3,-14.622500000000002,-4.874166666666667,8.311040390959901,0.3333333333333333,-0.000580259594392492
1677,OFF-AP-10002439,Tripp Lite Isotel 8 Ultra 8 Outlet Metal Surge,Extreme Volatility Tail,Contain,Reroute Action,Reroute to Correct,Negative Deviation,-0.4381566991515804,False,True,True,Not Opportunity Candidate,No Opportunity Action,No positive opportunity signal,Confirmed Downside Risk,True,Broken Value,Correct / Exit,3,-17.03280000000001,-5.677600000000003,22.66768706900737,0.3333333333333333,-0.0006759066930667424
1682,OFF-BI-10003719,Large Capacity Hanging Post Binders,Risk-Oriented Profit Cluster,Contain,Reroute Action,Reroute to Correct,Negative Deviation,-0.4129458684582467,False,False,True,Not Opportunity Candidate,No Opportunity Action,No positive opportunity signal,Confirmed Downside Risk,True,Broken Value,Correct / Exit,3,-19.461,-3.8922,9.455954517492707,0.6,-0.0007722641112307939
1687,FUR-BO-10004709,"Bush Westfield Collection Bookcases, Medium Cherry Finish",Risk-Oriented Profit Cluster,Contain,Reroute Action,Reroute to Correct,Negative Deviation,-0.29644059331304484,False,True,False,Not Opportunity Candidate,No Opportunity Action,No positive opportunity signal,Confirmed Downside Risk,True,Broken Value,Correct / Exit,3,-20.293000000000006,-2.2547777777777784,13.860800346620497,0.3333333333333333,-0.0008052800785780025
1688,OFF-AP-10004980,3M Replacement Filter for Office Air Cleaner for 20' x 33' Room,Risk-Oriented Profit Cluster,Contain,Reroute Action,Reroute to Correct,Negative Deviation,-0.5002489297353533,False,True,False,Not Opportunity Candidate,No Opportunity Action,No positive opportunity signal,Confirmed Downside Risk,True,Broken Value,Correct / Exit,3,-20.4768,-5.1192,13.069104809099684,0.25,-0.000812573750210715
1692,FUR-CH-10003535,"Global Armless Task Chair, Royal Blue",Risk-Oriented Profit Cluster,Contain,Reroute Action,Reroute to Correct,Negative Deviation,-0.3204096041192565,False,False,True,Not Opportunity Candidate,No Opportunity Action,No positive opportunity signal,Confirmed Downside Risk,True,Broken Value,Correct / Exit,3,-20.7332,-2.59165,8.648964214568393,0.5,-0.0008227483824556959
1695,FUR-TA-10004086,KI Adjustable-Height Table,Extreme Volatility Tail,Contain,Reroute Action,Reroute to Correct,Negative Deviation,-0.31362108956584767,False,False,True,Not Opportunity Candidate,No Opportunity Action,No positive opportunity signal,Confirmed Downside Risk,True,Broken Value,Correct / Exit,3,-22.35479999999999,-3.1935428571428557,22.66768706900737,0.5714285714285714,-0.0008870977726603025
1696,TEC-MA-10003356,Panasonic KX MC6040 Color Laser Multifunction Printer,Extreme Volatility Tail,Contain,Reroute Action,Reroute to Correct,Negative Deviation,-0.7174604838244011,False,True,True,Not Opportunity Candidate,No Opportunity Action,No positive opportunity signal,Confirmed Downside Risk,True,Broken Value,Correct / Exit,3,-22.497500000000002,-11.248750000000001,22.66768706900737,0.5,-0.0008927604872521859
1700,OFF-ST-10004337,"SAFCO Commercial Wire Shelving, 72h",Stable Profit Cluster,Protect,Reroute Action,Reroute to Contain / Correct,Negative Deviation,-1.0560668064104677,False,False,False,Not Opportunity Candidate,No Opportunity Action,No positive opportunity signal,Confirmed Downside Risk,True,Broken Value,Correct / Exit,3,-24.496,-4.8991999999999996,2.1261294686010905,0.2,-0.0009720662693956903
1702,FUR-BO-10001608,"Hon Metal Bookcases, Black",Risk-Oriented Profit Cluster,Contain,Reroute Action,Reroute to Correct,Negative Deviation,-0.5198355529695522,False,True,False,Not Opportunity Candidate,No Opportunity Action,No positive opportunity signal,Confirmed Downside Risk,True,Broken Value,Correct / Exit,3,-26.972400000000007,-5.3944800000000015,19.696163966292026,0.4,-0.001070336391437309
1718,FUR-FU-10003394,"Tenex ""The Solids"" Textured Chair Mats",Risk-Oriented Profit Cluster,Contain,Reroute Action,Reroute to Correct,Negative Deviation,-0.5484531488296075,False,False,False,Not Opportunity Candidate,No Opportunity Action,No positive opportunity signal,Confirmed Downside Risk,True,Broken Value,Correct / Exit,3,-40.57679999999999,-5.796685714285713,14.331522411394733,0.42857142857142855,-0.001610195076747838
1729,TEC-PH-10000127,iOttie XL Car Mount,Stable Loss Cluster,Correct,Reroute Action,Exit / Restructure,Negative Deviation,-0.20709542433847383,False,False,True,Not Opportunity Candidate,No Opportunity Action,No positive opportunity signal,Confirmed Downside Risk,True,Broken Value,Correct / Exit,3,-50.3748,-25.1874,0.4000375298972521,1.0,-0.00199900571144489
1731,TEC-MA-10002178,Cisco CP-7937G Unified IP Conference Station Phone,Stable Loss Cluster,Correct,Reroute Action,Exit / Restructure,Negative Deviation,-0.27129158245957613,False,False,True,Not Opportunity Candidate,No Opportunity Action,No positive opportunity signal,Confirmed Downside Risk,True,Broken Value,Correct / Exit,3,-55.656,-27.828,0.0,1.0,-0.0022085777387935396
1740,FUR-TA-10004915,"Office Impressions End Table, 20-1/2""H x 24""W x 20""D",Risk-Oriented Profit Cluster,Contain,Reroute Action,Reroute to Correct,Negative Deviation,-1.0869824228288556,False,False,False,Not Opportunity Candidate,No Opportunity Action,No positive opportunity signal,Confirmed Downside Risk,True,Broken Value,Correct / Exit,3,-66.8272,-13.365440000000001,19.45843365895841,0.6,-0.0026518805926747093
1747,TEC-MA-10002694,Hewlett-Packard Deskjet F4180 All-in-One Color Ink-jet - Printer / copier / scanner,Stable Loss Cluster,Correct,Reroute Action,Exit / Restructure,Negative Deviation,-1.33047713793506,False,False,True,Not Opportunity Candidate,No Opportunity Action,No positive opportunity signal,Confirmed Downside Risk,True,Broken Value,Correct / Exit,3,-71.3958,-71.3958,0.0,1.0,-0.0028331747614516994
1748,OFF-ST-10001511,Space Solutions Commercial Steel Shelving,Stable Profit Cluster,Protect,Reassess Classification,Reassess Classification,Negative Deviation,-1.2740570485534777,False,False,False,Not Opportunity Candidate,No Opportunity Action,No positive opportunity signal,Confirmed Downside Risk,True,Broken Value,Correct / Exit,3,-74.34749999999998,-10.621071428571426,5.101859727712681,0.14285714285714285,-0.002950306048493471
1752,FUR-BO-10004690,O'Sullivan Cherrywood Estates Traditional Barrister Bookcase,Stable Loss Cluster,Correct,Reroute Action,Exit / Restructure,Negative Deviation,-0.5473160996433115,False,True,False,Not Opportunity Candidate,No Opportunity Action,No positive opportunity signal,Confirmed Downside Risk,True,Broken Value,Correct / Exit,3,-78.36359999999999,-39.181799999999996,3.13072541058465,0.5,-0.0031096755514539564
1753,FUR-FU-10003919,Eldon Executive Woodline II Cherry Finish Desk Accessories,Stable Loss Cluster,Correct,Reroute Action,Exit / Restructure,Negative Deviation,-0.5490810928568206,False,False,True,Not Opportunity Candidate,No Opportunity Action,No positive opportunity signal,Confirmed Downside Risk,True,Broken Value,Correct / Exit,3,-78.5088,-39.2544,0.4683818073382898,1.0,-0.003115437472678493
1756,FUR-BO-10003433,Sauder Cornerstone Collection Library,Stable Loss Cluster,Correct,Reroute Action,Exit / Restructure,Negative Deviation,-0.2525200935717322,False,False,True,Not Opportunity Candidate,No Opportunity Action,No positive opportunity signal,Confirmed Downside Risk,True,Broken Value,Correct / Exit,3,-81.1676,-27.055866666666663,1.0676379314128446,0.6666666666666666,-0.0032209457106385383
1760,FUR-BO-10003450,"Bush Westfield Collection Bookcases, Dark Cherry Finish",Stable Loss Cluster,Correct,Reroute Action,Exit / Restructure,Negative Deviation,-0.3841150053969434,False,True,False,Not Opportunity Candidate,No Opportunity Action,No positive opportunity signal,Confirmed Downside Risk,True,Broken Value,Correct / Exit,3,-97.4064,-32.4688,2.9598512596420234,0.3333333333333333,-0.0038653443771744112
1767,FUR-FU-10003773,Eldon Cleatmat Plus Chair Mats for High Pile Carpets,Stable Loss Cluster,Correct,Reroute Action,Exit / Restructure,Negative Deviation,-0.136062956415185,False,True,False,Not Opportunity Candidate,No Opportunity Action,No positive opportunity signal,Confirmed Downside Risk,True,Broken Value,Correct / Exit,3,-111.32800000000003,-22.265600000000006,4.427603470198138,0.4,-0.004417790400036065
1768,FUR-BO-10002202,"Atlantic Metals Mobile 2-Shelf Bookcases, Custom Colors",Stable Loss Cluster,Correct,Reroute Action,Exit / Restructure,Negative Deviation,-0.9715100953170428,False,False,True,Not Opportunity Candidate,No Opportunity Action,No positive opportunity signal,Confirmed Downside Risk,True,Broken Value,Correct / Exit,3,-113.2606,-56.6303,1.048447647453497,1.0,-0.004494481095342812
1770,FUR-CH-10001714,"Global Leather & Oak Executive Chair, Burgundy",Stable Loss Cluster,Correct,Reroute Action,Exit / Restructure,Negative Deviation,-0.15234368169373508,False,False,True,Not Opportunity Candidate,No Opportunity Action,No positive opportunity signal,Confirmed Downside Risk,True,Broken Value,Correct / Exit,3,-114.6764,-22.93528,2.1573674227363475,0.8,-0.004550663795547353
1772,FUR-BO-10000112,"Bush Birmingham Collection Bookcase, Dark Cherry",Stable Loss Cluster,Correct,Reroute Action,Exit / Restructure,Negative Deviation,-2.460612503249454,False,False,True,Not Opportunity Candidate,No Opportunity Action,No positive opportunity signal,Confirmed Downside Risk,True,Broken Value,Correct / Exit,3,-117.882,-117.882,0.0,1.0,-0.004677870508201452
1773,TEC-PH-10003580,Cisco IP Phone 7961G-GE VoIP phone,Stable Loss Cluster,Correct,Reroute Action,Exit / Restructure,Negative Deviation,-0.3187409695734372,False,False,False,Not Opportunity Candidate,No Opportunity Action,No positive opportunity signal,Confirmed Downside Risk,True,Broken Value,Correct / Exit,3,-119.119,-29.77975,3.14357523072901,0.75,-0.004726957950038587
1774,OFF-AP-10000055,Belkin F9S820V06 8 Outlet Surge,Stable Loss Cluster,Correct,Reroute Action,Exit / Restructure,Negative Deviation,-0.3251652045137921,False,True,False,Not Opportunity Candidate,No Opportunity Action,No positive opportunity signal,Confirmed Downside Risk,True,Broken Value,Correct / Exit,3,-120.17599999999999,-30.043999999999997,2.7421015859432334,0.5,-0.004768902514324644
1777,FUR-BO-10001601,"Sauder Mission Library with Doors, Fruitwood Finish",Stable Loss Cluster,Correct,Reroute Action,Exit / Restructure,Negative Deviation,-0.61372943932188,False,False,True,Not Opportunity Candidate,No Opportunity Action,No positive opportunity signal,Confirmed Downside Risk,True,Broken Value,Correct / Exit,3,-125.74080000000001,-41.9136,1.62030690186383,0.6666666666666666,-0.0049897285420815495
1778,FUR-BO-10002613,"Atlantic Metals Mobile 4-Shelf Bookcases, Custom Colors",Risk-Oriented Profit Cluster,Contain,Reroute Action,Reroute to Correct,Negative Deviation,-1.6354235267470418,False,True,False,Not Opportunity Candidate,No Opportunity Action,No positive opportunity signal,Confirmed Downside Risk,True,Broken Value,Correct / Exit,3,-126.44100000000003,-21.073500000000006,17.821530353430305,0.16666666666666666,-0.005017514335755246
1779,OFF-ST-10003656,Safco Industrial Wire Shelving,Stable Loss Cluster,Correct,Reroute Action,Exit / Restructure,Negative Deviation,-0.2108383768887749,False,False,True,Not Opportunity Candidate,No Opportunity Action,No positive opportunity signal,Confirmed Downside Risk,True,Broken Value,Correct / Exit,3,-126.7068,-25.34136,1.1256161606036432,0.8,-0.005028061984939005
1780,TEC-PH-10002200,Samsung Galaxy Note 2,Stable Loss Cluster,Correct,Reroute Action,Exit / Restructure,Negative Deviation,-1.1603668002826408,False,True,False,Not Opportunity Candidate,No Opportunity Action,No positive opportunity signal,Confirmed Downside Risk,True,Broken Value,Correct / Exit,3,-128.79719999999998,-64.39859999999999,7.0433608556955685,0.5,-0.005111014602898864
1784,FUR-BO-10000468,O'Sullivan 2-Shelf Heavy-Duty Bookcases,Stable Loss Cluster,Correct,Reroute Action,Exit / Restructure,Negative Deviation,-0.13410023209786665,False,True,False,Not Opportunity Candidate,No Opportunity Action,No positive opportunity signal,Confirmed Downside Risk,True,Broken Value,Correct / Exit,3,-133.1092,-22.184866666666665,3.588349109953941,0.5,-0.0052821262029002615
1785,FUR-CH-10003956,Novimex High-Tech Fabric Mesh Task Chair,Stable Loss Cluster,Correct,Reroute Action,Exit / Restructure,Negative Deviation,-0.40579573470558494,False,False,True,Not Opportunity Candidate,No Opportunity Action,No positive opportunity signal,Confirmed Downside Risk,True,Broken Value,Correct / Exit,3,-133.4424,-33.3606,1.01489871718067,0.75,-0.00529534846290037
1786,FUR-TA-10002622,"Bush Andora Conference Table, Maple/Graphite Gray Finish",Stable Loss Cluster,Correct,Reroute Action,Exit / Restructure,Negative Deviation,-0.4676726042238118,False,False,True,Not Opportunity Candidate,No Opportunity Action,No positive opportunity signal,Confirmed Downside Risk,True,Broken Value,Correct / Exit,3,-143.6232,-35.9058,1.0170948493508696,0.75,-0.005699349617189382
1788,FUR-CH-10001190,Global Deluxe High-Back Office Chair in Storm,Stable Loss Cluster,Correct,Reroute Action,Exit / Restructure,Negative Deviation,-0.8069889028407358,False,False,True,Not Opportunity Candidate,No Opportunity Action,No positive opportunity signal,Confirmed Downside Risk,True,Broken Value,Correct / Exit,3,-149.589,-49.863,0.34465911906725377,1.0,-0.005936088388823968
1789,FUR-CH-10002044,"Office Star - Contemporary Task Swivel chair with 2-way adjustable arms, Plum",Stable Loss Cluster,Correct,Reroute Action,Exit / Restructure,Negative Deviation,-1.521249565562153,False,False,True,Not Opportunity Candidate,No Opportunity Action,No positive opportunity signal,Confirmed Downside Risk,True,Broken Value,Correct / Exit,3,-158.48579999999998,-79.24289999999999,0.1980579960373049,1.0,-0.006289137016581951
1790,FUR-TA-10004534,Bevis 44 x 96 Conference Tables,Stable Loss Cluster,Correct,Reroute Action,Exit / Restructure,Negative Deviation,-0.3956676882490027,False,True,False,Not Opportunity Candidate,No Opportunity Action,No positive opportunity signal,Confirmed Downside Risk,True,Broken Value,Correct / Exit,3,-164.72000000000003,-32.944,7.542754053916201,0.4,-0.006536526612298258
1791,TEC-MA-10003589,Cisco 8961 IP Phone Charcoal,Stable Loss Cluster,Correct,Reroute Action,Exit / Restructure,Negative Deviation,-3.6049845080381027,False,False,True,Not Opportunity Candidate,No Opportunity Action,No positive opportunity signal,Confirmed Downside Risk,True,Broken Value,Correct / Exit,3,-164.9538,-164.9538,0.0,1.0,-0.006545804416584047
1792,FUR-CH-10000225,"Global Geo Office Task Chair, Gray",Stable Loss Cluster,Correct,Reroute Action,Exit / Restructure,Negative Deviation,-0.17131350367703896,False,False,True,Not Opportunity Candidate,No Opportunity Action,No positive opportunity signal,Confirmed Downside Risk,True,Broken Value,Correct / Exit,3,-166.009,-23.715571428571426,1.6244809646789238,0.8571428571428571,-0.006587677552094592
1793,OFF-ST-10001097,Office Impressions Heavy Duty Welded Shelving & Multimedia Storage Drawers,Stable Loss Cluster,Correct,Reassess Classification,Reassess Classification,Negative Deviation,-0.40806640090588453,False,True,True,Not Opportunity Candidate,No Opportunity Action,No positive opportunity signal,Confirmed Downside Risk,True,Broken Value,Correct / Exit,3,-167.27,-33.454,2.2192626893439233,0.2,-0.006637717377605206
1794,FUR-BO-10004357,O'Sullivan Living Dimensions 3-Shelf Bookcases,Stable Loss Cluster,Correct,Reroute Action,Exit / Restructure,Negative Deviation,-0.6330483354253919,False,False,False,Not Opportunity Candidate,No Opportunity Action,No positive opportunity signal,Confirmed Downside Risk,True,Broken Value,Correct / Exit,3,-170.83299999999997,-42.70824999999999,3.635599990378189,0.75,-0.006779106670463502
1795,TEC-MA-10004521,Epson Perfection V600 Photo Scanner,Stable Loss Cluster,Correct,Reroute Action,Exit / Restructure,Negative Deviation,-3.788259361187976,False,False,True,Not Opportunity Candidate,No Opportunity Action,No positive opportunity signal,Confirmed Downside Risk,True,Broken Value,Correct / Exit,3,-172.4925,-172.4925,0.0,1.0,-0.0068449600332191425
1797,FUR-FU-10002298,"Rubbermaid ClusterMat Chairmats, Mat Size- 66"" x 60"", Lip 20"" x 11"" -90 Degree Angle",Stable Loss Cluster,Correct,Reroute Action,Exit / Restructure,Negative Deviation,-0.43655329412711563,False,False,False,Not Opportunity Candidate,No Opportunity Action,No positive opportunity signal,Confirmed Downside Risk,True,Broken Value,Correct / Exit,3,-173.12879999999998,-34.62576,4.4166083298808925,0.6,-0.006870210105362205
1799,FUR-TA-10004175,"Hon 30"" x 60"" Table with Locking Drawer",Stable Loss Cluster,Correct,Reroute Action,Exit / Restructure,Negative Deviation,-1.0319663803066739,False,False,True,Not Opportunity Candidate,No Opportunity Action,No positive opportunity signal,Confirmed Downside Risk,True,Broken Value,Correct / Exit,3,-177.3512,-59.117066666666666,1.3066102894390907,0.6666666666666666,-0.007037766139649288
1801,FUR-TA-10001095,Chromcraft Round Conference Tables,Risk-Oriented Profit Cluster,Contain,Reroute Action,Reroute to Correct,Negative Deviation,-1.1757872215489569,False,False,True,Not Opportunity Candidate,No Opportunity Action,No positive opportunity signal,Confirmed Downside Risk,True,Broken Value,Correct / Exit,3,-189.97609999999997,-14.613546153846151,9.598807451039225,0.5384615384615384,-0.007538755666286029
1802,FUR-BO-10001567,"Bush Westfield Collection Bookcases, Dark Cherry Finish, Fully Assembled",Stable Loss Cluster,Correct,Reroute Action,Exit / Restructure,Negative Deviation,-4.234605723475336,False,False,True,Not Opportunity Candidate,No Opportunity Action,No positive opportunity signal,Confirmed Downside Risk,True,Broken Value,Correct / Exit,3,-190.8522,-190.8522,0.0,1.0,-0.007573521638633254
1803,FUR-BO-10003546,Hon 4-Shelf Metal Bookcases,Stable Loss Cluster,Correct,Reroute Action,Exit / Restructure,Negative Deviation,-0.7608583983967492,False,True,False,Not Opportunity Candidate,No Opportunity Action,No positive opportunity signal,Confirmed Downside Risk,True,Broken Value,Correct / Exit,3,-191.86200000000002,-47.965500000000006,4.5678107629004945,0.5,-0.007613593181694806
1804,FUR-TA-10002903,"Bevis Round Bullnose 29"" High Table Top",Stable Loss Cluster,Correct,Reroute Action,Exit / Restructure,Negative Deviation,-0.5292110618201096,False,False,False,Not Opportunity Candidate,No Opportunity Action,No positive opportunity signal,Confirmed Downside Risk,True,Broken Value,Correct / Exit,3,-192.18540000000002,-38.43708,6.323746079947117,0.6,-0.007626426551694911
1806,OFF-BI-10002429,"Premier Elliptical Ring Binder, Black",Stable Loss Cluster,Correct,Reroute Action,Exit / Restructure,Negative Deviation,-0.13909483334025755,False,False,True,Not Opportunity Candidate,No Opportunity Action,No positive opportunity signal,Confirmed Downside Risk,True,Broken Value,Correct / Exit,3,-201.51279999999997,-22.390311111111107,2.2595865276724463,0.8888888888888888,-0.007996562529861195
1807,FUR-TA-10002774,Laminate Occasional Tables,Stable Loss Cluster,Correct,Reroute Action,Exit / Restructure,Negative Deviation,-1.2684576427026104,False,False,True,Not Opportunity Candidate,No Opportunity Action,No positive opportunity signal,Confirmed Downside Risk,True,Broken Value,Correct / Exit,3,-206.5342,-68.84473333333334,1.1539617393124821,1.0,-0.008195825003944456
1808,FUR-BO-10004218,"Bush Heritage Pine Collection 5-Shelf Bookcase, Albany Pine Finish, *Special Order",Stable Loss Cluster,Correct,Reroute Action,Exit / Restructure,Negative Deviation,-0.22882720716982022,False,True,False,Not Opportunity Candidate,No Opportunity Action,No positive opportunity signal,Confirmed Downside Risk,True,Broken Value,Correct / Exit,3,-208.6504,-26.0813,3.380709646405496,0.375,-0.008279801434353305
1809,TEC-PH-10002789,LG Exalt,Stable Loss Cluster,Correct,Reroute Action,Exit / Restructure,Negative Deviation,-1.313937417325455,False,False,True,Not Opportunity Candidate,No Opportunity Action,No positive opportunity signal,Confirmed Downside Risk,True,Broken Value,Correct / Exit,3,-212.14640000000003,-70.71546666666667,1.2258371776351482,0.6666666666666666,-0.008418531989456478
1810,FUR-TA-10001857,Balt Solid Wood Rectangular Table,Stable Loss Cluster,Correct,Reroute Action,Exit / Restructure,Negative Deviation,-0.909111142751156,False,False,True,Not Opportunity Candidate,No Opportunity Action,No positive opportunity signal,Confirmed Downside Risk,True,Broken Value,Correct / Exit,3,-216.2545,-54.063625,1.1167185432065228,0.75,-0.008581552296498625
1815,FUR-CH-10001973,Office Star Flex Back Scooter Chair with White Frame,Stable Loss Cluster,Correct,Reroute Action,Exit / Restructure,Negative Deviation,-0.3887591394487033,False,False,True,Not Opportunity Candidate,No Opportunity Action,No positive opportunity signal,Confirmed Downside Risk,True,Broken Value,Correct / Exit,3,-228.61880000000002,-32.65982857142858,1.0879040659810353,0.7142857142857143,-0.009072200523747529
1816,FUR-TA-10004575,Hon 5100 Series Wood Tables,Stable Loss Cluster,Correct,Reroute Action,Exit / Restructure,Negative Deviation,-0.42343663696591144,False,False,False,Not Opportunity Candidate,No Opportunity Action,No positive opportunity signal,Confirmed Downside Risk,True,Broken Value,Correct / Exit,3,-238.6036,-34.08622857142857,7.999630967218528,0.5714285714285714,-0.009468423878036477
1817,OFF-BI-10004224,Catalog Binders with Expanding Posts,Stable Loss Cluster,Correct,Reroute Action,Exit / Restructure,Negative Deviation,-0.33080540321260904,False,False,False,Not Opportunity Candidate,No Opportunity Action,No positive opportunity signal,Confirmed Downside Risk,True,Broken Value,Correct / Exit,3,-242.208,-30.276,3.635048325590865,0.625,-0.009611456032731521
1818,FUR-CH-10004860,Global Low Back Tilter Chair,Stable Loss Cluster,Correct,Reroute Action,Exit / Restructure,Negative Deviation,-0.3435177303661061,False,False,True,Not Opportunity Candidate,No Opportunity Action,No positive opportunity signal,Confirmed Downside Risk,True,Broken Value,Correct / Exit,3,-246.3912,-30.7989,0.9689005162383342,0.875,-0.00977745650701859
1821,FUR-FU-10002918,Eldon ClusterMat Chair Mat with Cordless Antistatic Protection,Stable Loss Cluster,Correct,Reroute Action,Exit / Restructure,Negative Deviation,-0.8422333375719804,False,True,False,Not Opportunity Candidate,No Opportunity Action,No positive opportunity signal,Confirmed Downside Risk,True,Broken Value,Correct / Exit,3,-256.5636,-51.31272,2.8603959241265615,0.4,-0.010181124327021887
1822,OFF-SU-10000151,High Speed Automatic Electric Letter Opener,Stable Loss Cluster,Correct,Reroute Action,Exit / Restructure,Negative Deviation,-1.7179766167580552,False,True,False,Not Opportunity Candidate,No Opportunity Action,No positive opportunity signal,Confirmed Downside Risk,True,Broken Value,Correct / Exit,3,-262.00480000000005,-87.33493333333335,6.948524602490022,0.3333333333333333,-0.010397045578860386
1823,FUR-FU-10004904,"Eldon ""L"" Workstation Diamond Chairmat",Stable Loss Cluster,Correct,Reroute Action,Exit / Restructure,Negative Deviation,-1.2202647380160243,False,False,True,Not Opportunity Candidate,No Opportunity Action,No positive opportunity signal,Confirmed Downside Risk,True,Broken Value,Correct / Exit,3,-267.4496,-66.8624,1.1527163951649269,1.0,-0.010613109688249902
1825,FUR-BO-10003965,O'Sullivan Manor Hill 2-Door Library in Brianna Oak,Stable Loss Cluster,Correct,Reroute Action,Exit / Restructure,Negative Deviation,-1.3326967506126548,False,False,True,Not Opportunity Candidate,No Opportunity Action,No positive opportunity signal,Confirmed Downside Risk,True,Broken Value,Correct / Exit,3,-285.9484,-71.4871,0.579124476598878,1.0,-0.011347191150704875
1826,FUR-BO-10002268,Sauder Barrister Bookcases,Stable Loss Cluster,Correct,Reroute Action,Exit / Restructure,Negative Deviation,-1.9834743837840847,False,False,True,Not Opportunity Candidate,No Opportunity Action,No positive opportunity signal,Confirmed Downside Risk,True,Broken Value,Correct / Exit,3,-294.7672,-98.25573333333334,1.328208354634412,1.0,-0.011697144531524059
1827,FUR-TA-10002645,Hon Rectangular Conference Tables,Stable Loss Cluster,Correct,Reroute Action,Exit / Restructure,Negative Deviation,-1.392663975269709,False,False,False,Not Opportunity Candidate,No Opportunity Action,No positive opportunity signal,Confirmed Downside Risk,True,Broken Value,Correct / Exit,3,-295.815,-73.95375,5.02870906680522,0.75,-0.01173872401540195
1828,OFF-BI-10004632,Ibico Hi-Tech Manual Binding System,Risk-Oriented Profit Cluster,Contain,Reroute Action,Reroute to Correct,Negative Deviation,-2.1087856797329327,False,False,False,Not Opportunity Candidate,No Opportunity Action,No positive opportunity signal,Confirmed Downside Risk,True,Broken Value,Correct / Exit,3,-304.99,-27.726363636363637,12.257064228523722,0.45454545454545453,-0.012102812357241656
1830,OFF-AP-10000390,Euro Pro Shark Stick Mini Vacuum,Stable Loss Cluster,Correct,Reroute Action,Exit / Restructure,Negative Deviation,-2.233604230102591,False,False,True,Not Opportunity Candidate,No Opportunity Action,No positive opportunity signal,Confirmed Downside Risk,True,Broken Value,Correct / Exit,3,-325.6332,-108.5444,0.9430227768890401,0.6666666666666666,-0.012921989300921812
1831,FUR-TA-10003473,Bretford Rectangular Conference Table Tops,Risk-Oriented Profit Cluster,Contain,Reassess Classification,Reassess Classification,Negative Deviation,-2.076273746749777,False,False,True,Not Opportunity Candidate,No Opportunity Action,No positive opportunity signal,Confirmed Downside Risk,True,Broken Value,Correct / Exit,3,-327.23310000000004,-27.269425000000002,8.254197376121287,0.4166666666666667,-0.012985477577554985
1832,FUR-TA-10003008,"Lesro Round Back Collection Coffee Table, End Table",Stable Loss Cluster,Correct,Reroute Action,Exit / Restructure,Negative Deviation,-0.59331167692015,False,False,False,Not Opportunity Candidate,No Opportunity Action,No positive opportunity signal,Confirmed Downside Risk,True,Broken Value,Correct / Exit,3,-328.59,-41.07375,2.5420979973699676,0.75,-0.013039322969494197
1834,TEC-PH-10000038,Jawbone MINI JAMBOX Wireless Bluetooth Speaker,Stable Loss Cluster,Correct,Reroute Action,Exit / Restructure,Negative Deviation,-1.2465130558226563,False,False,True,Not Opportunity Candidate,No Opportunity Action,No positive opportunity signal,Confirmed Downside Risk,True,Broken Value,Correct / Exit,3,-339.7104,-67.94208,0.7904960278450999,0.8,-0.013480609944599842
1835,FUR-FU-10003601,"Deflect-o RollaMat Studded, Beveled Mat for Medium Pile Carpeting",Stable Loss Cluster,Correct,Reroute Action,Exit / Restructure,Negative Deviation,-0.9849371717884072,False,False,False,Not Opportunity Candidate,No Opportunity Action,No positive opportunity signal,Confirmed Downside Risk,True,Broken Value,Correct / Exit,3,-343.0956,-57.1826,2.6181752979812276,0.6666666666666666,-0.013614943661743794
1836,FUR-TA-10003469,Balt Split Level Computer Training Table,Stable Loss Cluster,Correct,Reroute Action,Exit / Restructure,Negative Deviation,-1.3353199292316305,False,False,True,Not Opportunity Candidate,No Opportunity Action,No positive opportunity signal,Confirmed Downside Risk,True,Broken Value,Correct / Exit,3,-357.97499999999997,-71.595,0.9446469318551022,1.0,-0.014205397729707797
1838,FUR-TA-10002530,"Iceberg OfficeWorks 42"" Round Tables",Stable Loss Cluster,Correct,Reroute Action,Exit / Restructure,Negative Deviation,-0.9580899649031891,False,False,False,Not Opportunity Candidate,No Opportunity Action,No positive opportunity signal,Confirmed Downside Risk,True,Broken Value,Correct / Exit,3,-392.54799999999994,-56.078285714285705,3.218897950294447,0.5714285714285714,-0.01557734609400471
1839,FUR-TA-10003715,Hon 2111 Invitation Series Corner Table,Stable Loss Cluster,Correct,Reroute Action,Exit / Restructure,Negative Deviation,-2.037976855578284,False,False,True,Not Opportunity Candidate,No Opportunity Action,No positive opportunity signal,Confirmed Downside Risk,True,Broken Value,Correct / Exit,3,-401.9904,-100.4976,1.2756185900729198,0.75,-0.015952045577273078
1840,FUR-TA-10001932,"Chromcraft 48"" x 96"" Racetrack Double Pedestal Table",Stable Loss Cluster,Correct,Reroute Action,Exit / Restructure,Negative Deviation,-1.2317396250239623,False,False,False,Not Opportunity Candidate,No Opportunity Action,No positive opportunity signal,Confirmed Downside Risk,True,Broken Value,Correct / Exit,3,-404.00640000000004,-67.3344,4.725708871509096,0.6666666666666666,-0.01603204580584516
1841,OFF-BI-10000778,GBC VeloBinder Electric Binding Machine,Stable Loss Cluster,Correct,Reroute Action,Exit / Restructure,Negative Deviation,-2.094753235066287,False,False,True,Not Opportunity Candidate,No Opportunity Action,No positive opportunity signal,Confirmed Downside Risk,True,Broken Value,Correct / Exit,3,-411.332,-102.833,0.6172923910712014,1.0,-0.01632274504911284
1842,FUR-TA-10004442,Riverside Furniture Stanwyck Manor Table Series,Stable Loss Cluster,Correct,Reroute Action,Exit / Restructure,Negative Deviation,-2.9653657162578666,False,False,True,Not Opportunity Candidate,No Opportunity Action,No positive opportunity signal,Confirmed Downside Risk,True,Broken Value,Correct / Exit,3,-415.9325,-138.64416666666668,0.3433025868817711,1.0,-0.016505305094522492
1843,FUR-BO-10001918,"Sauder Forest Hills Library with Doors, Woodland Oak Finish",Stable Loss Cluster,Correct,Reroute Action,Exit / Restructure,Negative Deviation,-2.986561031914124,False,False,True,Not Opportunity Candidate,No Opportunity Action,No positive opportunity signal,Confirmed Downside Risk,True,Broken Value,Correct / Exit,3,-418.548,-139.516,1.4707026769435991,1.0,-0.016609095073604974
1845,TEC-MA-10001148,Okidata MB491 Multifunction Printer,Stable Loss Cluster,Correct,Reroute Action,Exit / Restructure,Negative Deviation,-4.8718703805975165,False,True,False,Not Opportunity Candidate,No Opportunity Action,No positive opportunity signal,Confirmed Downside Risk,True,Broken Value,Correct / Exit,3,-434.13,-217.065,2.7764208728015602,0.5,-0.01722743017361002
1846,FUR-CH-10000863,Novimex Swivel Fabric Task Chair,Stable Loss Cluster,Correct,Reroute Action,Exit / Restructure,Negative Deviation,-0.948258254625164,False,False,True,Not Opportunity Candidate,No Opportunity Action,No positive opportunity signal,Confirmed Downside Risk,True,Broken Value,Correct / Exit,3,-445.391,-55.673875,1.362338094938413,0.75,-0.01767429652973612
1847,FUR-TA-10002356,Bevis Boat-Shaped Conference Table,Stable Loss Cluster,Correct,Reroute Action,Exit / Restructure,Negative Deviation,-1.400218681069956,False,False,True,Not Opportunity Candidate,No Opportunity Action,No positive opportunity signal,Confirmed Downside Risk,True,Broken Value,Correct / Exit,3,-445.587,-74.2645,1.5266816171676019,0.6666666666666666,-0.01768207432973618
1848,TEC-MA-10001148,Swingline SM12-08 MicroCut Jam Free Shredder,Stable Loss Cluster,Correct,Reroute Action,Exit / Restructure,Negative Deviation,-3.2251414368740767,False,False,False,Not Opportunity Candidate,No Opportunity Action,No positive opportunity signal,Confirmed Downside Risk,True,Broken Value,Correct / Exit,3,-447.9888,-149.3296,3.2886645542461914,0.6666666666666666,-0.01777738412585941
1850,FUR-TA-10002228,"Bevis Traditional Conference Table Top, Plinth Base",Stable Loss Cluster,Correct,Reroute Action,Exit / Restructure,Negative Deviation,-3.295760614375469,False,False,True,Not Opportunity Candidate,No Opportunity Action,No positive opportunity signal,Confirmed Downside Risk,True,Broken Value,Correct / Exit,3,-456.7032,-152.2344,0.1422393710855746,1.0,-0.018123194637698965
1851,FUR-CH-10000229,Global Enterprise Series Seating High-Back Swivel/Tilt Chairs,Stable Loss Cluster,Correct,Reroute Action,Exit / Restructure,Negative Deviation,-2.3945954361518798,False,False,True,Not Opportunity Candidate,No Opportunity Action,No positive opportunity signal,Confirmed Downside Risk,True,Broken Value,Correct / Exit,3,-460.666,-115.1665,0.4153641211689012,1.0,-0.01828044905525127
1852,OFF-BI-10004584,GBC ProClick 150 Presentation Binding System,Stable Loss Cluster,Correct,Reroute Action,Exit / Restructure,Negative Deviation,-1.8378606608481596,False,False,False,Not Opportunity Candidate,No Opportunity Action,No positive opportunity signal,Confirmed Downside Risk,True,Broken Value,Correct / Exit,3,-461.33080000000007,-92.26616000000001,5.853565473413052,0.6,-0.01830683008300659
1855,FUR-CH-10002880,"Global High-Back Leather Tilter, Burgundy",Stable Loss Cluster,Correct,Reroute Action,Exit / Restructure,Negative Deviation,-0.4191547398133428,False,False,True,Not Opportunity Candidate,No Opportunity Action,No positive opportunity signal,Confirmed Downside Risk,True,Broken Value,Correct / Exit,3,-474.74139999999994,-33.91009999999999,2.0766197376404345,0.7142857142857143,-0.018838998270153784
1856,FUR-TA-10002607,KI Conference Tables,Stable Loss Cluster,Correct,Reroute Action,Exit / Restructure,Negative Deviation,-1.0510502681310685,False,False,True,Not Opportunity Candidate,No Opportunity Action,No positive opportunity signal,Confirmed Downside Risk,True,Broken Value,Correct / Exit,3,-479.21639999999996,-59.902049999999996,1.1262308661178047,0.875,-0.019016578142604216
1857,FUR-CH-10003298,"Office Star - Contemporary Task Swivel chair with Loop Arms, Charcoal",Stable Loss Cluster,Correct,Reroute Action,Exit / Restructure,Negative Deviation,-0.9215432833098088,False,False,True,Not Opportunity Candidate,No Opportunity Action,No positive opportunity signal,Confirmed Downside Risk,True,Broken Value,Correct / Exit,3,-491.175,-54.575,1.033324836239495,0.8888888888888888,-0.01949112711750605
1858,FUR-CH-10003774,"Global Wood Trimmed Manager's Task Chair, Khaki",Stable Loss Cluster,Correct,Reroute Action,Exit / Restructure,Negative Deviation,-0.4684335448241263,False,False,True,Not Opportunity Candidate,No Opportunity Action,No positive opportunity signal,Confirmed Downside Risk,True,Broken Value,Correct / Exit,3,-503.1194,-35.9371,1.2479863404984295,0.8571428571428571,-0.01996511259873441
1860,FUR-TA-10002041,"Bevis Round Conference Table Top, X-Base",Stable Loss Cluster,Correct,Reroute Action,Exit / Restructure,Negative Deviation,-1.7014911911646597,False,False,True,Not Opportunity Candidate,No Opportunity Action,No positive opportunity signal,Confirmed Downside Risk,True,Broken Value,Correct / Exit,3,-519.941,-86.65683333333334,0.9330913602024468,0.8333333333333334,-0.020632638315474554
1862,FUR-FU-10001468,Tenex Antistatic Computer Chair Mats,Stable Loss Cluster,Correct,Reroute Action,Exit / Restructure,Negative Deviation,-1.7424028910654885,False,False,True,Not Opportunity Candidate,No Opportunity Action,No positive opportunity signal,Confirmed Downside Risk,True,Broken Value,Correct / Exit,3,-530.038,-88.33966666666667,2.040337792273335,0.8333333333333334,-0.021033314063437007
1863,FUR-TA-10000577,Bretford CR4500 Series Slim Rectangular Table,Stable Loss Cluster,Correct,Reroute Action,Exit / Restructure,Negative Deviation,-1.2137678733618216,False,False,False,Not Opportunity Candidate,No Opportunity Action,No positive opportunity signal,Confirmed Downside Risk,True,Broken Value,Correct / Exit,3,-532.7613,-66.5951625,3.169263918126047,0.625,-0.021141381832519523
1864,FUR-TA-10000849,Bevis Rectangular Conference Tables,Stable Loss Cluster,Correct,Reroute Action,Exit / Restructure,Negative Deviation,-3.161453382859894,False,False,True,Not Opportunity Candidate,No Opportunity Action,No positive opportunity signal,Confirmed Downside Risk,True,Broken Value,Correct / Exit,3,-586.8396,-146.7099,0.47854440545392757,1.0,-0.023287352249577856
1865,FUR-TA-10001768,Hon Racetrack Conference Tables,Stable Loss Cluster,Correct,Reroute Action,Exit / Restructure,Negative Deviation,-2.0198941840602664,False,False,True,Not Opportunity Candidate,No Opportunity Action,No positive opportunity signal,Confirmed Downside Risk,True,Broken Value,Correct / Exit,3,-598.5228,-99.7538,1.6330249373104953,0.6666666666666666,-0.023750972621826537
1866,FUR-TA-10003238,"Chromcraft Bull-Nose Wood 48"" x 96"" Rectangular Conference Tables",Stable Loss Cluster,Correct,Reroute Action,Exit / Restructure,Negative Deviation,-2.0728318248648945,False,False,True,Not Opportunity Candidate,No Opportunity Action,No positive opportunity signal,Confirmed Downside Risk,True,Broken Value,Correct / Exit,3,-611.5878,-101.93130000000001,2.2168288102396927,0.8333333333333334,-0.02426942648407567
1868,OFF-ST-10002574,"SAFCO Commercial Wire Shelving, Black",Stable Loss Cluster,Correct,Reroute Action,Exit / Restructure,Negative Deviation,-1.1396001721424283,False,False,True,Not Opportunity Candidate,No Opportunity Action,No positive opportunity signal,Confirmed Downside Risk,True,Broken Value,Correct / Exit,3,-635.444,-63.544399999999996,0.8910159110971824,0.7,-0.025216103792042577
1869,FUR-BO-10004834,"Riverside Palais Royal Lawyers Bookcase, Royale Cherry Finish",Stable Loss Cluster,Correct,Reroute Action,Exit / Restructure,Negative Deviation,-2.850247153844237,False,True,False,Not Opportunity Candidate,No Opportunity Action,No positive opportunity signal,Confirmed Downside Risk,True,Broken Value,Correct / Exit,3,-669.5448000000001,-133.90896000000004,7.317094824221992,0.4,-0.026569314007563835
1870,FUR-TA-10003954,Hon 94000 Series Round Tables,Stable Loss Cluster,Correct,Reroute Action,Exit / Restructure,Negative Deviation,-2.90698560785823,False,False,False,Not Opportunity Candidate,No Opportunity Action,No positive opportunity signal,Confirmed Downside Risk,True,Broken Value,Correct / Exit,3,-681.2139999999999,-136.2428,2.749545018523814,0.6,-0.02703237882266965
1871,FUR-BO-10003272,O'Sullivan Living Dimensions 5-Shelf Bookcases,Stable Loss Cluster,Correct,Reroute Action,Exit / Restructure,Negative Deviation,-2.6569643515721437,False,False,True,Not Opportunity Candidate,No Opportunity Action,No positive opportunity signal,Confirmed Downside Risk,True,Broken Value,Correct / Exit,3,-755.7515999999999,-125.95859999999999,1.239186718187775,1.0,-0.029990228543510123
1872,FUR-BO-10000780,O'Sullivan Plantations 2-Door Library in Landvery Oak,Stable Loss Cluster,Correct,Reroute Action,Exit / Restructure,Negative Deviation,-3.3277133124523184,False,False,True,Not Opportunity Candidate,No Opportunity Action,No positive opportunity signal,Confirmed Downside Risk,True,Broken Value,Correct / Exit,3,-767.7436,-153.54872,0.608555892865582,1.0,-0.030466102919024213
1873,TEC-MA-10004679,StarTech.com 10/100 VDSL2 Ethernet Extender Kit,Stable Loss Cluster,Correct,Reroute Action,Exit / Restructure,Negative Deviation,-4.370464009633086,False,False,True,Not Opportunity Candidate,No Opportunity Action,No positive opportunity signal,Confirmed Downside Risk,True,Broken Value,Correct / Exit,3,-785.762,-196.4405,1.337579891489331,0.75,-0.031181120834948416
1874,FUR-TA-10002533,BPI Conference Tables,Stable Loss Cluster,Correct,Reroute Action,Exit / Restructure,Negative Deviation,-3.4649690064601035,False,False,True,Not Opportunity Candidate,No Opportunity Action,No positive opportunity signal,Confirmed Downside Risk,True,Broken Value,Correct / Exit,3,-795.9725,-159.1945,0.8607227896702837,0.8,-0.03158630056403336
1878,TEC-MA-10001695,Zebra GK420t Direct Thermal/Thermal Transfer Printer,Loss Tail,Correct,Reroute Action,Exit / Restructure,Negative Deviation,-0.339529607371416,False,False,True,Not Opportunity Candidate,No Opportunity Action,No positive opportunity signal,Confirmed Downside Risk,True,Broken Value,Correct / Exit,3,-938.28,-938.28,0.0,1.0,-0.03723343971458966
1882,TEC-MA-10002210,Epson TM-T88V Direct Thermal Printer - Monochrome - Desktop,Loss Tail,Correct,Reroute Action,Exit / Restructure,Negative Deviation,0.1131830478968506,False,False,True,Not Opportunity Candidate,No Opportunity Action,No positive opportunity signal,Confirmed Downside Risk,True,Broken Value,Correct / Exit,3,-1057.23,-528.615,1.0892543278134563,1.0,-0.04195369129626085
1887,TEC-MA-10002412,Cisco TelePresence System EX90 Videoconferencing Unit,Loss Tail,Correct,Reroute Action,Exit / Restructure,Negative Deviation,-1.3040417848283499,False,False,True,Not Opportunity Candidate,No Opportunity Action,No positive opportunity signal,Confirmed Downside Risk,True,Broken Value,Correct / Exit,3,-1811.0784,-1811.0784,0.0,1.0,-0.07186839581446423
1890,FUR-TA-10000198,Chromcraft Bull-Nose Wood Oval Conference Tables & Bases,Loss Tail,Correct,Reroute Action,Exit / Restructure,Negative Deviation,0.06167734015451967,False,True,False,Not Opportunity Candidate,No Opportunity Action,No positive opportunity signal,Confirmed Downside Risk,True,Broken Value,Correct / Exit,3,-2876.1156,-575.22312,1.4804275857040974,0.8,-0.1141318975197072
1891,TEC-MA-10004125,Cubify CubeX 3D Printer Triple Head Print,Loss Tail,Correct,Reroute Action,Exit / Restructure,Negative Deviation,-3.546152140425361,False,False,True,Not Opportunity Candidate,No Opportunity Action,No positive opportunity signal,Confirmed Downside Risk,True,Broken Value,Correct / Exit,3,-3839.9904,-3839.9904,0.0,1.0,-0.15238100680287658
1892,TEC-MA-10000822,Lexmark MX611dhe Monochrome Laser Printer,Loss Tail,Correct,Reroute Action,Exit / Restructure,Negative Deviation,-0.5707270148258086,False,True,False,Not Opportunity Candidate,No Opportunity Action,No positive opportunity signal,Confirmed Downside Risk,True,Broken Value,Correct / Exit,3,-4589.973,-1147.49325,1.4977247892572296,0.75,-0.18214230612087462
1893,TEC-MA-10000418,Cubify CubeX 3D Printer Double Head Print,Loss Tail,Correct,Reroute Action,Exit / Restructure,Negative Deviation,-2.573681323149173,False,True,False,Not Opportunity Candidate,No Opportunity Action,No positive opportunity signal,Confirmed Downside Risk,True,Broken Value,Correct / Exit,3,-8879.9704,-2959.9901333333332,1.179296720425171,0.6666666666666666,-0.3523807845800194
120,TEC-AC-10004469,Microsoft Sculpt Comfort Mouse,Stable Profit Cluster,Protect,No Escalation,Protect,High Positive Deviation,1.5475235985777651,True,True,True,Outperforming Within Governance Route,Maintain / Monitor,Positive but not escalated,Outperforming Within Governance Route,True,Defendable Value,Protect / Maintain,4,634.406,63.440599999999996,0.4474040190653655,0.0,0.02517491319816469
125,OFF-PA-10001033,Xerox 1893,Stable Profit Cluster,Protect,No Escalation,Protect,Positive Deviation,1.275687031852512,True,True,False,Outperforming Within Governance Route,Maintain / Monitor,Positive but not escalated,Outperforming Within Governance Route,True,Defendable Value,Protect / Maintain,4,619.3589,56.30535454545454,0.7590167222517781,0.0,0.024577804349282265
131,TEC-PH-10001557,Pyle PMP37LED,Stable Profit Cluster,Protect,No Escalation,Protect,Positive Deviation,1.328438482454666,True,True,False,Outperforming Within Governance Route,Maintain / Monitor,Positive but not escalated,Outperforming Within Governance Route,True,Defendable Value,Protect / Maintain,4,576.8999,57.68999,0.6509690390099113,0.0,0.022892918582941985
134,FUR-CH-10000665,"Global Airflow Leather Mesh Back Chair, Black",Stable Profit Cluster,Protect,No Escalation,Protect,High Positive Deviation,1.5592009723469473,True,True,False,Outperforming Within Governance Route,Maintain / Monitor,Positive but not escalated,Outperforming Within Governance Route,True,Defendable Value,Protect / Maintain,4,573.7239999999999,63.7471111111111,0.8405108201556761,0.0,0.022766890445083808
143,TEC-AC-10002926,Logitech Wireless Marathon Mouse M705,Stable Profit Cluster,Protect,No Escalation,Protect,High Positive Deviation,1.773082088396187,True,True,True,Outperforming Within Governance Route,Maintain / Monitor,Positive but not escalated,Outperforming Within Governance Route,True,Defendable Value,Protect / Maintain,4,554.889,69.361125,0.5331467427434157,0.0,0.022019467674669547
146,OFF-PA-10001289,White Computer Printout Paper by Universal,Stable Profit Cluster,Protect,No Escalation,Protect,High Positive Deviation,1.7387455679168213,True,True,True,Outperforming Within Governance Route,Maintain / Monitor,Positive but not escalated,Outperforming Within Governance Route,True,Defendable Value,Protect / Maintain,4,547.6788,68.45985,0.640469953647466,0.0,0.021733347809565172
147,OFF-PA-10001878,Xerox 1891,Stable Profit Cluster,Protect,No Escalation,Protect,High Positive Deviation,2.0853371051427363,True,True,True,Outperforming Within Governance Route,Maintain / Monitor,Positive but not escalated,Outperforming Within Governance Route,True,Defendable Value,Protect / Maintain,4,542.9010000000001,77.55728571428573,0.49156282058306355,0.0,0.02154375202976771
149,TEC-AC-10000736,Logitech G600 MMO Gaming Mouse,Stable Profit Cluster,Protect,No Escalation,Protect,High Positive Deviation,1.7056653196771234,True,True,True,Outperforming Within Governance Route,Maintain / Monitor,Positive but not escalated,Outperforming Within Governance Route,True,Defendable Value,Protect / Maintain,4,540.7324,67.59155,0.5576904567562531,0.0,0.02145769622833843
150,TEC-PH-10001944,Wi-Ex zBoost YX540 Cellular Phone Signal Booster,Stable Profit Cluster,Protect,No Escalation,Protect,High Positive Deviation,2.5594713651538594,True,True,True,Outperforming Within Governance Route,Maintain / Monitor,Positive but not escalated,Outperforming Within Governance Route,True,Defendable Value,Protect / Maintain,4,540.015,90.0025,0.5451868860994211,0.0,0.021429227893032074
151,OFF-PA-10000357,Xerox 1888,Stable Profit Cluster,Protect,No Escalation,Protect,High Positive Deviation,2.5547129602187697,True,True,True,Outperforming Within Governance Route,Maintain / Monitor,Positive but not escalated,Outperforming Within Governance Route,True,Defendable Value,Protect / Maintain,4,539.2656,89.87759999999999,0.2836338477405217,0.0,0.02139948971282775
153,TEC-AC-10003628,Logitech 910-002974 M325 Wireless Mouse for Web Scrolling,Stable Profit Cluster,Protect,No Escalation,Protect,Positive Deviation,0.492501790466756,True,True,True,Outperforming Within Governance Route,Maintain / Monitor,Positive but not escalated,Outperforming Within Governance Route,True,Defendable Value,Protect / Maintain,4,536.2212,35.748079999999995,0.619062327286515,0.0,0.02127867984384717
157,TEC-AC-10003610,Logitech Illuminated - Keyboard,Stable Profit Cluster,Protect,No Escalation,Protect,High Positive Deviation,2.406439182953976,True,True,True,Outperforming Within Governance Route,Maintain / Monitor,Positive but not escalated,Outperforming Within Governance Route,True,Defendable Value,Protect / Maintain,4,515.914,85.98566666666666,0.2114821982327337,0.0,0.020472836271595695
159,TEC-AC-10002567,Logitech G602 Wireless Gaming Mouse,Stable Profit Cluster,Protect,No Escalation,Protect,Positive Deviation,1.3111916033415232,True,True,True,Outperforming Within Governance Route,Maintain / Monitor,Positive but not escalated,Outperforming Within Governance Route,True,Defendable Value,Protect / Maintain,4,515.1356000000001,57.2372888888889,0.4187449181412616,0.0,0.02044194729445259
160,TEC-AC-10002800,Plantronics Audio 478 Stereo USB Headset,Stable Profit Cluster,Protect,No Escalation,Protect,Positive Deviation,1.3101815905156957,True,True,False,Outperforming Within Governance Route,Maintain / Monitor,Positive but not escalated,Outperforming Within Governance Route,True,Defendable Value,Protect / Maintain,4,514.897,57.210777777777786,0.7803523310499205,0.0,0.020432479013432103
161,OFF-EN-10002230,Airmail Envelopes,Stable Profit Cluster,Protect,No Escalation,Protect,High Positive Deviation,2.3974030392882097,True,True,True,Outperforming Within Governance Route,Maintain / Monitor,Positive but not escalated,Outperforming Within Governance Route,True,Defendable Value,Protect / Maintain,4,514.4909,85.74848333333334,0.3223408592997765,0.0,0.020416363888023807
162,FUR-CH-10000155,Global Comet Stacking Armless Chair,Stable Profit Cluster,Protect,No Escalation,Protect,High Positive Deviation,2.3966099717990277,True,True,False,Outperforming Within Governance Route,Maintain / Monitor,Positive but not escalated,Outperforming Within Governance Route,True,Defendable Value,Protect / Maintain,4,514.366,85.72766666666666,0.9655496774894202,0.0,0.02041140752465642
164,OFF-ST-10001932,Fellowes Staxonsteel Drawer Files,Stable Profit Cluster,Protect,No Escalation,Protect,High Positive Deviation,1.9061025826637754,True,False,False,Outperforming Within Governance Route,Maintain / Monitor,Positive but not escalated,Outperforming Within Governance Route,True,Defendable Value,Protect / Maintain,4,509.9688,72.85268571428571,0.8648276638119095,0.14285714285714285,0.020236914962614178
168,TEC-AC-10002842,WD My Passport Ultra 2TB Portable External Hard Drive,Stable Profit Cluster,Protect,No Escalation,Protect,High Positive Deviation,1.5107364424102518,True,False,False,Outperforming Within Governance Route,Maintain / Monitor,Positive but not escalated,Outperforming Within Governance Route,True,Defendable Value,Protect / Maintain,4,499.8,62.475,0.9524832752066004,0.125,0.019833390000161905
169,FUR-CH-10002084,Hon Mobius Operator's Chair,Stable Profit Cluster,Protect,No Escalation,Protect,High Positive Deviation,2.935319826951565,True,True,True,Outperforming Within Governance Route,Maintain / Monitor,Positive but not escalated,Outperforming Within Governance Route,True,Defendable Value,Protect / Maintain,4,499.3394,99.86788,0.5119984257223501,0.0,0.019815112170161756
170,TEC-AC-10001606,Logitech Wireless Performance Mouse MX for PC and Mac,Stable Profit Cluster,Protect,No Escalation,Protect,High Positive Deviation,1.840690978462853,True,True,True,Outperforming Within Governance Route,Maintain / Monitor,Positive but not escalated,Outperforming Within Governance Route,True,Defendable Value,Protect / Maintain,4,497.9502,71.13574285714286,0.4372304979869143,0.0,0.019759985028528652
171,OFF-PA-10003302,Xerox 1906,Stable Profit Cluster,Protect,No Escalation,Protect,High Positive Deviation,1.8386630913773965,True,True,True,Outperforming Within Governance Route,Maintain / Monitor,Positive but not escalated,Outperforming Within Governance Route,True,Defendable Value,Protect / Maintain,4,497.5776,71.08251428571428,0.6309543914391961,0.0,0.019745199271997922
174,OFF-PA-10004071,"Eaton Premium Continuous-Feed Paper, 25% Cotton, Letter Size, White, 1000 Shts/Box",Stable Profit Cluster,Protect,No Escalation,Protect,Positive Deviation,1.0075128333597076,True,True,False,Outperforming Within Governance Route,Maintain / Monitor,Positive but not escalated,Outperforming Within Governance Route,True,Defendable Value,Protect / Maintain,4,492.6624,49.266239999999996,0.6909786449810901,0.0,0.019550151095669797
177,OFF-ST-10004340,"Fellowes Mobile File Cart, Black",Stable Profit Cluster,Protect,No Escalation,Protect,Positive Deviation,0.9783360772709252,True,True,False,Outperforming Within Governance Route,Maintain / Monitor,Positive but not escalated,Outperforming Within Governance Route,True,Defendable Value,Protect / Maintain,4,485.00399999999996,48.5004,0.9148692117990761,0.0,0.019246245465463233
179,TEC-AC-10002402,Razer Kraken PRO Over Ear PC and Music Headset,Stable Profit Cluster,Protect,No Escalation,Protect,Positive Deviation,1.4161588583321116,True,True,False,Outperforming Within Governance Route,Maintain / Monitor,Positive but not escalated,Outperforming Within Governance Route,True,Defendable Value,Protect / Maintain,4,479.94,59.9925,0.7997910661468448,0.0,0.019045292510359555
180,TEC-PH-10000441,VTech DS6151,Stable Profit Cluster,Protect,No Escalation,Protect,Positive Deviation,1.4105489694074365,True,True,False,Outperforming Within Governance Route,Maintain / Monitor,Positive but not escalated,Outperforming Within Governance Route,True,Defendable Value,Protect / Maintain,4,478.762,59.84525,0.9331706723378154,0.0,0.01899854634505305
185,OFF-PA-10000474,Easy-staple paper,Stable Profit Cluster,Protect,No Escalation,Protect,Positive Deviation,0.6135326517909269,True,True,True,Outperforming Within Governance Route,Maintain / Monitor,Positive but not escalated,Outperforming Within Governance Route,True,Defendable Value,Protect / Maintain,4,467.0992,38.924933333333335,0.5176762148416475,0.0,0.01853573549892682
188,OFF-PA-10001815,Xerox 1885,Stable Profit Cluster,Protect,No Escalation,Protect,High Positive Deviation,2.6445930957100687,True,True,True,Outperforming Within Governance Route,Maintain / Monitor,Positive but not escalated,Outperforming Within Governance Route,True,Defendable Value,Protect / Maintain,4,461.184,92.2368,0.3053475778796687,0.0,0.01830100466953715
191,OFF-PA-10000482,"Snap-A-Way Black Print Carbonless Ruled Speed Letter, Triplicate",Stable Profit Cluster,Protect,No Escalation,Protect,High Positive Deviation,2.011800164854551,True,True,False,Outperforming Within Governance Route,Maintain / Monitor,Positive but not escalated,Outperforming Within Governance Route,True,Defendable Value,Protect / Maintain,4,453.7624,75.62706666666666,0.7124544687370451,0.0,0.018006495891575564
193,FUR-FU-10000965,"Howard Miller 11-1/2"" Diameter Ridgewood Wall Clock",Stable Profit Cluster,Protect,No Escalation,Protect,High Positive Deviation,1.9800469871131643,True,False,False,Outperforming Within Governance Route,Maintain / Monitor,Positive but not escalated,Outperforming Within Governance Route,True,Defendable Value,Protect / Maintain,4,448.76160000000004,74.79360000000001,0.97347784152973,0.16666666666666666,0.017808050880145372
194,OFF-AR-10000380,"Hunt PowerHouse Electric Pencil Sharpener, Blue",Stable Profit Cluster,Protect,No Escalation,Protect,Positive Deviation,0.8379840854304947,True,True,False,Outperforming Within Governance Route,Maintain / Monitor,Positive but not escalated,Outperforming Within Governance Route,True,Defendable Value,Protect / Maintain,4,448.164,44.8164,0.7279542744261932,0.0,0.01778433652667579
197,TEC-PH-10002726,netTALK DUO VoIP Telephone Service,Stable Profit Cluster,Protect,No Escalation,Protect,High Positive Deviation,1.4731448801471119,True,True,True,Outperforming Within Governance Route,Maintain / Monitor,Positive but not escalated,Outperforming Within Governance Route,True,Defendable Value,Protect / Maintain,4,430.418,61.488285714285716,0.6105246014576806,0.0,0.017080128165445553
200,TEC-AC-10000420,Logitech G500s Laser Gaming Mouse with Adjustable Weight Tuning,Stable Profit Cluster,Protect,No Escalation,Protect,High Positive Deviation,3.2235964939706787,True,True,True,Outperforming Within Governance Route,Maintain / Monitor,Positive but not escalated,Outperforming Within Governance Route,True,Defendable Value,Protect / Maintain,4,429.7386,107.43465,0.5805787567377613,0.0,0.017053167770955537
203,OFF-PA-10001497,Xerox 1914,Stable Profit Cluster,Protect,No Escalation,Protect,High Positive Deviation,2.359299099006152,True,True,True,Outperforming Within Governance Route,Maintain / Monitor,Positive but not escalated,Outperforming Within Governance Route,True,Defendable Value,Protect / Maintain,4,423.74159999999995,84.74831999999999,0.4307232762712601,0.0,0.016815190900545427
204,TEC-PH-10002922,ShoreTel ShorePhone IP 230 VoIP phone,Stable Profit Cluster,Protect,No Escalation,Protect,High Positive Deviation,3.1544148484812546,True,True,True,Outperforming Within Governance Route,Maintain / Monitor,Positive but not escalated,Outperforming Within Governance Route,True,Defendable Value,Protect / Maintain,4,422.475,105.61875,0.15282179032970333,0.0,0.016764928852177674
205,OFF-EN-10001453,"Tyvek Interoffice Envelopes, 9 1/2"" x 12 1/2"", 100/Box",Stable Profit Cluster,Protect,No Escalation,Protect,High Positive Deviation,2.345888702391649,True,True,True,Outperforming Within Governance Route,Maintain / Monitor,Positive but not escalated,Outperforming Within Governance Route,True,Defendable Value,Protect / Maintain,4,421.9816,84.39632,0.435386746116439,0.0,0.016745349431157106
206,OFF-ST-10003816,Fellowes High-Stak Drawer Files,Stable Profit Cluster,Protect,No Escalation,Protect,Positive Deviation,1.1275315018219854,True,True,False,Outperforming Within Governance Route,Maintain / Monitor,Positive but not escalated,Outperforming Within Governance Route,True,Defendable Value,Protect / Maintain,4,419.3322,52.416525,0.9992029912736589,0.0,0.01664021421013584
209,OFF-ST-10000036,"Recycled Data-Pak for Archival Bound Computer Printouts, 12-1/2 x 12-1/2 x 16",Stable Profit Cluster,Protect,No Escalation,Protect,High Positive Deviation,1.7651530009092737,True,True,False,Outperforming Within Governance Route,Maintain / Monitor,Positive but not escalated,Outperforming Within Governance Route,True,Defendable Value,Protect / Maintain,4,414.918,69.153,0.7467947208741622,0.0,0.01646504704299155
210,FUR-CH-10004626,Office Star Flex Back Scooter Chair with Aluminum Finish Frame,Stable Profit Cluster,Protect,No Escalation,Protect,High Positive Deviation,1.757095333625275,True,True,False,Outperforming Within Governance Route,Maintain / Monitor,Positive but not escalated,Outperforming Within Governance Route,True,Defendable Value,Protect / Maintain,4,413.649,68.9415,0.7331963123843259,0.0,0.016414689756256446
212,TEC-PH-10001619,LG G3,Stable Profit Cluster,Protect,No Escalation,Protect,High Positive Deviation,3.0506366655894706,True,True,False,Outperforming Within Governance Route,Maintain / Monitor,Positive but not escalated,Outperforming Within Governance Route,True,Defendable Value,Protect / Maintain,4,411.579,102.89475,0.7697098747774895,0.0,0.01633254666441904
213,TEC-AC-10002473,Maxell 4.7GB DVD-R,Stable Profit Cluster,Protect,No Escalation,Protect,Positive Deviation,0.554834228276193,True,True,False,Outperforming Within Governance Route,Maintain / Monitor,Positive but not escalated,Outperforming Within Governance Route,True,Defendable Value,Protect / Maintain,4,411.2262,37.3842,0.7299903418880416,0.0,0.016318546624418926
215,TEC-AC-10004659,Imation Secure+ Hardware Encrypted USB 2.0 Flash Drive; 16GB,Stable Profit Cluster,Protect,No Escalation,Protect,High Positive Deviation,2.245024232946107,True,True,True,Outperforming Within Governance Route,Maintain / Monitor,Positive but not escalated,Outperforming Within Governance Route,True,Defendable Value,Protect / Maintain,4,408.744,81.7488,0.4921771728472086,0.0,0.016220046342989552
216,OFF-PA-10000357,"White Dual Perf Computer Printout Paper, 2700 Sheets, 1 Part, Heavyweight, 20 lbs., 14 7/8 x 11",Stable Profit Cluster,Protect,No Escalation,Protect,High Positive Deviation,1.7228797733994627,True,True,False,Outperforming Within Governance Route,Maintain / Monitor,Positive but not escalated,Outperforming Within Governance Route,True,Defendable Value,Protect / Maintain,4,408.26039999999995,68.04339999999999,0.856372343602427,0.0,0.016200855811968985
217,OFF-PA-10001125,Xerox 1988,Stable Profit Cluster,Protect,No Escalation,Protect,Positive Deviation,0.8419691066971909,True,True,True,Outperforming Within Governance Route,Maintain / Monitor,Positive but not escalated,Outperforming Within Governance Route,True,Defendable Value,Protect / Maintain,4,404.289,44.921,0.4075246971313983,0.0,0.016043260123600352
219,OFF-PA-10003641,Xerox 1909,Stable Profit Cluster,Protect,No Escalation,Protect,Positive Deviation,0.8279449135204704,True,True,True,Outperforming Within Governance Route,Maintain / Monitor,Positive but not escalated,Outperforming Within Governance Route,True,Defendable Value,Protect / Maintain,4,400.976,44.55288888888889,0.5770758624055868,0.0,0.015911791494007444
220,TEC-AC-10002253,Imation Bio 8GB USB Flash Drive Imation Corp,Stable Profit Cluster,Protect,No Escalation,Protect,High Positive Deviation,2.9306002816884833,True,True,False,Outperforming Within Governance Route,Maintain / Monitor,Positive but not escalated,Outperforming Within Governance Route,True,Defendable Value,Protect / Maintain,4,398.976,99.744,0.9550016002493746,0.0,0.015832426187884347
221,TEC-PH-10002660,Nortel Networks T7316 E Nt8 B27,Stable Profit Cluster,Protect,No Escalation,Protect,High Positive Deviation,1.6560887596928804,True,True,False,Outperforming Within Governance Route,Maintain / Monitor,Positive but not escalated,Outperforming Within Governance Route,True,Defendable Value,Protect / Maintain,4,397.7415,66.29025,0.8692269293485952,0.0,0.015783437952679863
227,OFF-PA-10000062,Green Bar Computer Printout Paper,Stable Profit Cluster,Protect,No Escalation,Protect,High Positive Deviation,2.0326584112857917,True,True,True,Outperforming Within Governance Route,Maintain / Monitor,Positive but not escalated,Outperforming Within Governance Route,True,Defendable Value,Protect / Maintain,4,380.8728,76.17456,0.40017636750387403,0.0,0.015114043182980522
229,TEC-AC-10001539,Logitech G430 Surround Sound Gaming Headset with Dolby 7.1 Technology,Stable Profit Cluster,Protect,No Escalation,Protect,High Positive Deviation,2.726556525472691,True,True,True,Outperforming Within Governance Route,Maintain / Monitor,Positive but not escalated,Outperforming Within Governance Route,True,Defendable Value,Protect / Maintain,4,377.5528,94.3882,0.518260214182863,0.0,0.014982296774816183
230,TEC-PH-10000673,Plantronics Voyager Pro HD - Bluetooth Headset,Stable Profit Cluster,Protect,No Escalation,Protect,High Positive Deviation,2.002707509574263,True,True,True,Outperforming Within Governance Route,Maintain / Monitor,Positive but not escalated,Outperforming Within Governance Route,True,Defendable Value,Protect / Maintain,4,376.942,75.3884,0.3749026932831084,0.0,0.014958058610326189
231,FUR-FU-10004864,"Howard Miller 14-1/2"" Diameter Chrome Round Wall Clock",Stable Profit Cluster,Protect,No Escalation,Protect,Positive Deviation,1.1767947080785177,True,False,False,Outperforming Within Governance Route,Maintain / Monitor,Positive but not escalated,Outperforming Within Governance Route,True,Defendable Value,Protect / Maintain,4,375.9672,53.7096,0.9990599615403487,0.14285714285714285,0.01491937596012179
232,OFF-PA-10001144,Xerox 1913,Stable Profit Cluster,Protect,No Escalation,Protect,High Positive Deviation,1.9882517115873102,True,True,True,Outperforming Within Governance Route,Maintain / Monitor,Positive but not escalated,Outperforming Within Governance Route,True,Defendable Value,Protect / Maintain,4,375.0448,75.00896,0.3067133292614644,0.0,0.014882772680937819
234,OFF-BI-10002735,GBC Prestige Therm-A-Bind Covers,Stable Profit Cluster,Protect,No Escalation,Protect,Positive Deviation,0.5200635843041502,True,False,False,Outperforming Within Governance Route,Maintain / Monitor,Positive but not escalated,Outperforming Within Governance Route,True,Defendable Value,Protect / Maintain,4,364.7153,36.47153,0.8597650335738621,0.1,0.014472870716138555
235,FUR-BO-10002598,"Hon Metal Bookcases, Putty",Stable Profit Cluster,Protect,No Escalation,Protect,High Positive Deviation,1.8942494030457582,True,True,False,Outperforming Within Governance Route,Maintain / Monitor,Positive but not escalated,Outperforming Within Governance Route,True,Defendable Value,Protect / Maintain,4,362.7078,72.54156,0.930217347954228,0.0,0.014393207790117496
236,TEC-PH-10002352,Avaya IP Phone 1140E VoIP phone,High-Impact Profit Cluster,Optimize,No Escalation,Optimize,High Positive Deviation,1.780934072119682,True,True,True,Outperforming Within Governance Route,Maintain / Monitor,Positive but not escalated,Outperforming Within Governance Route,True,Defendable Value,Protect / Maintain,4,362.687,362.687,0.0,0.0,0.014392382390933815
237,FUR-FU-10003192,Luxo Adjustable Task Clamp Lamp,Stable Profit Cluster,Protect,No Escalation,Protect,High Positive Deviation,2.5828747931092284,True,True,False,Outperforming Within Governance Route,Maintain / Monitor,Positive but not escalated,Outperforming Within Governance Route,True,Defendable Value,Protect / Maintain,4,362.46720000000005,90.61680000000001,0.9272139156844588,0.0,0.014383660143790888
238,TEC-AC-10000474,Kensington Expert Mouse Optical USB Trackball for PC or Mac,Stable Profit Cluster,Protect,No Escalation,Protect,Positive Deviation,1.4225529252785156,True,True,False,Outperforming Within Governance Route,Maintain / Monitor,Positive but not escalated,Outperforming Within Governance Route,True,Defendable Value,Protect / Maintain,4,360.962,60.160333333333334,0.7616727605761386,0.0,0.014323929814402643
240,TEC-AC-10001990,Kensington Orbit Wireless Mobile Trackball for PC and Mac,Stable Profit Cluster,Protect,No Escalation,Protect,High Positive Deviation,1.8548761738038337,True,True,False,Outperforming Within Governance Route,Maintain / Monitor,Positive but not escalated,Outperforming Within Governance Route,True,Defendable Value,Protect / Maintain,4,357.5404,71.50807999999999,0.9990809128413767,0.0,0.01418815164868725
241,OFF-PA-10000157,Xerox 191,Stable Profit Cluster,Protect,No Escalation,Protect,Positive Deviation,0.4801756548967093,True,True,False,Outperforming Within Governance Route,Maintain / Monitor,Positive but not escalated,Outperforming Within Governance Route,True,Defendable Value,Protect / Maintain,4,354.2454,35.42454,0.6486736587494067,0.0,0.01405739730684945
243,OFF-PA-10002254,Xerox 1883,Stable Profit Cluster,Protect,No Escalation,Protect,Positive Deviation,1.0573442126497512,True,True,True,Outperforming Within Governance Route,Maintain / Monitor,Positive but not escalated,Outperforming Within Governance Route,True,Defendable Value,Protect / Maintain,4,354.0196,50.57422857142858,0.5939863466398213,0.0,0.014048436963788151
244,FUR-FU-10004188,Luxo Professional Combination Clamp-On Lamps,Stable Profit Cluster,Protect,No Escalation,Protect,High Positive Deviation,1.765221576801052,True,True,True,Outperforming Within Governance Route,Maintain / Monitor,Positive but not escalated,Outperforming Within Governance Route,True,Defendable Value,Protect / Maintain,4,345.774,69.1548,0.5811691607197865,0.0,0.013721229679703847
246,OFF-PA-10002377,Xerox 1916,Stable Profit Cluster,Protect,No Escalation,Protect,Positive Deviation,0.9950838339519927,True,True,True,Outperforming Within Governance Route,Maintain / Monitor,Positive but not escalated,Outperforming Within Governance Route,True,Defendable Value,Protect / Maintain,4,342.58,48.94,0.6132669327787723,0.0,0.01359448328582526
247,TEC-AC-10003832,Imation 16GB Mini TravelDrive USB 2.0 Flash Drive,Stable Profit Cluster,Protect,No Escalation,Protect,Positive Deviation,0.5806831063970279,True,True,True,Outperforming Within Governance Route,Maintain / Monitor,Positive but not escalated,Outperforming Within Governance Route,True,Defendable Value,Protect / Maintain,4,342.56419999999997,38.062688888888886,0.34247850169916183,0.0,0.013593856299906887
249,FUR-FU-10002253,"Howard Miller 13"" Diameter Pewter Finish Round Wall Clock",Stable Profit Cluster,Protect,No Escalation,Protect,Positive Deviation,0.9838406532189402,True,True,False,Outperforming Within Governance Route,Maintain / Monitor,Positive but not escalated,Outperforming Within Governance Route,True,Defendable Value,Protect / Maintain,4,340.5142,48.644885714285714,0.6780118258970126,0.0,0.013512506861130716
250,TEC-PH-10003273,AT&T TR1909W,Stable Profit Cluster,Protect,No Escalation,Protect,High Positive Deviation,2.3705352588740944,True,True,False,Outperforming Within Governance Route,Maintain / Monitor,Positive but not escalated,Outperforming Within Governance Route,True,Defendable Value,Protect / Maintain,4,340.173,85.04325,0.8586998671517927,0.0,0.013498967139906113
251,TEC-PH-10002415,Polycom VoiceStation 500 Conference phone,Stable Profit Cluster,Protect,No Escalation,Protect,High Positive Deviation,1.7150735510519861,True,True,False,Outperforming Within Governance Route,Maintain / Monitor,Positive but not escalated,Outperforming Within Governance Route,True,Defendable Value,Protect / Maintain,4,339.1925,67.8385,0.74398539002939,0.0,0.013460058298579266
253,TEC-PH-10000455,GE 30522EE2,Stable Profit Cluster,Protect,No Escalation,Protect,High Positive Deviation,3.402237327016184,True,True,True,Outperforming Within Governance Route,Maintain / Monitor,Positive but not escalated,Outperforming Within Governance Route,True,Defendable Value,Protect / Maintain,4,336.371,112.12366666666667,0.4572245285547099,0.0,0.013348093692966106
254,OFF-PA-10003039,Xerox 1960,Stable Profit Cluster,Protect,No Escalation,Protect,Positive Deviation,1.255062659228621,True,True,False,Outperforming Within Governance Route,Maintain / Monitor,Positive but not escalated,Outperforming Within Governance Route,True,Defendable Value,Protect / Maintain,4,334.584,55.764,0.6470841149551945,0.0,0.01327718079194512
257,OFF-PA-10003892,Xerox 1943,Stable Profit Cluster,Protect,No Escalation,Protect,High Positive Deviation,2.2610252743611396,True,True,False,Outperforming Within Governance Route,Maintain / Monitor,Positive but not escalated,Outperforming Within Governance Route,True,Defendable Value,Protect / Maintain,4,328.6752,82.1688,0.6475680345576273,0.0,0.013042703931535043
258,TEC-PH-10002033,Konftel 250 Conference phone - Charcoal black,Stable Profit Cluster,Protect,No Escalation,Protect,High Positive Deviation,2.2231142355228086,True,True,True,Outperforming Within Governance Route,Maintain / Monitor,Positive but not escalated,Outperforming Within Governance Route,True,Defendable Value,Protect / Maintain,4,324.69480000000004,81.17370000000001,0.5891230895716912,0.0,0.012884751099288856
260,OFF-PA-10003129,Tops White Computer Printout Paper,Stable Profit Cluster,Protect,No Escalation,Protect,High Positive Deviation,2.195807696393702,True,True,True,Outperforming Within Governance Route,Maintain / Monitor,Positive but not escalated,Outperforming Within Governance Route,True,Defendable Value,Protect / Maintain,4,321.8278,80.45695,0.3676978121256492,0.0,0.012770980932961397
262,FUR-FU-10000308,Deflect-o Glass Clear Studded Chair Mats,Stable Profit Cluster,Protect,No Escalation,Protect,Positive Deviation,0.8632744389159963,True,True,False,Outperforming Within Governance Route,Maintain / Monitor,Positive but not escalated,Outperforming Within Governance Route,True,Defendable Value,Protect / Maintain,4,318.3616,45.480228571428576,0.7088894226166483,0.0,0.012633432920919457
263,TEC-PH-10000369,HTC One Mini,Stable Profit Cluster,Protect,No Escalation,Protect,High Positive Deviation,2.1545383437440964,True,True,False,Outperforming Within Governance Route,Maintain / Monitor,Positive but not escalated,Outperforming Within Governance Route,True,Defendable Value,Protect / Maintain,4,317.4948,79.3737,0.85285175253647,0.0,0.012599035997245706
264,TEC-PH-10003484,Ooma Telo VoIP Home Phone System,Stable Profit Cluster,Protect,No Escalation,Protect,High Positive Deviation,1.530547255590769,True,True,False,Outperforming Within Governance Route,Maintain / Monitor,Positive but not escalated,Outperforming Within Governance Route,True,Defendable Value,Protect / Maintain,4,314.975,62.995000000000005,0.9884965043678009,0.0,0.012499043648061217
266,OFF-PA-10001954,Xerox 1964,Stable Profit Cluster,Protect,No Escalation,Protect,High Positive Deviation,2.128254728334022,True,True,False,Outperforming Within Governance Route,Maintain / Monitor,Positive but not escalated,Outperforming Within Governance Route,True,Defendable Value,Protect / Maintain,4,314.73519999999996,78.68379999999999,0.8251587090418393,0.0,0.012489527747857056
269,FUR-FU-10001185,"Advantus Employee of the Month Certificate Frame, 11 x 13-1/2",Stable Profit Cluster,Protect,No Escalation,Protect,High Positive Deviation,1.5061601445655526,True,True,True,Outperforming Within Governance Route,Maintain / Monitor,Positive but not escalated,Outperforming Within Governance Route,True,Defendable Value,Protect / Maintain,4,311.7744,62.35488,0.5450706537760605,0.0,0.012372035348672426
270,OFF-AP-10003779,Kensington 7 Outlet MasterPiece Power Center with Fax/Phone Line Protection,Stable Profit Cluster,Protect,No Escalation,Protect,High Positive Deviation,2.0947744540589492,True,True,True,Outperforming Within Governance Route,Maintain / Monitor,Positive but not escalated,Outperforming Within Governance Route,True,Defendable Value,Protect / Maintain,4,311.22,77.805,0.4539420212791442,0.0,0.012350035285815103
272,OFF-AR-10002135,Boston Heavy-Duty Trimline Electric Pencil Sharpeners,Stable Profit Cluster,Protect,No Escalation,Protect,High Positive Deviation,1.4994214202667646,True,True,True,Outperforming Within Governance Route,Maintain / Monitor,Positive but not escalated,Outperforming Within Governance Route,True,Defendable Value,Protect / Maintain,4,310.89,62.178,0.588177163311825,0.0,0.012336940010304791
273,OFF-EN-10001434,"Strathmore #10 Envelopes, Ultimate White",Stable Profit Cluster,Protect,No Escalation,Protect,High Positive Deviation,2.082533657376449,True,True,True,Outperforming Within Governance Route,Maintain / Monitor,Positive but not escalated,Outperforming Within Governance Route,True,Defendable Value,Protect / Maintain,4,309.9348,77.4837,0.2712785946571288,0.0,0.0122990351401004
274,OFF-PA-10001357,Xerox 1886,Stable Profit Cluster,Protect,No Escalation,Protect,Positive Deviation,1.4372307059670035,True,True,True,Outperforming Within Governance Route,Maintain / Monitor,Positive but not escalated,Outperforming Within Governance Route,True,Defendable Value,Protect / Maintain,4,302.728,60.5456,0.6181830681960161,0.0,0.012013050196016433
275,TEC-PH-10001819,Innergie mMini Combo Duo USB Travel Charging Kit,Stable Profit Cluster,Protect,No Escalation,Protect,Positive Deviation,1.0502798072903252,True,True,True,Outperforming Within Governance Route,Maintain / Monitor,Positive but not escalated,Outperforming Within Governance Route,True,Defendable Value,Protect / Maintain,4,302.3328,50.3888,0.4444085458425991,0.0,0.01199736761152651
276,OFF-LA-10002762,Avery 485,Stable Profit Cluster,Protect,No Escalation,Protect,Positive Deviation,0.5608846220612524,True,True,True,Outperforming Within Governance Route,Maintain / Monitor,Positive but not escalated,Outperforming Within Governance Route,True,Defendable Value,Protect / Maintain,4,300.3441,37.5430125,0.4922787083500987,0.0,0.011918450719383009
277,TEC-PH-10004345,Cisco SPA 502G IP Phone,Stable Profit Cluster,Protect,No Escalation,Protect,Positive Deviation,1.415492148273152,True,True,True,Outperforming Within Governance Route,Maintain / Monitor,Positive but not escalated,Outperforming Within Governance Route,True,Defendable Value,Protect / Maintain,4,299.875,59.975,0.5077572285891906,0.0,0.011899835586831836
278,OFF-EN-10003055,"Blue String-Tie & Button Interoffice Envelopes, 10 x 13",Stable Profit Cluster,Protect,No Escalation,Protect,Positive Deviation,0.7625244803246626,True,True,True,Outperforming Within Governance Route,Maintain / Monitor,Positive but not escalated,Outperforming Within Governance Route,True,Defendable Value,Protect / Maintain,4,299.85,42.83571428571429,0.6252110387120022,0.0,0.011898843520505298
279,FUR-FU-10004091,"Howard Miller 13"" Diameter Goldtone Round Wall Clock",Stable Profit Cluster,Protect,No Escalation,Protect,Positive Deviation,0.9993622076446315,True,False,False,Outperforming Within Governance Route,Maintain / Monitor,Positive but not escalated,Outperforming Within Governance Route,True,Defendable Value,Protect / Maintain,4,294.3138,49.0523,0.883211900784903,0.16666666666666666,0.011679152416625952
280,OFF-AP-10004540,"Eureka The Boss Lite 10-Amp Upright Vacuum, Blue",Stable Profit Cluster,Protect,No Escalation,Protect,High Positive Deviation,1.9096424048870195,True,True,True,Outperforming Within Governance Route,Maintain / Monitor,Positive but not escalated,Outperforming Within Governance Route,True,Defendable Value,Protect / Maintain,4,291.7824,72.9456,0.4599411542463926,0.0,0.011578699748665948
281,OFF-AP-10002734,Holmes Harmony HEPA Air Purifier for 17 x 20 Room,High-Impact Profit Cluster,Optimize,No Escalation,Optimize,Positive Deviation,1.0682544199974042,True,True,True,Outperforming Within Governance Route,Maintain / Monitor,Positive but not escalated,Outperforming Within Governance Route,True,Defendable Value,Protect / Maintain,4,290.3016,290.3016,0.0,0.0,0.011519937676012408
283,FUR-FU-10001979,Dana Halogen Swing-Arm Architect Lamp,Stable Profit Cluster,Protect,No Escalation,Protect,Positive Deviation,0.9619946962448427,True,True,False,Outperforming Within Governance Route,Maintain / Monitor,Positive but not escalated,Outperforming Within Governance Route,True,Defendable Value,Protect / Maintain,4,288.4288,48.07146666666667,0.8047033991974707,0.0,0.01144562000335874
284,OFF-ST-10001272,"Mini 13-1/2 Capacity Data Binder Rack, Pearl",Stable Profit Cluster,Protect,No Escalation,Protect,Positive Deviation,1.3243547880992437,True,True,False,Outperforming Within Governance Route,Maintain / Monitor,Positive but not escalated,Outperforming Within Governance Route,True,Defendable Value,Protect / Maintain,4,287.914,57.5828,0.8443810631827241,0.0,0.011425191373562654
285,TEC-AC-10001109,Logitech Trackman Marble Mouse,Stable Profit Cluster,Protect,No Escalation,Protect,Positive Deviation,0.3442241187686022,True,True,True,Outperforming Within Governance Route,Maintain / Monitor,Positive but not escalated,Outperforming Within Governance Route,True,Defendable Value,Protect / Maintain,4,286.70439999999996,31.85604444444444,0.596328266002212,0.0,0.011377191236419405
286,OFF-PA-10001736,Xerox 1880,Stable Profit Cluster,Protect,No Escalation,Protect,Positive Deviation,1.3070767111884207,True,True,False,Outperforming Within Governance Route,Maintain / Monitor,Positive but not escalated,Outperforming Within Governance Route,True,Defendable Value,Protect / Maintain,4,285.64639999999997,57.129279999999994,0.827450491722899,0.0,0.011335206989480286
287,TEC-PH-10004389,Nokia Lumia 925,Stable Profit Cluster,Protect,No Escalation,Protect,High Positive Deviation,2.7465298889152017,True,True,False,Outperforming Within Governance Route,Maintain / Monitor,Positive but not escalated,Outperforming Within Governance Route,True,Defendable Value,Protect / Maintain,4,284.7374,94.91246666666666,0.7420141773173148,0.0,0.01129913545784734
292,TEC-AC-10001772,Memorex Mini Travel Drive 16 GB USB 2.0 Flash Drive,Stable Profit Cluster,Protect,No Escalation,Protect,Positive Deviation,0.9102116434464232,True,True,True,Outperforming Within Governance Route,Maintain / Monitor,Positive but not escalated,Outperforming Within Governance Route,True,Defendable Value,Protect / Maintain,4,280.2735,46.712250000000004,0.49442137765655153,0.0,0.011121996062845894
293,OFF-PA-10004327,Xerox 1911,Stable Profit Cluster,Protect,No Escalation,Protect,Positive Deviation,1.2620421611029875,True,True,True,Outperforming Within Governance Route,Maintain / Monitor,Positive but not escalated,Outperforming Within Governance Route,True,Defendable Value,Protect / Maintain,4,279.736,55.947199999999995,0.5316635475220308,0.0,0.011100666636825312
294,OFF-PA-10004475,Xerox 1940,Stable Profit Cluster,Protect,No Escalation,Protect,High Positive Deviation,1.789771746057831,True,True,True,Outperforming Within Governance Route,Maintain / Monitor,Positive but not escalated,Outperforming Within Governance Route,True,Defendable Value,Protect / Maintain,4,279.1968,69.7992,0.3669835207543778,0.0,0.011079269750294525
295,OFF-PA-10002923,Xerox 1942,Stable Profit Cluster,Protect,No Escalation,Protect,Positive Deviation,0.9018587188505992,True,True,False,Outperforming Within Governance Route,Maintain / Monitor,Positive but not escalated,Outperforming Within Governance Route,True,Defendable Value,Protect / Maintain,4,278.95799999999997,46.492999999999995,0.6711774588492189,0.0,0.011069793532743425
296,OFF-ST-10002974,"Trav-L-File Heavy-Duty Shuttle II, Black",Stable Profit Cluster,Protect,No Escalation,Protect,Positive Deviation,0.6482204422979555,True,True,False,Outperforming Within Governance Route,Maintain / Monitor,Positive but not escalated,Outperforming Within Governance Route,True,Defendable Value,Protect / Maintain,4,278.848,39.83542857142857,0.8590574940014927,0.0,0.011065428440906657
297,OFF-ST-10003282,"Advantus 10-Drawer Portable Organizer, Chrome Metal Frame, Smoke Drawers",Stable Profit Cluster,Protect,No Escalation,Protect,High Positive Deviation,1.7715762761058795,True,True,False,Outperforming Within Governance Route,Maintain / Monitor,Positive but not escalated,Outperforming Within Governance Route,True,Defendable Value,Protect / Maintain,4,277.2864,69.3216,0.9383983178766504,0.0,0.011003460009885743
299,TEC-AC-10004353,Hypercom P1300 Pinpad,Stable Profit Cluster,Protect,No Escalation,Protect,Positive Deviation,0.6289647672889805,True,True,False,Outperforming Within Governance Route,Maintain / Monitor,Positive but not escalated,Outperforming Within Governance Route,True,Defendable Value,Protect / Maintain,4,275.31,39.33,0.666366706186704,0.0,0.010925031214374898
300,OFF-EN-10002831,"Tyvek  Top-Opening Peel & Seel  Envelopes, Gray",Stable Profit Cluster,Protect,No Escalation,Protect,High Positive Deviation,2.6221230618372435,True,True,True,Outperforming Within Governance Route,Maintain / Monitor,Positive but not escalated,Outperforming Within Governance Route,True,Defendable Value,Protect / Maintain,4,274.941,91.64699999999999,0.5657098476977662,0.0,0.010910388315395186
301,TEC-PH-10004042,ClearOne Communications CHAT 70 OC Speaker Phone,Stable Profit Cluster,Protect,No Escalation,Protect,High Positive Deviation,1.735158667799618,True,True,False,Outperforming Within Governance Route,Maintain / Monitor,Positive but not escalated,Outperforming Within Governance Route,True,Defendable Value,Protect / Maintain,4,273.4628,68.3657,0.9455311197962307,0.0,0.010851729417639606
302,OFF-PA-10004039,Xerox 1882,Stable Profit Cluster,Protect,No Escalation,Protect,Positive Deviation,1.212106720618436,True,True,False,Outperforming Within Governance Route,Maintain / Monitor,Positive but not escalated,Outperforming Within Governance Route,True,Defendable Value,Protect / Maintain,4,273.18240000000003,54.636480000000006,0.7205232671200646,0.0,0.010840602401721149
304,TEC-MA-10004552,Star Micronics TSP100 TSP143LAN Receipt Printer,High-Impact Profit Cluster,Optimize,No Escalation,Optimize,Positive Deviation,0.8615592640019374,True,True,True,Outperforming Within Governance Route,Maintain / Monitor,Positive but not escalated,Outperforming Within Governance Route,True,Defendable Value,Protect / Maintain,4,269.308,269.308,0.0,0.0,0.010686855930699485
308,OFF-ST-10000675,"File Shuttle II and Handi-File, Black",Stable Profit Cluster,Protect,No Escalation,Protect,Positive Deviation,0.5508263483789037,True,True,False,Outperforming Within Governance Route,Maintain / Monitor,Positive but not escalated,Outperforming Within Governance Route,True,Defendable Value,Protect / Maintain,4,260.953,37.278999999999996,0.828392418284458,0.0,0.010355307364370247
309,OFF-PA-10002222,"Xerox Color Copier Paper, 11"" x 17"", Ream",Stable Profit Cluster,Protect,No Escalation,Protect,Positive Deviation,0.7867705935110149,True,True,True,Outperforming Within Governance Route,Maintain / Monitor,Positive but not escalated,Outperforming Within Governance Route,True,Defendable Value,Protect / Maintain,4,260.83279999999996,43.472133333333325,0.41982999535004895,0.0,0.010350537509472247
313,OFF-PA-10002319,Xerox 1944,Stable Profit Cluster,Protect,No Escalation,Protect,Positive Deviation,0.7647602720978922,True,True,False,Outperforming Within Governance Route,Maintain / Monitor,Positive but not escalated,Outperforming Within Governance Route,True,Defendable Value,Protect / Maintain,4,257.3664,42.8944,0.6903473190928787,0.0,0.010212981560899698
316,OFF-PA-10003790,Xerox 1991,Stable Profit Cluster,Protect,No Escalation,Protect,Positive Deviation,0.7490640124240981,True,True,False,Outperforming Within Governance Route,Maintain / Monitor,Positive but not escalated,Outperforming Within Governance Route,True,Defendable Value,Protect / Maintain,4,254.8944,42.4824,0.785910329464693,0.0,0.01011488604253155
318,OFF-ST-10000877,Recycled Steel Personal File for Standard File Folders,Stable Profit Cluster,Protect,No Escalation,Protect,High Positive Deviation,1.5529677624306422,True,True,False,Outperforming Within Governance Route,Maintain / Monitor,Positive but not escalated,Outperforming Within Governance Route,True,Defendable Value,Protect / Maintain,4,254.334,63.5835,0.7716361971024114,0.0,0.010092647883755858
319,FUR-CH-10002439,"Iceberg Nesting Folding Chair, 19w x 6d x 43h",Stable Profit Cluster,Protect,No Escalation,Protect,Positive Deviation,0.7423638938125336,True,True,False,Outperforming Within Governance Route,Maintain / Monitor,Positive but not escalated,Outperforming Within Governance Route,True,Defendable Value,Protect / Maintain,4,253.8392,42.306533333333334,0.6517366708687014,0.0,0.010073012907021004
321,TEC-PH-10000486,Plantronics HL10 Handset Lifter,Stable Profit Cluster,Protect,No Escalation,Protect,High Positive Deviation,2.3122286068892444,True,True,True,Outperforming Within Governance Route,Maintain / Monitor,Positive but not escalated,Outperforming Within Governance Route,True,Defendable Value,Protect / Maintain,4,250.5384,83.5128,0.4984878778982892,0.0,0.009942028405795444
324,OFF-PA-10002581,Xerox 1951,Stable Profit Cluster,Protect,No Escalation,Protect,Positive Deviation,0.6846001343042654,True,True,False,Outperforming Within Governance Route,Maintain / Monitor,Positive but not escalated,Outperforming Within Governance Route,True,Defendable Value,Protect / Maintain,4,244.74200000000002,40.790333333333336,0.7850223620539677,0.0,0.009712011875589486
326,OFF-LA-10001474,Avery 477,Stable Profit Cluster,Protect,No Escalation,Protect,High Positive Deviation,1.4568281719286535,True,True,False,Outperforming Within Governance Route,Maintain / Monitor,Positive but not escalated,Outperforming Within Governance Route,True,Defendable Value,Protect / Maintain,4,244.24,61.06,0.7698089752896572,0.0,0.00969209118375259
328,TEC-PH-10001580,Logitech Mobile Speakerphone P710e - speaker phone,Stable Profit Cluster,Protect,No Escalation,Protect,Positive Deviation,0.9715714465241317,True,True,False,Outperforming Within Governance Route,Maintain / Monitor,Positive but not escalated,Outperforming Within Governance Route,True,Defendable Value,Protect / Maintain,4,241.6142,48.32284,0.8085575575581269,0.0,0.009587892473343575
329,OFF-AP-10001271,Eureka The Boss Cordless Rechargeable Stick Vac,Stable Profit Cluster,Protect,No Escalation,Protect,Positive Deviation,0.661699596221941,True,True,True,Outperforming Within Governance Route,Maintain / Monitor,Positive but not escalated,Outperforming Within Governance Route,True,Defendable Value,Protect / Maintain,4,241.1354,40.189233333333334,0.5298773351367031,0.0,0.009568892419057706
330,OFF-PA-10003656,Xerox 1935,Stable Profit Cluster,Protect,No Escalation,Protect,Positive Deviation,1.4069468302031714,True,True,True,Outperforming Within Governance Route,Maintain / Monitor,Positive but not escalated,Outperforming Within Governance Route,True,Defendable Value,Protect / Maintain,4,239.0028,59.7507,0.5207983982564849,0.0,0.009484265193138648
331,OFF-PA-10004353,Southworth 25% Cotton Premium Laser Paper and Envelopes,Stable Profit Cluster,Protect,No Escalation,Protect,Positive Deviation,0.9330851321492125,True,True,False,Outperforming Within Governance Route,Maintain / Monitor,Positive but not escalated,Outperforming Within Governance Route,True,Defendable Value,Protect / Maintain,4,236.5632,47.31264,0.9450543204144017,0.0,0.009387455392729694
332,OFF-PA-10001790,Xerox 1910,Stable Profit Cluster,Protect,No Escalation,Protect,Positive Deviation,0.9315124583644208,True,True,True,Outperforming Within Governance Route,Maintain / Monitor,Positive but not escalated,Outperforming Within Governance Route,True,Defendable Value,Protect / Maintain,4,236.3568,47.27136,0.4789305491657001,0.0,0.00937926489313779
333,OFF-PA-10002120,Xerox 1889,Stable Profit Cluster,Protect,No Escalation,Protect,High Positive Deviation,2.1317673379017985,True,True,True,Outperforming Within Governance Route,Maintain / Monitor,Positive but not escalated,Outperforming Within Governance Route,True,Defendable Value,Protect / Maintain,4,236.32799999999997,78.776,0.6134982701542914,0.0,0.009378122032729617
334,OFF-AP-10001391,Kensington 6 Outlet MasterPiece HOMEOFFICE Power Control Center,Stable Profit Cluster,Protect,No Escalation,Protect,High Positive Deviation,3.617090675654575,True,True,True,Outperforming Within Governance Route,Maintain / Monitor,Positive but not escalated,Outperforming Within Governance Route,True,Defendable Value,Protect / Maintain,4,235.52639999999997,117.76319999999998,0.47039262402189685,0.0,0.009346312418035478
340,FUR-BO-10000711,"Hon Metal Bookcases, Gray",Stable Profit Cluster,Protect,No Escalation,Protect,High Positive Deviation,3.511346650531802,True,True,False,Outperforming Within Governance Route,Maintain / Monitor,Positive but not escalated,Outperforming Within Governance Route,True,Defendable Value,Protect / Maintain,4,229.9752,114.9876,0.7055523784396642,0.0,0.009126026074360213
343,FUR-CH-10001891,Global Deluxe Office Fabric Chairs,Stable Profit Cluster,Protect,No Escalation,Protect,Positive Deviation,0.5871347432278882,True,True,True,Outperforming Within Governance Route,Maintain / Monitor,Positive but not escalated,Outperforming Within Governance Route,True,Defendable Value,Protect / Maintain,4,229.3922,38.232033333333334,0.5879378379344117,0.0,0.00910289108762533
344,TEC-PH-10004434,Cisco IP Phone 7961G VoIP phone - Dark gray,Stable Profit Cluster,Protect,No Escalation,Protect,High Positive Deviation,2.031036972422402,True,True,True,Outperforming Within Governance Route,Maintain / Monitor,Positive but not escalated,Outperforming Within Governance Route,True,Defendable Value,Protect / Maintain,4,228.39600000000002,76.132,0.46377159361738746,0.0,0.009063359228645415
345,TEC-AC-10003399,Memorex Mini Travel Drive 64 GB USB 2.0 Flash Drive,Stable Profit Cluster,Protect,No Escalation,Protect,Positive Deviation,0.5802758841260951,True,True,False,Outperforming Within Governance Route,Maintain / Monitor,Positive but not escalated,Outperforming Within Governance Route,True,Defendable Value,Protect / Maintain,4,228.312,38.052,0.8239721022870122,0.0,0.009060025885788246
346,OFF-EN-10002504,"Tyvek  Top-Opening Peel & Seel Envelopes, Plain White",Stable Profit Cluster,Protect,No Escalation,Protect,Positive Deviation,0.35542533153966704,True,True,True,Outperforming Within Governance Route,Maintain / Monitor,Positive but not escalated,Outperforming Within Governance Route,True,Defendable Value,Protect / Maintain,4,225.0504,32.15005714285714,0.6042225131537309,0.0,0.008930596944562698
347,OFF-EN-10004483,"#10 White Business Envelopes,4 1/8 x 9 1/2",Stable Profit Cluster,Protect,No Escalation,Protect,Positive Deviation,0.3450322741634265,True,True,True,Outperforming Within Governance Route,Maintain / Monitor,Positive but not escalated,Outperforming Within Governance Route,True,Defendable Value,Protect / Maintain,4,223.14079999999998,31.87725714285714,0.6218721051885078,0.0,0.008854818950276365
349,TEC-PH-10000215,Plantronics Cordless Phone Headset with In-line Volume - M214C,Stable Profit Cluster,Protect,No Escalation,Protect,Positive Deviation,0.5264533335092199,True,True,False,Outperforming Within Governance Route,Maintain / Monitor,Positive but not escalated,Outperforming Within Governance Route,True,Defendable Value,Protect / Maintain,4,219.8355,36.63925,0.9095778205221329,0.0,0.00872365587711203
354,TEC-AC-10003590,"TRENDnet 56K USB 2.0 Phone, Internet and Fax Modem",Stable Profit Cluster,Protect,No Escalation,Protect,Positive Deviation,0.7481953844615679,True,True,False,Outperforming Within Governance Route,Maintain / Monitor,Positive but not escalated,Outperforming Within Governance Route,True,Defendable Value,Protect / Maintain,4,212.298,42.4596,0.8367362153029946,0.0,0.00842454787966061
355,TEC-AC-10001714,Logitech MX Performance Wireless Mouse,Stable Profit Cluster,Protect,No Escalation,Protect,Positive Deviation,0.2833961537820985,True,True,True,Outperforming Within Governance Route,Maintain / Monitor,Positive but not escalated,Outperforming Within Governance Route,True,Defendable Value,Protect / Maintain,4,211.8159,30.259414285714286,0.5298248443267026,0.0,0.008405416872619637
356,TEC-PH-10002275,Mitel 5320 IP Phone VoIP phone,Stable Profit Cluster,Protect,No Escalation,Protect,Positive Deviation,1.1466060766088222,True,True,True,Outperforming Within Governance Route,Maintain / Monitor,Positive but not escalated,Outperforming Within Governance Route,True,Defendable Value,Protect / Maintain,4,211.66879999999998,52.917199999999994,0.544494558809574,0.0,0.008399579554354282
359,TEC-PH-10003885,Cisco SPA508G,Stable Profit Cluster,Protect,No Escalation,Protect,Positive Deviation,0.7144446163911449,True,False,False,Outperforming Within Governance Route,Maintain / Monitor,Positive but not escalated,Outperforming Within Governance Route,True,Defendable Value,Protect / Maintain,4,207.86849999999998,41.573699999999995,0.7953644314538977,0.2,0.00824877356792448
362,FUR-BO-10003404,"Global Adaptabilites Bookcase, Cherry/Storm Gray Finish",Stable Profit Cluster,Protect,No Escalation,Protect,High Positive Deviation,3.071226577096029,True,True,True,Outperforming Within Governance Route,Maintain / Monitor,Positive but not escalated,Outperforming Within Governance Route,True,Defendable Value,Protect / Maintain,4,206.87040000000002,103.43520000000001,0.3526895977596855,0.0,0.00820916631190375
364,OFF-ST-10003058,Eldon Mobile Mega Data Cart  Mega Stackable  Add-On Trays,Stable Profit Cluster,Protect,No Escalation,Protect,Positive Deviation,0.4370475146027241,True,True,True,Outperforming Within Governance Route,Maintain / Monitor,Positive but not escalated,Outperforming Within Governance Route,True,Defendable Value,Protect / Maintain,4,205.755,34.2925,0.5177116970897128,0.0,0.008164904280678897
369,OFF-AP-10001154,Bionaire Personal Warm Mist Humidifier/Vaporizer,Stable Profit Cluster,Protect,No Escalation,Protect,High Positive Deviation,1.685136364518813,True,True,True,Outperforming Within Governance Route,Maintain / Monitor,Positive but not escalated,Outperforming Within Governance Route,True,Defendable Value,Protect / Maintain,4,201.1581,67.0527,0.5655902559385325,0.0,0.007982487092820265
371,OFF-PA-10004243,Xerox 1939,Stable Profit Cluster,Protect,No Escalation,Protect,Positive Deviation,0.6569528745869322,True,True,False,Outperforming Within Governance Route,Maintain / Monitor,Positive but not escalated,Outperforming Within Governance Route,True,Defendable Value,Protect / Maintain,4,200.32319999999999,40.06464,0.7591876609881522,0.0,0.007949356045779178
372,OFF-PA-10003134,Xerox 1937,Stable Profit Cluster,Protect,No Escalation,Protect,Positive Deviation,1.0340044623081774,True,True,True,Outperforming Within Governance Route,Maintain / Monitor,Positive but not escalated,Outperforming Within Governance Route,True,Defendable Value,Protect / Maintain,4,199.84640000000002,49.961600000000004,0.6154607593953663,0.0,0.007930435356799433
373,OFF-AP-10000576,"Belkin 325VA UPS Surge Protector, 6'",Stable Profit Cluster,Protect,No Escalation,Protect,Positive Deviation,1.0318195582006724,True,True,False,Outperforming Within Governance Route,Maintain / Monitor,Positive but not escalated,Outperforming Within Governance Route,True,Defendable Value,Protect / Maintain,4,199.61700000000002,49.904250000000005,0.6409973627852629,0.0,0.007921332156187113
377,FUR-FU-10001861,"Floodlight Indoor Halogen Bulbs, 1 Bulb per Pack, 60 Watts",Stable Profit Cluster,Protect,No Escalation,Protect,Positive Deviation,0.3821169553640542,True,False,False,Outperforming Within Governance Route,Maintain / Monitor,Positive but not escalated,Outperforming Within Governance Route,True,Defendable Value,Protect / Maintain,4,197.104,32.85066666666667,0.6691722175736889,0.16666666666666666,0.007821609649043442
378,OFF-EN-10004773,Staple envelope,Stable Profit Cluster,Protect,No Escalation,Protect,Positive Deviation,1.0042558594773954,True,True,False,Outperforming Within Governance Route,Maintain / Monitor,Positive but not escalated,Outperforming Within Governance Route,True,Defendable Value,Protect / Maintain,4,196.72299999999998,49.180749999999996,0.9802273920069466,0.0,0.007806490558226991
379,TEC-AC-10000358,Imation Secure Drive + Hardware Encrypted USB flash drive - 16 GB,Stable Profit Cluster,Protect,No Escalation,Protect,Positive Deviation,0.3752873045124631,True,True,True,Outperforming Within Governance Route,Maintain / Monitor,Positive but not escalated,Outperforming Within Governance Route,True,Defendable Value,Protect / Maintain,4,196.0284,32.6714,0.6340054963515734,0.0,0.00777892698741044
381,OFF-PA-10003823,Xerox 197,Stable Profit Cluster,Protect,No Escalation,Protect,High Positive Deviation,1.609142847112704,True,True,True,Outperforming Within Governance Route,Maintain / Monitor,Positive but not escalated,Outperforming Within Governance Route,True,Defendable Value,Protect / Maintain,4,195.174,65.058,0.1232380384470974,0.0,0.007745022128634653
382,TEC-PH-10003215,Jackery Bar Premium Fast-charging Portable Charger,Stable Profit Cluster,Protect,No Escalation,Protect,Positive Deviation,0.9619292951628683,True,True,True,Outperforming Within Governance Route,Maintain / Monitor,Positive but not escalated,Outperforming Within Governance Route,True,Defendable Value,Protect / Maintain,4,192.279,48.06975,0.5516101296588604,0.0,0.00763014084802147
387,OFF-PA-10000241,"IBM Multi-Purpose Copy Paper, 8 1/2 x 11"", Case",Stable Profit Cluster,Protect,No Escalation,Protect,Positive Deviation,0.3108488248710668,True,True,False,Outperforming Within Governance Route,Maintain / Monitor,Positive but not escalated,Outperforming Within Governance Route,True,Defendable Value,Protect / Maintain,4,185.88,30.98,0.9079985262222072,0.0,0.007376211551080622
388,OFF-ST-10001476,Steel Personal Filing/Posting Tote,Stable Profit Cluster,Protect,No Escalation,Protect,Positive Deviation,0.5456625837279667,True,True,True,Outperforming Within Governance Route,Maintain / Monitor,Positive but not escalated,Outperforming Within Governance Route,True,Defendable Value,Protect / Maintain,4,185.7173,37.14346,0.6051302885691031,0.0,0.007369755183427508
389,OFF-PA-10001977,Xerox 194,Stable Profit Cluster,Protect,No Escalation,Protect,Positive Deviation,0.8849204735812576,True,True,False,Outperforming Within Governance Route,Maintain / Monitor,Positive but not escalated,Outperforming Within Governance Route,True,Defendable Value,Protect / Maintain,4,184.1936,46.0484,0.649405344329098,0.0,0.007309290724957627
390,TEC-AC-10001114,Microsoft Wireless Mobile Mouse 4000,Stable Profit Cluster,Protect,No Escalation,Protect,Positive Deviation,0.8826384202937327,True,True,True,Outperforming Within Governance Route,Maintain / Monitor,Positive but not escalated,Outperforming Within Governance Route,True,Defendable Value,Protect / Maintain,4,183.954,45.9885,0.6079908731477868,0.0,0.00729978276128408
392,OFF-PA-10000167,Xerox 1925,Stable Profit Cluster,Protect,No Escalation,Protect,Positive Deviation,0.29117770332195114,True,True,True,Outperforming Within Governance Route,Maintain / Monitor,Positive but not escalated,Outperforming Within Governance Route,True,Defendable Value,Protect / Maintain,4,182.782,30.46366666666667,0.2584491805007905,0.0,0.007253274691895946
395,TEC-AC-10000023,"Maxell 74 Minute CD-R Spindle, 50/Pack",Stable Profit Cluster,Protect,No Escalation,Protect,Positive Deviation,0.5110965244997304,True,True,False,Outperforming Within Governance Route,Maintain / Monitor,Positive but not escalated,Outperforming Within Governance Route,True,Defendable Value,Protect / Maintain,4,181.1808,36.23616,0.963746943878184,0.0,0.007189734827813794
396,FUR-FU-10000076,24-Hour Round Wall Clock,Stable Profit Cluster,Protect,No Escalation,Protect,Positive Deviation,0.27363878403758457,True,True,False,Outperforming Within Governance Route,Maintain / Monitor,Positive but not escalated,Outperforming Within Governance Route,True,Defendable Value,Protect / Maintain,4,180.0198,30.0033,0.6720729064375058,0.0,0.007143663267609336
399,OFF-PA-10000659,"TOPS Carbonless Receipt Book, Four 2-3/4 x 7-1/4 Money Receipts per Page",Stable Profit Cluster,Protect,No Escalation,Protect,Positive Deviation,0.8326351658717552,True,True,False,Outperforming Within Governance Route,Maintain / Monitor,Positive but not escalated,Outperforming Within Governance Route,True,Defendable Value,Protect / Maintain,4,178.704,44.676,0.7413345878998608,0.0,0.007091448832710951
401,TEC-PH-10002468,"Plantronics CS 50-USB - headset - Convertible, Monaural",Stable Profit Cluster,Protect,No Escalation,Protect,Positive Deviation,0.4879795913811269,True,True,True,Outperforming Within Governance Route,Maintain / Monitor,Positive but not escalated,Outperforming Within Governance Route,True,Defendable Value,Protect / Maintain,4,178.14690000000002,35.629380000000005,0.5422264130705157,0.0,0.007069341626690363
402,OFF-EN-10000927,Jet-Pak Recycled Peel 'N' Seal Padded Mailers,Stable Profit Cluster,Protect,No Escalation,Protect,Positive Deviation,0.8226488016314801,True,True,True,Outperforming Within Governance Route,Maintain / Monitor,Positive but not escalated,Outperforming Within Governance Route,True,Defendable Value,Protect / Maintain,4,177.6555,44.413875,0.5085734819172997,0.0,0.007049841570975917
404,OFF-AP-10000576,Belkin 7 Outlet SurgeMaster II,Stable Profit Cluster,Protect,No Escalation,Protect,Positive Deviation,1.376701052156994,True,True,False,Outperforming Within Governance Route,Maintain / Monitor,Positive but not escalated,Outperforming Within Governance Route,True,Defendable Value,Protect / Maintain,4,176.87040000000002,58.95680000000001,0.7545301165614121,0.0,0.0070186867200572964
406,OFF-PA-10004381,14-7/8 x 11 Blue Bar Computer Printout Paper,Stable Profit Cluster,Protect,No Escalation,Protect,Positive Deviation,0.7777744524487857,True,True,True,Outperforming Within Governance Route,Maintain / Monitor,Positive but not escalated,Outperforming Within Governance Route,True,Defendable Value,Protect / Maintain,4,172.94400000000002,43.236000000000004,0.07653162030076881,0.0,0.006862876751076432
408,OFF-PA-10004092,Tops Green Bar Computer Printout Paper,Stable Profit Cluster,Protect,No Escalation,Protect,Positive Deviation,1.3058342176233042,True,True,True,Outperforming Within Governance Route,Maintain / Monitor,Positive but not escalated,Outperforming Within Governance Route,True,Defendable Value,Protect / Maintain,4,171.29,57.096666666666664,0.4926856878014804,0.0,0.00679724164291263
415,OFF-AP-10001469,Fellowes 8 Outlet Superior Workstation Surge Protector,Stable Profit Cluster,Protect,No Escalation,Protect,Positive Deviation,0.40182617463082476,True,True,False,Outperforming Within Governance Route,Maintain / Monitor,Positive but not escalated,Outperforming Within Governance Route,True,Defendable Value,Protect / Maintain,4,166.84,33.368,0.6943378658801355,0.0,0.0066206538367887405
416,FUR-FU-10002045,"Executive Impressions 14""",Stable Profit Cluster,Protect,No Escalation,Protect,Positive Deviation,0.7143074646075875,True,True,True,Outperforming Within Governance Route,Maintain / Monitor,Positive but not escalated,Outperforming Within Governance Route,True,Defendable Value,Protect / Maintain,4,166.2804,41.5701,0.518570590211018,0.0,0.006598447424135497
419,OFF-AR-10000937,"Dixon Ticonderoga Core-Lock Colored Pencils, 48-Color Set",Stable Profit Cluster,Protect,No Escalation,Protect,High Positive Deviation,2.277567303366871,True,True,True,Outperforming Within Governance Route,Maintain / Monitor,Positive but not escalated,Outperforming Within Governance Route,True,Defendable Value,Protect / Maintain,4,165.206,82.603,0.5115528900614627,0.0,0.006555812381686169
421,TEC-PH-10001468,Panasonic Business Telephones KX-T7736,Stable Profit Cluster,Protect,No Escalation,Protect,High Positive Deviation,5.3716734427047,True,True,True,Outperforming Within Governance Route,Maintain / Monitor,Positive but not escalated,Outperforming Within Governance Route,True,Defendable Value,Protect / Maintain,4,163.818,163.818,0.0,0.0,0.006500732859236741
430,OFF-PA-10000483,Xerox 19,Stable Profit Cluster,Protect,No Escalation,Protect,Positive Deviation,0.6501756715933128,True,True,False,Outperforming Within Governance Route,Maintain / Monitor,Positive but not escalated,Outperforming Within Governance Route,True,Defendable Value,Protect / Maintain,4,159.547,39.88675,0.6855359302206614,0.0,0.006331248248010867
433,OFF-PA-10004530,Personal Creations Ink Jet Cards and Labels,Stable Profit Cluster,Protect,No Escalation,Protect,Positive Deviation,0.6307325013881654,True,True,False,Outperforming Within Governance Route,Maintain / Monitor,Positive but not escalated,Outperforming Within Governance Route,True,Defendable Value,Protect / Maintain,4,157.50560000000002,39.376400000000004,0.7510967429696792,0.0,0.006250240080051023
439,OFF-PA-10000595,Xerox 1929,Stable Profit Cluster,Protect,No Escalation,Protect,Positive Deviation,0.6011381943138854,True,True,True,Outperforming Within Governance Route,Maintain / Monitor,Positive but not escalated,Outperforming Within Governance Route,True,Defendable Value,Protect / Maintain,4,154.39839999999998,38.599599999999995,0.4383911676554307,0.0,0.006126938140458178
441,OFF-AR-10004010,Hunt Boston Vacuum Mount KS Pencil Sharpener,Stable Profit Cluster,Protect,No Escalation,Protect,Positive Deviation,0.30365597577783315,True,True,False,Outperforming Within Governance Route,Maintain / Monitor,Positive but not escalated,Outperforming Within Governance Route,True,Defendable Value,Protect / Maintain,4,153.95600000000002,30.791200000000003,0.791053885021228,0.0,0.006109382534743751
443,TEC-MA-10002981,I.R.I.S IRISCard Anywhere 5 Card Scanner,Stable Profit Cluster,Protect,No Escalation,Protect,High Positive Deviation,4.924798643928723,True,True,True,Outperforming Within Governance Route,Maintain / Monitor,Positive but not escalated,Outperforming Within Governance Route,True,Defendable Value,Protect / Maintain,4,152.0883,152.0883,0.0,0.0,0.006035267243620696
447,FUR-FU-10004017,"Tenex Contemporary Contur Chairmats for Low and Medium Pile Carpet, Computer, 39"" x 49""",Stable Profit Cluster,Protect,No Escalation,Protect,Positive Deviation,0.5644081847228543,True,True,False,Outperforming Within Governance Route,Maintain / Monitor,Positive but not escalated,Outperforming Within Governance Route,True,Defendable Value,Protect / Maintain,4,150.542,37.6355,0.8514118977791668,0.0,0.0059739059571916235
448,TEC-AC-10001284,Enermax Briskie RF Wireless Keyboard and Mouse Combo,Stable Profit Cluster,Protect,No Escalation,Protect,Positive Deviation,0.2763688664847303,True,True,True,Outperforming Within Governance Route,Maintain / Monitor,Positive but not escalated,Outperforming Within Governance Route,True,Defendable Value,Protect / Maintain,4,150.3748,30.074959999999997,0.5483505026678132,0.0,0.005967271017599733
450,OFF-EN-10004206,Multimedia Mailers,Stable Profit Cluster,Protect,No Escalation,Protect,High Positive Deviation,4.841261778426956,True,True,True,Outperforming Within Governance Route,Maintain / Monitor,Positive but not escalated,Outperforming Within Governance Route,True,Defendable Value,Protect / Maintain,4,149.8956,149.8956,0.0,0.0,0.005948255090252639
452,TEC-AC-10002647,"Logitech Wireless Boombox Speaker - portable - wireless, wired",Stable Profit Cluster,Protect,No Escalation,Protect,High Positive Deviation,1.9680995428566062,True,True,True,Outperforming Within Governance Route,Maintain / Monitor,Positive but not escalated,Outperforming Within Governance Route,True,Defendable Value,Protect / Maintain,4,148.96,74.48,0.40269134156155006,0.0,0.005911128000048255
460,TEC-PH-10004241,Nokia Lumia 1020,Stable Profit Cluster,Protect,No Escalation,Protect,High Positive Deviation,4.616530961524586,True,True,True,Outperforming Within Governance Route,Maintain / Monitor,Positive but not escalated,Outperforming Within Governance Route,True,Defendable Value,Protect / Maintain,4,143.9968,143.9968,0.0,0.0,0.005714175056373177
463,TEC-PH-10002483,Motorola Moto X,Stable Profit Cluster,Protect,No Escalation,Protect,High Positive Deviation,1.8506785672726234,True,True,False,Outperforming Within Governance Route,Maintain / Monitor,Positive but not escalated,Outperforming Within Governance Route,True,Defendable Value,Protect / Maintain,4,142.79579999999999,71.39789999999999,0.9394756571889359,0.0,0.005666516190046256
465,OFF-PA-10003625,Xerox 1979,Stable Profit Cluster,Protect,No Escalation,Protect,Positive Deviation,0.9206535928936538,True,True,True,Outperforming Within Governance Route,Maintain / Monitor,Positive but not escalated,Outperforming Within Governance Route,True,Defendable Value,Protect / Maintain,4,140.959,46.986333333333334,0.5959651039646828,0.0,0.0055936270929028056
466,OFF-AR-10003903,Sanford 52201 APSCO Electric Pencil Sharpener,Stable Profit Cluster,Protect,No Escalation,Protect,Positive Deviation,0.4729241353182871,True,True,False,Outperforming Within Governance Route,Maintain / Monitor,Positive but not escalated,Outperforming Within Governance Route,True,Defendable Value,Protect / Maintain,4,140.9368,35.2342,0.969405082230931,0.0,0.005592746138004839
467,TEC-MA-10003246,Hewlett-Packard Deskjet D4360 Printer,Stable Profit Cluster,Protect,No Escalation,Protect,High Positive Deviation,4.463881026425174,True,True,True,Outperforming Within Governance Route,Maintain / Monitor,Positive but not escalated,Outperforming Within Governance Route,True,Defendable Value,Protect / Maintain,4,139.99,139.99,0.0,0.0,0.005555174602086165
474,OFF-PA-10000565,Easy-staple paper,Stable Profit Cluster,Protect,No Escalation,Protect,High Positive Deviation,1.7431515689636037,True,True,True,Outperforming Within Governance Route,Maintain / Monitor,Positive but not escalated,Outperforming Within Governance Route,True,Defendable Value,Protect / Maintain,4,137.151,68.5755,0.2818016904554932,0.0,0.0054425155500444295
479,TEC-PH-10002398,AT&T 1070 Corded Phone,Stable Profit Cluster,Protect,No Escalation,Protect,Positive Deviation,0.8295873484593681,True,True,True,Outperforming Within Governance Route,Maintain / Monitor,Positive but not escalated,Outperforming Within Governance Route,True,Defendable Value,Protect / Maintain,4,133.788,44.596000000000004,0.4305668509382566,0.0,0.005309062787798442
481,TEC-AC-10004001,Logitech Wireless Headset H600 Over-The-Head Design,Stable Profit Cluster,Protect,No Escalation,Protect,High Positive Deviation,1.669203898995559,True,True,True,Outperforming Within Governance Route,Maintain / Monitor,Positive but not escalated,Outperforming Within Governance Route,True,Defendable Value,Protect / Maintain,4,133.269,66.6345,0.4544701311554298,0.0,0.005288467490859498
482,OFF-LA-10003498,Avery 475,Stable Profit Cluster,Protect,No Escalation,Protect,Positive Deviation,0.3992355298302955,True,True,False,Outperforming Within Governance Route,Maintain / Monitor,Positive but not escalated,Outperforming Within Governance Route,True,Defendable Value,Protect / Maintain,4,133.2,33.3,0.6616333016409606,0.0,0.00528572938779825
483,FUR-FU-10004960,"Seth Thomas 12"" Clock w/ Goldtone Case",Stable Profit Cluster,Protect,No Escalation,Protect,Positive Deviation,0.8173503615486333,True,True,True,Outperforming Within Governance Route,Maintain / Monitor,Positive but not escalated,Outperforming Within Governance Route,True,Defendable Value,Protect / Maintain,4,132.8244,44.2748,0.36526288141900937,0.0,0.005270824583308333
490,TEC-MA-10001570,Cisco Desktop Collaboration Experience DX650 IP Video Phone,Stable Profit Cluster,Protect,No Escalation,Protect,High Positive Deviation,4.091190103466701,True,True,True,Outperforming Within Governance Route,Maintain / Monitor,Positive but not escalated,Outperforming Within Governance Route,True,Defendable Value,Protect / Maintain,4,130.2075,130.2075,0.0,0.0,0.0051669790485115675
493,TEC-PH-10001254,Jabra BIZ 2300 Duo QD Duo Corded Headset,Stable Profit Cluster,Protect,No Escalation,Protect,Positive Deviation,0.3642789689960971,True,True,True,Outperforming Within Governance Route,Maintain / Monitor,Positive but not escalated,Outperforming Within Governance Route,True,Defendable Value,Protect / Maintain,4,129.5298,32.38245,0.614009668935962,0.0,0.005140086114531756
495,TEC-AC-10000710,Maxell DVD-RAM Discs,Stable Profit Cluster,Protect,No Escalation,Protect,Positive Deviation,0.7504355302596725,True,True,True,Outperforming Within Governance Route,Maintain / Monitor,Positive but not escalated,Outperforming Within Governance Route,True,Defendable Value,Protect / Maintain,4,127.5552,42.5184,0.5973660410266396,0.0,0.005061728747796423
496,TEC-PH-10003437,Blue Parrot B250XT Professional Grade Wireless Bluetooth Headset with,Stable Profit Cluster,Protect,No Escalation,Protect,Positive Deviation,0.34478436687211556,True,False,False,Outperforming Within Governance Route,Maintain / Monitor,Positive but not escalated,Outperforming Within Governance Route,True,Defendable Value,Protect / Maintain,4,127.483,31.87075,0.9972501254567777,0.25,0.005058863660245379
498,FUR-FU-10004460,"Howard Miller 12"" Round Wall Clock",Stable Profit Cluster,Protect,No Escalation,Protect,High Positive Deviation,1.555493641111158,True,True,True,Outperforming Within Governance Route,Maintain / Monitor,Positive but not escalated,Outperforming Within Governance Route,True,Defendable Value,Protect / Maintain,4,127.2996,63.6498,0.15651191539770878,0.0,0.00505158586167389
499,TEC-AC-10004114,KeyTronic 6101 Series - Keyboard - Black,Stable Profit Cluster,Protect,No Escalation,Protect,High Positive Deviation,1.5511009742655548,True,True,True,Outperforming Within Governance Route,Maintain / Monitor,Positive but not escalated,Outperforming Within Governance Route,True,Defendable Value,Protect / Maintain,4,127.06899999999999,63.534499999999994,0.1544912953697264,0.0,0.005042435041877897
500,OFF-AR-10002240,Panasonic KP-150 Electric Pencil Sharpener,Stable Profit Cluster,Protect,No Escalation,Protect,Positive Deviation,0.3383401379307993,True,True,False,Outperforming Within Governance Route,Maintain / Monitor,Positive but not escalated,Outperforming Within Governance Route,True,Defendable Value,Protect / Maintain,4,126.8064,31.7016,0.8143743257350757,0.0,0.005032014377183935
504,TEC-PH-10001051,HTC One,Stable Profit Cluster,Protect,No Escalation,Protect,Positive Deviation,0.33053963024097094,True,True,True,Outperforming Within Governance Route,Maintain / Monitor,Positive but not escalated,Outperforming Within Governance Route,True,Defendable Value,Protect / Maintain,4,125.98740000000001,31.496850000000002,0.16364105442369456,0.0,0.004999514284326527
515,TEC-PH-10002807,Motorla HX550 Universal Bluetooth Headset,Stable Profit Cluster,Protect,No Escalation,Protect,Positive Deviation,0.2983242001920381,True,True,True,Outperforming Within Governance Route,Maintain / Monitor,Positive but not escalated,Outperforming Within Governance Route,True,Defendable Value,Protect / Maintain,4,122.60499999999999,30.651249999999997,0.4942646438969569,0.0,0.004865291678611145
516,TEC-PH-10004006,Panasonic KX - TS880B Telephone,Stable Profit Cluster,Protect,No Escalation,Protect,Positive Deviation,0.6852655744393031,True,True,True,Outperforming Within Governance Route,Maintain / Monitor,Positive but not escalated,Outperforming Within Governance Route,True,Defendable Value,Protect / Maintain,4,122.4234,40.8078,0.6259508402515159,0.0,0.004858085308815168
517,TEC-AC-10004859,"Maxell Pro 80 Minute CD-R, 10/Pack",Stable Profit Cluster,Protect,No Escalation,Protect,Positive Deviation,0.2959907149856792,True,True,True,Outperforming Within Governance Route,Maintain / Monitor,Positive but not escalated,Outperforming Within Governance Route,True,Defendable Value,Protect / Maintain,4,122.36,30.59,0.5183897574655617,0.0,0.004855569428611066
518,OFF-PA-10002499,Xerox 1890,Stable Profit Cluster,Protect,No Escalation,Protect,High Positive Deviation,1.46120940945896,True,True,True,Outperforming Within Governance Route,Maintain / Monitor,Positive but not escalated,Outperforming Within Governance Route,True,Defendable Value,Protect / Maintain,4,122.35,61.175,0.28167627464899136,0.0,0.00485517260208045
519,TEC-AC-10004901,Kensington SlimBlade Notebook Wireless Mouse with Nano Receiver,Stable Profit Cluster,Protect,No Escalation,Protect,Positive Deviation,0.2828069997912219,True,True,False,Outperforming Within Governance Route,Maintain / Monitor,Positive but not escalated,Outperforming Within Governance Route,True,Defendable Value,Protect / Maintain,4,120.9758,30.24395,0.7539554109987912,0.0,0.004800640700243271
523,TEC-MA-10000029,"Epson WorkForce WF-2530 All-in-One Printer, Copier Scanner",Stable Profit Cluster,Protect,No Escalation,Protect,Positive Deviation,1.4237364943736597,True,True,False,Outperforming Within Governance Route,Maintain / Monitor,Positive but not escalated,Outperforming Within Governance Route,True,Defendable Value,Protect / Maintain,4,120.3828,60.1914,0.7041432338395851,0.0,0.004777108886977773
524,TEC-AC-10000865,WD My Passport Ultra 500GB Portable External Hard Drive,Stable Profit Cluster,Protect,No Escalation,Protect,Positive Deviation,0.2769418561582592,True,True,True,Outperforming Within Governance Route,Maintain / Monitor,Positive but not escalated,Outperforming Within Governance Route,True,Defendable Value,Protect / Maintain,4,120.36,30.09,0.2698932817958776,0.0,0.004776204122487969
526,TEC-AC-10004595,First Data TMFD35 PIN Pad,Stable Profit Cluster,Protect,No Escalation,Protect,Positive Deviation,1.415530245990807,True,True,False,Outperforming Within Governance Route,Maintain / Monitor,Positive but not escalated,Outperforming Within Governance Route,True,Defendable Value,Protect / Maintain,4,119.952,59.976,0.7041326352141865,0.0,0.004760013600038858
532,TEC-MA-10004255,Konica Minolta magicolor 1690MF Multifunction Printer,Stable Profit Cluster,Protect,No Escalation,Protect,High Positive Deviation,3.6402236098145946,True,True,True,Outperforming Within Governance Route,Maintain / Monitor,Positive but not escalated,Outperforming Within Governance Route,True,Defendable Value,Protect / Maintain,4,118.3704,118.3704,0.0,0.0,0.004697251515956713
537,TEC-MA-10003176,Okidata B400 Printer,Stable Profit Cluster,Protect,No Escalation,Protect,Positive Deviation,1.3370108499041815,True,True,True,Outperforming Within Governance Route,Maintain / Monitor,Positive but not escalated,Outperforming Within Governance Route,True,Defendable Value,Protect / Maintain,4,115.83,57.915,0.469351504206021,0.0,0.004596441704119154
550,OFF-AR-10002671,"Hunt BOSTON Model 1606 High-Volume Electric Pencil Sharpener, Beige",Stable Profit Cluster,Protect,No Escalation,Protect,High Positive Deviation,3.370948941430186,True,True,True,Outperforming Within Governance Route,Maintain / Monitor,Positive but not escalated,Outperforming Within Governance Route,True,Defendable Value,Protect / Maintain,4,111.3024,111.3024,0.0,0.0,0.0044167745241176885
554,OFF-AR-10000538,"Boston Model 1800 Electric Pencil Sharpener, Gray",Stable Profit Cluster,Protect,No Escalation,Protect,Positive Deviation,0.5247675095029932,True,True,False,Outperforming Within Governance Route,Maintain / Monitor,Positive but not escalated,Outperforming Within Governance Route,True,Defendable Value,Protect / Maintain,4,109.785,36.595,0.7001647483397389,0.0,0.004356560066362094
555,TEC-PH-10002075,AT&T EL51110 DECT,Stable Profit Cluster,Protect,No Escalation,Protect,High Positive Deviation,3.3065218911040857,True,True,True,Outperforming Within Governance Route,Maintain / Monitor,Positive but not escalated,Outperforming Within Governance Route,True,Defendable Value,Protect / Maintain,4,109.6113,109.6113,0.0,0.0,0.004349667189525303
557,TEC-AC-10004518,Memorex Mini Travel Drive 32 GB USB 2.0 Flash Drive,Stable Profit Cluster,Protect,No Escalation,Protect,Positive Deviation,1.2107169158783868,True,True,True,Outperforming Within Governance Route,Maintain / Monitor,Positive but not escalated,Outperforming Within Governance Route,True,Defendable Value,Protect / Maintain,4,109.19999999999999,54.599999999999994,0.20109747104142087,0.0,0.004333345714321088
558,OFF-AR-10004260,Boston 1799 Powerhouse Electric Pencil Sharpener,Stable Profit Cluster,Protect,No Escalation,Protect,Positive Deviation,0.516271718465964,True,True,False,Outperforming Within Governance Route,Maintain / Monitor,Positive but not escalated,Outperforming Within Governance Route,True,Defendable Value,Protect / Maintain,4,109.116,36.372,0.6880282394291212,0.0,0.004330012371463918
573,OFF-AP-10002495,"Acco Smartsocket Table Surge Protector, 6 Color-Coded Adapter Outlets",Stable Profit Cluster,Protect,No Escalation,Protect,Positive Deviation,0.4701607808643894,True,True,True,Outperforming Within Governance Route,Maintain / Monitor,Positive but not escalated,Outperforming Within Governance Route,True,Defendable Value,Protect / Maintain,4,105.485,35.16166666666667,0.6153112062639394,0.0,0.004185924658197436
584,OFF-AP-10000159,Belkin F9M820V08 8 Outlet Surge,Stable Profit Cluster,Protect,No Escalation,Protect,Positive Deviation,0.41324279068805847,True,True,False,Outperforming Within Governance Route,Maintain / Monitor,Positive but not escalated,Outperforming Within Governance Route,True,Defendable Value,Protect / Maintain,4,101.003,33.66766666666667,0.8620988055026544,0.0,0.004008067007175576
589,TEC-PH-10001918,Nortel Business Series Terminal T7208 Digital phone,Stable Profit Cluster,Protect,No Escalation,Protect,Positive Deviation,0.4014299583672143,True,True,True,Outperforming Within Governance Route,Maintain / Monitor,Positive but not escalated,Outperforming Within Governance Route,True,Defendable Value,Protect / Maintain,4,100.0728,33.3576,0.33082096373047887,0.0,0.0039711542032977235
608,OFF-PA-10000501,Petty Cash Envelope,Stable Profit Cluster,Protect,No Escalation,Protect,Positive Deviation,0.32888174456102437,True,True,True,Outperforming Within Governance Route,Maintain / Monitor,Positive but not escalated,Outperforming Within Governance Route,True,Defendable Value,Protect / Maintain,4,94.36,31.453333333333333,0.2551355767187884,0.0,0.0037444551428877097
610,OFF-PA-10002558,Xerox 1938,Stable Profit Cluster,Protect,No Escalation,Protect,High Positive Deviation,2.707347656231121,True,True,True,Outperforming Within Governance Route,Maintain / Monitor,Positive but not escalated,Outperforming Within Governance Route,True,Defendable Value,Protect / Maintain,4,93.884,93.884,0.0,0.0,0.003725566200030413
617,OFF-PA-10001281,Computer Printout Paper with Letter-Trim Fine Perforations,Stable Profit Cluster,Protect,No Escalation,Protect,High Positive Deviation,2.634352429204448,True,True,True,Outperforming Within Governance Route,Maintain / Monitor,Positive but not escalated,Outperforming Within Governance Route,True,Defendable Value,Protect / Maintain,4,91.968,91.968,0.0,0.0,0.0036495342367644863
618,TEC-AC-10001956,Microsoft Arc Touch Mouse,Stable Profit Cluster,Protect,No Escalation,Protect,Positive Deviation,0.8663897437139433,True,True,True,Outperforming Within Governance Route,Maintain / Monitor,Positive but not escalated,Outperforming Within Governance Route,True,Defendable Value,Protect / Maintain,4,91.124,45.562,0.0740207301684764,0.0,0.003616042077580539
621,TEC-PH-10003174,RCA ViSYS 25825 Wireless digital phone,Stable Profit Cluster,Protect,No Escalation,Protect,Positive Deviation,0.8638943432075513,True,True,True,Outperforming Within Governance Route,Maintain / Monitor,Positive but not escalated,Outperforming Within Governance Route,True,Defendable Value,Protect / Maintain,4,90.993,45.4965,0.20091181110818288,0.0,0.0036108436500294763
622,OFF-AP-10002472,3M Office Air Cleaner,Stable Profit Cluster,Protect,No Escalation,Protect,Positive Deviation,0.862694265101424,True,True,True,Outperforming Within Governance Route,Maintain / Monitor,Positive but not escalated,Outperforming Within Governance Route,True,Defendable Value,Protect / Maintain,4,90.93,45.465,0.28127545645311813,0.0,0.003608343642886599
631,TEC-AC-10001874,Logitech Wireless Anywhere Mouse MX for PC and Mac,Stable Profit Cluster,Protect,No Escalation,Protect,Positive Deviation,0.27332257298104945,True,True,True,Outperforming Within Governance Route,Maintain / Monitor,Positive but not escalated,Outperforming Within Governance Route,True,Defendable Value,Protect / Maintain,4,89.985,29.995,0.5247186379779049,0.0,0.0035708435357434355
662,OFF-AP-10002670,Belkin 8-Outlet Premiere SurgeMaster II Surge Protectors,Stable Profit Cluster,Protect,No Escalation,Protect,Positive Deviation,0.7187991855190934,True,True,False,Outperforming Within Governance Route,Maintain / Monitor,Positive but not escalated,Outperforming Within Governance Route,True,Defendable Value,Protect / Maintain,4,83.376,41.688,0.702835795496893,0.0,0.003308580881659662
675,OFF-PA-10003022,Standard Line “While You Were Out” Hardbound Telephone Message Book,Stable Profit Cluster,Protect,No Escalation,Protect,Positive Deviation,0.6630012682418146,True,True,True,Outperforming Within Governance Route,Maintain / Monitor,Positive but not escalated,Outperforming Within Governance Route,True,Defendable Value,Protect / Maintain,4,80.4468,40.2234,0.00767957655959293,0.0,0.003192342454311774
677,OFF-PA-10001725,Xerox 1892,Stable Profit Cluster,Protect,No Escalation,Protect,Positive Deviation,0.6441657566332618,True,True,True,Outperforming Within Governance Route,Maintain / Monitor,Positive but not escalated,Outperforming Within Governance Route,True,Defendable Value,Protect / Maintain,4,79.458,39.729,0.6100854761545949,0.0,0.003153104246964515
695,OFF-PA-10000919,Xerox 1918,Stable Profit Cluster,Protect,No Escalation,Protect,High Positive Deviation,2.0248499030752556,True,True,True,Outperforming Within Governance Route,Maintain / Monitor,Positive but not escalated,Outperforming Within Governance Route,True,Defendable Value,Protect / Maintain,4,75.9696,75.9696,0.0,0.0,0.0030146752800246095
710,FUR-FU-10003374,Electrix Fluorescent Magnifier Lamps & Weighted Base,Stable Profit Cluster,Protect,No Escalation,Protect,Positive Deviation,0.5215901598505797,True,True,True,Outperforming Within Governance Route,Maintain / Monitor,Positive but not escalated,Outperforming Within Governance Route,True,Defendable Value,Protect / Maintain,4,73.0232,36.5116,0.18979309528791533,0.0,0.0028977543110440636
711,OFF-PA-10001457,White GlueTop Scratch Pads,Stable Profit Cluster,Protect,No Escalation,Protect,Positive Deviation,0.517216541863804,True,True,True,Outperforming Within Governance Route,Maintain / Monitor,Positive but not escalated,Outperforming Within Governance Route,True,Defendable Value,Protect / Maintain,4,72.7936,36.3968,0.19731778916838688,0.0,0.0028886431739011315
724,OFF-PA-10002968,Xerox 1973,Stable Profit Cluster,Protect,No Escalation,Protect,Positive Deviation,0.47061541362840376,True,True,False,Outperforming Within Governance Route,Maintain / Monitor,Positive but not escalated,Outperforming Within Governance Route,True,Defendable Value,Protect / Maintain,4,70.3472,35.1736,0.6929328969267853,0.0,0.00279156353145136
725,TEC-AC-10004814,Logitech Illuminated Ultrathin Keyboard with Backlighting,Stable Profit Cluster,Protect,No Escalation,Protect,High Positive Deviation,1.801143914777801,True,True,True,Outperforming Within Governance Route,Maintain / Monitor,Positive but not escalated,Outperforming Within Governance Route,True,Defendable Value,Protect / Maintain,4,70.0977,70.0977,0.0,0.0,0.0027816627095125037
745,TEC-MA-10001016,Canon PC170 Desktop Personal Copier,Stable Profit Cluster,Protect,No Escalation,Protect,Positive Deviation,0.41026481909137175,True,True,True,Outperforming Within Governance Route,Maintain / Monitor,Positive but not escalated,Outperforming Within Governance Route,True,Defendable Value,Protect / Maintain,4,67.179,33.5895,0.0,0.0,0.0026658409500217623
767,OFF-EN-10002986,"#10-4 1/8"" x 9 1/2"" Premium Diagonal Seam Envelopes",Stable Profit Cluster,Protect,No Escalation,Protect,Positive Deviation,0.3448891355956663,True,True,True,Outperforming Within Governance Route,Maintain / Monitor,Positive but not escalated,Outperforming Within Governance Route,True,Defendable Value,Protect / Maintain,4,63.747,31.8735,0.15589578713692423,0.0,0.002529650084714528
785,TEC-MA-10003173,Hewlett-Packard 300S Scientific Calculator,Stable Profit Cluster,Protect,No Escalation,Protect,Positive Deviation,0.2793420123705141,True,True,True,Outperforming Within Governance Route,Maintain / Monitor,Positive but not escalated,Outperforming Within Governance Route,True,Defendable Value,Protect / Maintain,4,60.306,30.153,0.28048621865926654,0.0,0.0023931020755297394
824,TEC-MA-10002790,NeatDesk Desktop Scanner & Digital Filing System,Stable Profit Cluster,Protect,No Escalation,Protect,Positive Deviation,1.2640003837904463,True,True,True,Outperforming Within Governance Route,Maintain / Monitor,Positive but not escalated,Outperforming Within Governance Route,True,Defendable Value,Protect / Maintain,4,55.9986,55.9986,0.0,0.0,0.0022221730157324262
829,OFF-AP-10003099,"Eureka Hand Vacuum, Bagless",Stable Profit Cluster,Protect,No Escalation,Protect,Positive Deviation,1.2397321376443131,True,True,True,Outperforming Within Governance Route,Maintain / Monitor,Positive but not escalated,Outperforming Within Governance Route,True,Defendable Value,Protect / Maintain,4,55.3616,55.3616,0.0,0.0,0.0021968951657322195
856,TEC-AC-10004420,Cherry 142-key Programmable Keyboard,Stable Profit Cluster,Protect,No Escalation,Protect,Positive Deviation,1.140967614395906,True,True,True,Outperforming Within Governance Route,Maintain / Monitor,Positive but not escalated,Outperforming Within Governance Route,True,Defendable Value,Protect / Maintain,4,52.7692,52.7692,0.0,0.0,0.002094021855935461
878,OFF-AP-10003884,"Fellowes Smart Surge Ten-Outlet Protector, Platinum",Stable Profit Cluster,Protect,No Escalation,Protect,Positive Deviation,1.0577469599506737,True,True,True,Outperforming Within Governance Route,Maintain / Monitor,Positive but not escalated,Outperforming Within Governance Route,True,Defendable Value,Protect / Maintain,4,50.5848,50.5848,0.0,0.0,0.002007339068587815
892,TEC-MA-10003674,Hewlett-Packard Deskjet 5550 Printer,Stable Profit Cluster,Protect,No Escalation,Protect,Positive Deviation,1.0263620601466166,True,True,True,Outperforming Within Governance Route,Maintain / Monitor,Positive but not escalated,Outperforming Within Governance Route,True,Defendable Value,Protect / Maintain,4,49.761,49.761,0.0,0.0,0.0019746484989957114
921,OFF-PA-10000210,Xerox Blank Computer Paper,Stable Profit Cluster,Protect,No Escalation,Protect,Positive Deviation,0.9193836689718259,True,True,True,Outperforming Within Governance Route,Maintain / Monitor,Positive but not escalated,Outperforming Within Governance Route,True,Defendable Value,Protect / Maintain,4,46.953,46.953,0.0,0.0,0.0018632196091988836
936,TEC-MA-10003066,Wasp CCD Handheld Bar Code Reader,Stable Profit Cluster,Protect,No Escalation,Protect,Positive Deviation,0.8399499276614846,True,True,True,Outperforming Within Governance Route,Maintain / Monitor,Positive but not escalated,Outperforming Within Governance Route,True,Defendable Value,Protect / Maintain,4,44.868,44.868,0.0,0.0,0.001780481277565555
957,TEC-MA-10002937,"Canon Color ImageCLASS MF8580Cdw Wireless Laser All-In-One Printer, Copier, Scanner",Stable Profit Cluster,Protect,No Escalation,Protect,Positive Deviation,0.7763686466673221,True,True,True,Outperforming Within Governance Route,Maintain / Monitor,Positive but not escalated,Outperforming Within Governance Route,True,Defendable Value,Protect / Maintain,4,43.1991,43.1991,0.0,0.0,0.001714254897871137
1038,TEC-PH-10002817,RCA ViSYS 25425RE1 Corded phone,Stable Profit Cluster,Protect,No Escalation,Protect,Positive Deviation,0.5191404766053733,True,True,True,Outperforming Within Governance Route,Maintain / Monitor,Positive but not escalated,Outperforming Within Governance Route,True,Defendable Value,Protect / Maintain,4,36.4473,36.4473,0.0,0.0,0.001446325560930174
1091,OFF-PA-10001001,"Snap-A-Way Black Print Carbonless Speed Message, No Reply Area, Duplicate",Stable Profit Cluster,Protect,No Escalation,Protect,Positive Deviation,0.32956242378312417,True,True,True,Outperforming Within Governance Route,Maintain / Monitor,Positive but not escalated,Outperforming Within Governance Route,True,Defendable Value,Protect / Maintain,4,31.4712,31.4712,0.0,0.0,0.001248860711030603
1104,FUR-FU-10003095,"Linden 12"" Wall Clock With Oak Frame",Stable Profit Cluster,Protect,No Escalation,Protect,Positive Deviation,0.29568593324444054,True,True,True,Outperforming Within Governance Route,Maintain / Monitor,Positive but not escalated,Outperforming Within Governance Route,True,Defendable Value,Protect / Maintain,4,30.582,30.582,0.0,0.0,0.001213574895928274
1345,FUR-CH-10002017,SAFCO Optional Arm Kit for Workspace Cribbage Stacking Chair,Stable Loss Cluster,Correct,No Escalation,Correct,Positive Deviation,0.4777773720419791,False,True,True,Outperforming Within Governance Route,Maintain / Monitor,Positive but not escalated,Outperforming Within Governance Route,True,Defendable Value,Protect / Maintain,4,14.918400000000002,2.9836800000000006,1.3452670639919138,0.4,0.0005920016914334042
1875,OFF-ST-10004459,Tennsco Single-Tier Lockers,Loss Tail,Correct,No Escalation,Correct,High Positive Deviation,0.5832802713765894,False,True,False,Outperforming Within Governance Route,Maintain / Monitor,Positive but not escalated,Outperforming Within Governance Route,True,Defendable Value,Protect / Maintain,4,-825.7479999999999,-103.21849999999999,1.882389016307684,0.375,-0.03276787140026749
1886,OFF-SU-10002881,Martin Yale Chadless Opener Electric Letter Opener,Loss Tail,Correct,No Escalation,Correct,Positive Deviation,0.4580613201236794,False,True,False,Outperforming Within Governance Route,Maintain / Monitor,Positive but not escalated,Outperforming Within Governance Route,True,Defendable Value,Protect / Maintain,4,-1299.1836,-216.53060000000002,2.007685117004373,0.5,-0.05155505206205351
55,FUR-CH-10004287,SAFCO Arco Folding Chair,High-Impact Profit Cluster,Optimize,Intensify Action,Optimize (Risk-Controlled),Negative Deviation,-0.8967409762681934,True,False,False,Not Opportunity Candidate,No Opportunity Action,No positive opportunity signal,Underperformance Watch,True,Watchlist / Unresolved,Diagnose / Monitor,5,1179.374,90.72107692307692,0.9979566520497098,0.23076923076923078,0.04680068927181062
73,FUR-CH-10001215,Global Troy Executive Leather Low-Back Tilter,High-Impact Profit Cluster,Optimize,Intensify Action,Optimize (Risk-Controlled),Negative Deviation,-0.7486492813604975,True,False,False,Not Opportunity Candidate,No Opportunity Action,No positive opportunity signal,Underperformance Watch,True,Watchlist / Unresolved,Diagnose / Monitor,5,951.862,105.76244444444444,1.1005104536813453,0.1111111111111111,0.03777240950847161
74,TEC-PH-10003012,Nortel Meridian M3904 Professional Digital phone,High-Impact Profit Cluster,Optimize,Intensify Action,Optimize (Risk-Controlled),Negative Deviation,-0.8681409746997646,True,True,True,Not Opportunity Candidate,No Opportunity Action,No positive opportunity signal,Underperformance Watch,True,Watchlist / Unresolved,Diagnose / Monitor,5,936.2592,93.62592,0.5838275122331477,0.0,0.03715324900928288
79,TEC-AC-10004571,Logitech G700s Rechargeable Gaming Mouse,High-Impact Profit Cluster,Optimize,Intensify Action,Optimize (Risk-Controlled),Negative Deviation,-0.8164211081663131,True,True,False,Not Opportunity Candidate,No Opportunity Action,No positive opportunity signal,Underperformance Watch,True,Watchlist / Unresolved,Diagnose / Monitor,5,889.9110000000001,98.879,1.101099973311747,0.0,0.035314029468655625
83,FUR-CH-10000595,Safco Contoured Stacking Chairs,High-Impact Profit Cluster,Optimize,Intensify Action,Optimize (Risk-Controlled),Negative Deviation,-0.7190380110342748,True,True,False,Not Opportunity Candidate,No Opportunity Action,No positive opportunity signal,Underperformance Watch,True,Watchlist / Unresolved,Diagnose / Monitor,5,870.16,108.77,0.9734314523287934,0.0,0.03453025738803698
87,TEC-PH-10004977,GE 30524EE4,High-Impact Profit Cluster,Optimize,Intensify Action,Optimize (Risk-Controlled),Negative Deviation,-0.8722937289135952,True,False,False,Not Opportunity Candidate,No Opportunity Action,No positive opportunity signal,Underperformance Watch,True,Watchlist / Unresolved,Diagnose / Monitor,5,838.8371999999999,93.20413333333333,0.9349832766203372,0.1111111111111111,0.03328728558272071
91,OFF-PA-10001970,Xerox 1908,High-Impact Profit Cluster,Optimize,Intensify Action,Optimize (Risk-Controlled),Negative Deviation,-0.6655841326651247,True,True,True,Not Opportunity Candidate,No Opportunity Action,No positive opportunity signal,Underperformance Watch,True,Watchlist / Unresolved,Diagnose / Monitor,5,799.3944,114.1992,0.5433023901595769,0.0,0.03172209063454467
95,FUR-CH-10003973,GuestStacker Chair with Chrome Finish Legs,High-Impact Profit Cluster,Optimize,Intensify Action,Optimize (Risk-Controlled),Negative Deviation,-0.838292184090801,True,False,False,Not Opportunity Candidate,No Opportunity Action,No positive opportunity signal,Underperformance Watch,True,Watchlist / Unresolved,Diagnose / Monitor,5,773.2608,96.6576,0.9635081975616486,0.25,0.03068504005249539
98,OFF-PA-10000100,Xerox 1945,High-Impact Profit Cluster,Optimize,Intensify Action,Optimize (Risk-Controlled),Negative Deviation,-0.8592083572619684,True,True,True,Not Opportunity Candidate,No Opportunity Action,No positive opportunity signal,Underperformance Watch,True,Watchlist / Unresolved,Diagnose / Monitor,5,756.2655,94.5331875,0.5737872728587345,0.0,0.030010621458918453
103,OFF-PA-10000675,Xerox 1919,High-Impact Profit Cluster,Optimize,Intensify Action,Optimize (Risk-Controlled),Negative Deviation,-0.991770631933119,True,True,True,Not Opportunity Candidate,No Opportunity Action,No positive opportunity signal,Underperformance Watch,True,Watchlist / Unresolved,Diagnose / Monitor,5,729.622,81.06911111111111,0.5587195671855174,0.0,0.028953336692073086
104,TEC-AC-10002049,Logitech G19 Programmable Gaming Keyboard,High-Impact Profit Cluster,Optimize,Intensify Action,Optimize (Risk-Controlled),Negative Deviation,-0.8926887812497997,True,False,True,Not Opportunity Candidate,No Opportunity Action,No positive opportunity signal,Underperformance Watch,True,Watchlist / Unresolved,Diagnose / Monitor,5,729.0612,91.13265,0.6508873639231483,0.125,0.02893108266023617
111,FUR-CH-10001394,Global Leather Executive Chair,High-Impact Profit Cluster,Optimize,Intensify Action,Optimize (Risk-Controlled),Negative Deviation,-0.8025992543090327,True,True,True,Not Opportunity Candidate,No Opportunity Action,No positive opportunity signal,Underperformance Watch,True,Watchlist / Unresolved,Diagnose / Monitor,5,701.9799999999999,100.28285714285713,0.7105952743745337,0.0,0.027856428796145763
115,OFF-ST-10000585,Economy Rollaway Files,High-Impact Profit Cluster,Optimize,Intensify Action,Optimize (Risk-Controlled),Negative Deviation,-0.8140483120477386,True,True,False,Not Opportunity Candidate,No Opportunity Action,No positive opportunity signal,Underperformance Watch,True,Watchlist / Unresolved,Diagnose / Monitor,5,693.8399999999999,99.11999999999999,1.0013221939840176,0.0,0.027533412000224758
117,TEC-AC-10000844,Logitech Gaming G510s - Keyboard,High-Impact Profit Cluster,Optimize,Intensify Action,Optimize (Risk-Controlled),Negative Deviation,-0.957350921450424,True,True,True,Not Opportunity Candidate,No Opportunity Action,No positive opportunity signal,Underperformance Watch,True,Watchlist / Unresolved,Diagnose / Monitor,5,676.5204,84.56505,0.37747736751332833,0.0,0.026846124322259968
122,TEC-AC-10003198,Enermax Acrylux Wireless Keyboard,High-Impact Profit Cluster,Optimize,No Escalation,Optimize,Negative Deviation,-0.7553880660955918,True,True,True,Not Opportunity Candidate,No Opportunity Action,No positive opportunity signal,Underperformance Watch,True,Watchlist / Unresolved,Diagnose / Monitor,5,630.468,105.07799999999999,0.5876581663485707,0.0,0.025018642910408315
124,TEC-AC-10000892,NETGEAR N750 Dual Band Wi-Fi Gigabit Router,High-Impact Profit Cluster,Optimize,Intensify Action,Optimize (Risk-Controlled),Negative Deviation,-0.9139673614037189,True,True,True,Not Opportunity Candidate,No Opportunity Action,No positive opportunity signal,Underperformance Watch,True,Watchlist / Unresolved,Diagnose / Monitor,5,622.8,88.97142857142856,0.6214545001785509,0.0,0.02471435632673236
130,OFF-AP-10002118,"1.7 Cubic Foot Compact ""Cube"" Office Refrigerators",High-Impact Profit Cluster,Optimize,Intensify Action,Optimize (Risk-Controlled),Negative Deviation,-0.8403610785211598,True,True,False,Not Opportunity Candidate,No Opportunity Action,No positive opportunity signal,Underperformance Watch,True,Watchlist / Unresolved,Diagnose / Monitor,5,578.6848,96.44746666666667,0.9796349482394072,0.0,0.022963748150391542
136,OFF-EN-10003296,Tyvek Side-Opening Peel & Seel Expanding Envelopes,High-Impact Profit Cluster,Optimize,No Escalation,Optimize,Negative Deviation,-0.6674981225632612,True,True,True,Not Opportunity Candidate,No Opportunity Action,No positive opportunity signal,Underperformance Watch,True,Watchlist / Unresolved,Diagnose / Monitor,5,570.024,114.0048,0.2981446472973386,0.0,0.02262006462875608
148,FUR-TA-10004619,Hon Non-Folding Utility Tables,High-Impact Profit Cluster,Optimize,Intensify Action,Optimize (Risk-Controlled),Negative Deviation,-0.7233622104337684,True,True,False,Not Opportunity Candidate,No Opportunity Action,No positive opportunity signal,Underperformance Watch,True,Watchlist / Unresolved,Diagnose / Monitor,5,541.654,108.3308,1.2595355464095086,0.0,0.021494267761399954
759,TEC-AC-10003038,Kingston Digital DataTraveler 16GB USB 2.0,Stable Profit Cluster,Protect,Intensify Action,Protect (Tight Control),Negative Deviation,-0.679784147855244,False,False,False,Not Opportunity Candidate,No Opportunity Action,No positive opportunity signal,Underperformance Watch,True,Watchlist / Unresolved,Diagnose / Monitor,5,64.7085,4.977576923076923,0.8898638541798466,0.3076923076923077,0.0025678049556332066
839,OFF-LA-10004484,Avery 476,Stable Profit Cluster,Protect,No Escalation,Protect,Negative Deviation,-0.6614102633609211,True,True,True,Not Opportunity Candidate,No Opportunity Action,No positive opportunity signal,Underperformance Watch,True,Watchlist / Unresolved,Diagnose / Monitor,5,54.5986,5.45986,0.38004670400226,0.0,0.002166617301446258
850,OFF-PA-10001166,Xerox 2,Stable Profit Cluster,Protect,No Escalation,Protect,Negative Deviation,-0.6444895430417005,True,True,True,Not Opportunity Candidate,No Opportunity Action,No positive opportunity signal,Underperformance Watch,True,Watchlist / Unresolved,Diagnose / Monitor,5,53.135999999999996,5.904,0.5154752418962374,0.0,0.002108577453078437
858,OFF-PA-10000349,Easy-staple paper,Stable Profit Cluster,Protect,No Escalation,Protect,Negative Deviation,-0.6470166916461382,True,True,True,Not Opportunity Candidate,No Opportunity Action,No positive opportunity signal,Underperformance Watch,True,Watchlist / Unresolved,Diagnose / Monitor,5,52.539,5.837666666666667,0.3583192792558158,0.0,0.0020848869092006932
859,FUR-FU-10000010,"DAX Value U-Channel Document Frames, Easel Back",Stable Profit Cluster,Protect,No Escalation,Protect,Negative Deviation,-0.669469454553626,True,False,False,Not Opportunity Candidate,No Opportunity Action,No positive opportunity signal,Underperformance Watch,True,Watchlist / Unresolved,Diagnose / Monitor,5,52.4832,5.24832,0.7340483032660748,0.1,0.0020826726171598586
877,OFF-BI-10004970,"ACCOHIDE 3-Ring Binder, Blue, 1""",Stable Profit Cluster,Protect,No Escalation,Protect,Negative Deviation,-0.7207893074858814,True,False,False,Not Opportunity Candidate,No Opportunity Action,No positive opportunity signal,Underperformance Watch,True,Watchlist / Unresolved,Diagnose / Monitor,5,50.7164,3.9012615384615383,0.7325756417005193,0.07692307692307693,0.002012561305730715
895,FUR-FU-10000221,"Master Caster Door Stop, Brown",Stable Profit Cluster,Protect,No Escalation,Protect,Negative Deviation,-0.6603991499343617,True,False,False,Not Opportunity Candidate,No Opportunity Action,No positive opportunity signal,Underperformance Watch,True,Watchlist / Unresolved,Diagnose / Monitor,5,49.3776,5.4864,0.8197673950887142,0.1111111111111111,0.001959434169811914
902,OFF-LA-10001613,Avery File Folder Labels,Stable Profit Cluster,Protect,No Escalation,Protect,Negative Deviation,-0.7262742065907121,True,True,True,Not Opportunity Candidate,No Opportunity Action,No positive opportunity signal,Underperformance Watch,True,Watchlist / Unresolved,Diagnose / Monitor,5,48.8448,3.7572923076923077,0.549998875327707,0.0,0.0019382912522607207
920,OFF-PA-10002615,"Ampad Gold Fibre Wirebound Steno Books, 6"" x 9"", Gregg Ruled",Stable Profit Cluster,Protect,No Escalation,Protect,Negative Deviation,-0.6447038427035091,True,True,False,Not Opportunity Candidate,No Opportunity Action,No positive opportunity signal,Underperformance Watch,True,Watchlist / Unresolved,Diagnose / Monitor,5,47.187,5.898375,0.6890284567927332,0.0,0.0018725053500152856
925,OFF-PA-10002787,Xerox 227,Stable Profit Cluster,Protect,No Escalation,Protect,Negative Deviation,-0.6484669447648658,True,True,True,Not Opportunity Candidate,No Opportunity Action,No positive opportunity signal,Underperformance Watch,True,Watchlist / Unresolved,Diagnose / Monitor,5,46.3968,5.7996,0.4195315452603095,0.0,0.0018411481175660501
939,FUR-FU-10001706,Longer-Life Soft White Bulbs,Stable Profit Cluster,Protect,Intensify Action,Protect (Tight Control),Negative Deviation,-0.6990393790886066,True,False,False,Not Opportunity Candidate,No Opportunity Action,No positive opportunity signal,Underperformance Watch,True,Watchlist / Unresolved,Diagnose / Monitor,5,44.7216,4.472160000000001,1.349908206077821,0.2,0.0017746717371573443
954,OFF-PA-10001526,Xerox 1949,Stable Profit Cluster,Protect,No Escalation,Protect,Negative Deviation,-0.6626164371018733,True,True,False,Not Opportunity Candidate,No Opportunity Action,No positive opportunity signal,Underperformance Watch,True,Watchlist / Unresolved,Diagnose / Monitor,5,43.4256,5.4282,0.7206107406006302,0.0,0.0017232430187895777
978,TEC-PH-10003988,"LF Elite 3D Dazzle Designer Hard Case Cover, Lf Stylus Pen and Wiper For Apple Iphone 5c Mini Lite",Stable Profit Cluster,Protect,Intensify Action,Protect (Tight Control),Negative Deviation,-0.670091209305753,True,False,False,Not Opportunity Candidate,No Opportunity Action,No positive opportunity signal,Underperformance Watch,True,Watchlist / Unresolved,Diagnose / Monitor,5,41.856,5.232,1.0756693218571103,0.125,0.0016609571265441712
985,OFF-PA-10003177,Xerox 1999,Stable Profit Cluster,Protect,No Escalation,Protect,Negative Deviation,-0.6451165226236772,True,True,True,Not Opportunity Candidate,No Opportunity Action,No positive opportunity signal,Underperformance Watch,True,Watchlist / Unresolved,Diagnose / Monitor,5,41.2128,5.887542857142857,0.06768496029096129,0.0,0.001635433244094983
1004,OFF-EN-10002600,"Redi-Strip #10 Envelopes, 4 1/8 x 9 1/2",Stable Profit Cluster,Protect,No Escalation,Protect,Negative Deviation,-0.6542752139479009,True,True,False,Not Opportunity Candidate,No Opportunity Action,No positive opportunity signal,Underperformance Watch,True,Watchlist / Unresolved,Diagnose / Monitor,5,39.53,5.647142857142858,0.6624099343037733,0.0,0.0015686552755230095
1005,OFF-PA-10004971,Xerox 196,Stable Profit Cluster,Protect,No Escalation,Protect,Negative Deviation,-0.6816938692175345,True,True,True,Not Opportunity Candidate,No Opportunity Action,No positive opportunity signal,Underperformance Watch,True,Watchlist / Unresolved,Diagnose / Monitor,5,39.4196,4.92745,0.4281149600797655,0.0,0.0015642743106250147
1009,FUR-FU-10000732,Eldon 200 Class Desk Accessories,Stable Profit Cluster,Protect,No Escalation,Protect,Negative Deviation,-0.6561409136067693,True,True,True,Not Opportunity Candidate,No Opportunity Action,No positive opportunity signal,Underperformance Watch,True,Watchlist / Unresolved,Diagnose / Monitor,5,39.187200000000004,5.598171428571429,0.39478824249315236,0.0,0.001555052062053511
1011,OFF-AR-10003045,Prang Colored Pencils,Stable Profit Cluster,Protect,No Escalation,Protect,Negative Deviation,-0.6582047213974429,True,True,True,Not Opportunity Candidate,No Opportunity Action,No positive opportunity signal,Underperformance Watch,True,Watchlist / Unresolved,Diagnose / Monitor,5,38.808,5.544,0.6083296489443227,0.0,0.0015400044000125714
1023,OFF-BI-10003981,"Avery Durable Plastic 1"" Binders",Stable Profit Cluster,Protect,Intensify Action,Protect (Tight Control),Negative Deviation,-0.665321375055367,True,False,False,Not Opportunity Candidate,No Opportunity Action,No positive opportunity signal,Underperformance Watch,True,Watchlist / Unresolved,Diagnose / Monitor,5,37.5004,5.3572,1.3074913533547328,0.2857142857142857,0.0014881153628692907
1026,FUR-FU-10002268,Ultra Door Push Plate,Stable Profit Cluster,Protect,No Escalation,Protect,Negative Deviation,-0.665790521235631,True,True,True,Not Opportunity Candidate,No Opportunity Action,No positive opportunity signal,Underperformance Watch,True,Watchlist / Unresolved,Diagnose / Monitor,5,37.4142,5.344885714285715,0.5113731539352758,0.0,0.0014846947181753852
1028,OFF-SU-10004782,"Elite 5"" Scissors",Stable Profit Cluster,Protect,No Escalation,Protect,Negative Deviation,-0.66706516201774,True,True,True,Not Opportunity Candidate,No Opportunity Action,No positive opportunity signal,Underperformance Watch,True,Watchlist / Unresolved,Diagnose / Monitor,5,37.18,5.311428571428571,0.3689874856121518,0.0,0.0014754010408283705
1036,OFF-AR-10000390,Newell Chalk Holder,Stable Profit Cluster,Protect,No Escalation,Protect,Negative Deviation,-0.6702664588069652,True,True,True,Not Opportunity Candidate,No Opportunity Action,No positive opportunity signal,Underperformance Watch,True,Watchlist / Unresolved,Diagnose / Monitor,5,36.5918,5.2274,0.5140888976373166,0.0,0.0014520597042975679
1041,FUR-FU-10001935,3M Hangers With Command Adhesive,Stable Profit Cluster,Protect,No Escalation,Protect,Negative Deviation,-0.697973976414389,True,False,False,Not Opportunity Candidate,No Opportunity Action,No positive opportunity signal,Underperformance Watch,True,Watchlist / Unresolved,Diagnose / Monitor,5,36.001,4.500125,0.7974726009499179,0.125,0.001428615192868805
1042,OFF-LA-10003720,Avery 487,Stable Profit Cluster,Protect,No Escalation,Protect,Negative Deviation,-0.6736098056577321,True,True,False,Not Opportunity Candidate,No Opportunity Action,No positive opportunity signal,Underperformance Watch,True,Watchlist / Unresolved,Diagnose / Monitor,5,35.9775,5.139642857142857,0.6942508035004814,0.0,0.0014276826505218586
1045,OFF-FA-10000585,OIC Bulk Pack Metal Binder Clips,Stable Profit Cluster,Protect,No Escalation,Protect,Negative Deviation,-0.6998931489412517,True,True,True,Not Opportunity Candidate,No Opportunity Action,No positive opportunity signal,Underperformance Watch,True,Watchlist / Unresolved,Diagnose / Monitor,5,35.598,4.44975,0.45028245355544366,0.0,0.001412623083685001
1051,OFF-PA-10000788,Xerox 210,Stable Profit Cluster,Protect,No Escalation,Protect,Negative Deviation,-0.6455867573101599,True,True,True,Not Opportunity Candidate,No Opportunity Action,No positive opportunity signal,Underperformance Watch,True,Watchlist / Unresolved,Diagnose / Monitor,5,35.2512,5.8751999999999995,0.4359907389440427,0.0,0.001398861139603256
1056,OFF-BI-10000605,"Acco Pressboard Covers with Storage Hooks, 9 1/2"" x 11"", Executive Red",Stable Profit Cluster,Protect,No Escalation,Protect,Negative Deviation,-0.7216856784017809,True,True,True,Not Opportunity Candidate,No Opportunity Action,No positive opportunity signal,Underperformance Watch,True,Watchlist / Unresolved,Diagnose / Monitor,5,34.8996,3.8777333333333335,0.5782630813079864,0.0,0.0013849087187868157
1059,OFF-AR-10004078,Newell 312,Stable Profit Cluster,Protect,No Escalation,Protect,Negative Deviation,-0.7500825626654061,True,True,True,Not Opportunity Candidate,No Opportunity Action,No positive opportunity signal,Underperformance Watch,True,Watchlist / Unresolved,Diagnose / Monitor,5,34.456,3.1323636363636367,0.535958551039501,0.0,0.0013673054938887128
1060,OFF-LA-10003190,Avery 474,Stable Profit Cluster,Protect,No Escalation,Protect,Negative Deviation,-0.7243423592462451,True,True,False,Not Opportunity Candidate,No Opportunity Action,No positive opportunity signal,Underperformance Watch,True,Watchlist / Unresolved,Diagnose / Monitor,5,34.272,3.808,0.7286416242930214,0.0,0.0013600038857253878
1063,OFF-AR-10003602,"Quartet Omega Colored Chalk, 12/Pack",Stable Profit Cluster,Protect,No Escalation,Protect,Negative Deviation,-0.6834798357958825,True,True,True,Not Opportunity Candidate,No Opportunity Action,No positive opportunity signal,Underperformance Watch,True,Watchlist / Unresolved,Diagnose / Monitor,5,34.164,4.880571428571429,0.4076582277776617,0.0,0.0013557181591947406
1064,OFF-AR-10001761,Avery Hi-Liter Smear-Safe Highlighters,Stable Profit Cluster,Protect,No Escalation,Protect,Negative Deviation,-0.6528608815343907,True,True,True,Not Opportunity Candidate,No Opportunity Action,No positive opportunity signal,Underperformance Watch,True,Watchlist / Unresolved,Diagnose / Monitor,5,34.105599999999995,5.684266666666666,0.5187646393335836,0.0,0.001353400692255946
1067,OFF-AR-10004999,Newell 315,Stable Profit Cluster,Protect,No Escalation,Protect,Negative Deviation,-0.6548838703418627,True,True,False,Not Opportunity Candidate,No Opportunity Action,No positive opportunity signal,Underperformance Watch,True,Watchlist / Unresolved,Diagnose / Monitor,5,33.787,5.631166666666666,0.6744096755986844,0.0,0.0013407577989905369
1078,OFF-AR-10004757,Crayola Colored Pencils,Stable Profit Cluster,Protect,No Escalation,Protect,Negative Deviation,-0.7558180008868984,True,True,False,Not Opportunity Candidate,No Opportunity Action,No positive opportunity signal,Underperformance Watch,True,Watchlist / Unresolved,Diagnose / Monitor,5,32.8,2.9818181818181815,0.7639916085380263,0.0,0.0013015910204187884
1079,OFF-PA-10002195,Xerox 1966,Stable Profit Cluster,Protect,No Escalation,Protect,Negative Deviation,-0.6612220606357062,True,True,True,Not Opportunity Candidate,No Opportunity Action,No positive opportunity signal,Underperformance Watch,True,Watchlist / Unresolved,Diagnose / Monitor,5,32.7888,5.4648,0.5870419568352775,0.0,0.0013011465747044993
1080,FUR-FU-10001731,Acrylic Self-Standing Desk Frames,Stable Profit Cluster,Protect,No Escalation,Protect,Negative Deviation,-0.7135311794187428,True,True,True,Not Opportunity Candidate,No Opportunity Action,No positive opportunity signal,Underperformance Watch,True,Watchlist / Unresolved,Diagnose / Monitor,5,32.7342,4.091775,0.6265139851462419,0.0,0.0012989799018473386
1082,OFF-LA-10004853,Avery 483,Stable Profit Cluster,Protect,No Escalation,Protect,Negative Deviation,-0.6626164371018733,True,True,True,Not Opportunity Candidate,No Opportunity Action,No positive opportunity signal,Underperformance Watch,True,Watchlist / Unresolved,Diagnose / Monitor,5,32.5692,5.4282,0.21405871535561838,0.0,0.0012924322640921833
1089,OFF-LA-10004559,Avery 49,Stable Profit Cluster,Protect,No Escalation,Protect,Negative Deviation,-0.6689939950372936,True,True,True,Not Opportunity Candidate,No Opportunity Action,No positive opportunity signal,Underperformance Watch,True,Watchlist / Unresolved,Diagnose / Monitor,5,31.564799999999998,5.2608,0.539524690609882,0.0,0.0012525750073571638
1090,OFF-LA-10000248,Avery 52,Stable Profit Cluster,Protect,No Escalation,Protect,Negative Deviation,-0.6695597461444679,True,True,True,Not Opportunity Candidate,No Opportunity Action,No positive opportunity signal,Underperformance Watch,True,Watchlist / Unresolved,Diagnose / Monitor,5,31.4757,5.24595,0.4329343658132637,0.0,0.0012490392829693799
1095,OFF-ST-10000918,Crate-A-Files,Stable Profit Cluster,Protect,Intensify Action,Protect (Tight Control),Negative Deviation,-0.6985665319871991,True,True,False,Not Opportunity Candidate,No Opportunity Action,No positive opportunity signal,Underperformance Watch,True,Watchlist / Unresolved,Diagnose / Monitor,5,31.392,4.484571428571429,1.0558903596005165,0.0,0.0012457178449081282
1099,OFF-AR-10004441,BIC Brite Liner Highlighters,Stable Profit Cluster,Protect,No Escalation,Protect,Negative Deviation,-0.7013291607702843,True,True,True,Not Opportunity Candidate,No Opportunity Action,No positive opportunity signal,Underperformance Watch,True,Watchlist / Unresolved,Diagnose / Monitor,5,30.8844,4.412057142857143,0.3110858463453877,0.0,0.0012255749302140862
1102,OFF-PA-10000533,Southworth Parchment Paper & Envelopes,Stable Profit Cluster,Protect,No Escalation,Protect,Negative Deviation,-0.6742438605301305,True,True,True,Not Opportunity Candidate,No Opportunity Action,No positive opportunity signal,Underperformance Watch,True,Watchlist / Unresolved,Diagnose / Monitor,5,30.738,5.123,0.33408297947943516,0.0,0.0012197653898058756
1103,OFF-AR-10001374,"BIC Brite Liner Highlighters, Chisel Tip",Stable Profit Cluster,Protect,No Escalation,Protect,Negative Deviation,-0.6752115425585634,True,True,False,Not Opportunity Candidate,No Opportunity Action,No positive opportunity signal,Underperformance Watch,True,Watchlist / Unresolved,Diagnose / Monitor,5,30.5856,5.0976,0.6503744986116828,0.0,0.0012137177534792957
1105,OFF-ST-10002562,Staple magnet,Stable Profit Cluster,Protect,No Escalation,Protect,Negative Deviation,-0.7040134171056225,True,True,True,Not Opportunity Candidate,No Opportunity Action,No positive opportunity signal,Underperformance Watch,True,Watchlist / Unresolved,Diagnose / Monitor,5,30.391199999999998,4.3416,0.5161255228166436,0.0,0.0012060034457241305
1107,OFF-AR-10003504,Newell 347,Stable Profit Cluster,Protect,No Escalation,Protect,Negative Deviation,-0.7044967138667295,True,True,False,Not Opportunity Candidate,No Opportunity Action,No positive opportunity signal,Underperformance Watch,True,Watchlist / Unresolved,Diagnose / Monitor,5,30.302400000000002,4.328914285714286,0.71660692837354,0.0,0.0012024796261322652
1108,OFF-EN-10001509,Poly String Tie Envelopes,Stable Profit Cluster,Protect,No Escalation,Protect,Negative Deviation,-0.7644973536544464,True,True,False,Not Opportunity Candidate,No Opportunity Action,No positive opportunity signal,Underperformance Watch,True,Watchlist / Unresolved,Diagnose / Monitor,5,30.293999999999997,2.7539999999999996,0.6998577641631345,0.0,0.001202146291846548
1115,OFF-AR-10001419,Newell 325,Stable Profit Cluster,Protect,No Escalation,Protect,Negative Deviation,-0.6806061793784888,True,True,False,Not Opportunity Candidate,No Opportunity Action,No positive opportunity signal,Underperformance Watch,True,Watchlist / Unresolved,Diagnose / Monitor,5,29.736,4.956,0.7686562674086569,0.0,0.0011800033714382042
1118,TEC-PH-10002185,QVS USB Car Charger 2-Port 2.1Amp for iPod/iPhone/iPad/iPad 2/iPad 3,Stable Profit Cluster,Protect,No Escalation,Protect,Negative Deviation,-0.6443562010299084,True,True,False,Not Opportunity Candidate,No Opportunity Action,No positive opportunity signal,Underperformance Watch,True,Watchlist / Unresolved,Diagnose / Monitor,5,29.5375,5.907500000000001,0.9051160261623542,0.0,0.0011721263648054867
1123,OFF-PA-10001609,Tops Wirebound Message Log Books,Stable Profit Cluster,Protect,No Escalation,Protect,Negative Deviation,-0.6834952563006474,True,True,True,Not Opportunity Candidate,No Opportunity Action,No positive opportunity signal,Underperformance Watch,True,Watchlist / Unresolved,Diagnose / Monitor,5,29.281,4.880166666666667,0.42922646882581367,0.0,0.0011619477642951996
1132,OFF-AR-10003338,"Eberhard Faber 3 1/2"" Golf Pencils",Stable Profit Cluster,Protect,No Escalation,Protect,Negative Deviation,-0.7155472289990706,True,True,False,Not Opportunity Candidate,No Opportunity Action,No positive opportunity signal,Underperformance Watch,True,Watchlist / Unresolved,Diagnose / Monitor,5,28.272000000000002,4.038857142857143,0.662756360626825,0.0,0.0011219079673560972
1134,FUR-FU-10004270,"Eldon Image Series Desk Accessories, Burgundy",Stable Profit Cluster,Protect,Intensify Action,Protect (Tight Control),Negative Deviation,-0.7348535195472155,True,False,False,Not Opportunity Candidate,No Opportunity Action,No positive opportunity signal,Underperformance Watch,True,Watchlist / Unresolved,Diagnose / Monitor,5,28.2568,3.5321,1.0400086442523302,0.125,0.0011213047910295616
1137,OFF-PA-10001846,Xerox 1899,Stable Profit Cluster,Protect,No Escalation,Protect,Negative Deviation,-0.65537939465616,True,True,True,Not Opportunity Candidate,No Opportunity Action,No positive opportunity signal,Underperformance Watch,True,Watchlist / Unresolved,Diagnose / Monitor,5,28.090799999999998,5.61816,0.23320529175236998,0.0,0.0011147174706213445
1138,FUR-FU-10002885,Magna Visual Magnetic Picture Hangers,Stable Profit Cluster,Protect,No Escalation,Protect,Negative Deviation,-0.6912963989524369,True,True,False,Not Opportunity Candidate,No Opportunity Action,No positive opportunity signal,Underperformance Watch,True,Watchlist / Unresolved,Diagnose / Monitor,5,28.0524,4.6754,0.7190351128247641,0.0,0.001113193656743781
1140,OFF-AR-10000817,Manco Dry-Lighter Erasable Highlighter,Stable Profit Cluster,Protect,No Escalation,Protect,Negative Deviation,-0.7172017584515094,True,True,False,Not Opportunity Candidate,No Opportunity Action,No positive opportunity signal,Underperformance Watch,True,Watchlist / Unresolved,Diagnose / Monitor,5,27.968,3.9954285714285716,0.7860431644747617,0.0,0.0011098444408253864
1151,OFF-AR-10004685,"Binney & Smith Crayola Metallic Colored Pencils, 8-Color Set",Stable Profit Cluster,Protect,No Escalation,Protect,Negative Deviation,-0.7232647380897225,True,True,False,Not Opportunity Candidate,No Opportunity Action,No positive opportunity signal,Underperformance Watch,True,Watchlist / Unresolved,Diagnose / Monitor,5,26.854,3.8362857142857143,0.6667895704883818,0.0,0.0010656379653148215
1152,OFF-AR-10003056,Newell 341,Stable Profit Cluster,Protect,No Escalation,Protect,Negative Deviation,-0.7233648806618438,True,True,True,Not Opportunity Candidate,No Opportunity Action,No positive opportunity signal,Underperformance Watch,True,Watchlist / Unresolved,Diagnose / Monitor,5,26.835600000000003,3.833657142857143,0.5052386086940566,0.0,0.0010649078044984892
1153,OFF-AR-10000716,DIXON Ticonderoga Erasable Checking Pencils,Stable Profit Cluster,Protect,No Escalation,Protect,Negative Deviation,-0.7236457152662709,True,True,True,Not Opportunity Candidate,No Opportunity Action,No positive opportunity signal,Underperformance Watch,True,Watchlist / Unresolved,Diagnose / Monitor,5,26.784,3.826285714285714,0.25428096997669064,0.0,0.0010628601796005132
1154,FUR-FU-10000320,OIC Stacking Trays,Stable Profit Cluster,Protect,No Escalation,Protect,Negative Deviation,-0.699756632119655,True,False,False,Not Opportunity Candidate,No Opportunity Action,No positive opportunity signal,Underperformance Watch,True,Watchlist / Unresolved,Diagnose / Monitor,5,26.720000000000002,4.453333333333334,0.7967457544969027,0.16666666666666666,0.001060320489804574
1160,OFF-SU-10001664,Acme Office Executive Series Stainless Steel Trimmers,Stable Profit Cluster,Protect,No Escalation,Protect,Negative Deviation,-0.7266924441724394,True,True,True,Not Opportunity Candidate,No Opportunity Action,No positive opportunity signal,Underperformance Watch,True,Watchlist / Unresolved,Diagnose / Monitor,5,26.2242,3.7463142857142855,0.5804694793940068,0.0,0.0010406458304166584
1169,OFF-FA-10000936,Acco Hot Clips Clips to Go,Stable Profit Cluster,Protect,Intensify Action,Protect (Tight Control),Negative Deviation,-0.7075190420918287,True,True,False,Not Opportunity Candidate,No Opportunity Action,No positive opportunity signal,Underperformance Watch,True,Watchlist / Unresolved,Diagnose / Monitor,5,25.4975,4.249583333333333,1.0219580308651761,0.0,0.001011808446436831
1172,FUR-FU-10004020,Advantus Panel Wall Acrylic Frame,Stable Profit Cluster,Protect,Intensify Action,Protect (Tight Control),Negative Deviation,-0.6776955137496591,True,False,False,Not Opportunity Candidate,No Opportunity Action,No positive opportunity signal,Underperformance Watch,True,Watchlist / Unresolved,Diagnose / Monitor,5,25.162,5.0324,1.3955296465044082,0.2,0.0009984949163346815
1174,OFF-FA-10002988,Ideal Clamps,Stable Profit Cluster,Protect,No Escalation,Protect,Negative Deviation,-0.7510121902690452,True,True,True,Not Opportunity Candidate,No Opportunity Action,No positive opportunity signal,Underperformance Watch,True,Watchlist / Unresolved,Diagnose / Monitor,5,24.8637,3.1079625,0.4904611353627955,0.0,0.0009866575809264217
1178,OFF-AR-10003759,"Crayola Anti Dust Chalk, 12/Pack",Stable Profit Cluster,Protect,No Escalation,Protect,Negative Deviation,-0.7352002087778745,True,True,False,Not Opportunity Candidate,No Opportunity Action,No positive opportunity signal,Underperformance Watch,True,Watchlist / Unresolved,Diagnose / Monitor,5,24.661,3.523,0.6746883223621771,0.0,0.000978613907150846
1179,OFF-LA-10000134,Avery 511,Stable Profit Cluster,Protect,Intensify Action,Protect (Tight Control),Negative Deviation,-0.7129638409066663,True,True,False,Not Opportunity Candidate,No Opportunity Action,No positive opportunity signal,Underperformance Watch,True,Watchlist / Unresolved,Diagnose / Monitor,5,24.64,4.1066666666666665,1.0491902954289272,0.0,0.0009777805714365534
1186,OFF-EN-10004030,Convenience Packs of Business Envelopes,Stable Profit Cluster,Protect,No Escalation,Protect,Negative Deviation,-0.7163342189951978,True,True,True,Not Opportunity Candidate,No Opportunity Action,No positive opportunity signal,Underperformance Watch,True,Watchlist / Unresolved,Diagnose / Monitor,5,24.109199999999998,4.018199999999999,0.40166938664013035,0.0,0.0009567170191914833
1189,OFF-EN-10001415,Staple envelope,Stable Profit Cluster,Protect,No Escalation,Protect,Negative Deviation,-0.6865951405938296,True,True,True,Not Opportunity Candidate,No Opportunity Action,No positive opportunity signal,Underperformance Watch,True,Watchlist / Unresolved,Diagnose / Monitor,5,23.994,4.7988,0.497631389448002,0.0,0.000952145577558793
1190,OFF-LA-10000262,Avery 494,Stable Profit Cluster,Protect,No Escalation,Protect,Negative Deviation,-0.7172828521648033,True,True,False,Not Opportunity Candidate,No Opportunity Action,No positive opportunity signal,Underperformance Watch,True,Watchlist / Unresolved,Diagnose / Monitor,5,23.959799999999998,3.9932999999999996,0.7762440565366621,0.0,0.000950788430824088
1191,OFF-BI-10003314,Tuff Stuff Recycled Round Ring Binders,Stable Profit Cluster,Protect,Intensify Action,Protect (Tight Control),Negative Deviation,-0.7680133496860143,True,False,False,Not Opportunity Candidate,No Opportunity Action,No positive opportunity signal,Underperformance Watch,True,Watchlist / Unresolved,Diagnose / Monitor,5,23.955399999999997,2.661711111111111,1.3431715307427619,0.2222222222222222,0.0009506138271506172
1192,OFF-PA-10000809,Xerox 206,Stable Profit Cluster,Protect,No Escalation,Protect,Negative Deviation,-0.6877197852190006,True,True,True,Not Opportunity Candidate,No Opportunity Action,No positive opportunity signal,Underperformance Watch,True,Watchlist / Unresolved,Diagnose / Monitor,5,23.846400000000003,4.76928,0.5683763610045136,0.0,0.0009462884179669086
1193,OFF-FA-10000735,Staples,Stable Profit Cluster,Protect,No Escalation,Protect,Negative Deviation,-0.6880885711258993,True,True,True,Not Opportunity Candidate,No Opportunity Action,No positive opportunity signal,Underperformance Watch,True,Watchlist / Unresolved,Diagnose / Monitor,5,23.798000000000002,4.759600000000001,0.5953131831061955,0.0,0.0009443677775587296
1196,OFF-AR-10004269,Newell 31,Stable Profit Cluster,Protect,No Escalation,Protect,Negative Deviation,-0.6894174195177002,True,True,False,Not Opportunity Candidate,No Opportunity Action,No positive opportunity signal,Underperformance Watch,True,Watchlist / Unresolved,Diagnose / Monitor,5,23.6236,4.72472,0.7841238608736177,0.0,0.0009374471228647955
1198,OFF-LA-10004345,Avery 493,Stable Profit Cluster,Protect,No Escalation,Protect,Negative Deviation,-0.6463496641061981,True,True,True,Not Opportunity Candidate,No Opportunity Action,No positive opportunity signal,Underperformance Watch,True,Watchlist / Unresolved,Diagnose / Monitor,5,23.4207,5.855175,0.16359795539229635,0.0,0.0009293955125586073
1200,OFF-LA-10000443,Avery 501,Stable Profit Cluster,Protect,No Escalation,Protect,Negative Deviation,-0.7580083598948858,True,True,True,Not Opportunity Candidate,No Opportunity Action,No positive opportunity signal,Underperformance Watch,True,Watchlist / Unresolved,Diagnose / Monitor,5,23.3946,2.924325,0.4914464253711928,0.0,0.0009283597953137009
1202,OFF-AR-10003829,Newell 35,Stable Profit Cluster,Protect,No Escalation,Protect,Negative Deviation,-0.7708385071041075,True,True,False,Not Opportunity Candidate,No Opportunity Action,No positive opportunity signal,Underperformance Watch,True,Watchlist / Unresolved,Diagnose / Monitor,5,23.288,2.5875555555555554,0.6931854387468561,0.0,0.0009241296244973399
1203,OFF-ST-10004950,"Tenex Personal Filing Tote With Secure Closure Lid, Black/Frost",Stable Profit Cluster,Protect,No Escalation,Protect,Negative Deviation,-0.6921497878279053,True,True,True,Not Opportunity Candidate,No Opportunity Action,No positive opportunity signal,Underperformance Watch,True,Watchlist / Unresolved,Diagnose / Monitor,5,23.265,4.6530000000000005,0.4741834252397373,0.0,0.0009232169234769242
1206,OFF-LA-10000452,Avery 488,Stable Profit Cluster,Protect,No Escalation,Protect,Negative Deviation,-0.722208887057574,True,True,False,Not Opportunity Candidate,No Opportunity Action,No positive opportunity signal,Underperformance Watch,True,Watchlist / Unresolved,Diagnose / Monitor,5,23.183999999999997,3.8639999999999994,0.9075376295236502,0.0,0.0009200026285789387
1210,OFF-LA-10000081,Avery 496,Stable Profit Cluster,Protect,No Escalation,Protect,Negative Deviation,-0.6508328130312313,True,True,False,Not Opportunity Candidate,No Opportunity Action,No positive opportunity signal,Underperformance Watch,True,Watchlist / Unresolved,Diagnose / Monitor,5,22.95,5.7375,0.8147703396209152,0.0,0.0009107168877625364
1211,OFF-BI-10001031,Pressboard Data Binders by Wilson Jones,Stable Profit Cluster,Protect,Intensify Action,Protect (Tight Control),Negative Deviation,-0.7603227962424173,True,False,False,Not Opportunity Candidate,No Opportunity Action,No positive opportunity signal,Underperformance Watch,True,Watchlist / Unresolved,Diagnose / Monitor,5,22.9086,2.863575,1.4199056133454822,0.25,0.0009090740259257884
1212,OFF-BI-10003355,Cardinal Holdit Business Card Pockets,Stable Profit Cluster,Protect,Intensify Action,Protect (Tight Control),Negative Deviation,-0.7603256535712415,True,False,False,Not Opportunity Candidate,No Opportunity Action,No positive opportunity signal,Underperformance Watch,True,Watchlist / Unresolved,Diagnose / Monitor,5,22.908,2.8635,1.403941762486283,0.125,0.0009090502163339515
1213,FUR-FU-10002191,G.E. Halogen Desk Lamp Bulbs,Stable Profit Cluster,Protect,No Escalation,Protect,Negative Deviation,-0.694973590660482,True,False,False,Not Opportunity Candidate,No Opportunity Action,No positive opportunity signal,Underperformance Watch,True,Watchlist / Unresolved,Diagnose / Monitor,5,22.8944,4.57888,0.8022748871610681,0.2,0.0009085105322523144
1214,OFF-LA-10001175,Avery 514,Stable Profit Cluster,Protect,No Escalation,Protect,Negative Deviation,-0.6518957393538015,True,True,True,Not Opportunity Candidate,No Opportunity Action,No positive opportunity signal,Underperformance Watch,True,Watchlist / Unresolved,Diagnose / Monitor,5,22.8384,5.7096,0.4515901322633378,0.0,0.0009062883036808677
1217,OFF-PA-10003657,Xerox 1927,Stable Profit Cluster,Protect,No Escalation,Protect,Negative Deviation,-0.6965767426193977,True,True,True,Not Opportunity Candidate,No Opportunity Action,No positive opportunity signal,Underperformance Watch,True,Watchlist / Unresolved,Diagnose / Monitor,5,22.683999999999997,4.5367999999999995,0.48054407029453067,0.0,0.0009001613020481645
1221,OFF-PA-10001307,"Important Message Pads, 50 4-1/4 x 5-1/2 Forms per Pad",Stable Profit Cluster,Protect,No Escalation,Protect,Negative Deviation,-0.6554045391498122,True,True,True,Not Opportunity Candidate,No Opportunity Action,No positive opportunity signal,Underperformance Watch,True,Watchlist / Unresolved,Diagnose / Monitor,5,22.47,5.6175,0.5360699956601139,0.0,0.0008916692142929932
1222,OFF-LA-10004409,Avery 492,Stable Profit Cluster,Protect,No Escalation,Protect,Negative Deviation,-0.6982530421962108,True,True,True,Not Opportunity Candidate,No Opportunity Action,No positive opportunity signal,Underperformance Watch,True,Watchlist / Unresolved,Diagnose / Monitor,5,22.464,4.4928,0.5713691554875102,0.0,0.0008914311183746238
1223,OFF-AR-10003158,Fluorescent Highlighters by Dixon,Stable Profit Cluster,Protect,No Escalation,Protect,Negative Deviation,-0.698381050527531,True,True,True,Not Opportunity Candidate,No Opportunity Action,No positive opportunity signal,Underperformance Watch,True,Watchlist / Unresolved,Diagnose / Monitor,5,22.4472,4.48944,0.4988100433921458,0.0,0.0008907644498031899
1224,TEC-AC-10003657,Lenovo 17-Key USB Numeric Keypad,Stable Profit Cluster,Protect,Intensify Action,Protect (Tight Control),Negative Deviation,-0.6984862002282584,True,True,False,Not Opportunity Candidate,No Opportunity Action,No positive opportunity signal,Underperformance Watch,True,Watchlist / Unresolved,Diagnose / Monitor,5,22.4334,4.48668,1.2403743356467296,0.0,0.0008902168291909405
1225,OFF-LA-10002271,Smead Alpha-Z Color-Coded Second Alphabetical Labels and Starter Set,Stable Profit Cluster,Protect,No Escalation,Protect,Negative Deviation,-0.6985700152070989,True,True,False,Not Opportunity Candidate,No Opportunity Action,No positive opportunity signal,Underperformance Watch,True,Watchlist / Unresolved,Diagnose / Monitor,5,22.4224,4.48448,0.7210075715337018,0.0,0.0008897803200072635
1227,OFF-PA-10003953,Xerox 218,Stable Profit Cluster,Protect,No Escalation,Protect,Negative Deviation,-0.699569699318362,True,True,True,Not Opportunity Candidate,No Opportunity Action,No positive opportunity signal,Underperformance Watch,True,Watchlist / Unresolved,Diagnose / Monitor,5,22.2912,4.45824,0.5122464637958271,0.0,0.0008845739559255884
1228,OFF-AR-10002375,Newell 351,Stable Profit Cluster,Protect,No Escalation,Protect,Negative Deviation,-0.7490993446845788,True,True,True,Not Opportunity Candidate,No Opportunity Action,No positive opportunity signal,Underperformance Watch,True,Watchlist / Unresolved,Diagnose / Monitor,5,22.1072,3.1581714285714284,0.6063441326687892,0.0,0.0008772723477622634
1230,OFF-LA-10001317,Avery 520,Stable Profit Cluster,Protect,No Escalation,Protect,Negative Deviation,-0.7014075332180314,True,True,False,Not Opportunity Candidate,No Opportunity Action,No positive opportunity signal,Underperformance Watch,True,Watchlist / Unresolved,Diagnose / Monitor,5,22.05,4.41,0.8548531299538177,0.0,0.0008750025000071429
1239,OFF-LA-10004425,Staple-on labels,Stable Profit Cluster,Protect,No Escalation,Protect,Negative Deviation,-0.7049254764662793,True,True,True,Not Opportunity Candidate,No Opportunity Action,No positive opportunity signal,Underperformance Watch,True,Watchlist / Unresolved,Diagnose / Monitor,5,21.5883,4.31766,0.4249395087186899,0.0,0.000856681019088626
1240,OFF-FA-10001843,Staples,Stable Profit Cluster,Protect,No Escalation,Protect,Negative Deviation,-0.6638069907785871,True,True,True,Not Opportunity Candidate,No Opportunity Action,No positive opportunity signal,Underperformance Watch,True,Watchlist / Unresolved,Diagnose / Monitor,5,21.5878,5.39695,0.25635578980911766,0.0,0.0008566611777620953
1242,OFF-ST-10003327,Akro-Mils 12-Gallon Tote,Stable Profit Cluster,Protect,No Escalation,Protect,Negative Deviation,-0.6641851106263115,True,True,True,Not Opportunity Candidate,No Opportunity Action,No positive opportunity signal,Underperformance Watch,True,Watchlist / Unresolved,Diagnose / Monitor,5,21.548099999999998,5.3870249999999995,0.44477286169569163,0.0,0.0008550857764355516
1244,OFF-SU-10001165,Acme Elite Stainless Steel Scissors,Stable Profit Cluster,Protect,No Escalation,Protect,Negative Deviation,-0.7092800455942275,True,True,False,Not Opportunity Candidate,No Opportunity Action,No positive opportunity signal,Underperformance Watch,True,Watchlist / Unresolved,Diagnose / Monitor,5,21.0168,4.20336,0.7874780476891347,0.0,0.0008340023828639511
1247,OFF-AP-10003622,"Bravo II Megaboss 12-Amp Hard Body Upright, Replacement Belts, 2 Belts per Pack",Stable Profit Cluster,Protect,Intensify Action,Protect (Tight Control),Negative Deviation,-0.710684327466985,True,True,False,Not Opportunity Candidate,No Opportunity Action,No positive opportunity signal,Underperformance Watch,True,Watchlist / Unresolved,Diagnose / Monitor,5,20.8325,4.1665,1.0688185482628234,0.0,0.0008266888699047076
1248,OFF-PA-10003036,"Black Print Carbonless 8 1/2"" x 8 1/4"" Rapid Memo Book",Stable Profit Cluster,Protect,No Escalation,Protect,Negative Deviation,-0.6711122281389026,True,True,True,Not Opportunity Candidate,No Opportunity Action,No positive opportunity signal,Underperformance Watch,True,Watchlist / Unresolved,Diagnose / Monitor,5,20.8208,5.2052,0.1733800370006685,0.0,0.0008262245828638874
1250,OFF-AR-10001149,"Sanford Colorific Colored Pencils, 12/Box",Stable Profit Cluster,Protect,No Escalation,Protect,Negative Deviation,-0.7114196134177233,True,True,False,Not Opportunity Candidate,No Opportunity Action,No positive opportunity signal,Underperformance Watch,True,Watchlist / Unresolved,Diagnose / Monitor,5,20.736,4.1472,0.6996980970795811,0.0,0.0008228594938842682
1251,OFF-AR-10003560,Zebra Zazzle Fluorescent Highlighters,Stable Profit Cluster,Protect,No Escalation,Protect,Negative Deviation,-0.7381591315157338,True,True,True,Not Opportunity Candidate,No Opportunity Action,No positive opportunity signal,Underperformance Watch,True,Watchlist / Unresolved,Diagnose / Monitor,5,20.672,3.4453333333333336,0.40887186406736625,0.0,0.0008203198040883291
1254,OFF-FA-10002763,Advantus Map Pennant Flags and Round Head Tacks,Stable Profit Cluster,Protect,No Escalation,Protect,Negative Deviation,-0.7389972813041402,True,True,True,Not Opportunity Candidate,No Opportunity Action,No positive opportunity signal,Underperformance Watch,True,Watchlist / Unresolved,Diagnose / Monitor,5,20.54,3.4233333333333333,0.30346491202759074,0.0,0.0008150816938842047
1255,OFF-SU-10001574,Acme Value Line Scissors,Stable Profit Cluster,Protect,No Escalation,Protect,Negative Deviation,-0.7915467331893828,True,True,True,Not Opportunity Candidate,No Opportunity Action,No positive opportunity signal,Underperformance Watch,True,Watchlist / Unresolved,Diagnose / Monitor,5,20.44,2.044,0.4807419016908283,0.0,0.0008111134285780499
1257,OFF-SU-10004661,Acme Titanium Bonded Scissors,Stable Profit Cluster,Protect,No Escalation,Protect,Negative Deviation,-0.7152751024443932,True,True,True,Not Opportunity Candidate,No Opportunity Action,No positive opportunity signal,Underperformance Watch,True,Watchlist / Unresolved,Diagnose / Monitor,5,20.23,4.046,0.6372123622215632,0.0,0.0008027800714351248
1258,OFF-FA-10000304,Advantus Push Pins,Stable Profit Cluster,Protect,No Escalation,Protect,Negative Deviation,-0.7594325342187902,True,True,True,Not Opportunity Candidate,No Opportunity Action,No positive opportunity signal,Underperformance Watch,True,Watchlist / Unresolved,Diagnose / Monitor,5,20.2086,2.886942857142857,0.5160978810600054,0.0,0.0008019308626596077
1259,OFF-FA-10001561,Stockwell Push Pins,Stable Profit Cluster,Protect,No Escalation,Protect,Negative Deviation,-0.773699857353973,True,True,True,Not Opportunity Candidate,No Opportunity Action,No positive opportunity signal,Underperformance Watch,True,Watchlist / Unresolved,Diagnose / Monitor,5,20.0996,2.51245,0.5669088282217675,0.0,0.0007976054534758988
1261,OFF-FA-10004248,Advantus T-Pin Paper Clips,Stable Profit Cluster,Protect,No Escalation,Protect,Negative Deviation,-0.7168416805943603,True,True,False,Not Opportunity Candidate,No Opportunity Action,No positive opportunity signal,Underperformance Watch,True,Watchlist / Unresolved,Diagnose / Monitor,5,20.0244,4.00488,0.6518344833609487,0.0,0.0007946213179656704
1265,OFF-BI-10000822,"Acco PRESSTEX Data Binder with Storage Hooks, Light Blue, 9 1/2"" X 11""",Stable Profit Cluster,Protect,Intensify Action,Protect (Tight Control),Negative Deviation,-0.7193835603162911,True,False,False,Not Opportunity Candidate,No Opportunity Action,No positive opportunity signal,Underperformance Watch,True,Watchlist / Unresolved,Diagnose / Monitor,5,19.6908,3.93816,1.1242051586613915,0.2,0.0007813831849043378
1266,OFF-PA-10000130,Xerox 199,Stable Profit Cluster,Protect,No Escalation,Protect,Negative Deviation,-0.6819015017787533,True,True,False,Not Opportunity Candidate,No Opportunity Action,No positive opportunity signal,Underperformance Watch,True,Watchlist / Unresolved,Diagnose / Monitor,5,19.688000000000002,4.922000000000001,0.7114127527200822,0.0,0.0007812720734757656
1267,OFF-AR-10002053,"Premium Writing Pencils, Soft, #2 by Central Association for the Blind",Stable Profit Cluster,Protect,Intensify Action,Protect (Tight Control),Negative Deviation,-0.7636722659406645,True,True,False,Not Opportunity Candidate,No Opportunity Action,No positive opportunity signal,Underperformance Watch,True,Watchlist / Unresolved,Diagnose / Monitor,5,19.4296,2.775657142857143,1.1320918921219367,0.0,0.0007710180759246614
1270,OFF-EN-10003845,Colored Envelopes,Stable Profit Cluster,Protect,No Escalation,Protect,Negative Deviation,-0.7243393114288327,True,True,True,Not Opportunity Candidate,No Opportunity Action,No positive opportunity signal,Underperformance Watch,True,Watchlist / Unresolved,Diagnose / Monitor,5,19.040399999999998,3.8080799999999995,0.26194033697949964,0.0,0.0007555735873531066
1271,OFF-LA-10001045,Permanent Self-Adhesive File Folder Labels for Typewriters by Universal,Stable Profit Cluster,Protect,No Escalation,Protect,Negative Deviation,-0.7487706158065286,True,True,True,Not Opportunity Candidate,No Opportunity Action,No positive opportunity signal,Underperformance Watch,True,Watchlist / Unresolved,Diagnose / Monitor,5,19.000799999999998,3.1668,0.4772740345295562,0.0,0.0007540021542918694
1273,OFF-LA-10001404,Avery 517,Stable Profit Cluster,Protect,No Escalation,Protect,Negative Deviation,-0.6898267794939014,True,True,True,Not Opportunity Candidate,No Opportunity Action,No positive opportunity signal,Underperformance Watch,True,Watchlist / Unresolved,Diagnose / Monitor,5,18.8559,4.713975,0.5945143585661409,0.0,0.000748252137863251
1274,OFF-AR-10003732,Newell 333,Stable Profit Cluster,Protect,No Escalation,Protect,Negative Deviation,-0.8041383752171952,True,True,False,Not Opportunity Candidate,No Opportunity Action,No positive opportunity signal,Underperformance Watch,True,Watchlist / Unresolved,Diagnose / Monitor,5,18.848399999999998,1.713490909090909,0.7703303055492969,0.0,0.0007479545179652894
1275,OFF-PA-10004239,Xerox 1953,Stable Profit Cluster,Protect,No Escalation,Protect,Negative Deviation,-0.690054413356889,True,True,False,Not Opportunity Candidate,No Opportunity Action,No positive opportunity signal,Underperformance Watch,True,Watchlist / Unresolved,Diagnose / Monitor,5,18.832,4.708,0.9271216304608412,0.0,0.0007473037224550801
1276,OFF-AR-10001868,Prang Dustless Chalk Sticks,Stable Profit Cluster,Protect,No Escalation,Protect,Negative Deviation,-0.779812636151692,True,True,False,Not Opportunity Candidate,No Opportunity Action,No positive opportunity signal,Underperformance Watch,True,Watchlist / Unresolved,Diagnose / Monitor,5,18.816,2.352,0.7046943481123245,0.0,0.0007466688000060953
1277,OFF-PA-10004000,"While You Were Out Pads, 50 per Pad, 4 x 5 1/4, Green Cycle",Stable Profit Cluster,Protect,No Escalation,Protect,Negative Deviation,-0.6905677801022881,True,True,True,Not Opportunity Candidate,No Opportunity Action,No positive opportunity signal,Underperformance Watch,True,Watchlist / Unresolved,Diagnose / Monitor,5,18.7781,4.694525,0.5062355135982931,0.0,0.0007451648274550625
1283,OFF-AR-10003469,Nontoxic Chalk,Stable Profit Cluster,Protect,No Escalation,Protect,Negative Deviation,-0.7825861499969645,True,True,True,Not Opportunity Candidate,No Opportunity Action,No positive opportunity signal,Underperformance Watch,True,Watchlist / Unresolved,Diagnose / Monitor,5,18.233600000000003,2.2792000000000003,0.4712698643451829,0.0,0.0007235576228630495
1285,OFF-FA-10001332,"Acco Banker's Clasps, 5 3/4""-Long",Stable Profit Cluster,Protect,No Escalation,Protect,Negative Deviation,-0.7322666845184518,True,True,False,Not Opportunity Candidate,No Opportunity Action,No positive opportunity signal,Underperformance Watch,True,Watchlist / Unresolved,Diagnose / Monitor,5,18.0,3.6,0.8036087924349207,0.0,0.0007142877551078717
1287,OFF-AR-10001940,"Sanford Colorific Eraseable Coloring Pencils, 12 Count",Stable Profit Cluster,Protect,No Escalation,Protect,Negative Deviation,-0.6991597678763959,True,True,True,Not Opportunity Candidate,No Opportunity Action,No positive opportunity signal,Underperformance Watch,True,Watchlist / Unresolved,Diagnose / Monitor,5,17.876,4.469,0.5170834500936248,0.0,0.0007093671061282398
1288,TEC-PH-10003442,Samsung Replacement EH64AVFWE Premium Headset,Stable Profit Cluster,Protect,No Escalation,Protect,Negative Deviation,-0.7332191274598229,True,True,False,Not Opportunity Candidate,No Opportunity Action,No positive opportunity signal,Underperformance Watch,True,Watchlist / Unresolved,Diagnose / Monitor,5,17.875,3.575,0.8268588014045549,0.0,0.0007093274234751781
1289,OFF-AR-10000122,Newell 314,Stable Profit Cluster,Protect,No Escalation,Protect,Negative Deviation,-0.7722366328694725,True,True,False,Not Opportunity Candidate,No Opportunity Action,No positive opportunity signal,Underperformance Watch,True,Watchlist / Unresolved,Diagnose / Monitor,5,17.856,2.550857142857143,0.7586570767382377,0.0,0.0007085734530670088
1292,OFF-AR-10000614,Barrel Sharpener,Stable Profit Cluster,Protect,No Escalation,Protect,Negative Deviation,-0.7014475358215689,True,True,True,Not Opportunity Candidate,No Opportunity Action,No positive opportunity signal,Underperformance Watch,True,Watchlist / Unresolved,Diagnose / Monitor,5,17.6358,4.40895,0.571834373767962,0.0,0.0006998353328628558
1296,OFF-PA-10004965,Xerox 1921,Stable Profit Cluster,Protect,No Escalation,Protect,Negative Deviation,-0.6474040184422958,True,True,True,Not Opportunity Candidate,No Opportunity Action,No positive opportunity signal,Underperformance Watch,True,Watchlist / Unresolved,Diagnose / Monitor,5,17.4825,5.827500000000001,0.23712757628595407,0.0,0.0006937519821485205
1297,TEC-PH-10004071,PayAnywhere Card Reader,Stable Profit Cluster,Protect,No Escalation,Protect,Negative Deviation,-0.7362097982957277,True,True,False,Not Opportunity Candidate,No Opportunity Action,No positive opportunity signal,Underperformance Watch,True,Watchlist / Unresolved,Diagnose / Monitor,5,17.4825,3.4965,0.6593363879430802,0.0,0.0006937519821485205
1299,OFF-PA-10001204,Xerox 1972,Stable Profit Cluster,Protect,No Escalation,Protect,Negative Deviation,-0.7366555415922894,True,True,True,Not Opportunity Candidate,No Opportunity Action,No positive opportunity signal,Underperformance Watch,True,Watchlist / Unresolved,Diagnose / Monitor,5,17.424,3.4848,0.30945694223975956,0.0,0.0006914305469444198
1300,FUR-FU-10003829,Stackable Trays,Stable Profit Cluster,Protect,No Escalation,Protect,Negative Deviation,-0.7762162116050751,True,True,False,Not Opportunity Candidate,No Opportunity Action,No positive opportunity signal,Underperformance Watch,True,Watchlist / Unresolved,Diagnose / Monitor,5,17.1248,2.4464,0.7817662826928972,0.0,0.0006795574971484046
1301,FUR-FU-10001847,Eldon Image Series Black Desk Accessories,Stable Profit Cluster,Protect,No Escalation,Protect,Negative Deviation,-0.7394534379768609,True,True,True,Not Opportunity Candidate,No Opportunity Action,No positive opportunity signal,Underperformance Watch,True,Watchlist / Unresolved,Diagnose / Monitor,5,17.0568,3.4113599999999997,0.45480779886177647,0.0,0.0006768590767402192
1302,OFF-AR-10003405,"Dixon My First Ticonderoga Pencil, #2",Stable Profit Cluster,Protect,No Escalation,Protect,Negative Deviation,-0.7072793439515836,True,True,False,Not Opportunity Candidate,No Opportunity Action,No positive opportunity signal,Underperformance Watch,True,Watchlist / Unresolved,Diagnose / Monitor,5,17.023500000000002,4.2558750000000005,0.9029615015697785,0.0,0.0006755376443932698
1303,OFF-ST-10001505,"Perma STOR-ALL Hanging File Box, 13 1/8""W x 12 1/4""D x 10 1/2""H",Stable Profit Cluster,Protect,Intensify Action,Protect (Tight Control),Negative Deviation,-0.7893951645848257,True,False,False,Not Opportunity Candidate,No Opportunity Action,No positive opportunity signal,Underperformance Watch,True,Watchlist / Unresolved,Diagnose / Monitor,5,16.8038,2.100475,1.0049533228390954,0.25,0.0006668193655156475
1304,OFF-EN-10001137,"#10 Gummed Flap White Envelopes, 100/Box",Stable Profit Cluster,Protect,No Escalation,Protect,Negative Deviation,-0.7097147405526693,True,True,True,Not Opportunity Candidate,No Opportunity Action,No positive opportunity signal,Underperformance Watch,True,Watchlist / Unresolved,Diagnose / Monitor,5,16.7678,4.19195,0.5336862823194342,0.0,0.0006653907900054318
1306,OFF-BI-10004187,3-ring staple pack,Stable Profit Cluster,Protect,No Escalation,Protect,Negative Deviation,-0.763415378473049,True,True,True,Not Opportunity Candidate,No Opportunity Action,No positive opportunity signal,Underperformance Watch,True,Watchlist / Unresolved,Diagnose / Monitor,5,16.6944,2.7824000000000004,0.20547028687075752,0.0,0.0006624780832707142
1310,OFF-PA-10004470,"Adams Write n' Stick Phone Message Book, 11"" X 5 1/4"", 200 Messages",Stable Profit Cluster,Protect,No Escalation,Protect,Negative Deviation,-0.6616792332475643,True,True,True,Not Opportunity Candidate,No Opportunity Action,No positive opportunity signal,Underperformance Watch,True,Watchlist / Unresolved,Diagnose / Monitor,5,16.3584,5.4528,0.06896477937402037,0.0,0.0006491447118420338
1312,OFF-AR-10000914,Boston 16765 Mini Stand Up Battery Pencil Sharpener,Stable Profit Cluster,Protect,No Escalation,Protect,Negative Deviation,-0.7139416823264738,True,True,True,Not Opportunity Candidate,No Opportunity Action,No positive opportunity signal,Underperformance Watch,True,Watchlist / Unresolved,Diagnose / Monitor,5,16.324,4.081,0.5442710187681616,0.0,0.0006477796285767166
1315,TEC-AC-10000521,"Verbatim Slim CD and DVD Storage Cases, 50/Pack",Stable Profit Cluster,Protect,No Escalation,Protect,Negative Deviation,-0.7155417864679771,True,True,True,Not Opportunity Candidate,No Opportunity Action,No positive opportunity signal,Underperformance Watch,True,Watchlist / Unresolved,Diagnose / Monitor,5,16.156000000000002,4.039000000000001,0.46566479980294534,0.0,0.0006411129428623765
1319,OFF-AR-10000475,"Hunt BOSTON Vista Battery-Operated Pencil Sharpener, Black",Stable Profit Cluster,Protect,Intensify Action,Protect (Tight Control),Negative Deviation,-0.7183838762050281,True,True,False,Not Opportunity Candidate,No Opportunity Action,No positive opportunity signal,Underperformance Watch,True,Watchlist / Unresolved,Diagnose / Monitor,5,15.857600000000001,3.9644000000000004,1.3668777695912686,0.0,0.0006292716391888104
1321,OFF-AR-10003651,Newell 350,Stable Profit Cluster,Protect,No Escalation,Protect,Negative Deviation,-0.7694500569495757,True,True,False,Not Opportunity Candidate,No Opportunity Action,No positive opportunity signal,Underperformance Watch,True,Watchlist / Unresolved,Diagnose / Monitor,5,15.744,2.624,0.7623844429607315,0.0,0.0006247636898010185
1322,OFF-PA-10001622,"Ampad Poly Cover Wirebound Steno Book, 6"" x 9"" Assorted Colors, Gregg Ruled",Stable Profit Cluster,Protect,No Escalation,Protect,Negative Deviation,-0.7202373301689361,True,True,True,Not Opportunity Candidate,No Opportunity Action,No positive opportunity signal,Underperformance Watch,True,Watchlist / Unresolved,Diagnose / Monitor,5,15.663,3.91575,0.40836355122132656,0.0,0.0006215493949030331
1323,OFF-AR-10001662,Rogers Handheld Barrel Pencil Sharpener,Stable Profit Cluster,Protect,No Escalation,Protect,Negative Deviation,-0.7844170174568342,True,True,False,Not Opportunity Candidate,No Opportunity Action,No positive opportunity signal,Underperformance Watch,True,Watchlist / Unresolved,Diagnose / Monitor,5,15.618,2.2311428571428573,0.7332323399892074,0.0,0.0006197636755152634
1324,OFF-AR-10003251,Prang Drawing Pencil Set,Stable Profit Cluster,Protect,No Escalation,Protect,Negative Deviation,-0.7846891440115116,True,True,False,Not Opportunity Candidate,No Opportunity Action,No positive opportunity signal,Underperformance Watch,True,Watchlist / Unresolved,Diagnose / Monitor,5,15.568,2.2239999999999998,0.6478887539097028,0.0,0.0006177795428621859
1325,OFF-BI-10002897,"Black Avery Memo-Size 3-Ring Binder, 5 1/2"" x 8 1/2""",Stable Profit Cluster,Protect,Intensify Action,Protect (Tight Control),Negative Deviation,-0.7212107268550173,True,False,False,Not Opportunity Candidate,No Opportunity Action,No positive opportunity signal,Underperformance Watch,True,Watchlist / Unresolved,Diagnose / Monitor,5,15.5608,3.8902,1.1424737157460059,0.25,0.0006174938277601429
1328,OFF-AR-10003394,Newell 332,Stable Profit Cluster,Protect,No Escalation,Protect,Negative Deviation,-0.7511387699359534,True,True,True,Not Opportunity Candidate,No Opportunity Action,No positive opportunity signal,Underperformance Watch,True,Watchlist / Unresolved,Diagnose / Monitor,5,15.523200000000001,3.1046400000000003,0.47183630636821,0.0,0.0006160017600050287
1332,OFF-LA-10003663,Avery 498,Stable Profit Cluster,Protect,No Escalation,Protect,Negative Deviation,-0.6745372129560727,True,True,False,Not Opportunity Candidate,No Opportunity Action,No positive opportunity signal,Underperformance Watch,True,Watchlist / Unresolved,Diagnose / Monitor,5,15.3459,5.1153,0.7096134387716347,0.0,0.0006089660256172161
1333,OFF-FA-10000611,Binder Clips by OIC,Stable Profit Cluster,Protect,No Escalation,Protect,Negative Deviation,-0.7859692273247142,True,True,False,Not Opportunity Candidate,No Opportunity Action,No positive opportunity signal,Underperformance Watch,True,Watchlist / Unresolved,Diagnose / Monitor,5,15.3328,2.1904,0.7069740091645582,0.0,0.0006084461828621098
1335,FUR-FU-10003274,Regeneration Desk Collection,Stable Profit Cluster,Protect,No Escalation,Protect,Negative Deviation,-0.753552641326564,True,True,True,Not Opportunity Candidate,No Opportunity Action,No positive opportunity signal,Underperformance Watch,True,Watchlist / Unresolved,Diagnose / Monitor,5,15.206399999999999,3.0412799999999995,0.3995917971393112,0.0,0.00060343029551513
1337,OFF-PA-10001752,Hammermill CopyPlus Copy Paper (20Lb. and 84 Bright),Stable Profit Cluster,Protect,No Escalation,Protect,Negative Deviation,-0.6777945678155617,True,True,True,Not Opportunity Candidate,No Opportunity Action,No positive opportunity signal,Underperformance Watch,True,Watchlist / Unresolved,Diagnose / Monitor,5,15.0894,5.0298,0.420181611352301,0.0,0.0005987874251069289
1342,OFF-EN-10004846,Letter or Legal Size Expandable Poly String Tie Envelopes,Stable Profit Cluster,Protect,No Escalation,Protect,Negative Deviation,-0.726529168239633,True,True,True,Not Opportunity Candidate,No Opportunity Action,No positive opportunity signal,Underperformance Watch,True,Watchlist / Unresolved,Diagnose / Monitor,5,15.0024,3.7506,0.20973466209599426,0.0,0.0005953350342905742
1349,OFF-AR-10001954,Newell 331,Stable Profit Cluster,Protect,No Escalation,Protect,Negative Deviation,-0.7301608331750805,True,True,False,Not Opportunity Candidate,No Opportunity Action,No positive opportunity signal,Underperformance Watch,True,Watchlist / Unresolved,Diagnose / Monitor,5,14.6211,3.655275,0.7952272998546551,0.0,0.0005802040386782058
1352,FUR-FU-10000206,"GE General Purpose, Extra Long Life, Showcase & Floodlight Incandescent Bulbs",Stable Profit Cluster,Protect,Intensify Action,Protect (Tight Control),Negative Deviation,-0.7902296406647441,True,False,False,Not Opportunity Candidate,No Opportunity Action,No positive opportunity signal,Underperformance Watch,True,Watchlist / Unresolved,Diagnose / Monitor,5,14.55,2.0785714285714287,1.09427365359068,0.2857142857142857,0.0005773826020455297
1353,OFF-ST-10003221,Staple magnet,Stable Profit Cluster,Protect,No Escalation,Protect,Negative Deviation,-0.6863208370267148,True,True,True,Not Opportunity Candidate,No Opportunity Action,No positive opportunity signal,Underperformance Watch,True,Watchlist / Unresolved,Diagnose / Monitor,5,14.418,4.806,0.32906481478021504,0.0,0.0005721444918414052
1354,OFF-AR-10000246,Newell 318,Stable Profit Cluster,Protect,No Escalation,Protect,Negative Deviation,-0.7596939934125242,True,True,True,Not Opportunity Candidate,No Opportunity Action,No positive opportunity signal,Underperformance Watch,True,Watchlist / Unresolved,Diagnose / Monitor,5,14.4004,2.88008,0.5933588401153028,0.0,0.000571446077147522
1355,OFF-AR-10000127,Newell 321,Stable Profit Cluster,Protect,No Escalation,Protect,Negative Deviation,-0.7325867053467525,True,True,False,Not Opportunity Candidate,No Opportunity Action,No positive opportunity signal,Underperformance Watch,True,Watchlist / Unresolved,Diagnose / Monitor,5,14.3664,3.5916,0.692706060298765,0.0,0.0005700968669434293
1359,FUR-FU-10002963,"Master Caster Door Stop, Gray",Stable Profit Cluster,Protect,No Escalation,Protect,Negative Deviation,-0.7339429840952647,True,False,False,Not Opportunity Candidate,No Opportunity Action,No positive opportunity signal,Underperformance Watch,True,Watchlist / Unresolved,Diagnose / Monitor,5,14.224,3.556,0.9303170996304198,0.25,0.0005644460571474648
1360,OFF-AR-10001573,American Pencil,Stable Profit Cluster,Protect,No Escalation,Protect,Negative Deviation,-0.779319270708062,True,True,True,Not Opportunity Candidate,No Opportunity Action,No positive opportunity signal,Underperformance Watch,True,Watchlist / Unresolved,Diagnose / Monitor,5,14.189699999999998,2.36495,0.2706663714016349,0.0,0.0005630849421474537
1361,OFF-AR-10002804,Faber Castell Col-Erase Pencils,Stable Profit Cluster,Protect,No Escalation,Protect,Negative Deviation,-0.7621109126205473,True,True,False,Not Opportunity Candidate,No Opportunity Action,No positive opportunity signal,Underperformance Watch,True,Watchlist / Unresolved,Diagnose / Monitor,5,14.0832,2.81664,0.7046087892648136,0.0,0.0005588587395963988
1364,OFF-LA-10000634,Avery 509,Stable Profit Cluster,Protect,No Escalation,Protect,Negative Deviation,-0.7356783351344428,True,True,False,Not Opportunity Candidate,No Opportunity Action,No positive opportunity signal,Underperformance Watch,True,Watchlist / Unresolved,Diagnose / Monitor,5,14.041799999999999,3.5104499999999996,0.7055852166638978,0.0,0.0005572158777596507
1367,OFF-AR-10000203,Newell 336,Stable Profit Cluster,Protect,No Escalation,Protect,Negative Deviation,-0.7381565916678902,True,True,True,Not Opportunity Candidate,No Opportunity Action,No positive opportunity signal,Underperformance Watch,True,Watchlist / Unresolved,Diagnose / Monitor,5,13.781600000000001,3.4454000000000002,0.5039048855501511,0.0,0.0005468904514330359
1369,OFF-AR-10000940,Newell 343,Stable Profit Cluster,Protect,No Escalation,Protect,Negative Deviation,-0.7945335942535223,True,True,True,Not Opportunity Candidate,No Opportunity Action,No positive opportunity signal,Underperformance Watch,True,Watchlist / Unresolved,Diagnose / Monitor,5,13.7592,1.9656,0.5776105215890633,0.0,0.0005460015600044571
1370,FUR-FU-10002107,Eldon Pizzaz Desk Accessories,Stable Profit Cluster,Protect,No Escalation,Protect,Negative Deviation,-0.7385832861056243,True,True,True,Not Opportunity Candidate,No Opportunity Action,No positive opportunity signal,Underperformance Watch,True,Watchlist / Unresolved,Diagnose / Monitor,5,13.736799999999999,3.4341999999999997,0.3337235152325222,0.0,0.0005451126685758784
1374,OFF-AR-10001026,"Sanford Uni-Blazer View Highlighters, Chisel Tip, Yellow",Stable Profit Cluster,Protect,No Escalation,Protect,Negative Deviation,-0.6973183781897453,True,True,False,Not Opportunity Candidate,No Opportunity Action,No positive opportunity signal,Underperformance Watch,True,Watchlist / Unresolved,Diagnose / Monitor,5,13.552,4.517333333333333,0.9589002501737567,0.0,0.0005377793142901043
1376,OFF-AR-10000657,"Binney & Smith inkTank Desk Highlighter, Chisel Tip, Yellow, 12/Box",Stable Profit Cluster,Protect,No Escalation,Protect,Negative Deviation,-0.7668670316925774,True,True,False,Not Opportunity Candidate,No Opportunity Action,No positive opportunity signal,Underperformance Watch,True,Watchlist / Unresolved,Diagnose / Monitor,5,13.459,2.6917999999999997,0.9255908446726913,0.0,0.0005340888275553803
1377,OFF-SU-10002557,Fiskars Spring-Action Scissors,Stable Profit Cluster,Protect,No Escalation,Protect,Negative Deviation,-0.7415930058003567,True,True,False,Not Opportunity Candidate,No Opportunity Action,No positive opportunity signal,Underperformance Watch,True,Watchlist / Unresolved,Diagnose / Monitor,5,13.4208,3.3552,0.7927041578075171,0.0,0.0005325729502084291
1378,OFF-PA-10000955,Southworth 25% Cotton Granite Paper & Envelopes,Stable Profit Cluster,Protect,No Escalation,Protect,Negative Deviation,-0.7016513586110223,True,True,True,Not Opportunity Candidate,No Opportunity Action,No positive opportunity signal,Underperformance Watch,True,Watchlist / Unresolved,Diagnose / Monitor,5,13.2108,4.4036,0.2594582359930915,0.0,0.0005242395930655041
1380,OFF-AR-10001246,Newell 317,Stable Profit Cluster,Protect,No Escalation,Protect,Negative Deviation,-0.7977338025365289,True,True,True,Not Opportunity Candidate,No Opportunity Action,No positive opportunity signal,Underperformance Watch,True,Watchlist / Unresolved,Diagnose / Monitor,5,13.1712,1.8816000000000002,0.3137238426645512,0.0,0.0005226681600042667
1382,FUR-FU-10003026,"Eldon Regeneration Recycled Desk Accessories, Black",Stable Profit Cluster,Protect,No Escalation,Protect,Negative Deviation,-0.702850166793228,True,True,True,Not Opportunity Candidate,No Opportunity Action,No positive opportunity signal,Underperformance Watch,True,Watchlist / Unresolved,Diagnose / Monitor,5,13.116399999999999,4.372133333333333,0.24187797558533275,0.0,0.0005204935506164938
1384,OFF-AR-10001547,Newell 311,Stable Profit Cluster,Protect,No Escalation,Protect,Negative Deviation,-0.8073239505131935,True,True,False,Not Opportunity Candidate,No Opportunity Action,No positive opportunity signal,Underperformance Watch,True,Watchlist / Unresolved,Diagnose / Monitor,5,13.039,1.629875,0.7245752656822787,0.0,0.00051742211326953
1385,TEC-PH-10004924,"SKILCRAFT Telephone Shoulder Rest, 2"" x 6.5"" x 2.5"", Black",Stable Profit Cluster,Protect,No Escalation,Protect,Negative Deviation,-0.7042470831072389,True,True,False,Not Opportunity Candidate,No Opportunity Action,No positive opportunity signal,Underperformance Watch,True,Watchlist / Unresolved,Diagnose / Monitor,5,13.006400000000001,4.335466666666667,0.7597019369014001,0.0,0.0005161284587797236
1386,TEC-PH-10002365,Belkin Grip Candy Sheer Case / Cover for iPhone 5 and 5S,Stable Profit Cluster,Protect,No Escalation,Protect,Negative Deviation,-0.7043994739778582,True,True,False,Not Opportunity Candidate,No Opportunity Action,No positive opportunity signal,Underperformance Watch,True,Watchlist / Unresolved,Diagnose / Monitor,5,12.994399999999999,4.331466666666667,0.909855356974044,0.0,0.0005156522669429849
1388,OFF-AP-10002287,"Eureka Sanitaire  Multi-Pro Heavy-Duty Upright, Disposable Bags",Stable Profit Cluster,Protect,No Escalation,Protect,Negative Deviation,-0.7721900448033118,True,True,False,Not Opportunity Candidate,No Opportunity Action,No positive opportunity signal,Underperformance Watch,True,Watchlist / Unresolved,Diagnose / Monitor,5,12.7604,2.55208,0.6694145508959767,0.0,0.0005063665261265826
1390,OFF-AR-10004752,Blackstonian Pencils,Stable Profit Cluster,Protect,No Escalation,Protect,Negative Deviation,-0.7493877988325369,True,True,False,Not Opportunity Candidate,No Opportunity Action,No positive opportunity signal,Underperformance Watch,True,Watchlist / Unresolved,Diagnose / Monitor,5,12.602400000000001,3.1506000000000003,0.7138645748648782,0.0,0.0005000966669428579
1391,OFF-BI-10004528,Cardinal Poly Pocket Divider Pockets for Ring Binders,Stable Profit Cluster,Protect,No Escalation,Protect,Negative Deviation,-0.7494106574631298,True,True,False,Not Opportunity Candidate,No Opportunity Action,No positive opportunity signal,Underperformance Watch,True,Watchlist / Unresolved,Diagnose / Monitor,5,12.6,3.15,0.9317142855723692,0.0,0.0005000014285755102
1393,OFF-SU-10004115,Acme Stainless Steel Office Snips,Stable Profit Cluster,Protect,No Escalation,Protect,Negative Deviation,-0.7510136189334573,True,True,True,Not Opportunity Candidate,No Opportunity Action,No positive opportunity signal,Underperformance Watch,True,Watchlist / Unresolved,Diagnose / Monitor,5,12.4317,3.107925,0.6338822108504373,0.0,0.0004933228380652516
1399,OFF-AR-10003190,Newell 32,Stable Profit Cluster,Protect,No Escalation,Protect,Negative Deviation,-0.7933449454626913,True,True,True,Not Opportunity Candidate,No Opportunity Action,No positive opportunity signal,Underperformance Watch,True,Watchlist / Unresolved,Diagnose / Monitor,5,11.9808,1.9968000000000001,0.5054440336028774,0.0,0.00047542992979979947
1401,OFF-AR-10002766,Prang Drawing Pencil Set,Stable Profit Cluster,Protect,No Escalation,Protect,Negative Deviation,-0.7597999050676046,True,True,True,Not Opportunity Candidate,No Opportunity Action,No positive opportunity signal,Underperformance Watch,True,Watchlist / Unresolved,Diagnose / Monitor,5,11.5092,2.8773,0.3295187489436629,0.0,0.0004567155906159732
1402,TEC-AC-10002857,"Verbatim 25 GB 6x Blu-ray Single Layer Recordable Disc, 1/Pack",Stable Profit Cluster,Protect,No Escalation,Protect,Negative Deviation,-0.7237200965245495,True,True,True,Not Opportunity Candidate,No Opportunity Action,No positive opportunity signal,Underperformance Watch,True,Watchlist / Unresolved,Diagnose / Monitor,5,11.473,3.8243333333333336,0.41835862083844244,0.0,0.00045527907857514515
1404,OFF-AP-10000595,Disposable Triple-Filter Dust Bags,Stable Profit Cluster,Protect,No Escalation,Protect,Negative Deviation,-0.7612019010773028,True,True,True,Not Opportunity Candidate,No Opportunity Action,No positive opportunity signal,Underperformance Watch,True,Watchlist / Unresolved,Diagnose / Monitor,5,11.362,2.8405,0.21203024696038325,0.0,0.0004508743040853133
1405,OFF-AR-10004817,Colorific Watercolor Pencils,Stable Profit Cluster,Protect,No Escalation,Protect,Negative Deviation,-0.7259119852136245,True,True,True,Not Opportunity Candidate,No Opportunity Action,No positive opportunity signal,Underperformance Watch,True,Watchlist / Unresolved,Diagnose / Monitor,5,11.3004,3.7668,0.31124210978370465,0.0,0.0004484298526567219
1406,OFF-PA-10000141,"Ampad Evidence Wirebond Steno Books, 6"" x 9""",Stable Profit Cluster,Protect,No Escalation,Protect,Negative Deviation,-0.761864801364497,True,True,True,Not Opportunity Candidate,No Opportunity Action,No positive opportunity signal,Underperformance Watch,True,Watchlist / Unresolved,Diagnose / Monitor,5,11.2924,2.8231,0.5507316266606725,0.0,0.00044811239143222953
1407,OFF-LA-10002381,Avery 497,Stable Profit Cluster,Protect,Intensify Action,Protect (Tight Control),Negative Deviation,-0.6558579019899048,True,True,False,Not Opportunity Candidate,No Opportunity Action,No positive opportunity signal,Underperformance Watch,True,Watchlist / Unresolved,Diagnose / Monitor,5,11.211200000000002,5.605600000000001,1.14490165435355,0.0,0.00044489016000363185
1409,OFF-SU-10002522,Acme Kleen Earth Office Shears,Stable Profit Cluster,Protect,No Escalation,Protect,Negative Deviation,-0.7842746408434269,True,True,False,Not Opportunity Candidate,No Opportunity Action,No positive opportunity signal,Underperformance Watch,True,Watchlist / Unresolved,Diagnose / Monitor,5,11.1744,2.23488,0.70625155770899,0.0,0.0004434298383709668
1410,OFF-AR-10001427,Newell 330,Stable Profit Cluster,Protect,No Escalation,Protect,Negative Deviation,-0.7634801445930622,True,True,True,Not Opportunity Candidate,No Opportunity Action,No positive opportunity signal,Underperformance Watch,True,Watchlist / Unresolved,Diagnose / Monitor,5,11.1228,2.7807,0.47125162222461336,0.0,0.0004413822134729909
1412,OFF-FA-10001229,Staples,Stable Profit Cluster,Protect,No Escalation,Protect,Negative Deviation,-0.7326705203255931,True,True,True,Not Opportunity Candidate,No Opportunity Action,No positive opportunity signal,Underperformance Watch,True,Watchlist / Unresolved,Diagnose / Monitor,5,10.7682,3.5894,0.13308343295666925,0.0,0.0004273107446973658
1413,OFF-AR-10003811,Newell 327,Stable Profit Cluster,Protect,No Escalation,Protect,Negative Deviation,-0.7671203815149822,True,True,True,Not Opportunity Candidate,No Opportunity Action,No positive opportunity signal,Underperformance Watch,True,Watchlist / Unresolved,Diagnose / Monitor,5,10.7406,2.68515,0.6091926671645694,0.0,0.0004262155034728671
1414,OFF-AR-10004165,"Binney & Smith inkTank Erasable Pocket Highlighter, Chisel Tip, Yellow",Stable Profit Cluster,Protect,No Escalation,Protect,Negative Deviation,-0.733912505921141,True,True,False,Not Opportunity Candidate,No Opportunity Action,No positive opportunity signal,Underperformance Watch,True,Watchlist / Unresolved,Diagnose / Monitor,5,10.6704,3.5568000000000004,0.7891687949323353,0.0,0.0004234297812279464
1415,FUR-FU-10003981,Eldon Wave Desk Accessories,Stable Profit Cluster,Protect,No Escalation,Protect,Negative Deviation,-0.788273377288479,True,True,True,Not Opportunity Candidate,No Opportunity Action,No positive opportunity signal,Underperformance Watch,True,Watchlist / Unresolved,Diagnose / Monitor,5,10.6496,2.12992,0.2323569825002312,0.0,0.00042260438204426616
1416,OFF-AR-10004930,Turquoise Lead Holder with Pocket Clip,Stable Profit Cluster,Protect,No Escalation,Protect,Negative Deviation,-0.7349843217111638,True,True,False,Not Opportunity Candidate,No Opportunity Action,No positive opportunity signal,Underperformance Watch,True,Watchlist / Unresolved,Diagnose / Monitor,5,10.586,3.5286666666666666,0.713548988866139,0.0,0.0004200805653095517
1417,OFF-PA-10003424,"""While you Were Out"" Message Book, One Form per Page",Stable Profit Cluster,Protect,No Escalation,Protect,Negative Deviation,-0.7374987710763832,True,True,True,Not Opportunity Candidate,No Opportunity Action,No positive opportunity signal,Underperformance Watch,True,Watchlist / Unresolved,Diagnose / Monitor,5,10.388,3.462666666666667,0.05764186930807717,0.0,0.0004122234000033651
1419,OFF-SU-10004290,"Acme Design Line 8"" Stainless Steel Bent Scissors w/Champagne Handles, 3-1/8"" Cut",Stable Profit Cluster,Protect,No Escalation,Protect,Negative Deviation,-0.7399929016588533,True,True,False,Not Opportunity Candidate,No Opportunity Action,No positive opportunity signal,Underperformance Watch,True,Watchlist / Unresolved,Diagnose / Monitor,5,10.1916,3.3971999999999998,0.9543620453885706,0.0,0.00040442972694207694
1423,TEC-PH-10003356,"SmartStand Mobile Device Holder, Assorted Colors",Stable Profit Cluster,Protect,No Escalation,Protect,Negative Deviation,-0.7415930058003567,True,True,True,Not Opportunity Candidate,No Opportunity Action,No positive opportunity signal,Underperformance Watch,True,Watchlist / Unresolved,Diagnose / Monitor,5,10.0656,3.3552,0.4100019810098456,0.0,0.0003994297126563219
1424,OFF-AR-10001177,Newell 349,Stable Profit Cluster,Protect,No Escalation,Protect,Negative Deviation,-0.7419587438898431,True,True,False,Not Opportunity Candidate,No Opportunity Action,No positive opportunity signal,Underperformance Watch,True,Watchlist / Unresolved,Diagnose / Monitor,5,10.0368,3.3455999999999997,0.7993710266881872,0.0,0.00039828685224814925
1425,OFF-AR-10002578,Newell 335,Stable Profit Cluster,Protect,No Escalation,Protect,Negative Deviation,-0.7739608267199086,True,True,True,Not Opportunity Candidate,No Opportunity Action,No positive opportunity signal,Underperformance Watch,True,Watchlist / Unresolved,Diagnose / Monitor,5,10.0224,2.5056,0.24717485928433994,0.0,0.000397715422044063
1426,OFF-BI-10000591,Avery Binder Labels,Stable Profit Cluster,Protect,No Escalation,Protect,Negative Deviation,-0.7753113908107727,True,False,False,Not Opportunity Candidate,No Opportunity Action,No positive opportunity signal,Underperformance Watch,True,Watchlist / Unresolved,Diagnose / Monitor,5,9.880600000000001,2.4701500000000003,0.9913199739267042,0.25,0.00039208842183993545
1427,OFF-BI-10004182,Economy Binders,Stable Profit Cluster,Protect,Intensify Action,Protect (Tight Control),Negative Deviation,-0.7761095379956416,True,False,False,Not Opportunity Candidate,No Opportunity Action,No positive opportunity signal,Underperformance Watch,True,Watchlist / Unresolved,Diagnose / Monitor,5,9.796800000000001,2.4492000000000003,1.2932152225205327,0.25,0.0003887630155133777
1429,OFF-FA-10003485,Staples,Stable Profit Cluster,Protect,No Escalation,Protect,Negative Deviation,-0.6837606704003095,True,True,True,Not Opportunity Candidate,No Opportunity Action,No positive opportunity signal,Underperformance Watch,True,Watchlist / Unresolved,Diagnose / Monitor,5,9.7464,4.8732,0.3469237950240927,0.0,0.0003867630097990756
1430,OFF-AR-10003481,Newell 348,Stable Profit Cluster,Protect,No Escalation,Protect,Negative Deviation,-0.8077712812146574,True,True,False,Not Opportunity Candidate,No Opportunity Action,No positive opportunity signal,Underperformance Watch,True,Watchlist / Unresolved,Diagnose / Monitor,5,9.7088,1.6181333333333334,0.6977767042200078,0.0,0.0003852709420439614
1431,OFF-AR-10003876,"Avery Hi-Liter GlideStik Fluorescent Highlighter, Yellow Ink",Stable Profit Cluster,Protect,No Escalation,Protect,Negative Deviation,-0.6856045999348038,True,True,True,Not Opportunity Candidate,No Opportunity Action,No positive opportunity signal,Underperformance Watch,True,Watchlist / Unresolved,Diagnose / Monitor,5,9.6496,4.8248,0.2542066341896969,0.0,0.0003829217289827177
1432,OFF-AR-10000462,Sanford Pocket Accent Highlighters,Stable Profit Cluster,Protect,No Escalation,Protect,Negative Deviation,-0.747099395925403,True,True,True,Not Opportunity Candidate,No Opportunity Action,No positive opportunity signal,Underperformance Watch,True,Watchlist / Unresolved,Diagnose / Monitor,5,9.632,3.2106666666666666,0.4998356662134199,0.0,0.0003822233142888345
1436,OFF-LA-10000476,"Avery 05222 Permanent Self-Adhesive File Folder Labels for Typewriters, on Rolls, White, 250/Roll",Stable Profit Cluster,Protect,No Escalation,Protect,Negative Deviation,-0.6884733580742132,True,True,True,Not Opportunity Candidate,No Opportunity Action,No positive opportunity signal,Underperformance Watch,True,Watchlist / Unresolved,Diagnose / Monitor,5,9.498999999999999,4.749499999999999,0.26852035137158753,0.0,0.0003769455214316485
1437,OFF-AR-10000634,Newell 320,Stable Profit Cluster,Protect,No Escalation,Protect,Negative Deviation,-0.8179386549682185,True,True,False,Not Opportunity Candidate,No Opportunity Action,No positive opportunity signal,Underperformance Watch,True,Watchlist / Unresolved,Diagnose / Monitor,5,9.4588,1.351257142857143,0.7603685897030962,0.0,0.00037535027877857427
1438,OFF-AR-10003183,Avery Fluorescent Highlighter Four-Color Set,Stable Profit Cluster,Protect,No Escalation,Protect,Negative Deviation,-0.8248822361373678,True,True,True,Not Opportunity Candidate,No Opportunity Action,No positive opportunity signal,Underperformance Watch,True,Watchlist / Unresolved,Diagnose / Monitor,5,9.352,1.169,0.46965216319060604,0.0,0.00037111217143160095
1440,OFF-AR-10002257,"Eldon Spacemaker Box, Quick-Snap Lid, Clear",Stable Profit Cluster,Protect,No Escalation,Protect,Negative Deviation,-0.810460980081089,True,True,False,Not Opportunity Candidate,No Opportunity Action,No positive opportunity signal,Underperformance Watch,True,Watchlist / Unresolved,Diagnose / Monitor,5,9.2852,1.5475333333333332,0.7881497416010298,0.0,0.0003684613702070895
1441,OFF-AR-10002467,Dixon Ticonderoga Pencils,Stable Profit Cluster,Protect,No Escalation,Protect,Negative Deviation,-0.7517244588487004,True,True,False,Not Opportunity Candidate,No Opportunity Action,No positive opportunity signal,Underperformance Watch,True,Watchlist / Unresolved,Diagnose / Monitor,5,9.2678,3.0892666666666666,0.9172868562002304,0.0,0.0003677708920438185
1442,OFF-PA-10003543,Xerox 1985,Stable Profit Cluster,Protect,No Escalation,Protect,Negative Deviation,-0.6966072207935217,True,True,True,Not Opportunity Candidate,No Opportunity Action,No positive opportunity signal,Underperformance Watch,True,Watchlist / Unresolved,Diagnose / Monitor,5,9.072,4.536,0.2678818853258932,0.0,0.0003600010285743673
1444,OFF-AR-10001770,Economy #2 Pencils,Stable Profit Cluster,Protect,No Escalation,Protect,Negative Deviation,-0.783786228103092,True,True,True,Not Opportunity Candidate,No Opportunity Action,No positive opportunity signal,Underperformance Watch,True,Watchlist / Unresolved,Diagnose / Monitor,5,8.9908,2.2477,0.13826307815428598,0.0,0.0003567787971457696
1445,OFF-LA-10004677,Self-Adhesive Address Labels for Typewriters with Dispenser Box,Stable Profit Cluster,Protect,No Escalation,Protect,Negative Deviation,-0.698613065628049,True,True,False,Not Opportunity Candidate,No Opportunity Action,No positive opportunity signal,Underperformance Watch,True,Watchlist / Unresolved,Diagnose / Monitor,5,8.9667,4.48335,0.7436544167059302,0.0,0.0003558224452069863
1446,OFF-AR-10004582,BIC Brite Liner Grip Highlighters,Stable Profit Cluster,Protect,No Escalation,Protect,Negative Deviation,-0.8013149879960838,True,True,True,Not Opportunity Candidate,No Opportunity Action,No positive opportunity signal,Underperformance Watch,True,Watchlist / Unresolved,Diagnose / Monitor,5,8.938,1.7876,0.3930446375885406,0.0,0.0003546835530641199
1447,OFF-FA-10003059,Assorted Color Push Pins,Stable Profit Cluster,Protect,No Escalation,Protect,Negative Deviation,-0.8269237975821965,True,True,True,Not Opportunity Candidate,No Opportunity Action,No positive opportunity signal,Underperformance Watch,True,Watchlist / Unresolved,Diagnose / Monitor,5,8.923300000000001,1.1154125000000001,0.5313531949522,0.0,0.00035410021806411515
1448,FUR-FU-10001852,"Eldon Regeneration Recycled Desk Accessories, Smoke",Stable Profit Cluster,Protect,No Escalation,Protect,Negative Deviation,-0.8015374786671882,True,True,False,Not Opportunity Candidate,No Opportunity Action,No positive opportunity signal,Underperformance Watch,True,Watchlist / Unresolved,Diagnose / Monitor,5,8.9088,1.7817599999999998,0.6621030288592535,0.0,0.00035352481959472263
1449,TEC-AC-10001445,Imation USB 2.0 Swivel Flash Drive USB flash drive - 4 GB - Pink,Stable Profit Cluster,Protect,No Escalation,Protect,Negative Deviation,-0.7562911052715939,True,True,True,Not Opportunity Candidate,No Opportunity Action,No positive opportunity signal,Underperformance Watch,True,Watchlist / Unresolved,Diagnose / Monitor,5,8.9082,2.9694000000000003,0.41100693871949684,0.0,0.00035350101000288577
1450,FUR-FU-10000448,Tenex Chairmats For Use With Carpeted Floors,Stable Profit Cluster,Protect,No Escalation,Protect,Negative Deviation,-0.7857082579587786,True,True,True,Not Opportunity Candidate,No Opportunity Action,No positive opportunity signal,Underperformance Watch,True,Watchlist / Unresolved,Diagnose / Monitor,5,8.789,2.19725,0.3121646709040244,0.0,0.00034877083775794915
1453,OFF-LA-10004008,Avery 507,Stable Profit Cluster,Protect,No Escalation,Protect,Negative Deviation,-0.704836327806967,True,True,True,Not Opportunity Candidate,No Opportunity Action,No positive opportunity signal,Underperformance Watch,True,Watchlist / Unresolved,Diagnose / Monitor,5,8.64,4.32,0.5165388747205238,0.0,0.00034285812245177846
1455,OFF-AR-10002335,DIXON Oriole Pencils,Stable Profit Cluster,Protect,No Escalation,Protect,Negative Deviation,-0.8147025259799946,True,True,False,Not Opportunity Candidate,No Opportunity Action,No positive opportunity signal,Underperformance Watch,True,Watchlist / Unresolved,Diagnose / Monitor,5,8.6172,1.4362000000000001,0.9867013066093901,0.0,0.00034195335796197515
1456,OFF-AR-10002255,Newell 346,Stable Profit Cluster,Protect,No Escalation,Protect,Negative Deviation,-0.8038050548220042,True,True,True,Not Opportunity Candidate,No Opportunity Action,No positive opportunity signal,Underperformance Watch,True,Watchlist / Unresolved,Diagnose / Monitor,5,8.6112,1.72224,0.46483267208319135,0.0,0.00034171526204360587
1457,OFF-PA-10001274,Loose Memo Sheets,Stable Profit Cluster,Protect,No Escalation,Protect,Negative Deviation,-0.7060268814836808,True,True,True,Not Opportunity Candidate,No Opportunity Action,No positive opportunity signal,Underperformance Watch,True,Watchlist / Unresolved,Diagnose / Monitor,5,8.5775,4.28875,0.2670674863855436,0.0,0.0003403779566354317
1458,OFF-AR-10003856,Newell 344,Stable Profit Cluster,Protect,No Escalation,Protect,Negative Deviation,-0.8150504851345755,True,True,True,Not Opportunity Candidate,No Opportunity Action,No positive opportunity signal,Underperformance Watch,True,Watchlist / Unresolved,Diagnose / Monitor,5,8.5624,1.4270666666666667,0.4188753282249438,0.0,0.0003397787485742023
1461,OFF-AR-10004956,Newell 33,Stable Profit Cluster,Protect,No Escalation,Protect,Negative Deviation,-0.7631258358188723,True,True,True,Not Opportunity Candidate,No Opportunity Action,No positive opportunity signal,Underperformance Watch,True,Watchlist / Unresolved,Diagnose / Monitor,5,8.37,2.7899999999999996,0.5932784895091325,0.0,0.00033214380612516035
1462,OFF-PA-10000859,Unpadded Memo Slips,Stable Profit Cluster,Protect,No Escalation,Protect,Negative Deviation,-0.7102081059962996,True,True,True,Not Opportunity Candidate,No Opportunity Action,No positive opportunity signal,Underperformance Watch,True,Watchlist / Unresolved,Diagnose / Monitor,5,8.358,4.179,0.5714504402396651,0.0,0.0003316676142884218
1463,OFF-AR-10001231,"Sanford EarthWrite Recycled Pencils, Medium Soft, #2",Stable Profit Cluster,Protect,No Escalation,Protect,Negative Deviation,-0.7648783308309949,True,True,True,Not Opportunity Candidate,No Opportunity Action,No positive opportunity signal,Underperformance Watch,True,Watchlist / Unresolved,Diagnose / Monitor,5,8.232,2.7439999999999998,0.49369536523463625,0.0,0.00032666760000266663
1465,OFF-AR-10003217,Newell 316,Stable Profit Cluster,Protect,No Escalation,Protect,Negative Deviation,-0.712928283036855,True,True,True,Not Opportunity Candidate,No Opportunity Action,No positive opportunity signal,Underperformance Watch,True,Watchlist / Unresolved,Diagnose / Monitor,5,8.2152,4.1076,0.44402032391149066,0.0,0.00032600093143123266
1466,OFF-AR-10001919,"OIC #2 Pencils, Medium Soft",Stable Profit Cluster,Protect,No Escalation,Protect,Negative Deviation,-0.825114087961953,True,True,True,Not Opportunity Candidate,No Opportunity Action,No positive opportunity signal,Underperformance Watch,True,Watchlist / Unresolved,Diagnose / Monitor,5,8.1404,1.1629142857142856,0.6011984733112717,0.0,0.00032303266898222883
1467,OFF-LA-10003714,Avery 510,Stable Profit Cluster,Protect,No Escalation,Protect,Negative Deviation,-0.7665546304078078,True,True,True,Not Opportunity Candidate,No Opportunity Action,No positive opportunity signal,Underperformance Watch,True,Watchlist / Unresolved,Diagnose / Monitor,5,8.1,2.6999999999999997,0.4427781601313728,0.0,0.00032142948979854225
1468,OFF-AR-10001545,Newell 326,Stable Profit Cluster,Protect,No Escalation,Protect,Negative Deviation,-0.8194647406868496,True,True,True,Not Opportunity Candidate,No Opportunity Action,No positive opportunity signal,Underperformance Watch,True,Watchlist / Unresolved,Diagnose / Monitor,5,7.8671999999999995,1.3112,0.3977737335943441,0.0,0.0003121913681658138
1470,OFF-FA-10003021,Staples,Stable Profit Cluster,Protect,No Escalation,Protect,Negative Deviation,-0.8204756001286246,True,True,True,Not Opportunity Candidate,No Opportunity Action,No positive opportunity signal,Underperformance Watch,True,Watchlist / Unresolved,Diagnose / Monitor,5,7.707999999999999,1.2846666666666666,0.3760981653849873,0.0,0.00030587388979841525
1472,OFF-FA-10002676,Colored Push Pins,Stable Profit Cluster,Protect,No Escalation,Protect,Negative Deviation,-0.8114946981534571,True,True,False,Not Opportunity Candidate,No Opportunity Action,No positive opportunity signal,Underperformance Watch,True,Watchlist / Unresolved,Diagnose / Monitor,5,7.602,1.5204,0.9603069138195318,0.0,0.0003016675285738912
1473,OFF-AR-10003770,Newell 340,Stable Profit Cluster,Protect,No Escalation,Protect,Negative Deviation,-0.7262320060419253,True,True,True,Not Opportunity Candidate,No Opportunity Action,No positive opportunity signal,Underperformance Watch,True,Watchlist / Unresolved,Diagnose / Monitor,5,7.5168,3.7584,0.4416366731214541,0.0,0.00029828656653304724
1474,OFF-AR-10003723,Avery Hi-Liter Fluorescent Desk Style Markers,Stable Profit Cluster,Protect,No Escalation,Protect,Negative Deviation,-0.7264834509784471,True,True,False,Not Opportunity Candidate,No Opportunity Action,No positive opportunity signal,Underperformance Watch,True,Watchlist / Unresolved,Diagnose / Monitor,5,7.5036000000000005,3.7518000000000002,0.8831752381503603,0.0,0.0002977627555126348
1475,OFF-AR-10001315,Newell 310,Stable Profit Cluster,Protect,No Escalation,Protect,Negative Deviation,-0.8287083354961325,True,True,True,Not Opportunity Candidate,No Opportunity Action,No positive opportunity signal,Underperformance Watch,True,Watchlist / Unresolved,Diagnose / Monitor,5,7.48,1.0685714285714287,0.6396673011502393,0.0,0.0002968262449003823
1476,OFF-AR-10000799,Col-Erase Pencils with Erasers,Stable Profit Cluster,Protect,No Escalation,Protect,Negative Deviation,-0.7269634822208981,True,True,True,Not Opportunity Candidate,No Opportunity Action,No positive opportunity signal,Underperformance Watch,True,Watchlist / Unresolved,Diagnose / Monitor,5,7.478400000000001,3.7392000000000003,0.5491748664494571,0.0,0.0002967627526554838
1477,OFF-SU-10004768,Acme Kleencut Forged Steel Scissors,Stable Profit Cluster,Protect,No Escalation,Protect,Negative Deviation,-0.7746567450290704,True,True,False,Not Opportunity Candidate,No Opportunity Action,No positive opportunity signal,Underperformance Watch,True,Watchlist / Unresolved,Diagnose / Monitor,5,7.462,2.4873333333333334,0.8464352423347447,0.0,0.0002961119571452744
1479,OFF-ST-10003572,Portfile Personal File Boxes,Stable Profit Cluster,Protect,No Escalation,Protect,Negative Deviation,-0.7278092515528356,True,True,False,Not Opportunity Candidate,No Opportunity Action,No positive opportunity signal,Underperformance Watch,True,Watchlist / Unresolved,Diagnose / Monitor,5,7.434,3.717,0.945699157390307,0.0,0.00029500084285955105
1480,TEC-AC-10003709,Maxell 4.7GB DVD-R 5/Pack,Stable Profit Cluster,Protect,No Escalation,Protect,Negative Deviation,-0.8132959582441778,True,True,False,Not Opportunity Candidate,No Opportunity Action,No positive opportunity signal,Underperformance Watch,True,Watchlist / Unresolved,Diagnose / Monitor,5,7.3656,1.47312,0.7201347239105319,0.0,0.00029228654939014113
1481,OFF-LA-10004055,Color-Coded Legal Exhibit Labels,Stable Profit Cluster,Protect,No Escalation,Protect,Negative Deviation,-0.7319295197172064,True,True,True,Not Opportunity Candidate,No Opportunity Action,No positive opportunity signal,Underperformance Watch,True,Watchlist / Unresolved,Diagnose / Monitor,5,7.2177,3.60885,0.4404840125759469,0.0,0.0002864174850023381
1483,OFF-FA-10000490,"OIC Binder Clips, Mini, 1/4"" Capacity, Black",Stable Profit Cluster,Protect,No Escalation,Protect,Negative Deviation,-0.8154690520592099,True,True,True,Not Opportunity Candidate,No Opportunity Action,No positive opportunity signal,Underperformance Watch,True,Watchlist / Unresolved,Diagnose / Monitor,5,7.0804,1.41608,0.5178284951298624,0.0,0.0002809690567369875
1484,OFF-LA-10002368,Avery 479,Stable Profit Cluster,Protect,No Escalation,Protect,Negative Deviation,-0.7825785304534335,True,True,True,Not Opportunity Candidate,No Opportunity Action,No positive opportunity signal,Underperformance Watch,True,Watchlist / Unresolved,Diagnose / Monitor,5,6.8382,2.2794,0.4812965655409231,0.0,0.00027135791816548045
1487,OFF-AR-10001118,"Binney & Smith Crayola Metallic Crayons, 16-Color Pack",Stable Profit Cluster,Protect,No Escalation,Protect,Negative Deviation,-0.741029159579065,True,True,False,Not Opportunity Candidate,No Opportunity Action,No positive opportunity signal,Underperformance Watch,True,Watchlist / Unresolved,Diagnose / Monitor,5,6.739999999999999,3.3699999999999997,0.9996562678299604,0.0,0.0002674610816348364
1488,OFF-AR-10002833,Newell 322,Stable Profit Cluster,Protect,No Escalation,Protect,Negative Deviation,-0.8271223819354725,True,True,True,Not Opportunity Candidate,No Opportunity Action,No positive opportunity signal,Underperformance Watch,True,Watchlist / Unresolved,Diagnose / Monitor,5,6.6612,1.1102,0.4722149284677054,0.0,0.0002643340885735864
1491,OFF-AR-10001227,Newell 338,Stable Profit Cluster,Protect,No Escalation,Protect,Negative Deviation,-0.7484505949782279,True,True,True,Not Opportunity Candidate,No Opportunity Action,No positive opportunity signal,Underperformance Watch,True,Watchlist / Unresolved,Diagnose / Monitor,5,6.3504000000000005,3.1752000000000002,0.32742982493396844,0.0,0.00025200072000205716
1493,TEC-PH-10000004,Belkin iPhone and iPad Lightning Cable,Stable Profit Cluster,Protect,No Escalation,Protect,Negative Deviation,-0.749490662670205,True,True,False,Not Opportunity Candidate,No Opportunity Action,No positive opportunity signal,Underperformance Watch,True,Watchlist / Unresolved,Diagnose / Monitor,5,6.2958,3.1479,0.9349146967894131,0.0,0.0002498340471448966
1494,OFF-LA-10000973,Avery 502,Stable Profit Cluster,Protect,No Escalation,Protect,Negative Deviation,-0.7910133651422151,True,True,True,Not Opportunity Candidate,No Opportunity Action,No positive opportunity signal,Underperformance Watch,True,Watchlist / Unresolved,Diagnose / Monitor,5,6.174,2.0580000000000003,0.22031605478193855,0.0,0.00024500070000200004
1496,OFF-AR-10001216,Newell 339,Stable Profit Cluster,Protect,No Escalation,Protect,Negative Deviation,-0.7917499210168752,True,True,False,Not Opportunity Candidate,No Opportunity Action,No positive opportunity signal,Underperformance Watch,True,Watchlist / Unresolved,Diagnose / Monitor,5,6.116,2.0386666666666664,0.7172977583133756,0.0,0.00024269910612443018
1497,OFF-AR-10001130,"Quartet Alpha White Chalk, 12/Pack",Stable Profit Cluster,Protect,No Escalation,Protect,Negative Deviation,-0.7532280487721448,True,True,True,Not Opportunity Candidate,No Opportunity Action,No positive opportunity signal,Underperformance Watch,True,Watchlist / Unresolved,Diagnose / Monitor,5,6.0996,3.0498,0.028385919119337914,0.0,0.00024204831061422078
1501,OFF-FA-10004076,Translucent Push Pins by OIC,Stable Profit Cluster,Protect,No Escalation,Protect,Negative Deviation,-0.7952422118019024,True,True,True,Not Opportunity Candidate,No Opportunity Action,No positive opportunity signal,Underperformance Watch,True,Watchlist / Unresolved,Diagnose / Monitor,5,5.841,1.947,0.2976818362630331,0.0,0.0002317863765325044
1502,OFF-AR-10004027,"Binney & Smith inkTank Erasable Desk Highlighter, Chisel Tip, Yellow, 12/Box",Stable Profit Cluster,Protect,No Escalation,Protect,Negative Deviation,-0.7964537192233263,True,True,True,Not Opportunity Candidate,No Opportunity Action,No positive opportunity signal,Underperformance Watch,True,Watchlist / Unresolved,Diagnose / Monitor,5,5.7456,1.9151999999999998,0.4884875899487963,0.0,0.00022800065143043264
1504,OFF-AR-10003087,Staples in misc. colors,Stable Profit Cluster,Protect,Intensify Action,Protect (Tight Control),Negative Deviation,-0.7970836014885528,True,True,False,Not Opportunity Candidate,No Opportunity Action,No positive opportunity signal,Underperformance Watch,True,Watchlist / Unresolved,Diagnose / Monitor,5,5.696,1.8986666666666665,1.0422390584430319,0.0,0.00022603239183857985
1505,OFF-PA-10003739,Xerox 1969,Stable Profit Cluster,Protect,No Escalation,Protect,Negative Deviation,-0.6536177561918002,True,True,True,Not Opportunity Candidate,No Opportunity Action,No positive opportunity signal,Underperformance Watch,True,Watchlist / Unresolved,Diagnose / Monitor,5,5.6644,5.6644,0.0,0.0,0.0002247784200018349
1506,OFF-PA-10002333,"Universal Ultra Bright White Copier/Laser Paper, 8 1/2"" x 11"", Ream",Stable Profit Cluster,Protect,No Escalation,Protect,Negative Deviation,-0.6546387750249499,True,True,True,Not Opportunity Candidate,No Opportunity Action,No positive opportunity signal,Underperformance Watch,True,Watchlist / Unresolved,Diagnose / Monitor,5,5.6376,5.6376,0.0,0.0,0.00022371492489978541
1508,TEC-AC-10000487,SanDisk Cruzer 4 GB USB Flash Drive,Stable Profit Cluster,Protect,No Escalation,Protect,Negative Deviation,-0.7643354383544133,True,True,True,Not Opportunity Candidate,No Opportunity Action,No positive opportunity signal,Underperformance Watch,True,Watchlist / Unresolved,Diagnose / Monitor,5,5.5165,2.75825,0.25905043563600627,0.0,0.00021890935561403192
1509,OFF-LA-10004272,Avery 482,Stable Profit Cluster,Protect,No Escalation,Protect,Negative Deviation,-0.7659222082947374,True,True,False,Not Opportunity Candidate,No Opportunity Action,No positive opportunity signal,Underperformance Watch,True,Watchlist / Unresolved,Diagnose / Monitor,5,5.4332,2.7166,0.6467919376226492,0.0,0.00021560379061400493
1513,OFF-PA-10000308,Xerox 1901,Stable Profit Cluster,Protect,No Escalation,Protect,Negative Deviation,-0.6682625188583207,True,True,True,Not Opportunity Candidate,No Opportunity Action,No positive opportunity signal,Underperformance Watch,True,Watchlist / Unresolved,Diagnose / Monitor,5,5.28,5.28,0.0,0.0,0.00020952440816497572
1515,OFF-FA-10000840,OIC Thumb-Tacks,Stable Profit Cluster,Protect,No Escalation,Protect,Negative Deviation,-0.804126599559011,True,True,True,Not Opportunity Candidate,No Opportunity Action,No positive opportunity signal,Underperformance Watch,True,Watchlist / Unresolved,Diagnose / Monitor,5,5.1414,1.7138,0.5277282402956499,0.0,0.00020402439245064508
1519,OFF-PA-10002109,Wirebound Voice Message Log Book,Stable Profit Cluster,Protect,No Escalation,Protect,Negative Deviation,-0.7751189973366158,True,True,False,Not Opportunity Candidate,No Opportunity Action,No positive opportunity signal,Underperformance Watch,True,Watchlist / Unresolved,Diagnose / Monitor,5,4.9504,2.4752,0.641455728256763,0.0,0.00019644500571588936
1520,OFF-AR-10000315,"Dixon Ticonderoga Maple Cedar Pencil, #2",Stable Profit Cluster,Protect,No Escalation,Protect,Negative Deviation,-0.8070398050356844,True,True,True,Not Opportunity Candidate,No Opportunity Action,No positive opportunity signal,Underperformance Watch,True,Watchlist / Unresolved,Diagnose / Monitor,5,4.912000000000001,1.6373333333333335,0.6093644016878091,0.0,0.00019492119183832593
1521,OFF-AR-10000896,Newell 329,Stable Profit Cluster,Protect,No Escalation,Protect,Negative Deviation,-0.7769476877840482,True,True,False,Not Opportunity Candidate,No Opportunity Action,No positive opportunity signal,Underperformance Watch,True,Watchlist / Unresolved,Diagnose / Monitor,5,4.8544,2.4272,0.9690726150452986,0.0,0.0001926354710219807
1524,TEC-AC-10003433,Maxell 4.7GB DVD+R 5/Pack,Stable Profit Cluster,Protect,No Escalation,Protect,Negative Deviation,-0.8343418994310646,True,True,True,Not Opportunity Candidate,No Opportunity Action,No positive opportunity signal,Underperformance Watch,True,Watchlist / Unresolved,Diagnose / Monitor,5,4.6035,0.9207000000000001,0.2078401397286117,0.0,0.0001826790933688382
1525,OFF-AR-10002704,Boston 1900 Electric Pencil Sharpener,Stable Profit Cluster,Protect,No Escalation,Protect,Negative Deviation,-0.6982073249350249,True,True,True,Not Opportunity Candidate,No Opportunity Action,No positive opportunity signal,Underperformance Watch,True,Watchlist / Unresolved,Diagnose / Monitor,5,4.494,4.494,0.0,0.0,0.00017833384285859865
1526,OFF-AR-10001022,SANFORD Liquid Accent Tank-Style Highlighters,Stable Profit Cluster,Protect,No Escalation,Protect,Negative Deviation,-0.8135164170370073,True,True,True,Not Opportunity Candidate,No Opportunity Action,No positive opportunity signal,Underperformance Watch,True,Watchlist / Unresolved,Diagnose / Monitor,5,4.401999999999999,1.4673333333333332,0.2954089823298138,0.0,0.00017468303877693616
1528,OFF-PA-10001661,Xerox 1922,Stable Profit Cluster,Protect,No Escalation,Protect,Negative Deviation,-0.704356296564516,True,True,True,Not Opportunity Candidate,No Opportunity Action,No positive opportunity signal,Underperformance Watch,True,Watchlist / Unresolved,Diagnose / Monitor,5,4.3326,4.3326,0.0,0.0,0.00017192906265446473
1530,OFF-AR-10001473,Newell 313,Stable Profit Cluster,Protect,No Escalation,Protect,Negative Deviation,-0.8152689120491299,True,True,False,Not Opportunity Candidate,No Opportunity Action,No positive opportunity signal,Underperformance Watch,True,Watchlist / Unresolved,Diagnose / Monitor,5,4.264,1.4213333333333333,0.6711849749255305,0.0,0.00016920683265444253
1532,OFF-AR-10000422,Pencil and Crayon Sharpener,Stable Profit Cluster,Protect,No Escalation,Protect,Negative Deviation,-0.8335418473603129,True,True,True,Not Opportunity Candidate,No Opportunity Action,No positive opportunity signal,Underperformance Watch,True,Watchlist / Unresolved,Diagnose / Monitor,5,3.7668,0.9417,0.5638507067349183,0.0,0.00014947661755224063
1533,OFF-AR-10001972,Newell 323,Stable Profit Cluster,Protect,No Escalation,Protect,Negative Deviation,-0.8216286910496444,True,True,True,Not Opportunity Candidate,No Opportunity Action,No positive opportunity signal,Underperformance Watch,True,Watchlist / Unresolved,Diagnose / Monitor,5,3.7632000000000003,1.2544000000000002,0.5368521304226259,0.0,0.00014933376000121908
1534,TEC-AC-10002370,Maxell CD-R Discs,Stable Profit Cluster,Protect,No Escalation,Protect,Negative Deviation,-0.8223855657070539,True,True,False,Not Opportunity Candidate,No Opportunity Action,No positive opportunity signal,Underperformance Watch,True,Watchlist / Unresolved,Diagnose / Monitor,5,3.7036,1.2345333333333333,0.7533505661437453,0.0,0.00014696867387875077
1536,OFF-ST-10001627,Eldon Jumbo ProFile Portable File Boxes Graphite/Black,Stable Profit Cluster,Protect,No Escalation,Protect,Negative Deviation,-0.7294322143249318,True,True,True,Not Opportunity Candidate,No Opportunity Action,No positive opportunity signal,Underperformance Watch,True,Watchlist / Unresolved,Diagnose / Monitor,5,3.6744,3.6744,0.0,0.0,0.00014580994040935355
1539,TEC-AC-10003133,Memorex Mini Travel Drive 4 GB USB 2.0 Flash Drive,Stable Profit Cluster,Protect,No Escalation,Protect,Negative Deviation,-0.7332496056339467,True,True,True,Not Opportunity Candidate,No Opportunity Action,No positive opportunity signal,Underperformance Watch,True,Watchlist / Unresolved,Diagnose / Monitor,5,3.5742,3.5742,0.0,0.0,0.0001418337385725864
1540,OFF-AR-10000823,Newell 307,Stable Profit Cluster,Protect,No Escalation,Protect,Negative Deviation,-0.8241177419364274,True,True,True,Not Opportunity Candidate,No Opportunity Action,No positive opportunity signal,Underperformance Watch,True,Watchlist / Unresolved,Diagnose / Monitor,5,3.5672,1.1890666666666667,0.2039784622946133,0.0,0.00014155596000115558
1542,OFF-AR-10004707,Staples in misc. colors,Stable Profit Cluster,Protect,No Escalation,Protect,Negative Deviation,-0.8032808302270735,True,True,True,Not Opportunity Candidate,No Opportunity Action,No positive opportunity signal,Underperformance Watch,True,Watchlist / Unresolved,Diagnose / Monitor,5,3.472,1.736,0.6170609435348136,0.0,0.00013777817142969614
1544,OFF-FA-10001754,Stockwell Gold Paper Clips,Stable Profit Cluster,Protect,No Escalation,Protect,Negative Deviation,-0.8045761526273381,True,True,True,Not Opportunity Candidate,No Opportunity Action,No positive opportunity signal,Underperformance Watch,True,Watchlist / Unresolved,Diagnose / Monitor,5,3.404,1.702,0.07319402290930517,0.0,0.00013507975102151085
1545,OFF-LA-10002473,Avery 484,Stable Profit Cluster,Protect,No Escalation,Protect,Negative Deviation,-0.7421416129345862,True,True,True,Not Opportunity Candidate,No Opportunity Action,No positive opportunity signal,Underperformance Watch,True,Watchlist / Unresolved,Diagnose / Monitor,5,3.3408,3.3408,0.0,0.0,0.000132571807348021
1547,OFF-AR-10003986,Avery Hi-Liter Pen Style Six-Color Fluorescent Set,Stable Profit Cluster,Protect,No Escalation,Protect,Negative Deviation,-0.749143973439546,True,True,True,Not Opportunity Candidate,No Opportunity Action,No positive opportunity signal,Underperformance Watch,True,Watchlist / Unresolved,Diagnose / Monitor,5,3.157,3.157,0.0,0.0,0.0001252781357153084
1549,OFF-PA-10000048,Xerox 20,Stable Profit Cluster,Protect,No Escalation,Protect,Negative Deviation,-0.7509193270822615,True,True,True,Not Opportunity Candidate,No Opportunity Action,No positive opportunity signal,Underperformance Watch,True,Watchlist / Unresolved,Diagnose / Monitor,5,3.1104,3.1104,0.0,0.0,0.00012342892408264024
1550,OFF-AR-10001149,"Avery Hi-Liter Comfort Grip Fluorescent Highlighter, Yellow Ink",Stable Profit Cluster,Protect,No Escalation,Protect,Negative Deviation,-0.8114718395228641,True,True,True,Not Opportunity Candidate,No Opportunity Action,No positive opportunity signal,Underperformance Watch,True,Watchlist / Unresolved,Diagnose / Monitor,5,3.042,1.521,0.0,0.0,0.00012071463061323032
1551,OFF-AR-10002221,12 Colored Short Pencils,Stable Profit Cluster,Protect,No Escalation,Protect,Negative Deviation,-0.8311175625935433,True,True,False,Not Opportunity Candidate,No Opportunity Action,No positive opportunity signal,Underperformance Watch,True,Watchlist / Unresolved,Diagnose / Monitor,5,3.016,1.0053333333333334,0.7607592650433495,0.0,0.00011968288163363007
1552,OFF-AR-10004790,Staples in misc. colors,Stable Profit Cluster,Protect,No Escalation,Protect,Negative Deviation,-0.8124147580348214,True,True,True,Not Opportunity Candidate,No Opportunity Action,No positive opportunity signal,Underperformance Watch,True,Watchlist / Unresolved,Diagnose / Monitor,5,2.9925,1.49625,0.2418886787733988,0.0,0.00011875033928668368
1553,OFF-AR-10004974,Newell 342,Stable Profit Cluster,Protect,No Escalation,Protect,Negative Deviation,-0.7607028209760244,True,True,True,Not Opportunity Candidate,No Opportunity Action,No positive opportunity signal,Underperformance Watch,True,Watchlist / Unresolved,Diagnose / Monitor,5,2.8536,2.8536,0.0,0.0,0.00011323841877643461
1554,OFF-LA-10003388,Avery 5,Stable Profit Cluster,Protect,No Escalation,Protect,Negative Deviation,-0.7618914697668554,True,True,True,Not Opportunity Candidate,No Opportunity Action,No positive opportunity signal,Underperformance Watch,True,Watchlist / Unresolved,Diagnose / Monitor,5,2.8224,2.8224,0.0,0.0,0.00011200032000091429
1556,OFF-AR-10003477,4009 Highlighters,Stable Profit Cluster,Protect,No Escalation,Protect,Negative Deviation,-0.7652745470946052,True,True,True,Not Opportunity Candidate,No Opportunity Action,No positive opportunity signal,Underperformance Watch,True,Watchlist / Unresolved,Diagnose / Monitor,5,2.7336,2.7336,0.0,0.0,0.00010847650040904879
1557,OFF-PA-10003919,Xerox 1989,Stable Profit Cluster,Protect,No Escalation,Protect,Negative Deviation,-0.7669660857584801,True,True,True,Not Opportunity Candidate,No Opportunity Action,No positive opportunity signal,Underperformance Watch,True,Watchlist / Unresolved,Diagnose / Monitor,5,2.6892,2.6892,0.0,0.0,0.00010671459061311604
1558,OFF-ST-10004835,Plastic Stacking Crates & Casters,Stable Profit Cluster,Protect,No Escalation,Protect,Negative Deviation,-0.843908236334195,True,True,True,Not Opportunity Candidate,No Opportunity Action,No positive opportunity signal,Underperformance Watch,True,Watchlist / Unresolved,Diagnose / Monitor,5,2.6784,0.6696,0.29619070041455253,0.0,0.00010628601796005131
1560,TEC-PH-10001795,RCA H5401RE1 DECT 6.0 4-Line Cordless Handset With Caller ID/Call Waiting,Stable Profit Cluster,Protect,No Escalation,Protect,Negative Deviation,-0.7779953750195563,True,True,True,Not Opportunity Candidate,No Opportunity Action,No positive opportunity signal,Underperformance Watch,True,Watchlist / Unresolved,Diagnose / Monitor,5,2.3997,2.3997,0.0,0.0,9.522646255179778e-05
1561,OFF-EN-10001535,Grip Seal Envelopes,Stable Profit Cluster,Protect,No Escalation,Protect,Negative Deviation,-0.7784868355773037,True,True,True,Not Opportunity Candidate,No Opportunity Action,No positive opportunity signal,Underperformance Watch,True,Watchlist / Unresolved,Diagnose / Monitor,5,2.3868,2.3868,0.0,0.0,9.471455632730379e-05
1563,OFF-AR-10000369,Design Ebony Sketching Pencil,Stable Profit Cluster,Protect,No Escalation,Protect,Negative Deviation,-0.8401162435036165,True,True,True,Not Opportunity Candidate,No Opportunity Action,No positive opportunity signal,Underperformance Watch,True,Watchlist / Unresolved,Diagnose / Monitor,5,2.3074,0.7691333333333333,0.28817194850563355,0.0,9.156375367421684e-05
1564,TEC-PH-10003655,Sannysis Cute Owl Design Soft Skin Case Cover for Samsung Galaxy S4,Stable Profit Cluster,Protect,No Escalation,Protect,Negative Deviation,-0.8256670491210576,True,True,True,Not Opportunity Candidate,No Opportunity Action,No positive opportunity signal,Underperformance Watch,True,Watchlist / Unresolved,Diagnose / Monitor,5,2.2967999999999997,1.1483999999999999,0.4594559649378787,0.0,9.114311755176443e-05
1565,OFF-SU-10001212,Kleencut Forged Office Shears by Acme United Corporation,Stable Profit Cluster,Protect,No Escalation,Protect,Negative Deviation,-0.8258346790787388,True,True,False,Not Opportunity Candidate,No Opportunity Action,No positive opportunity signal,Underperformance Watch,True,Watchlist / Unresolved,Diagnose / Monitor,5,2.2880000000000003,1.1440000000000001,0.7367966337044608,0.0,9.079391020482282e-05
1566,OFF-AR-10004272,Newell 308,Stable Profit Cluster,Protect,No Escalation,Protect,Negative Deviation,-0.8294158645382937,True,True,True,Not Opportunity Candidate,No Opportunity Action,No positive opportunity signal,Underperformance Watch,True,Watchlist / Unresolved,Diagnose / Monitor,5,2.1,1.05,0.22786632961732017,0.0,8.33335714292517e-05
1572,OFF-AP-10003914,"Sanitaire Vibra Groomer IR Commercial Upright Vacuum, Replacement Belts",Stable Profit Cluster,Protect,No Escalation,Protect,Negative Deviation,-0.8198914351245837,True,True,True,Not Opportunity Candidate,No Opportunity Action,No positive opportunity signal,Underperformance Watch,True,Watchlist / Unresolved,Diagnose / Monitor,5,1.3,1.3,0.0,0.0,5.158744898001296e-05
1575,OFF-AR-10003958,Newell 337,Stable Profit Cluster,Protect,No Escalation,Protect,Negative Deviation,-0.8469255755724583,True,True,True,Not Opportunity Candidate,No Opportunity Action,No positive opportunity signal,Underperformance Watch,True,Watchlist / Unresolved,Diagnose / Monitor,5,1.1808,0.5904,0.0,0.0,4.685727673507639e-05
1579,OFF-FA-10002701,Alliance Rubber Bands,Stable Profit Cluster,Protect,No Escalation,Protect,Negative Deviation,-0.8591778015702548,True,True,True,Not Opportunity Candidate,No Opportunity Action,No positive opportunity signal,Underperformance Watch,True,Watchlist / Unresolved,Diagnose / Monitor,5,0.5376000000000001,0.26880000000000004,0.1820146159054545,0.0,2.1333394285888438e-05
1581,TEC-AC-10002380,Sony 8GB Class 10 Micro SDHC R40 Memory Card,Stable Profit Cluster,Protect,No Escalation,Protect,Negative Deviation,-0.8564690538449956,True,True,True,Not Opportunity Candidate,No Opportunity Action,No positive opportunity signal,Underperformance Watch,True,Watchlist / Unresolved,Diagnose / Monitor,5,0.3399,0.3399,0.0,0.0,1.348813377562031e-05
1582,OFF-FA-10003472,Bagged Rubber Bands,Stable Profit Cluster,Protect,Intensify Action,Protect (Tight Control),Negative Deviation,-0.867114318112111,True,False,False,Not Opportunity Candidate,No Opportunity Action,No positive opportunity signal,Underperformance Watch,True,Watchlist / Unresolved,Diagnose / Monitor,5,0.3024,0.06048,1.2146826731438065,0.2,1.2000034285812245e-05
1583,OFF-SU-10003002,Letter Slitter,Stable Profit Cluster,Protect,No Escalation,Protect,Negative Deviation,-0.8636580931664639,True,True,True,Not Opportunity Candidate,No Opportunity Action,No positive opportunity signal,Underperformance Watch,True,Watchlist / Unresolved,Diagnose / Monitor,5,0.3024,0.1512,0.0,0.0,1.2000034285812245e-05
1722,FUR-FU-10002703,"Tenex Traditional Chairmats for Hard Floors, Average Lip, 36"" x 48""",Stable Loss Cluster,Correct,Intensify Action,Correct — Accelerated,Negative Deviation,-0.15882796530127138,False,True,True,Not Opportunity Candidate,No Opportunity Action,No positive opportunity signal,Underperformance Watch,True,Watchlist / Unresolved,Diagnose / Monitor,5,-46.403999999999996,-23.201999999999998,2.3315655866056706,0.5,-0.0018414338326680933
1733,OFF-ST-10000676,Fellowes Econo/Stor Drawers,Stable Loss Cluster,Correct,Intensify Action,Correct — Accelerated,Negative Deviation,-0.2781400478624068,False,True,True,Not Opportunity Candidate,No Opportunity Action,No positive opportunity signal,Underperformance Watch,True,Watchlist / Unresolved,Diagnose / Monitor,5,-56.2194,-28.1097,1.9815473512740025,0.5,-0.002230934945528416
1746,FUR-BO-10004360,Rush Hierlooms Collection Rich Wood Bookcases,Stable Loss Cluster,Correct,Intensify Action,Correct — Accelerated,Negative Deviation,-0.45575525335243233,False,True,True,Not Opportunity Candidate,No Opportunity Action,No positive opportunity signal,Underperformance Watch,True,Watchlist / Unresolved,Diagnose / Monitor,5,-70.8312,-35.4156,2.233905992222826,0.5,-0.002810769935533149
1762,FUR-BO-10003893,Sauder Camden County Collection Library,Stable Loss Cluster,Correct,Intensify Action,Correct — Accelerated,Negative Deviation,-0.8526453388596066,False,True,True,Not Opportunity Candidate,No Opportunity Action,No positive opportunity signal,Underperformance Watch,True,Watchlist / Unresolved,Diagnose / Monitor,5,-103.482,-51.741,2.3455386069116444,0.5,-0.004106440304115154
1775,OFF-ST-10001418,Carina Media Storage Towers in Natural & Black,Stable Loss Cluster,Correct,Intensify Action,Correct — Accelerated,Negative Deviation,-0.1877582948339958,False,False,True,Not Opportunity Candidate,No Opportunity Action,No positive opportunity signal,Underperformance Watch,True,Watchlist / Unresolved,Diagnose / Monitor,5,-121.96000000000001,-24.392000000000003,1.1295400991896276,0.6,-0.004839696367386447
1798,OFF-AP-10004233,Honeywell Enviracaire Portable Air Cleaner for up to 8 x 10 Room,Stable Loss Cluster,Correct,Intensify Action,Correct — Accelerated,Negative Deviation,-1.749013917069073,False,True,True,Not Opportunity Candidate,No Opportunity Action,No positive opportunity signal,Underperformance Watch,True,Watchlist / Unresolved,Diagnose / Monitor,5,-177.22320000000002,-88.61160000000001,2.1793722317491966,0.5,-0.007032686760057411
1812,OFF-ST-10004123,Safco Industrial Wire Shelving System,Stable Loss Cluster,Correct,Intensify Action,Correct — Accelerated,Negative Deviation,-0.25830940097178223,False,True,True,Not Opportunity Candidate,No Opportunity Action,No positive opportunity signal,Underperformance Watch,True,Watchlist / Unresolved,Diagnose / Monitor,5,-218.352,-27.294,1.6179759201446953,0.5,-0.008664786661295222
1813,FUR-FU-10002116,"Tenex Carpeted, Granite-Look or Clear Contemporary Contour Shape Chair Mats",Stable Loss Cluster,Correct,Intensify Action,Correct — Accelerated,Negative Deviation,-0.6777578501540951,False,True,True,Not Opportunity Candidate,No Opportunity Action,No positive opportunity signal,Underperformance Watch,True,Watchlist / Unresolved,Diagnose / Monitor,5,-222.7365,-44.5473,1.9790534566080829,0.4,-0.008838775253643582
1833,OFF-ST-10001809,Fellowes Officeware Wire Shelving,Stable Loss Cluster,Correct,Intensify Action,Correct — Accelerated,Negative Deviation,-0.32933568058928875,False,True,True,Not Opportunity Candidate,No Opportunity Action,No positive opportunity signal,Underperformance Watch,True,Watchlist / Unresolved,Diagnose / Monitor,5,-332.371,-30.215545454545452,2.105610029081053,0.36363636363636365,-0.013189363080719912
1844,OFF-SU-10000646,Premier Automatic Letter Opener,Stable Loss Cluster,Correct,Intensify Action,Correct — Accelerated,Negative Deviation,-1.6751107824976963,False,False,True,Not Opportunity Candidate,No Opportunity Action,No positive opportunity signal,Underperformance Watch,True,Watchlist / Unresolved,Diagnose / Monitor,5,-427.8586,-85.57172,1.1473634196149405,0.6,-0.016978564383199828
1849,FUR-TA-10001539,Chromcraft Rectangular Conference Tables,Stable Loss Cluster,Correct,Intensify Action,Correct — Accelerated,Negative Deviation,-0.8109759398519684,False,False,True,Not Opportunity Candidate,No Opportunity Action,No positive opportunity signal,Underperformance Watch,True,Watchlist / Unresolved,Diagnose / Monitor,5,-450.243,-50.027,2.0538581380283145,0.5555555555555556,-0.01786683676239075
1854,OFF-ST-10002743,SAFCO Boltless Steel Shelving,Stable Loss Cluster,Correct,Intensify Action,Correct — Accelerated,Negative Deviation,-0.7385275875656662,False,True,True,Not Opportunity Candidate,No Opportunity Action,No positive opportunity signal,Underperformance Watch,True,Watchlist / Unresolved,Diagnose / Monitor,5,-470.4696,-47.04696,1.3255886438458668,0.5,-0.018669481912805465
1861,FUR-FU-10003806,"Tenex Chairmat w/ Average Lip, 45"" x 53""",Stable Loss Cluster,Correct,Intensify Action,Correct — Accelerated,Negative Deviation,-2.81453497160021,False,True,True,Not Opportunity Candidate,No Opportunity Action,No positive opportunity signal,Underperformance Watch,True,Watchlist / Unresolved,Diagnose / Monitor,5,-529.76,-132.44,1.8259713773785946,0.5,-0.021022282285885895
1867,FUR-BO-10004467,Bestar Classic Bookcase,Stable Loss Cluster,Correct,Intensify Action,Correct — Accelerated,Negative Deviation,-1.457418987130419,False,True,True,Not Opportunity Candidate,No Opportunity Action,No positive opportunity signal,Underperformance Watch,True,Watchlist / Unresolved,Diagnose / Monitor,5,-612.9386999999999,-76.61733749999999,1.944196282838017,0.5,-0.024323033780096513
1,OFF-BI-10003527,Fellowes PB500 Electric Punch Plastic Comb Binding Machine with Manual Bind,Extreme Impact Tail,Optimize,Reroute Action,Reroute to Correct,Role-Aligned,-0.2801300747608952,False,False,False,Not Opportunity Candidate,No Opportunity Action,No positive opportunity signal,Neutral,False,,,,7753.039,775.3039,2.0137278562785217,0.2,0.3076611568096544
2,TEC-CO-10001449,Hewlett Packard LaserJet 3310 Copier,Extreme Impact Tail,Optimize,Reroute Action,Reroute to Correct,Role-Aligned,-0.17928245903942316,True,True,False,Not Opportunity Candidate,No Opportunity Action,No positive opportunity signal,Neutral,False,,,,6983.8836,872.98545,0.9420202092562737,0.0,0.2771390299210379
3,TEC-CO-10003763,Canon PC1060 Personal Laser Copier,Extreme Impact Tail,Optimize,Reroute Action,Reroute to Correct,Role-Aligned,0.09920887669746033,True,True,False,Not Opportunity Candidate,No Opportunity Action,No positive opportunity signal,Neutral,False,,,,4570.9347,1142.733675,0.7159900715763089,0.0,0.18138681586709296
4,TEC-MA-10001127,"HP Designjet T520 Inkjet Large Format Printer - 24"" Color",Extreme Impact Tail,Optimize,Reroute Action,Reroute to Correct,Role-Aligned,0.32867127077311925,False,False,False,Not Opportunity Candidate,No Opportunity Action,No positive opportunity signal,Neutral,False,,,,4094.9766,1364.9922,1.4795924821274122,0.3333333333333333,0.1624995357129592
7,TEC-AC-10002049,Plantronics Savi W720 Multi-Device Wireless Headset System,Extreme Impact Tail,Optimize,Reroute Action,Reroute to Correct,Role-Aligned,-0.5354080259746915,True,True,True,Not Opportunity Candidate,No Opportunity Action,No positive opportunity signal,Neutral,False,,,,3696.2819999999997,528.0402857142857,0.3444449827627768,0.0,0.14667827622364635
8,OFF-BI-10001120,Ibico EPK-21 Electric Binding System,Extreme Impact Tail,Optimize,Reroute Action,Reroute to Correct,Role-Aligned,0.07067344458868648,False,False,False,Not Opportunity Candidate,No Opportunity Action,No positive opportunity signal,Neutral,False,,,,3345.2823,1115.0941,3.4138792943345844,0.3333333333333333,0.13274967690383876
13,TEC-CO-10001046,Canon Imageclass D680 Copier / Fax,Extreme Impact Tail,Optimize,Reroute Action,Reroute to Correct,Role-Aligned,-0.502420689021828,True,True,False,Not Opportunity Candidate,No Opportunity Action,No positive opportunity signal,Neutral,False,,,,2799.96,559.992,0.7638431563548297,0.0,0.11110984126621315
16,TEC-AC-10003870,Logitech Z-906 Speaker sys - home theater - 5.1-CH,Extreme Impact Tail,Optimize,Reroute Action,Reroute to Correct,Role-Aligned,-0.501397568614955,True,True,True,Not Opportunity Candidate,No Opportunity Action,No positive opportunity signal,Neutral,False,,,,2243.9320000000002,560.9830000000001,0.22517528166542125,0.0,0.08904517504970651
19,TEC-CO-10001766,Canon PC940 Copier,Extreme Impact Tail,Optimize,Reroute Action,Reroute to Correct,Role-Aligned,-0.3604717661742227,True,True,False,Not Opportunity Candidate,No Opportunity Action,No positive opportunity signal,Neutral,False,,,,2092.4535,697.4845,1.005486568154644,0.0,0.08303410628792274
21,OFF-ST-10001490,"Hot File 7-Pocket, Floor Stand",High-Impact Profit Cluster,Optimize,Reroute Action,Reroute to Correct,Role-Aligned,-0.2625788366132655,True,True,True,Not Opportunity Candidate,No Opportunity Action,No positive opportunity signal,Neutral,False,,,,2016.7109999999998,155.13161538461537,0.7893485140324467,0.0,0.08002844293840838
24,OFF-ST-10003208,Adjustable Depth Letter/Legal Cart,High-Impact Profit Cluster,Optimize,Reroute Action,Reroute to Correct,Role-Aligned,-0.06020534631746459,True,True,False,Not Opportunity Candidate,No Opportunity Action,No positive opportunity signal,Neutral,False,,,,1932.549,175.68627272727272,0.9922445838887066,0.0,0.07668867149144236
25,FUR-CH-10000454,"Hon Deluxe Fabric Upholstered Stacking Chairs, Rounded Back",High-Impact Profit Cluster,Optimize,Reroute Action,Reroute to Correct,Role-Aligned,-0.20854060765621604,True,True,False,Not Opportunity Candidate,No Opportunity Action,No positive opportunity signal,Neutral,False,,,,1927.442,160.62016666666668,1.0575878425478131,0.0,0.07648601218225703
27,TEC-CO-10003236,Canon Image Class D660 Copier,Extreme Impact Tail,Optimize,Reroute Action,Reroute to Correct,Role-Aligned,-0.20715712158370783,True,True,False,Not Opportunity Candidate,No Opportunity Action,No positive opportunity signal,Neutral,False,,,,1691.9718,845.9859,0.8923923988881765,0.0,0.06714192992932361
31,TEC-AC-10003832,Logitech P710e Mobile Speakerphone,High-Impact Profit Cluster,Optimize,Reroute Action,Reroute to Correct,Role-Aligned,0.010009996055348587,False,False,False,Not Opportunity Candidate,No Opportunity Action,No positive opportunity signal,Neutral,False,,,,1645.3611,182.8179,1.1033645225252893,0.3333333333333333,0.06529229369226769
32,OFF-ST-10002615,"Dual Level, Single-Width Filing Carts",High-Impact Profit Cluster,Optimize,Reroute Action,Reroute to Correct,Role-Aligned,0.0047302238529156005,True,True,True,Not Opportunity Candidate,No Opportunity Action,No positive opportunity signal,Neutral,False,,,,1640.5348,182.28164444444442,0.6556308663417635,0.0,0.06510077330379674
35,OFF-ST-10000078,Tennsco 6- and 18-Compartment Lockers,High-Impact Profit Cluster,Optimize,Reroute Action,Reroute to Correct,Role-Aligned,-0.38013380591248747,True,False,False,Not Opportunity Candidate,No Opportunity Action,No positive opportunity signal,Neutral,False,,,,1575.1098,143.1918,0.9134311978484574,0.2727272727272727,0.06250453572724493
36,FUR-CH-10004063,Global Deluxe High-Back Manager's Chair,High-Impact Profit Cluster,Optimize,Reroute Action,Reroute to Correct,Role-Aligned,0.12821634825328834,False,False,False,Not Opportunity Candidate,No Opportunity Action,No positive opportunity signal,Neutral,False,,,,1558.591,194.823875,1.5189021686028115,0.375,0.061849025917851824
38,OFF-LA-10003930,"Dot Matrix Printer Tape Reel Labels, White, 5000/Box",High-Impact Profit Cluster,Optimize,Reroute Action,Reroute to Correct,Role-Aligned,0.07814567347851696,True,True,True,Not Opportunity Candidate,No Opportunity Action,No positive opportunity signal,Neutral,False,,,,1517.9064,189.7383,0.5459741993104916,0.0,0.06023455305110396
43,FUR-CH-10004086,Hon 4070 Series Pagoda Armless Upholstered Stacking Chairs,High-Impact Profit Cluster,Optimize,Reroute Action,Reroute to Correct,Role-Aligned,-0.08094932170920438,True,False,False,Not Opportunity Candidate,No Opportunity Action,No positive opportunity signal,Neutral,False,,,,1388.6348,173.57935,1.2807067491524327,0.25,0.055104712997592696
44,OFF-ST-10001526,Iceberg Mobile Mega Data/Printer Cart,High-Impact Profit Cluster,Optimize,Intensify Action,Optimize (Risk-Controlled),Role-Aligned,-0.08098205841913925,True,True,True,Not Opportunity Candidate,No Opportunity Action,No positive opportunity signal,Neutral,False,,,,1388.6082,173.576025,0.8125278605735409,0.0,0.05510365743902125
47,FUR-CH-10001854,Office Star - Professional Matrix Back Chair with 2-to-1 Synchro Tilt and Mesh Fabric Seat,High-Impact Profit Cluster,Optimize,Reroute Action,Reroute to Correct,Role-Aligned,-0.18308441073597312,True,True,False,Not Opportunity Candidate,No Opportunity Action,No positive opportunity signal,Neutral,False,,,,1305.6456,163.2057,1.3025083127895511,0.0,0.05181148136613724
49,OFF-PA-10000994,Xerox 1915,High-Impact Profit Cluster,Optimize,Intensify Action,Optimize (Risk-Controlled),Role-Aligned,-0.4089401415296059,True,True,True,Not Opportunity Candidate,No Opportunity Action,No positive opportunity signal,Neutral,False,,,,1262.394,140.266,0.6889146323541039,0.0,0.05009514312898037
50,OFF-ST-10001496,Standard Rollaway File with Lock,High-Impact Profit Cluster,Optimize,Intensify Action,Optimize (Risk-Controlled),Role-Aligned,-0.548088388599376,True,True,True,Not Opportunity Candidate,No Opportunity Action,No positive opportunity signal,Neutral,False,,,,1261.3300000000002,126.13300000000001,0.6612443994105858,0.0,0.05005292078612289
51,FUR-FU-10002937,"GE 48"" Fluorescent Tube, Cool White Energy Saver, 34 Watts, 30/Box",High-Impact Profit Cluster,Optimize,Intensify Action,Optimize (Risk-Controlled),Role-Aligned,-0.238988619536701,True,True,True,Not Opportunity Candidate,No Opportunity Action,No positive opportunity signal,Neutral,False,,,,1260.221,157.527625,0.6284042964945493,0.0,0.05000891272387763
52,OFF-ST-10003306,Letter Size Cart,High-Impact Profit Cluster,Optimize,Intensify Action,Optimize (Risk-Controlled),Role-Aligned,-0.24802050550920884,True,True,True,Not Opportunity Candidate,No Opportunity Action,No positive opportunity signal,Neutral,False,,,,1252.8822,156.610275,0.7173873674109597,0.0,0.04971768966958953
53,FUR-CH-10002335,Hon GuestStacker Chair,High-Impact Profit Cluster,Optimize,Intensify Action,Optimize (Risk-Controlled),Role-Aligned,-0.4410031917824993,True,True,False,Not Opportunity Candidate,No Opportunity Action,No positive opportunity signal,Neutral,False,,,,1233.0848,137.00942222222224,0.9664013832573646,0.0,0.04893207631386884
54,TEC-AC-10004666,Maxell iVDR EX 500GB Cartridge,Extreme Impact Tail,Optimize,Intensify Action,Optimize (Risk-Controlled),Role-Aligned,-0.4689509206359413,True,True,True,Not Opportunity Candidate,No Opportunity Action,No positive opportunity signal,Neutral,False,,,,1184.8220000000001,592.4110000000001,0.5654436276172715,0.0,0.04701688036568994
56,TEC-PH-10000984,Panasonic KX-TG9471B,High-Impact Profit Cluster,Optimize,Intensify Action,Optimize (Risk-Controlled),Role-Aligned,-0.1469924517551296,True,True,True,Not Opportunity Candidate,No Opportunity Action,No positive opportunity signal,Neutral,False,,,,1168.1004,166.8714857142857,0.553518322770749,0.0,0.046353322914255944
57,TEC-CO-10004202,Brother DCP1000 Digital 3 in 1 Multifunction Machine,High-Impact Profit Cluster,Optimize,Intensify Action,Optimize (Risk-Controlled),Role-Aligned,-0.16547255307246173,True,True,True,Not Opportunity Candidate,No Opportunity Action,No positive opportunity signal,Neutral,False,,,,1154.9615000000001,164.99450000000002,0.5292738994143878,0.0,0.04583193650394557
61,TEC-PH-10002624,Samsung Galaxy S4 Mini,High-Impact Profit Cluster,Optimize,Intensify Action,Optimize (Risk-Controlled),Role-Aligned,0.3849058754139044,True,True,True,Not Opportunity Candidate,No Opportunity Action,No positive opportunity signal,Neutral,False,,,,1104.4765,220.8953,0.845427217098671,0.0,0.043828557764133295
63,OFF-BI-10004318,Ibico EB-19 Dual Function Manual Binding System,High-Impact Profit Cluster,Optimize,Intensify Action,Optimize (Risk-Controlled),Role-Aligned,-0.4529387719631829,True,False,False,Not Opportunity Candidate,No Opportunity Action,No positive opportunity signal,Neutral,False,,,,1086.3772,135.79715,0.9011228112572307,0.125,0.04311032952157641
65,FUR-CH-10003746,Hon 4070 Series Pagoda Round Back Stacking Chairs,High-Impact Profit Cluster,Optimize,Reroute Action,Reroute to Correct,Role-Aligned,-0.30914430316354097,True,False,False,Not Opportunity Candidate,No Opportunity Action,No positive opportunity signal,Neutral,False,,,,1052.8144,150.40205714285713,1.2553685785530624,0.2857142857142857,0.04177846857340227
67,TEC-PH-10004586,Wilson SignalBoost 841262 DB PRO Amplifier Kit,High-Impact Profit Cluster,Optimize,Reroute Action,Reroute to Correct,Role-Aligned,-0.07704569467844578,True,False,False,Not Opportunity Candidate,No Opportunity Action,No positive opportunity signal,Neutral,False,,,,1043.855,173.97583333333333,1.262884135587212,0.16666666666666666,0.04142293581156264
69,TEC-AC-10004171,Razer Kraken 7.1 Surround Sound Over Ear USB Gaming Headset,High-Impact Profit Cluster,Optimize,Intensify Action,Optimize (Risk-Controlled),Role-Aligned,-0.15573621248466776,True,True,True,Not Opportunity Candidate,No Opportunity Action,No positive opportunity signal,Neutral,False,,,,995.9004,165.9834,0.7860922527706153,0.0,0.039519970057057305
70,FUR-CH-10004675,"Lifetime Advantage Folding Chairs, 4/Carton",High-Impact Profit Cluster,Optimize,Reroute Action,Reroute to Correct,Role-Aligned,-0.42191555276438597,True,False,False,Not Opportunity Candidate,No Opportunity Action,No positive opportunity signal,Neutral,False,,,,972.6368,138.9481142857143,1.2141191806071445,0.2857142857142857,0.038596808689294666
71,TEC-PH-10001760,Bose SoundLink Bluetooth Speaker,High-Impact Profit Cluster,Optimize,Intensify Action,Optimize (Risk-Controlled),Role-Aligned,0.1144730835976233,True,True,True,Not Opportunity Candidate,No Opportunity Action,No positive opportunity signal,Neutral,False,,,,967.14,193.428,0.6945970306470957,0.0,0.03837868108194595
85,OFF-PA-10004359,Multicolor Computer Printout Paper,High-Impact Profit Cluster,Optimize,Intensify Action,Optimize (Risk-Controlled),Role-Aligned,-0.11346893556748608,True,True,True,Not Opportunity Candidate,No Opportunity Action,No positive opportunity signal,Neutral,False,,,,851.3820000000001,170.27640000000002,0.449336284455609,0.0,0.03378509652884723
86,TEC-CO-10000971,Hewlett Packard 310 Color Digital Copier,High-Impact Profit Cluster,Optimize,Intensify Action,Optimize (Risk-Controlled),Role-Aligned,-0.41160502458393866,True,True,False,Not Opportunity Candidate,No Opportunity Action,No positive opportunity signal,Neutral,False,,,,839.972,139.99533333333332,1.0962523338029193,0.0,0.03333231745741496
89,FUR-CH-10002331,Hon 4700 Series Mobuis Mid-Back Task Chairs with Adjustable Arms,High-Impact Profit Cluster,Optimize,Reroute Action,Reroute to Correct,Role-Aligned,-0.4230568015910674,True,False,False,Not Opportunity Candidate,No Opportunity Action,No positive opportunity signal,Neutral,False,,,,832.9932,138.8322,1.3713399248257294,0.16666666666666666,0.03305538015822902
90,FUR-CH-10000015,Hon Multipurpose Stacking Arm Chairs,High-Impact Profit Cluster,Optimize,Reroute Action,Reroute to Correct,Role-Aligned,-0.4535408320571698,False,False,False,Not Opportunity Candidate,No Opportunity Action,No positive opportunity signal,Neutral,False,,,,814.4159999999999,135.736,1.3241547097675976,0.3333333333333333,0.032318187575774024
96,TEC-AC-10002001,Logitech Wireless Gaming Headset G930,High-Impact Profit Cluster,Optimize,Intensify Action,Optimize (Risk-Controlled),Role-Aligned,-0.5376613772741629,True,True,True,Not Opportunity Candidate,No Opportunity Action,No positive opportunity signal,Neutral,False,,,,763.1523,127.19205,0.4776810672863463,0.0,0.030283907954022724
99,TEC-AC-10003174,Plantronics S12 Corded Telephone Headset System,High-Impact Profit Cluster,Optimize,Intensify Action,Optimize (Risk-Controlled),Role-Aligned,-0.5518100356235304,True,True,True,Not Opportunity Candidate,No Opportunity Action,No positive opportunity signal,Neutral,False,,,,754.5300000000001,125.75500000000001,0.5665608174089078,0.0,0.02994175221453014
100,FUR-CH-10000847,Global Executive Mid-Back Manager's Chair,High-Impact Profit Cluster,Optimize,Intensify Action,Optimize (Risk-Controlled),Role-Aligned,-0.5580482249211607,True,False,False,Not Opportunity Candidate,No Opportunity Action,No positive opportunity signal,Neutral,False,,,,750.7284,125.1214,1.1996066064879758,0.16666666666666666,0.029790894640651353
101,OFF-PA-10000418,Xerox 189,High-Impact Profit Cluster,Optimize,Intensify Action,Optimize (Risk-Controlled),Role-Aligned,-0.5649342564785508,True,True,True,Not Opportunity Candidate,No Opportunity Action,No positive opportunity signal,Neutral,False,,,,746.532,124.42200000000001,0.4891801908998665,0.0,0.029624370355343873
105,TEC-AC-10003911,NETGEAR AC1750 Dual Band Gigabit Smart WiFi Router,High-Impact Profit Cluster,Optimize,Intensify Action,Optimize (Risk-Controlled),Role-Aligned,-0.36596437329004855,True,True,True,Not Opportunity Candidate,No Opportunity Action,No positive opportunity signal,Neutral,False,,,,723.1547999999999,144.63096,0.35142559609180274,0.0,0.02869670103819344
106,TEC-AC-10001432,Enermax Aurora Lite Keyboard,High-Impact Profit Cluster,Optimize,Intensify Action,Optimize (Risk-Controlled),Role-Aligned,-0.36802959201964264,True,True,True,Not Opportunity Candidate,No Opportunity Action,No positive opportunity signal,Neutral,False,,,,722.106,144.4212,0.5152743331993255,0.0,0.02865508187166249
107,TEC-AC-10001908,Logitech Wireless Headset h800,High-Impact Profit Cluster,Optimize,Intensify Action,Optimize (Risk-Controlled),Role-Aligned,-0.6085897668095042,True,True,True,Not Opportunity Candidate,No Opportunity Action,No positive opportunity signal,Neutral,False,,,,719.928,119.988,0.5534834800181814,0.0,0.028568653053294438
108,OFF-AP-10003849,Hoover Shoulder Vac Commercial Portable Vacuum,High-Impact Profit Cluster,Optimize,Reroute Action,Reroute to Correct,Role-Aligned,-0.6156261082731612,False,False,False,Not Opportunity Candidate,No Opportunity Action,No positive opportunity signal,Neutral,False,,,,715.6399999999999,119.27333333333331,2.7431734861963446,0.16666666666666666,0.028398493836966514
109,TEC-PH-10002834,Google Nexus 5,High-Impact Profit Cluster,Optimize,Reroute Action,Reroute to Correct,Role-Aligned,-0.38997647927240026,True,False,False,Not Opportunity Candidate,No Opportunity Action,No positive opportunity signal,Neutral,False,,,,710.9605,142.1921,1.520492000732625,0.2,0.028212798861965004
110,OFF-PA-10003395,Xerox 1941,High-Impact Profit Cluster,Optimize,Intensify Action,Optimize (Risk-Controlled),Role-Aligned,-0.4025168544434729,True,True,True,Not Opportunity Candidate,No Opportunity Action,No positive opportunity signal,Neutral,False,,,,704.592,140.9184,0.8749139977196578,0.0,0.02796007988594253
112,TEC-AC-10003095,Logitech G35 7.1-Channel Surround Sound Headset,High-Impact Profit Cluster,Optimize,Intensify Action,Optimize (Risk-Controlled),Role-Aligned,-0.6423632212723523,True,True,True,Not Opportunity Candidate,No Opportunity Action,No positive opportunity signal,Neutral,False,,,,699.3462,116.5577,0.4126558159220397,0.0,0.027751912624512258
114,FUR-CH-10000309,Global Comet Stacking Arm Chair,High-Impact Profit Cluster,Optimize,Reroute Action,Reroute to Correct,Role-Aligned,-0.4171878233077385,False,False,False,Not Opportunity Candidate,No Opportunity Action,No positive opportunity signal,Neutral,False,,,,697.1415,139.42829999999998,1.5883838435292992,0.4,0.027664424279307463
119,TEC-MA-10004212,Cisco SPA525G2 5-Line IP Phone,Extreme Impact Tail,Optimize,Reassess Classification,Reassess Classification,Role-Aligned,-0.4109795349502856,True,True,True,Not Opportunity Candidate,No Opportunity Action,No positive opportunity signal,Neutral,False,,,,648.5624,648.5624,0.0,0.0,0.025736676707965197
123,FUR-FU-10003664,"Electrix Architect's Clamp-On Swing Arm Lamp, Black",High-Impact Profit Cluster,Optimize,Intensify Action,Optimize (Risk-Controlled),Role-Aligned,-0.24622097102550575,True,False,False,Not Opportunity Candidate,No Opportunity Action,No positive opportunity signal,Neutral,False,,,,627.1722,156.79305,1.4473658762450607,0.25,0.024887856822448064
126,FUR-TA-10001307,"SAFCO PlanMaster Heigh-Adjustable Drafting Table Base, 43w x 30d x 30-37h, Black",High-Impact Profit Cluster,Optimize,Reroute Action,Reroute to Correct,Role-Aligned,-0.5926339436154711,False,False,False,Not Opportunity Candidate,No Opportunity Action,No positive opportunity signal,Neutral,False,,,,608.043,121.6086,2.3533810050080617,0.4,0.024128759415503093
127,TEC-PH-10003601,"Ativa D5772 2-Line 5.8GHz Digital Expandable Corded/Cordless Phone System with Answering & Caller ID/Call Waiting, Black/Silver",High-Impact Profit Cluster,Optimize,No Escalation,Optimize,Role-Aligned,-0.32795985905958086,True,True,True,Not Opportunity Candidate,No Opportunity Action,No positive opportunity signal,Neutral,False,,,,593.964,148.491,0.5434039936202099,0.0,0.023570067343049554
128,TEC-PH-10002114,Xiaomi Mi3,Extreme Impact Tail,Optimize,Reassess Classification,Reassess Classification,Role-Aligned,-0.46856004940885554,True,True,True,Not Opportunity Candidate,No Opportunity Action,No positive opportunity signal,Neutral,False,,,,592.7896,592.7896,0.0,0.0,0.023523464035294067
129,TEC-AC-10004975,Plantronics Audio 995 Wireless Stereo Headset,High-Impact Profit Cluster,Optimize,No Escalation,Optimize,Role-Aligned,-0.3447737286508499,True,True,False,Not Opportunity Candidate,No Opportunity Action,No positive opportunity signal,Neutral,False,,,,587.1329999999999,146.78324999999998,1.036549479016619,0.0,0.023298995139986112
133,OFF-PA-10003228,Xerox 1917,High-Impact Profit Cluster,Optimize,No Escalation,Optimize,Role-Aligned,-0.6583052605885181,True,True,True,Not Opportunity Candidate,No Opportunity Action,No positive opportunity signal,Neutral,False,,,,574.6925,114.9385,0.4680100623547196,0.0,0.02280532309457392
137,FUR-FU-10004665,"3M Polarizing Task Lamp with Clamp Arm, Light Gray",High-Impact Profit Cluster,Optimize,No Escalation,Optimize,Role-Aligned,-0.3873467122878722,True,True,True,Not Opportunity Candidate,No Opportunity Action,No positive opportunity signal,Neutral,False,,,,569.8368,142.4592,0.576325413836234,0.0,0.022612636036102963
142,OFF-EN-10003001,Ames Color-File Green Diamond Border X-ray Mailers,High-Impact Profit Cluster,Optimize,No Escalation,Optimize,Role-Aligned,-0.41326532549180406,True,True,True,Not Opportunity Candidate,No Opportunity Action,No positive opportunity signal,Neutral,False,,,,559.3068000000001,139.82670000000002,0.5022700332789917,0.0,0.022194777699364857
152,OFF-ST-10003805,"24 Capacity Maxi Data Binder Racks, Pearl",High-Impact Profit Cluster,Optimize,No Escalation,Optimize,Role-Aligned,-0.46841142100983413,True,True,False,Not Opportunity Candidate,No Opportunity Action,No positive opportunity signal,Neutral,False,,,,536.9024999999999,134.22562499999998,0.9292918057941797,0.0,0.021305715635378003
156,TEC-PH-10001578,Polycom SoundStation2 EX Conference phone,High-Impact Profit Cluster,Optimize,Intensify Action,Optimize (Risk-Controlled),Role-Aligned,-0.5141111296566337,True,False,False,Not Opportunity Candidate,No Opportunity Action,No positive opportunity signal,Neutral,False,,,,518.336,129.584,1.3927219067741785,0.25,0.02056894765731077
163,TEC-PH-10001363,Apple iPhone 5S,High-Impact Profit Cluster,Optimize,Intensify Action,Optimize (Risk-Controlled),Role-Aligned,-0.5272673487995604,True,False,False,Not Opportunity Candidate,No Opportunity Action,No positive opportunity signal,Neutral,False,,,,512.991,128.24775,1.4655663540307657,0.25,0.02035684387669679
165,TEC-MA-10004002,Zebra GX420t Direct Thermal/Thermal Transfer Printer,High-Impact Profit Cluster,Optimize,Intensify Action,Optimize (Risk-Controlled),Role-Aligned,-0.11713544708017173,False,False,False,Not Opportunity Candidate,No Opportunity Action,No positive opportunity signal,Neutral,False,,,,509.712,169.904,1.4390858726174318,0.3333333333333333,0.020226724457307974
166,TEC-PH-10002310,Plantronics Calisto P620-M USB Wireless Speakerphone System,High-Impact Profit Cluster,Optimize,No Escalation,Optimize,Role-Aligned,-0.5453261979310521,True,True,True,Not Opportunity Candidate,No Opportunity Action,No positive opportunity signal,Neutral,False,,,,505.6542,126.41355,0.8669870554598273,0.0,0.02006570018771482
181,OFF-AP-10000938,Avanti 1.7 Cu. Ft. Refrigerator,High-Impact Profit Cluster,Optimize,Intensify Action,Optimize (Risk-Controlled),Role-Aligned,-0.6167773902626436,True,True,True,Not Opportunity Candidate,No Opportunity Action,No positive opportunity signal,Neutral,False,,,,476.6256,119.1564,0.7794762814887011,0.0,0.018913768325052357
182,TEC-PH-10002447,AT&T CL83451 4-Handset Telephone,High-Impact Profit Cluster,Optimize,Reassess Classification,Reassess Classification,Role-Aligned,-0.6237889535648964,True,True,False,Not Opportunity Candidate,No Opportunity Action,No positive opportunity signal,Neutral,False,,,,473.777,118.44425,1.0776843072913391,0.0,0.01880072831954123
187,TEC-MA-10003183,DYMO CardScan Personal V9 Business Card Scanner,High-Impact Profit Cluster,Optimize,Intensify Action,Optimize (Risk-Controlled),Role-Aligned,-0.26725172268144437,False,False,False,Not Opportunity Candidate,No Opportunity Action,No positive opportunity signal,Neutral,False,,,,463.97100000000006,154.657,1.2321562139952107,0.3333333333333333,0.01841160022361969
208,OFF-AP-10000179,Honeywell Enviracaire Portable HEPA Air Cleaner for up to 10 x 16 Room,High-Impact Profit Cluster,Optimize,No Escalation,Optimize,Role-Aligned,-0.421324627605751,True,True,True,Not Opportunity Candidate,No Opportunity Action,No positive opportunity signal,Neutral,False,,,,417.0244,139.00813333333335,0.3074589696025647,0.0,0.016548634583400397
211,OFF-BI-10003718,GBC Therma-A-Bind 250T Electric Binding System,High-Impact Profit Cluster,Optimize,No Escalation,Optimize,Role-Aligned,0.2443881016217536,True,True,True,Not Opportunity Candidate,No Opportunity Action,No positive opportunity signal,Neutral,False,,,,413.2464,206.6232,0.0,0.0,0.016398713520133865
222,TEC-MA-10002859,Ativa MDM8000 8-Sheet Micro-Cut Shredder,High-Impact Profit Cluster,Optimize,No Escalation,Optimize,Role-Aligned,0.14598056699536804,True,True,True,Not Opportunity Candidate,No Opportunity Action,No positive opportunity signal,Neutral,False,,,,393.2563,196.62815,0.7142769968388287,0.0,0.015605453317168208
239,TEC-MA-10004241,Star Micronics TSP800 TSP847IIU Receipt Printer,High-Impact Profit Cluster,Optimize,No Escalation,Optimize,Role-Aligned,-0.01616854170265146,True,True,True,Not Opportunity Candidate,No Opportunity Action,No positive opportunity signal,Neutral,False,,,,360.318,180.159,0.3362447068703324,0.0,0.014298374185831006
255,OFF-BI-10000632,Satellite Sectional Post Binders,Stable Profit Cluster,Protect,Reroute Action,Reroute to Contain / Correct,Role-Aligned,0.2702151845919656,False,False,False,Not Opportunity Candidate,No Opportunity Action,No positive opportunity signal,Neutral,False,,,,329.0478,29.913436363636364,2.4816440212956836,0.36363636363636365,0.013057489688065775
256,OFF-BI-10000977,Ibico Plastic Spiral Binding Combs,Stable Profit Cluster,Protect,Reassess Classification,Reassess Classification,Role-Aligned,0.09453584521421693,False,False,False,Not Opportunity Candidate,No Opportunity Action,No positive opportunity signal,Neutral,False,,,,328.928,25.302153846153846,2.095814575220024,0.38461538461538464,0.013052735706229002
288,OFF-BI-10001989,Premium Transparent Presentation Covers by GBC,Stable Profit Cluster,Protect,Intensify Action,Protect (Tight Control),Role-Aligned,0.21282034952775128,True,False,False,Not Opportunity Candidate,No Opportunity Action,No positive opportunity signal,Neutral,False,,,,284.0692,28.406920000000003,1.033075138879967,0.2,0.011272619509071614
290,FUR-CH-10004997,Hon Every-Day Series Multi-Task Chairs,Stable Profit Cluster,Protect,Reroute Action,Reroute to Contain / Correct,Role-Aligned,0.20482287663764698,False,False,False,Not Opportunity Candidate,No Opportunity Action,No positive opportunity signal,Neutral,False,,,,281.96999999999997,28.196999999999996,3.55473277041008,0.3,0.01118931768376481
315,TEC-AC-10000109,Sony Micro Vault Click 16 GB USB 2.0 Flash Drive,Stable Profit Cluster,Protect,No Escalation,Protect,Role-Aligned,0.21134774574799942,True,True,False,Not Opportunity Candidate,No Opportunity Action,No positive opportunity signal,Neutral,False,,,,255.3144,28.368266666666667,0.8141240147955953,0.0,0.0101315527568174
323,FUR-CH-10003817,"Global Value Steno Chair, Gray",Stable Profit Cluster,Protect,Reroute Action,Reroute to Contain / Correct,Role-Aligned,0.06777395691789123,False,False,False,Not Opportunity Candidate,No Opportunity Action,No positive opportunity signal,Neutral,False,,,,245.99699999999999,24.5997,1.849152232645389,0.3,0.009761813605181729
327,OFF-LA-10003923,Alphabetical Labels for Top Tab Filing,Stable Profit Cluster,Protect,No Escalation,Protect,Role-Aligned,0.16429960429211568,True,True,False,Not Opportunity Candidate,No Opportunity Action,No positive opportunity signal,Neutral,False,,,,244.2,27.133333333333333,0.6467998639792449,0.0,0.009690503877630126
341,TEC-PH-10001750,Samsung Rugby III,Stable Profit Cluster,Protect,No Escalation,Protect,Role-Aligned,0.22420128072278145,True,True,False,Not Opportunity Candidate,No Opportunity Action,No positive opportunity signal,Neutral,False,,,,229.6452,28.70565,0.7987209659258833,0.0,0.009112930798849901
352,OFF-PA-10000176,Xerox 1887,Stable Profit Cluster,Protect,No Escalation,Protect,Role-Aligned,0.16044855999917232,True,True,False,Not Opportunity Candidate,No Opportunity Action,No positive opportunity signal,Neutral,False,,,,216.258,27.03225,0.7207433834376465,0.0,0.00858169118578434
357,OFF-BI-10000666,Surelock Post Binders,Stable Profit Cluster,Protect,Intensify Action,Protect (Tight Control),Role-Aligned,0.13476117387039643,True,False,False,Not Opportunity Candidate,No Opportunity Action,No positive opportunity signal,Neutral,False,,,,210.864,26.358,1.4795085028763892,0.25,0.008367642955170349
360,OFF-PA-10001970,Xerox 1881,Stable Profit Cluster,Protect,No Escalation,Protect,Role-Aligned,-0.15234738249113086,True,True,True,Not Opportunity Candidate,No Opportunity Action,No positive opportunity signal,Neutral,False,,,,207.04080000000002,18.82189090909091,0.6074521477952437,0.0,0.008215928235985437
361,OFF-AP-10001205,Belkin 5 Outlet SurgeMaster Power Centers,Stable Profit Cluster,Protect,Reroute Action,Reroute to Contain / Correct,Role-Aligned,-0.08070427809831653,False,False,False,Not Opportunity Candidate,No Opportunity Action,No positive opportunity signal,Neutral,False,,,,207.024,20.7024,4.680285512413576,0.1,0.008215261567414003
363,OFF-AR-10001953,Boston 1645 Deluxe Heavier-Duty Electric Pencil Sharpener,Stable Profit Cluster,Protect,No Escalation,Protect,Role-Aligned,0.25319173897223196,True,True,False,Not Opportunity Candidate,No Opportunity Action,No positive opportunity signal,Neutral,False,,,,206.2662,29.4666,0.8962354488246483,0.0,0.00818519005292396
365,OFF-PA-10001019,Xerox 1884,Stable Profit Cluster,Protect,No Escalation,Protect,Role-Aligned,0.10490780231606385,True,True,True,Not Opportunity Candidate,No Opportunity Action,No positive opportunity signal,Neutral,False,,,,204.5952,25.5744,0.5841186906267276,0.0,0.008118880339658114
367,FUR-FU-10004848,"Howard Miller 13-3/4"" Diameter Brushed Chrome Round Wall Clock",Stable Profit Cluster,Protect,Reroute Action,Reroute to Contain / Correct,Role-Aligned,-0.01507714966608932,False,False,False,Not Opportunity Candidate,No Opportunity Action,No positive opportunity signal,Neutral,False,,,,201.825,22.424999999999997,2.2847647458292624,0.1111111111111111,0.008008951454147012
370,OFF-ST-10003123,Fellowes Bases and Tops For Staxonsteel/High-Stak Systems,Stable Profit Cluster,Protect,No Escalation,Protect,Role-Aligned,-0.10338156355518349,True,True,False,Not Opportunity Candidate,No Opportunity Action,No positive opportunity signal,Neutral,False,,,,201.07160000000002,20.10716,0.7363564793576804,0.0,0.007979054543330442
374,OFF-ST-10000604,Home/Office Personal File Carts,Stable Profit Cluster,Protect,No Escalation,Protect,Role-Aligned,0.2089211025510892,True,True,True,Not Opportunity Candidate,No Opportunity Action,No positive opportunity signal,Neutral,False,,,,198.132,28.30457142857143,0.4965550829934007,0.0,0.007862403416390714
375,FUR-CH-10001146,"Global Value Mid-Back Manager's Chair, Gray",Stable Profit Cluster,Protect,Intensify Action,Protect (Tight Control),Role-Aligned,-0.11549320897483373,True,False,False,Not Opportunity Candidate,No Opportunity Action,No positive opportunity signal,Neutral,False,,,,197.89249999999998,19.78925,1.497342051364071,0.3,0.007852899420982473
376,OFF-ST-10003442,Eldon Portable Mobile Manager,Stable Profit Cluster,Protect,No Escalation,Protect,Role-Aligned,-0.033832232759592865,True,True,False,Not Opportunity Candidate,No Opportunity Action,No positive opportunity signal,Neutral,False,,,,197.39440000000002,21.932711111111114,0.694467421467992,0.0,0.007833133491492516
380,TEC-PH-10003095,Samsung HM1900 Bluetooth Headset,Stable Profit Cluster,Protect,No Escalation,Protect,Role-Aligned,0.19380719370430485,True,True,True,Not Opportunity Candidate,No Opportunity Action,No positive opportunity signal,Neutral,False,,,,195.355,27.907857142857143,0.4648729019406798,0.0,0.007752204688838793
384,TEC-MA-10004458,Lexmark X 9575 Professional All-in-One Color Printer,High-Impact Profit Cluster,Optimize,Intensify Action,Optimize (Risk-Controlled),Role-Aligned,0.08150992424082792,True,True,True,Not Opportunity Candidate,No Opportunity Action,No positive opportunity signal,Neutral,False,,,,190.08,190.08,0.0,0.0,0.007542878693939126
385,TEC-AC-10003116,Memorex Froggy Flash Drive 8 GB,Stable Profit Cluster,Protect,No Escalation,Protect,Role-Aligned,0.033354573902626077,True,True,False,Not Opportunity Candidate,No Opportunity Action,No positive opportunity signal,Neutral,False,,,,189.57,23.69625,0.6462447753203282,0.0,0.0075226405408777355
386,OFF-AP-10001293,Belkin 8 Outlet Surge Protector,Stable Profit Cluster,Protect,Reroute Action,Reroute to Contain / Correct,Role-Aligned,0.15654218330677783,False,False,False,Not Opportunity Candidate,No Opportunity Action,No positive opportunity signal,Neutral,False,,,,188.508,26.929714285714287,2.084825591903152,0.14285714285714285,0.007480497563326372
391,FUR-FU-10000629,9-3/4 Diameter Round Wall Clock,Stable Profit Cluster,Protect,No Escalation,Protect,Role-Aligned,0.0026916258481280513,True,True,False,Not Opportunity Candidate,No Opportunity Action,No positive opportunity signal,Neutral,False,,,,183.13119999999998,22.891399999999997,0.7121648144288594,0.0,0.007267131874345037
393,OFF-BI-10003364,Binding Machine Supplies,Stable Profit Cluster,Protect,Reroute Action,Reroute to Contain / Correct,Role-Aligned,-0.09644032872166124,False,False,False,Not Opportunity Candidate,No Opportunity Action,No positive opportunity signal,Neutral,False,,,,182.6042,20.289355555555556,1.6238510990302228,0.1111111111111111,0.007246219116181602
398,FUR-FU-10001876,"Computer Room Manger, 14""",Stable Profit Cluster,Protect,Intensify Action,Protect (Tight Control),Role-Aligned,0.10637075467400968,True,True,False,Not Opportunity Candidate,No Opportunity Action,No positive opportunity signal,Neutral,False,,,,179.2896,25.6128,1.0165047100742661,0.0,0.007114686994343793
400,TEC-PH-10004908,Panasonic KX TS3282W Corded phone,Stable Profit Cluster,Protect,No Escalation,Protect,Role-Aligned,0.10195903896957906,True,False,False,Not Opportunity Candidate,No Opportunity Action,No positive opportunity signal,Neutral,False,,,,178.47899999999998,25.496999999999996,0.9901620974046994,0.14285714285714285,0.007082520235772102
407,FUR-FU-10003708,"Tenex Traditional Chairmats for Medium Pile Carpet, Standard Lip, 36"" x 48""",Stable Profit Cluster,Protect,Reroute Action,Reroute to Contain / Correct,Role-Aligned,0.22427811112005216,False,False,False,Not Opportunity Candidate,No Opportunity Action,No positive opportunity signal,Neutral,False,,,,172.246,28.707666666666668,2.150594105796218,0.16666666666666666,0.006835178259239471
409,TEC-PH-10003589,invisibleSHIELD by ZAGG Smudge-Free Screen Protector,Stable Profit Cluster,Protect,No Escalation,Protect,Role-Aligned,0.06269553115450113,True,True,True,Not Opportunity Candidate,No Opportunity Action,No positive opportunity signal,Neutral,False,,,,171.2648,24.4664,0.5913534573886281,0.0,0.00679624164005548
411,OFF-AP-10002578,"Fellowes Premier Superior Surge Suppressor, 10-Outlet, With Phone and Remote",Stable Profit Cluster,Protect,Reroute Action,Reroute to Contain / Correct,Role-Aligned,0.05180176091765433,False,False,False,Not Opportunity Candidate,No Opportunity Action,No positive opportunity signal,Neutral,False,,,,169.2632,24.180457142857144,1.662096776460768,0.14285714285714285,0.006716812841687484
412,OFF-PA-10001295,Computer Printout Paper with Letter-Trim Perforations,Stable Profit Cluster,Protect,No Escalation,Protect,Role-Aligned,0.05152528033810209,True,True,True,Not Opportunity Candidate,No Opportunity Action,No positive opportunity signal,Neutral,False,,,,169.2124,24.1732,0.4922956238068565,0.0,0.006714796962911958
414,TEC-PH-10002890,AT&T 17929 Lendline Telephone,Stable Profit Cluster,Protect,Intensify Action,Protect (Tight Control),Role-Aligned,-0.23170839179504024,True,False,False,Not Opportunity Candidate,No Opportunity Action,No positive opportunity signal,Neutral,False,,,,167.388,16.7388,1.2829386873257431,0.1,0.006642399930666469
417,OFF-LA-10004544,Avery 505,Stable Profit Cluster,Protect,No Escalation,Protect,Role-Aligned,0.03273548599073495,True,True,True,Not Opportunity Candidate,No Opportunity Action,No positive opportunity signal,Neutral,False,,,,165.76,23.68,0.4682331917828366,0.0,0.006577796571482267
418,TEC-PH-10004614,AT&T 841000 Phone,Stable Profit Cluster,Protect,Reroute Action,Reroute to Contain / Correct,Role-Aligned,0.0318646810157671,False,False,False,Not Opportunity Candidate,No Opportunity Action,No positive opportunity signal,Neutral,False,,,,165.6,23.657142857142855,1.7141956806680299,0.2857142857142857,0.006571447346992419
420,OFF-EN-10002500,Globe Weis Peel & Seel First Class Envelopes,Stable Profit Cluster,Protect,No Escalation,Protect,Role-Aligned,0.027848093068728378,True,True,False,Not Opportunity Candidate,No Opportunity Action,No positive opportunity signal,Neutral,False,,,,164.862,23.551714285714286,0.642072572717101,0.0,0.006542161549032997
422,TEC-PH-10003171,Plantronics Encore H101 Dual Earpieces Headset,Stable Profit Cluster,Protect,No Escalation,Protect,Role-Aligned,0.02107758438835388,True,True,False,Not Opportunity Candidate,No Opportunity Action,No positive opportunity signal,Neutral,False,,,,163.618,23.374,0.8809017112315918,0.0,0.006492796328624431
426,TEC-PH-10002170,ClearSounds CSC500 Amplified Spirit Phone Corded phone,Stable Profit Cluster,Protect,Reroute Action,Reroute to Contain / Correct,Role-Aligned,0.1616124452735276,False,False,False,Not Opportunity Candidate,No Opportunity Action,No positive opportunity signal,Neutral,False,,,,162.3768,27.0628,1.7449217833592192,0.16666666666666666,0.006443542219644437
427,FUR-FU-10002878,"Seth Thomas 14"" Day/Date Wall Clock",Stable Profit Cluster,Protect,No Escalation,Protect,Role-Aligned,0.15954500912879163,True,True,False,Not Opportunity Candidate,No Opportunity Action,No positive opportunity signal,Neutral,False,,,,162.0512,27.008533333333332,0.683622336288464,0.0,0.006430621547807597
428,OFF-LA-10001074,Round Specialty Laser Printer Labels,Stable Profit Cluster,Protect,No Escalation,Protect,Role-Aligned,0.1593018186977616,True,True,True,Not Opportunity Candidate,No Opportunity Action,No positive opportunity signal,Neutral,False,,,,162.0129,27.00215,0.454404169454668,0.0,0.00642910170219534
429,TEC-AC-10001013,Logitech ClearChat Comfort/USB Headset H390,Stable Profit Cluster,Protect,No Escalation,Protect,Role-Aligned,0.14789409210798057,True,True,False,Not Opportunity Candidate,No Opportunity Action,No positive opportunity signal,Neutral,False,,,,160.2163,26.702716666666664,0.9411951769764246,0.0,0.006357807847704961
431,OFF-BI-10001765,Wilson Jones Heavy-Duty Casebound Ring Binders with Metal Hinges,Stable Profit Cluster,Protect,Reroute Action,Reroute to Contain / Correct,Role-Aligned,0.13355728599250333,False,False,False,Not Opportunity Candidate,No Opportunity Action,No positive opportunity signal,Neutral,False,,,,157.95839999999998,26.326399999999996,2.369935621260748,0.3333333333333333,0.006268208385357291
432,TEC-PH-10002538,Grandstream GXP1160 VoIP phone,Stable Profit Cluster,Protect,No Escalation,Protect,Role-Aligned,0.13195210215531292,True,False,False,Not Opportunity Candidate,No Opportunity Action,No positive opportunity signal,Neutral,False,,,,157.7056,26.284266666666667,0.9832115151140637,0.16666666666666666,0.006258176610663332
434,TEC-AC-10004568,Maxell LTO Ultrium - 800 GB,Stable Profit Cluster,Protect,Reassess Classification,Reassess Classification,Role-Aligned,-0.12430282996104473,False,False,False,Not Opportunity Candidate,No Opportunity Action,No positive opportunity signal,Neutral,False,,,,156.4641,19.5580125,1.0343161771880551,0.375,0.0062089105968874195
435,OFF-PA-10003441,Xerox 226,Stable Profit Cluster,Protect,No Escalation,Protect,Role-Aligned,-0.32988828824888955,True,True,True,Not Opportunity Candidate,No Opportunity Action,No positive opportunity signal,Neutral,False,,,,155.7792,14.161745454545455,0.5646360073848646,0.0,0.006181731947805565
436,OFF-AR-10002987,Prismacolor Color Pencil Set,Stable Profit Cluster,Protect,No Escalation,Protect,Role-Aligned,-0.02285670361120765,True,True,False,Not Opportunity Candidate,No Opportunity Action,No positive opportunity signal,Neutral,False,,,,155.54559999999998,22.220799999999997,0.6492779679767555,0.0,0.0061724620800503865
437,FUR-CH-10003199,Office Star - Contemporary Task Swivel Chair,Stable Profit Cluster,Protect,Reroute Action,Reroute to Contain / Correct,Role-Aligned,0.11713462983542393,False,False,False,Not Opportunity Candidate,No Opportunity Action,No positive opportunity signal,Neutral,False,,,,155.372,25.895333333333337,1.8886743330068676,0.3333333333333333,0.006165573171478903
438,TEC-PH-10001305,Panasonic KX TS208W Corded phone,Stable Profit Cluster,Protect,Reroute Action,Reroute to Contain / Correct,Role-Aligned,0.11355598422371253,False,False,False,Not Opportunity Candidate,No Opportunity Action,No positive opportunity signal,Neutral,False,,,,154.8084,25.8014,2.1104223572942327,0.16666666666666666,0.006143208028213414
444,OFF-ST-10003692,Recycled Steel Personal File for Hanging File Folders,Stable Profit Cluster,Protect,No Escalation,Protect,Role-Aligned,0.09356166703649148,True,True,False,Not Opportunity Candidate,No Opportunity Action,No positive opportunity signal,Neutral,False,,,,151.65949999999998,25.27658333333333,0.9254020380713844,0.0,0.006018251321987903
446,OFF-EN-10001335,"White Business Envelopes with Contemporary Seam, Recycled White Business Envelopes",Stable Profit Cluster,Protect,No Escalation,Protect,Role-Aligned,0.08919630355520763,True,True,True,Not Opportunity Candidate,No Opportunity Action,No positive opportunity signal,Neutral,False,,,,150.97199999999998,25.161999999999995,0.5989275057888281,0.0,0.005990969498008088
449,OFF-AR-10003373,"Boston School Pro Electric Pencil Sharpener, 1670",Stable Profit Cluster,Protect,No Escalation,Protect,Role-Aligned,-0.05334793980970407,True,True,False,Not Opportunity Candidate,No Opportunity Action,No positive opportunity signal,Neutral,False,,,,149.9432,21.420457142857142,0.7415524875860475,0.0,0.005950143984538368
451,OFF-ST-10000777,"Companion Letter/Legal File, Black",Stable Profit Cluster,Protect,Intensify Action,Protect (Tight Control),Role-Aligned,0.2699288282923562,True,True,False,Not Opportunity Candidate,No Opportunity Action,No positive opportunity signal,Neutral,False,,,,149.5296,29.90592,1.016776369632368,0.0,0.005933731239232112
453,FUR-FU-10001488,"Tenex 46"" x 60"" Computer Anti-Static Chairmat, Rectangular Shaped",Stable Profit Cluster,Protect,Reroute Action,Reroute to Contain / Correct,Role-Aligned,-0.06189924466388749,False,True,False,Not Opportunity Candidate,No Opportunity Action,No positive opportunity signal,Neutral,False,,,,148.372,21.196,1.892238657691167,0.0,0.005887794600048064
455,FUR-BO-10001519,O'Sullivan 3-Shelf Heavy-Duty Bookcases,Stable Profit Cluster,Protect,Reroute Action,Reroute to Contain / Correct,Role-Aligned,0.2513721919770368,False,False,False,Not Opportunity Candidate,No Opportunity Action,No positive opportunity signal,Neutral,False,,,,147.0942,29.41884,2.1036820878539055,0.2,0.005837088105966017
457,OFF-AP-10002457,"Eureka The Boss Plus 12-Amp Hard Box Upright Vacuum, Red",Stable Profit Cluster,Protect,Reroute Action,Reroute to Contain / Correct,Role-Aligned,0.06086430085922527,False,False,False,Not Opportunity Candidate,No Opportunity Action,No positive opportunity signal,Neutral,False,,,,146.51000000000002,24.418333333333337,4.188752436818345,0.16666666666666666,0.005813905500047461
458,TEC-PH-10000576,AT&T 1080 Corded phone,Stable Profit Cluster,Protect,Intensify Action,Protect (Tight Control),Role-Aligned,-0.07911179350034428,True,False,False,Not Opportunity Candidate,No Opportunity Action,No positive opportunity signal,Neutral,False,,,,145.2094,20.7442,1.2495135576150072,0.14285714285714285,0.00576229424147561
459,FUR-FU-10004018,Tensor Computer Mounted Lamp,Stable Profit Cluster,Protect,No Escalation,Protect,Role-Aligned,-0.18017932378098656,True,True,True,Not Opportunity Candidate,No Opportunity Action,No positive opportunity signal,Neutral,False,,,,144.7308,18.09135,0.5973116584786783,0.0,0.005743302123720353
461,TEC-AC-10001267,Imation 32GB Pocket Pro USB 3.0 Flash Drive - 32 GB - Black - 1 P ...,Stable Profit Cluster,Protect,No Escalation,Protect,Role-Aligned,0.2259671099360833,True,True,True,Not Opportunity Candidate,No Opportunity Action,No positive opportunity signal,Neutral,False,,,,143.76,28.752,0.4477111928811645,0.0,0.005704778204128202
462,OFF-AP-10003842,Euro-Pro Shark Turbo Vacuum,Stable Profit Cluster,Protect,No Escalation,Protect,Role-Aligned,0.04332157180309307,True,True,True,Not Opportunity Candidate,No Opportunity Action,No positive opportunity signal,Neutral,False,,,,143.7472,23.957866666666664,0.6113450782866134,0.0,0.005704270266169014
464,OFF-PA-10003127,Easy-staple paper,Stable Profit Cluster,Protect,No Escalation,Protect,Role-Aligned,0.03174748517955286,True,True,True,Not Opportunity Candidate,No Opportunity Action,No positive opportunity signal,Neutral,False,,,,141.92440000000002,23.65406666666667,0.559585873910199,0.0,0.005631936726168425
470,OFF-EN-10000483,"White Envelopes, White Envelopes with Clear Poly Window",Stable Profit Cluster,Protect,No Escalation,Protect,Role-Aligned,0.19030764621115295,True,True,False,Not Opportunity Candidate,No Opportunity Action,No positive opportunity signal,Neutral,False,,,,139.07999999999998,27.815999999999995,0.9395876581594446,0.0,0.005519063387800155
471,OFF-PA-10001363,Xerox 1933,Stable Profit Cluster,Protect,No Escalation,Protect,Role-Aligned,0.18602851056416156,True,True,True,Not Opportunity Candidate,No Opportunity Action,No positive opportunity signal,Neutral,False,,,,138.5184,27.703680000000002,0.39710593409310707,0.0,0.00549677760984079
475,FUR-FU-10003268,Eldon Radial Chair Mat for Low to Medium Pile Carpets,Stable Profit Cluster,Protect,No Escalation,Protect,Role-Aligned,-0.006301975366257814,True,True,False,Not Opportunity Candidate,No Opportunity Action,No positive opportunity signal,Neutral,False,,,,135.932,22.65533333333333,0.8085844047915315,0.0,0.005394142395962401
476,FUR-BO-10004015,"Bush Andora Bookcase, Maple/Graphite Gray Finish",Stable Profit Cluster,Protect,Reroute Action,Reroute to Contain / Correct,Role-Aligned,-0.29546068921067553,False,False,False,Not Opportunity Candidate,No Opportunity Action,No positive opportunity signal,Neutral,False,,,,135.58870000000002,15.065411111111112,4.825039430337494,0.1111111111111111,0.005380519341166372
477,OFF-AR-10002067,Newell 334,Stable Profit Cluster,Protect,No Escalation,Protect,Role-Aligned,-0.01025905830667366,True,True,True,Not Opportunity Candidate,No Opportunity Action,No positive opportunity signal,Neutral,False,,,,135.30880000000002,22.55146666666667,0.4677183783640262,0.0,0.005369412166574445
478,TEC-PH-10001809,Panasonic KX T7736-B Digital phone,Stable Profit Cluster,Protect,Reroute Action,Reroute to Contain / Correct,Role-Aligned,0.15887702914590998,False,False,False,Not Opportunity Candidate,No Opportunity Action,No positive opportunity signal,Neutral,False,,,,134.95499999999998,26.990999999999996,1.8522067203522885,0.2,0.0053553724439212675
485,TEC-AC-10000158,Sony 64GB Class 10 Micro SDHC R40 Memory Card,Stable Profit Cluster,Protect,No Escalation,Protect,Role-Aligned,-0.31029932692926177,True,True,False,Not Opportunity Candidate,No Opportunity Action,No positive opportunity signal,Neutral,False,,,,132.0833,14.675922222222223,0.8231571264968024,0.0,0.00524141576912442
486,TEC-PH-10001615,AT&T CL82213,Stable Profit Cluster,Protect,No Escalation,Protect,Role-Aligned,0.13121580026543714,True,True,False,Not Opportunity Candidate,No Opportunity Action,No positive opportunity signal,Neutral,False,,,,131.3247,26.264940000000003,0.7533071939104673,0.0,0.00521131250851193
487,OFF-EN-10003286,Staple envelope,Stable Profit Cluster,Protect,No Escalation,Protect,Role-Aligned,-0.15515157242074873,True,True,True,Not Opportunity Candidate,No Opportunity Action,No positive opportunity signal,Neutral,False,,,,131.238,18.748285714285714,0.6058361942967133,0.0,0.005207872022491493
488,TEC-PH-10004922,RCA Visys Integrated PBX 8-Line Router,Stable Profit Cluster,Protect,No Escalation,Protect,Role-Aligned,0.12592631314623895,True,True,True,Not Opportunity Candidate,No Opportunity Action,No positive opportunity signal,Neutral,False,,,,130.63049999999998,26.126099999999997,0.6049611926387639,0.0,0.005183764810756601
489,OFF-AP-10003287,Tripp Lite TLP810NET Broadband Surge for Modem/Fax,Stable Profit Cluster,Protect,Reroute Action,Reroute to Contain / Correct,Role-Aligned,-0.04089978269253964,False,False,False,Not Opportunity Candidate,No Opportunity Action,No positive opportunity signal,Neutral,False,,,,130.4832,21.747200000000003,2.265157148110897,0.16666666666666666,0.0051779195559606365
491,TEC-AC-10004864,Memorex Micro Travel Drive 32 GB,Stable Profit Cluster,Protect,No Escalation,Protect,Role-Aligned,0.12093627408780797,True,True,True,Not Opportunity Candidate,No Opportunity Action,No positive opportunity signal,Neutral,False,,,,129.9756,25.995119999999996,0.5314225594900837,0.0,0.005157776641266594
492,OFF-SU-10002573,"Acme 10"" Easy Grip Assistive Scissors",Stable Profit Cluster,Protect,No Escalation,Protect,Role-Aligned,-0.2516544518732317,True,True,True,Not Opportunity Candidate,No Opportunity Action,No positive opportunity signal,Neutral,False,,,,129.722,16.21525,0.6200240984380251,0.0,0.005147713120450185
494,OFF-PA-10000380,"REDIFORM Incoming/Outgoing Call Register, 11"" X 8 1/2"", 100 Messages",Stable Profit Cluster,Protect,No Escalation,Protect,Role-Aligned,-0.26175034705176436,True,True,True,Not Opportunity Candidate,No Opportunity Action,No positive opportunity signal,Neutral,False,,,,127.602,15.95025,0.46072217403921806,0.0,0.005063585895959703
497,OFF-ST-10000943,Eldon ProFile File 'N Store Portable File Tub Letter/Legal Size Black,Stable Profit Cluster,Protect,Intensify Action,Protect (Tight Control),Role-Aligned,-0.17578965032748486,True,True,False,Not Opportunity Candidate,No Opportunity Action,No positive opportunity signal,Neutral,False,,,,127.446,18.20657142857143,1.3893947414531502,0.0,0.005057395402082101
501,OFF-LA-10001158,"Avery Address/Shipping Labels for Typewriters, 4"" x 2""",Stable Profit Cluster,Protect,No Escalation,Protect,Role-Aligned,-0.1799368590207689,True,True,False,Not Opportunity Candidate,No Opportunity Action,No positive opportunity signal,Neutral,False,,,,126.684,18.097714285714286,0.732386380346848,0.0,0.005027157220449201
502,FUR-FU-10001473,DAX Wood Document Frame,Stable Profit Cluster,Protect,Reroute Action,Reroute to Contain / Correct,Role-Aligned,-0.33471276771045716,False,False,False,Not Opportunity Candidate,No Opportunity Action,No positive opportunity signal,Neutral,False,,,,126.316,14.035111111111112,1.632439966040203,0.1111111111111111,0.005012554004122552
503,TEC-AC-10002006,Memorex Micro Travel Drive 16 GB,Stable Profit Cluster,Protect,No Escalation,Protect,Role-Aligned,-0.06834347360520375,True,True,True,Not Opportunity Candidate,No Opportunity Action,No positive opportunity signal,Neutral,False,,,,126.1611,21.02685,0.373916656021636,0.0,0.005006407161163318
506,FUR-CH-10004754,"Global Stack Chair with Arms, Black",Stable Profit Cluster,Protect,Intensify Action,Protect (Tight Control),Role-Aligned,-0.18901173536615173,True,False,False,Not Opportunity Candidate,No Opportunity Action,No positive opportunity signal,Neutral,False,,,,125.0166,17.859514285714287,1.4121131204199728,0.2857142857142857,0.004960990364734376
507,FUR-FU-10000747,Tenex B1-RE Series Chair Mats for Low Pile Carpets,Stable Profit Cluster,Protect,No Escalation,Protect,Role-Aligned,-0.19124752713938153,True,False,False,Not Opportunity Candidate,No Opportunity Action,No positive opportunity signal,Neutral,False,,,,124.6058,17.80082857142857,0.9651725320990855,0.14285714285714285,0.004944688730856691
508,OFF-ST-10001321,"Decoflex Hanging Personal Folder File, Blue",Stable Profit Cluster,Protect,No Escalation,Protect,Role-Aligned,-0.34396204694110444,True,True,False,Not Opportunity Candidate,No Opportunity Action,No positive opportunity signal,Neutral,False,,,,124.131,13.792333333333334,0.6725182914488944,0.0,0.004925847407183068
510,FUR-FU-10000758,DAX Natural Wood-Tone Poster Frame,Stable Profit Cluster,Protect,Intensify Action,Protect (Tight Control),Role-Aligned,0.0748441313602765,True,False,False,Not Opportunity Candidate,No Opportunity Action,No positive opportunity signal,Neutral,False,,,,123.9264,24.78528,1.3945772771092608,0.2,0.0049177283363666755
511,OFF-PA-10001509,"Recycled Desk Saver Line ""While You Were Out"" Book, 5 1/2"" X 4""",Stable Profit Cluster,Protect,No Escalation,Protect,Role-Aligned,0.07167135343398148,True,True,True,Not Opportunity Candidate,No Opportunity Action,No positive opportunity signal,Neutral,False,,,,123.51,24.702,0.2333095741774977,0.0,0.0049012044796318465
512,OFF-AR-10001955,Newell 319,Stable Profit Cluster,Protect,No Escalation,Protect,Role-Aligned,-0.2836279614150562,True,True,False,Not Opportunity Candidate,No Opportunity Action,No positive opportunity signal,Neutral,False,,,,123.00800000000001,15.376000000000001,0.7608889950991093,0.0,0.00488128378779495
513,TEC-PH-10002564,OtterBox Defender Series Case - Samsung Galaxy S4,Stable Profit Cluster,Protect,No Escalation,Protect,Role-Aligned,-0.2838613099356921,True,True,False,Not Opportunity Candidate,No Opportunity Action,No positive opportunity signal,Neutral,False,,,,122.959,15.369875,0.8172319992276436,0.0,0.004879339337794933
514,OFF-AP-10002350,Belkin F9H710-06 7 Outlet SurgeMaster Surge Protector,Stable Profit Cluster,Protect,Intensify Action,Protect (Tight Control),Role-Aligned,-0.28444325257286984,True,True,False,Not Opportunity Candidate,No Opportunity Action,No positive opportunity signal,Neutral,False,,,,122.8368,15.3546,1.1498336090514099,0.0,0.004874490117590812
521,OFF-ST-10002276,Safco Steel Mobile File Cart,Stable Profit Cluster,Protect,No Escalation,Protect,Role-Aligned,0.05157099759928779,True,True,False,Not Opportunity Candidate,No Opportunity Action,No positive opportunity signal,Neutral,False,,,,120.872,24.1744,0.6972729996707467,0.0,0.004796521640855482
522,OFF-PA-10002986,Xerox 1898,Stable Profit Cluster,Protect,No Escalation,Protect,Role-Aligned,-0.451124923427448,True,True,True,Not Opportunity Candidate,No Opportunity Action,No positive opportunity signal,Neutral,False,,,,120.7744,10.97949090909091,0.4928599114243411,0.0,0.0047926486139166745
525,OFF-AR-10001044,"BOSTON Ranger #55 Pencil Sharpener, Black",Stable Profit Cluster,Protect,No Escalation,Protect,Role-Aligned,-0.36003632063562935,True,True,False,Not Opportunity Candidate,No Opportunity Action,No positive opportunity signal,Neutral,False,,,,120.3337,13.37041111111111,0.9213966025588086,0.0,0.0047751604687124504
527,OFF-FA-10004854,"Vinyl Coated Wire Paper Clips in Organizer Box, 800/Box",Stable Profit Cluster,Protect,No Escalation,Protect,Role-Aligned,-0.29920802305000305,True,True,True,Not Opportunity Candidate,No Opportunity Action,No positive opportunity signal,Neutral,False,,,,119.7364,14.96705,0.3757212349739636,0.0,0.0047514580200387875
528,OFF-AR-10004602,Boston KS Multi-Size Manual Pencil Sharpener,Stable Profit Cluster,Protect,No Escalation,Protect,Role-Aligned,-0.21877476090433143,True,True,True,Not Opportunity Candidate,No Opportunity Action,No positive opportunity signal,Neutral,False,,,,119.548,17.078285714285716,0.5478697603535523,0.0,0.004743981808201992
529,OFF-LA-10001297,Avery 473,Stable Profit Cluster,Protect,No Escalation,Protect,Role-Aligned,-0.11234062283889569,True,True,True,Not Opportunity Candidate,No Opportunity Action,No positive opportunity signal,Neutral,False,,,,119.232,19.872,0.5629116867546532,0.0,0.004731442089834542
530,OFF-ST-10002370,"Sortfiler Multipurpose Personal File Organizer, Black",Stable Profit Cluster,Protect,No Escalation,Protect,Role-Aligned,-0.11426836735223056,True,True,False,Not Opportunity Candidate,No Opportunity Action,No positive opportunity signal,Neutral,False,,,,118.9284,19.8214,0.830794913969065,0.0,0.004719394436365056
531,OFF-ST-10001590,"Tenex Personal Project File with Scoop Front Design, Black",Stable Profit Cluster,Protect,No Escalation,Protect,Role-Aligned,-0.417488102167102,True,True,False,Not Opportunity Candidate,No Opportunity Action,No positive opportunity signal,Neutral,False,,,,118.624,11.8624,0.8996123536066328,0.0,0.004707315036773121
533,OFF-AR-10003582,"Boston Electric Pencil Sharpener, Model 1818, Charcoal Black",Stable Profit Cluster,Protect,No Escalation,Protect,Role-Aligned,-0.30638182328440944,True,True,False,Not Opportunity Candidate,No Opportunity Action,No positive opportunity signal,Neutral,False,,,,118.22999999999999,14.778749999999999,0.7484625363281184,0.0,0.004691680071466871
534,OFF-EN-10001532,Brown Kraft Recycled Envelopes,Stable Profit Cluster,Protect,No Escalation,Protect,Role-Aligned,0.023302491099396493,True,True,False,Not Opportunity Candidate,No Opportunity Action,No positive opportunity signal,Neutral,False,,,,117.16199999999999,23.432399999999998,0.6976312320791539,0.0,0.004649298997997137
535,FUR-CH-10004886,Bevis Steel Folding Chairs,Stable Profit Cluster,Protect,No Escalation,Protect,Role-Aligned,-0.12613834624955692,True,False,False,Not Opportunity Candidate,No Opportunity Action,No positive opportunity signal,Neutral,False,,,,117.059,19.509833333333333,0.8737187620962008,0.16666666666666666,0.004645211684731798
536,FUR-FU-10003347,Coloredge Poster Frame,Stable Profit Cluster,Protect,No Escalation,Protect,Role-Aligned,-0.13097040677211247,True,True,True,Not Opportunity Candidate,No Opportunity Action,No positive opportunity signal,Neutral,False,,,,116.298,19.383,0.6369095111988372,0.0,0.004615013185751959
538,FUR-CH-10000553,"Metal Folding Chairs, Beige, 4/Carton",Stable Profit Cluster,Protect,Intensify Action,Protect (Tight Control),Role-Aligned,0.012432450298117601,True,False,False,Not Opportunity Candidate,No Opportunity Action,No positive opportunity signal,Neutral,False,,,,115.7354,23.14708,1.4109362607252334,0.2,0.004592687725139532
539,TEC-PH-10001300,"iKross Bluetooth Portable Keyboard + Cell Phone Stand Holder + Brush for Apple iPhone 5S 5C 5, 4S 4",Stable Profit Cluster,Protect,Intensify Action,Protect (Tight Control),Role-Aligned,0.011736024019387099,True,True,False,Not Opportunity Candidate,No Opportunity Action,No positive opportunity signal,Neutral,False,,,,115.64399999999999,23.1288,1.002733145006748,0.0,0.004589060730649706
540,OFF-EN-10004386,"Recycled Interoffice Envelopes with String and Button Closure, 10 x 13",Stable Profit Cluster,Protect,No Escalation,Protect,Role-Aligned,0.007987208602150919,True,True,True,Not Opportunity Candidate,No Opportunity Action,No positive opportunity signal,Neutral,False,,,,115.152,23.0304,0.36862322352954263,0.0,0.004569536865343424
541,OFF-AR-10004042,"BOSTON Model 1800 Electric Pencil Sharpeners, Putty/Woodgrain",Stable Profit Cluster,Protect,No Escalation,Protect,Role-Aligned,-0.15017165647015174,True,True,False,Not Opportunity Candidate,No Opportunity Action,No positive opportunity signal,Neutral,False,,,,113.274,18.879,0.7540685345439666,0.0,0.004495012842893837
542,OFF-PA-10002137,"Southworth 100% Résumé Paper, 24lb.",Stable Profit Cluster,Protect,Intensify Action,Protect (Tight Control),Role-Aligned,-0.2533293908172714,True,True,False,Not Opportunity Candidate,No Opportunity Action,No positive opportunity signal,Neutral,False,,,,113.199,16.171285714285712,1.043605637333987,0.0,0.004492036643914221
543,TEC-AC-10001266,Memorex Micro Travel Drive 8 GB,Stable Profit Cluster,Protect,No Escalation,Protect,Role-Aligned,-0.33081198473057555,True,True,True,Not Opportunity Candidate,No Opportunity Action,No positive opportunity signal,Neutral,False,,,,113.1,14.1375,0.38685546906248386,0.0,0.0044881080612611274
544,OFF-ST-10001328,"Personal Filing Tote with Lid, Black/Gray",Stable Profit Cluster,Protect,No Escalation,Protect,Role-Aligned,-0.33170347132369876,True,True,True,Not Opportunity Candidate,No Opportunity Action,No positive opportunity signal,Neutral,False,,,,112.9128,14.1141,0.6209447917189318,0.0,0.004480679468608006
545,OFF-BI-10001721,Trimflex Flexible Post Binders,Stable Profit Cluster,Protect,Intensify Action,Protect (Tight Control),Role-Aligned,0.20576008049195615,True,False,False,Not Opportunity Candidate,No Opportunity Action,No positive opportunity signal,Neutral,False,,,,112.8864,28.2216,1.333926473763437,0.25,0.0044796318465671805
546,TEC-PH-10002115,Plantronics 81402,Stable Profit Cluster,Protect,Reroute Action,Reroute to Contain / Correct,Role-Aligned,0.19906059684235253,False,False,False,Not Opportunity Candidate,No Opportunity Action,No positive opportunity signal,Neutral,False,,,,112.18299999999999,28.045749999999998,1.9253179963075977,0.25,0.004451719068403687
547,OFF-PA-10004082,"Adams Telephone Message Book w/Frequently-Called Numbers Space, 400 Messages per Book",Stable Profit Cluster,Protect,No Escalation,Protect,Role-Aligned,-0.26137889430462974,True,True,True,Not Opportunity Candidate,No Opportunity Action,No positive opportunity signal,Neutral,False,,,,111.72,15.959999999999999,0.5683293150415629,0.0,0.00443334600003619
548,TEC-MA-10001972,Okidata C331dn Printer,Stable Profit Cluster,Protect,Reroute Action,Reroute to Contain / Correct,Role-Aligned,-0.01846784653736989,False,False,False,Not Opportunity Candidate,No Opportunity Action,No positive opportunity signal,Neutral,False,,,,111.68,22.336000000000002,3.006956026007318,0.2,0.004431758693913729
549,OFF-AR-10004022,Panasonic KP-380BK Classic Electric Pencil Sharpener,Stable Profit Cluster,Protect,No Escalation,Protect,Role-Aligned,-0.16119459611161882,True,True,False,Not Opportunity Candidate,No Opportunity Action,No positive opportunity signal,Neutral,False,,,,111.538,18.589666666666666,0.8138583605259797,0.0,0.0044261237571789885
551,OFF-BI-10000962,"Acco Flexible ACCOHIDE Square Ring Data Binder, Dark Blue, 11 1/2"" X 14"" 7/8""",Stable Profit Cluster,Protect,Reroute Action,Reroute to Contain / Correct,Role-Aligned,-0.4454411595648112,False,False,False,Not Opportunity Candidate,No Opportunity Action,No positive opportunity signal,Neutral,False,,,,111.2868,11.12868,1.8566113964887896,0.3,0.004416155474729928
552,OFF-AP-10004532,Kensington 6 Outlet Guardian Standard Surge Protector,Stable Profit Cluster,Protect,No Escalation,Protect,Role-Aligned,-0.1672013362618653,True,True,True,Not Opportunity Candidate,No Opportunity Action,No positive opportunity signal,Neutral,False,,,,110.592,18.432,0.15281899110397706,0.0,0.004388583967382764
553,OFF-AP-10002892,Belkin F5C206VTEL 6 Outlet Surge,Stable Profit Cluster,Protect,No Escalation,Protect,Role-Aligned,-0.26908551833309446,True,True,True,Not Opportunity Candidate,No Opportunity Action,No positive opportunity signal,Neutral,False,,,,110.304,15.757714285714286,0.5825843158166697,0.0,0.004377155363301038
556,OFF-AR-10001915,Peel-Off China Markers,Stable Profit Cluster,Protect,No Escalation,Protect,Role-Aligned,-0.27384991005238685,True,True,False,Not Opportunity Candidate,No Opportunity Action,No positive opportunity signal,Neutral,False,,,,109.4286,15.632657142857143,0.7874580653950712,0.0,0.004342417168810959
559,OFF-PA-10001776,"Wirebound Message Books, Four 2 3/4"" x 5"" Forms per Page, 600 Sets per Book",Stable Profit Cluster,Protect,No Escalation,Protect,Role-Aligned,-0.40794843366633005,True,True,True,Not Opportunity Candidate,No Opportunity Action,No positive opportunity signal,Neutral,False,,,,109.01520000000001,12.1128,0.4608537526825791,0.0,0.004326012360035315
560,OFF-PA-10002421,Embossed Ink Jet Note Cards,Stable Profit Cluster,Protect,No Escalation,Protect,Role-Aligned,0.16242011688781025,True,True,True,Not Opportunity Candidate,No Opportunity Action,No positive opportunity signal,Neutral,False,,,,108.336,27.084,0.3999458347383414,0.0,0.0042990599020759105
561,FUR-FU-10001591,Advantus Panel Wall Certificate Holder - 8.5x11,Stable Profit Cluster,Protect,No Escalation,Protect,Role-Aligned,-0.1830753852847152,True,True,False,Not Opportunity Candidate,No Opportunity Action,No positive opportunity signal,Neutral,False,,,,108.092,18.015333333333334,0.8601817631340392,0.0,0.004289377334728893
562,TEC-AC-10000057,Microsoft Natural Ergonomic Keyboard 4000,Stable Profit Cluster,Protect,No Escalation,Protect,Role-Aligned,-0.04906717140338431,True,True,True,Not Opportunity Candidate,No Opportunity Action,No positive opportunity signal,Neutral,False,,,,107.6641,21.53282,0.5881806045488296,0.0,0.004272397127483857
563,OFF-PA-10001685,Easy-staple paper,Stable Profit Cluster,Protect,No Escalation,Protect,Role-Aligned,-0.04966682947927153,True,True,True,Not Opportunity Candidate,No Opportunity Action,No positive opportunity signal,Neutral,False,,,,107.58539999999999,21.51708,0.4863605144796775,0.0,0.004269274102687912
564,OFF-EN-10003134,Staple envelope,Stable Profit Cluster,Protect,No Escalation,Protect,Role-Aligned,-0.2845858468875208,True,True,False,Not Opportunity Candidate,No Opportunity Action,No positive opportunity signal,Neutral,False,,,,107.456,15.350857142857143,0.6728728230675831,0.0,0.004264139167381748
565,FUR-FU-10004748,"Howard Miller 16"" Diameter Gallery Wall Clock",Stable Profit Cluster,Protect,Reroute Action,Reroute to Contain / Correct,Role-Aligned,0.15368812000132082,False,False,False,Not Opportunity Candidate,No Opportunity Action,No positive opportunity signal,Neutral,False,,,,107.41919999999999,26.854799999999997,2.4688749679538478,0.25,0.0042626788457490825
570,OFF-PA-10003673,Strathmore Photo Mount Cards,Stable Profit Cluster,Protect,No Escalation,Protect,Role-Aligned,-0.4193980677455313,True,True,False,Not Opportunity Candidate,No Opportunity Action,No positive opportunity signal,Neutral,False,,,,106.3104,11.812266666666666,0.7029371630055077,0.0,0.004218678720034438
571,TEC-AC-10000682,Kensington K72356US Mouse-in-a-Box USB Desktop Mouse,Stable Profit Cluster,Protect,No Escalation,Protect,Role-Aligned,-0.1952412564558274,True,True,True,Not Opportunity Candidate,No Opportunity Action,No positive opportunity signal,Neutral,False,,,,106.176,17.696,0.5951791725387633,0.0,0.004213345371462967
572,FUR-FU-10004071,Luxo Professional Magnifying Clamp-On Fluorescent Lamps,Stable Profit Cluster,Protect,Reroute Action,Reroute to Contain / Correct,Role-Aligned,0.14103015331050045,False,False,False,Not Opportunity Candidate,No Opportunity Action,No positive opportunity signal,Neutral,False,,,,106.09020000000001,26.522550000000003,1.5594410697538914,0.25,0.004209940599830286
575,OFF-PA-10002713,"Adams Phone Message Book, 200 Message Capacity, 8 1/16” x 11”",Stable Profit Cluster,Protect,No Escalation,Protect,Role-Aligned,-0.3720603836354708,True,True,True,Not Opportunity Candidate,No Opportunity Action,No positive opportunity signal,Neutral,False,,,,104.4384,13.0548,0.46596626614447423,0.0,0.00414439279350322
576,OFF-SU-10000898,"Acme Hot Forged Carbon Steel Scissors with Nickel-Plated Handles, 3 7/8"" Cut, 8""L",Stable Profit Cluster,Protect,No Escalation,Protect,Role-Aligned,-0.306573672505457,True,True,True,Not Opportunity Candidate,No Opportunity Action,No positive opportunity signal,Neutral,False,,,,103.416,14.773714285714286,0.5991279260291686,0.0,0.004103821249013092
577,TEC-PH-10004531,OtterBox Commuter Series Case - iPhone 5 & 5s,Stable Profit Cluster,Protect,No Escalation,Protect,Role-Aligned,0.11077104106314359,True,True,False,Not Opportunity Candidate,No Opportunity Action,No positive opportunity signal,Neutral,False,,,,102.91319999999999,25.728299999999997,0.6989579288114791,0.0,0.004083868811053745
578,OFF-FA-10002280,Advantus Plastic Paper Clips,Stable Profit Cluster,Protect,No Escalation,Protect,Role-Aligned,-0.4777739305841207,True,True,True,Not Opportunity Candidate,No Opportunity Action,No positive opportunity signal,Neutral,False,,,,102.80000000000001,10.280000000000001,0.6344414362597339,0.0,0.004079376734727179
579,OFF-LA-10004545,Avery 50,Stable Profit Cluster,Protect,No Escalation,Protect,Role-Aligned,-0.08654084844303808,True,True,True,Not Opportunity Candidate,No Opportunity Action,No positive opportunity signal,Neutral,False,,,,102.746,20.5492,0.5836549366373225,0.0,0.0040772338714618545
580,TEC-AC-10002399,SanDisk Cruzer 32 GB USB Flash Drive,Stable Profit Cluster,Protect,No Escalation,Protect,Role-Aligned,-0.21726173726032505,True,True,False,Not Opportunity Candidate,No Opportunity Action,No positive opportunity signal,Neutral,False,,,,102.708,17.118,0.6634814689508036,0.0,0.004075725930645516
581,OFF-BI-10004828,GBC Poly Designer Binding Covers,Stable Profit Cluster,Protect,No Escalation,Protect,Role-Aligned,-0.2189075586630141,True,False,False,Not Opportunity Candidate,No Opportunity Action,No positive opportunity signal,Neutral,False,,,,102.4488,17.0748,0.8224563684620543,0.16666666666666666,0.004065440186971963
583,FUR-FU-10003039,"Howard Miller 11-1/2"" Diameter Grantwood Wall Clock",Stable Profit Cluster,Protect,Reroute Action,Reroute to Contain / Correct,Role-Aligned,-0.22311100684426474,False,False,False,Not Opportunity Candidate,No Opportunity Action,No positive opportunity signal,Neutral,False,,,,101.7868,16.964466666666667,2.018366725290813,0.16666666666666666,0.004039170270645218
587,OFF-AP-10002765,Fellowes Advanced Computer Series Surge Protectors,Stable Profit Cluster,Protect,No Escalation,Protect,Role-Aligned,-0.23025305898062537,True,True,True,Not Opportunity Candidate,No Opportunity Action,No positive opportunity signal,Neutral,False,,,,100.662,16.777,0.5721613428232286,0.0,0.003994535222481588
590,FUR-FU-10003623,"DataProducts Ampli Magnifier Task Lamp, Black,",Stable Profit Cluster,Protect,No Escalation,Protect,Role-Aligned,-0.11065822762725802,True,True,False,Not Opportunity Candidate,No Opportunity Action,No positive opportunity signal,Neutral,False,,,,99.5808,19.916159999999998,0.8284282579980942,0.0,0.0039516303379914415
591,TEC-AC-10003289,Anker Ultra-Slim Mini Bluetooth 3.0 Wireless Keyboard,Stable Profit Cluster,Protect,Intensify Action,Protect (Tight Control),Role-Aligned,-0.11089138565930548,True,True,False,Not Opportunity Candidate,No Opportunity Action,No positive opportunity signal,Neutral,False,,,,99.5502,19.910040000000002,1.2871549083947276,0.0,0.003950416048807759
592,FUR-FU-10002501,Nu-Dell Executive Frame,Stable Profit Cluster,Protect,Intensify Action,Protect (Tight Control),Role-Aligned,-0.2409889958157593,True,False,False,Not Opportunity Candidate,No Opportunity Action,No positive opportunity signal,Neutral,False,,,,98.97120000000001,16.4952,1.1026864729835923,0.16666666666666666,0.003927439792685122
593,OFF-BI-10002225,"Square Ring Data Binders, Rigid 75 Pt. Covers, 11"" x 14-7/8""",Stable Profit Cluster,Protect,Intensify Action,Protect (Tight Control),Role-Aligned,-0.33470938124666566,True,False,False,Not Opportunity Candidate,No Opportunity Action,No positive opportunity signal,Neutral,False,,,,98.2464,14.0352,1.1104305704198552,0.14285714285714285,0.0038986778057461115
594,OFF-PA-10004156,Xerox 188,Stable Profit Cluster,Protect,No Escalation,Protect,Role-Aligned,-0.404988241004549,True,True,True,Not Opportunity Candidate,No Opportunity Action,No positive opportunity signal,Neutral,False,,,,97.524,12.1905,0.4713632204148533,0.0,0.0038700110571744492
595,FUR-FU-10002813,"DAX Contemporary Wood Frame with Silver Metal Mat, Desktop, 11 x 14 Size",Stable Profit Cluster,Protect,No Escalation,Protect,Role-Aligned,-0.12916457495527306,True,True,True,Not Opportunity Candidate,No Opportunity Action,No positive opportunity signal,Neutral,False,,,,97.152,19.4304,0.4616877906850482,0.0,0.003855249110235553
596,OFF-PA-10004100,Xerox 216,Stable Profit Cluster,Protect,No Escalation,Protect,Role-Aligned,-0.4077655646215868,True,True,True,Not Opportunity Candidate,No Opportunity Action,No positive opportunity signal,Neutral,False,,,,96.9408,12.1176,0.48698513758403805,0.0,0.003846868133908954
597,FUR-TA-10004147,Hon 4060 Series Tables,Stable Profit Cluster,Protect,Reroute Action,Reroute to Contain / Correct,Role-Aligned,0.04764693268083935,False,False,False,Not Opportunity Candidate,No Opportunity Action,No positive opportunity signal,Neutral,False,,,,96.2856,24.0714,2.1184197916277667,0.25,0.0038208680596230277
598,OFF-PA-10000575,"Wirebound Message Books, Four 2 3/4 x 5 White Forms per Page",Stable Profit Cluster,Protect,No Escalation,Protect,Role-Aligned,-0.3509324779303152,True,True,False,Not Opportunity Candidate,No Opportunity Action,No positive opportunity signal,Neutral,False,,,,95.2656,13.60937142857143,0.7991338729701203,0.0,0.0037803917535002484
599,TEC-PH-10001552,I Need's 3d Hello Kitty Hybrid Silicone Case Cover for HTC One X 4g with 3d Hello Kitty Stylus Pen Green/pink,Stable Profit Cluster,Protect,Intensify Action,Protect (Tight Control),Role-Aligned,-0.5067221003669743,True,False,False,Not Opportunity Candidate,No Opportunity Action,No positive opportunity signal,Neutral,False,,,,95.2016,9.52016,1.1349940924535034,0.1,0.003777852063704309
600,TEC-PH-10004093,Panasonic Kx-TS550,Stable Profit Cluster,Protect,Reroute Action,Reroute to Contain / Correct,Role-Aligned,-0.3512933177418175,False,False,False,Not Opportunity Candidate,No Opportunity Action,No positive opportunity signal,Neutral,False,,,,95.1993,13.5999,2.3618761290311174,0.2857142857142857,0.003777760793602267
601,FUR-FU-10000397,Luxo Economy Swing Arm Lamp,Stable Profit Cluster,Protect,No Escalation,Protect,Role-Aligned,-0.14621406556016694,True,True,True,Not Opportunity Candidate,No Opportunity Action,No positive opportunity signal,Neutral,False,,,,94.9144,18.98288,0.6358933917544118,0.0,0.0037664552057450323
602,FUR-FU-10000521,"Seth Thomas 14"" Putty-Colored Wall Clock",Stable Profit Cluster,Protect,No Escalation,Protect,Role-Aligned,0.033194563488475715,True,True,True,Not Opportunity Candidate,No Opportunity Action,No positive opportunity signal,Neutral,False,,,,94.7682,23.69205,0.43162808835446753,0.0,0.0037606536018674336
604,OFF-ST-10002406,Pizazz Global Quick File,Stable Profit Cluster,Protect,No Escalation,Protect,Role-Aligned,-0.26867841700729705,True,True,False,Not Opportunity Candidate,No Opportunity Action,No positive opportunity signal,Neutral,False,,,,94.6104,15.7684,0.8389386794553026,0.0,0.0037543916792143217
605,OFF-PA-10004911,"Rediform S.O.S. 1-Up Phone Message Bk, 4-1/4x3-1/16 Bk, 1 Form/Pg, 40 Messages/Bk, 3/Pk",Stable Profit Cluster,Protect,No Escalation,Protect,Role-Aligned,-0.14898757940543933,True,True,True,Not Opportunity Candidate,No Opportunity Action,No positive opportunity signal,Neutral,False,,,,94.5504,18.91008,0.5357633156133665,0.0,0.0037520107200306285
606,FUR-FU-10000087,"Executive Impressions 14"" Two-Color Numerals Wall Clock",Stable Profit Cluster,Protect,No Escalation,Protect,Role-Aligned,-0.2692829007940871,True,True,True,Not Opportunity Candidate,No Opportunity Action,No positive opportunity signal,Neutral,False,,,,94.51520000000001,15.752533333333334,0.5113806405682624,0.0,0.0037506138906428623
607,OFF-AR-10000588,Newell 345,Stable Profit Cluster,Protect,No Escalation,Protect,Role-Aligned,-0.46965319041200465,True,True,True,Not Opportunity Candidate,No Opportunity Action,No positive opportunity signal,Neutral,False,,,,94.4384,10.493155555555555,0.49679571971479036,0.0,0.0037475662628877354
609,OFF-PA-10004665,Advantus Motivational Note Cards,Stable Profit Cluster,Protect,No Escalation,Protect,Role-Aligned,-0.1507431222349745,True,True,True,Not Opportunity Candidate,No Opportunity Action,No positive opportunity signal,Neutral,False,,,,94.32,18.863999999999997,0.6324120658961325,0.0,0.003742867836765248
611,FUR-FU-10004090,"Executive Impressions 14"" Contract Wall Clock",Stable Profit Cluster,Protect,No Escalation,Protect,Role-Aligned,-0.3600612353335243,True,True,True,Not Opportunity Candidate,No Opportunity Action,No positive opportunity signal,Neutral,False,,,,93.58829999999999,13.369757142857141,0.3962961406979343,0.0,0.0037138320395201127
612,OFF-AR-10001615,Newell 34,Stable Profit Cluster,Protect,No Escalation,Protect,Role-Aligned,-0.36191332866465886,True,True,True,Not Opportunity Candidate,No Opportunity Action,No positive opportunity signal,Neutral,False,,,,93.24799999999999,13.321142857142856,0.4426262976548334,0.0,0.0037003280326832677
613,OFF-ST-10000464,"Multi-Use Personal File Cart and Caster Set, Three Stacking Bins",Stable Profit Cluster,Protect,No Escalation,Protect,Role-Aligned,-0.15960617527019647,True,True,False,Not Opportunity Candidate,No Opportunity Action,No positive opportunity signal,Neutral,False,,,,93.15679999999999,18.631359999999997,0.6819830182492906,0.0,0.0036967089747240544
614,OFF-PA-10003465,Xerox 1912,Stable Profit Cluster,Protect,No Escalation,Protect,Role-Aligned,0.01229225069714782,True,True,False,Not Opportunity Candidate,No Opportunity Action,No positive opportunity signal,Neutral,False,,,,92.5736,23.1434,0.655894255424315,0.0,0.0036735660514585597
615,OFF-AR-10004648,Boston 19500 Mighty Mite Electric Pencil Sharpener,Stable Profit Cluster,Protect,No Escalation,Protect,Role-Aligned,0.011481721754041127,True,True,False,Not Opportunity Candidate,No Opportunity Action,No positive opportunity signal,Neutral,False,,,,92.4885,23.122125,0.7451448230661193,0.0,0.003670189057683022
616,OFF-AR-10001897,Model L Table or Wall-Mount Pencil Sharpener,Stable Profit Cluster,Protect,No Escalation,Protect,Role-Aligned,-0.16759145689065086,True,True,False,Not Opportunity Candidate,No Opportunity Action,No positive opportunity signal,Neutral,False,,,,92.1088,18.42176,0.7374743646952526,0.0,0.003655121554315552
620,TEC-AC-10000171,"Verbatim 25 GB 6x Blu-ray Single Layer Recordable Disc, 25/Pack",Stable Profit Cluster,Protect,No Escalation,Protect,Role-Aligned,-0.17573217719913692,True,True,False,Not Opportunity Candidate,No Opportunity Action,No positive opportunity signal,Neutral,False,,,,91.0404,18.208080000000002,0.7105527288853001,0.0,0.003612724607784594
624,OFF-ST-10004507,Advantus Rolling Storage Box,Stable Profit Cluster,Protect,No Escalation,Protect,Role-Aligned,-0.5237826393099883,True,True,False,Not Opportunity Candidate,No Opportunity Action,No positive opportunity signal,Neutral,False,,,,90.7235,9.07235,0.6803750219346522,0.0,0.003600149175029389
625,OFF-ST-10003638,Mobile Personal File Cube,Stable Profit Cluster,Protect,No Escalation,Protect,Role-Aligned,-0.17881809232917908,True,True,True,Not Opportunity Candidate,No Opportunity Action,No positive opportunity signal,Neutral,False,,,,90.6354,18.12708,0.2640050038899872,0.0,0.0035966531332946665
626,OFF-PA-10001972,Xerox 214,Stable Profit Cluster,Protect,No Escalation,Protect,Role-Aligned,-0.48649068838354814,True,True,True,Not Opportunity Candidate,No Opportunity Action,No positive opportunity signal,Neutral,False,,,,90.46079999999999,10.0512,0.5014701156592573,0.0,0.00358972454207012
628,OFF-BI-10004308,Avery Legal 4-Ring Binder,Stable Profit Cluster,Protect,No Escalation,Protect,Role-Aligned,-0.010181592947442288,True,False,False,Not Opportunity Candidate,No Opportunity Action,No positive opportunity signal,Neutral,False,,,,90.214,22.5535,0.8137345318721858,0.25,0.00357993086329453
629,OFF-PA-10003797,Xerox 209,Stable Profit Cluster,Protect,No Escalation,Protect,Role-Aligned,-0.18212345031291294,True,True,True,Not Opportunity Candidate,No Opportunity Action,No positive opportunity signal,Neutral,False,,,,90.2016,18.04032,0.44010195431295906,0.0,0.0035794387983965666
632,OFF-AP-10002191,Belkin 8 Outlet SurgeMaster II Gold Surge Protector,Stable Profit Cluster,Protect,Reroute Action,Reroute to Contain / Correct,Role-Aligned,-0.18388813659468517,False,False,False,Not Opportunity Candidate,No Opportunity Action,No positive opportunity signal,Neutral,False,,,,89.97,17.994,2.608191727692058,0.2,0.0035702482959475124
634,OFF-PA-10000740,Xerox 1982,Stable Profit Cluster,Protect,No Escalation,Protect,Role-Aligned,0.2675799770065432,True,True,True,Not Opportunity Candidate,No Opportunity Action,No positive opportunity signal,Neutral,False,,,,89.5328,29.844266666666666,0.508231588467861,0.0,0.003552899040029003
635,OFF-EN-10001539,Staple envelope,Stable Profit Cluster,Protect,No Escalation,Protect,Role-Aligned,-0.38586264248871,True,True,True,Not Opportunity Candidate,No Opportunity Action,No positive opportunity signal,Neutral,False,,,,88.8476,12.692514285714285,0.5985003704263325,0.0,0.00352570848615123
636,OFF-PA-10000019,Xerox 1931,Stable Profit Cluster,Protect,No Escalation,Protect,Role-Aligned,-0.4472652782861249,True,True,True,Not Opportunity Candidate,No Opportunity Action,No positive opportunity signal,Neutral,False,,,,88.6464,11.0808,0.4388308530109501,0.0,0.003517724336355247
637,FUR-FU-10004270,"Executive Impressions 13"" Clairmont Wall Clock",Stable Profit Cluster,Protect,Intensify Action,Protect (Tight Control),Role-Aligned,-0.4481624795368964,True,False,False,Not Opportunity Candidate,No Opportunity Action,No positive opportunity signal,Neutral,False,,,,88.458,11.05725,1.2930299370302174,0.25,0.0035102481245184508
638,TEC-AC-10004761,Maxell 4.7GB DVD+RW 3/Pack,Stable Profit Cluster,Protect,Intensify Action,Protect (Tight Control),Role-Aligned,-0.02734937696565464,True,True,False,Not Opportunity Candidate,No Opportunity Action,No positive opportunity signal,Neutral,False,,,,88.41149999999999,22.102874999999997,1.177466984092935,0.0,0.0035084028811510886
639,FUR-FU-10000023,Eldon Wave Desk Accessories,Stable Profit Cluster,Protect,Intensify Action,Protect (Tight Control),Role-Aligned,-0.49542587309752995,True,False,False,Not Opportunity Candidate,No Opportunity Action,No positive opportunity signal,Neutral,False,,,,88.35,9.816666666666666,1.1652406000469435,0.2222222222222222,0.0035059623979878034
640,TEC-PH-10000193,Jensen SMPS-640 - speaker phone,Stable Profit Cluster,Protect,No Escalation,Protect,Role-Aligned,-0.028586600346495357,True,True,False,Not Opportunity Candidate,No Opportunity Action,No positive opportunity signal,Neutral,False,,,,88.28160000000001,22.070400000000003,0.7134981374191552,0.0,0.0035032481045183944
641,OFF-BI-10001510,Deluxe Heavy-Duty Vinyl Round Ring Binder,Stable Profit Cluster,Protect,Reroute Action,Reroute to Contain / Correct,Role-Aligned,-0.389158639318963,False,False,False,Not Opportunity Candidate,No Opportunity Action,No positive opportunity signal,Neutral,False,,,,88.242,12.606,2.676514317634161,0.2857142857142857,0.003501676671457157
642,OFF-EN-10003040,Quality Park Security Envelopes,Stable Profit Cluster,Protect,No Escalation,Protect,Role-Aligned,-0.02943141723549146,True,True,True,Not Opportunity Candidate,No Opportunity Action,No positive opportunity signal,Neutral,False,,,,88.19290000000001,22.048225000000002,0.5229805614513301,0.0,0.003499728253191835
643,FUR-FU-10000672,"Executive Impressions 10"" Spectator Wall Clock",Stable Profit Cluster,Protect,No Escalation,Protect,Role-Aligned,-0.19916684528298226,True,True,True,Not Opportunity Candidate,No Opportunity Action,No positive opportunity signal,Neutral,False,,,,87.9648,17.592959999999998,0.3397834561957154,0.0,0.0034906766400284953
644,OFF-PA-10003724,"Wirebound Message Book, 4 per Page",Stable Profit Cluster,Protect,No Escalation,Protect,Role-Aligned,-0.39213842509268076,True,True,True,Not Opportunity Candidate,No Opportunity Action,No positive opportunity signal,Neutral,False,,,,87.6945,12.527785714285715,0.5861622567996599,0.0,0.003479950418905959
645,OFF-AP-10004785,"Holmes Replacement Filter for HEPA Air Cleaner, Medium Room",Stable Profit Cluster,Protect,No Escalation,Protect,Role-Aligned,-0.034181250184108766,True,True,True,Not Opportunity Candidate,No Opportunity Action,No positive opportunity signal,Neutral,False,,,,87.6942,21.92355,0.5812285704515008,0.0,0.0034799385141100403
646,TEC-PH-10004912,Cisco SPA112 2 Port Phone Adapter,Stable Profit Cluster,Protect,No Escalation,Protect,Role-Aligned,0.24012041204485626,True,True,True,Not Opportunity Candidate,No Opportunity Action,No positive opportunity signal,Neutral,False,,,,87.37049999999999,29.123499999999996,0.5759263470182673,0.0,0.0034670932393140166
648,OFF-AP-10002998,Holmes 99% HEPA Air Purifier,Stable Profit Cluster,Protect,No Escalation,Protect,Role-Aligned,-0.04215891226103221,True,True,False,Not Opportunity Candidate,No Opportunity Action,No positive opportunity signal,Neutral,False,,,,86.8566,21.71415,0.886978051973798,0.0,0.0034467003239056875
649,OFF-EN-10000461,"#10- 4 1/8"" x 9 1/2"" Recycled Envelopes",Stable Profit Cluster,Protect,No Escalation,Protect,Role-Aligned,-0.45777929591591937,True,True,True,Not Opportunity Candidate,No Opportunity Action,No positive opportunity signal,Neutral,False,,,,86.4386,10.804825,0.5134333755262899,0.0,0.0034301129749259598
650,OFF-SU-10001218,Fiskars Softgrip Scissors,Stable Profit Cluster,Protect,No Escalation,Protect,Role-Aligned,-0.4009079754437156,True,True,True,Not Opportunity Candidate,No Opportunity Action,No positive opportunity signal,Neutral,False,,,,86.0832,12.297600000000001,0.40000816549108237,0.0,0.003416009760027886
651,OFF-PA-10000249,Easy-staple paper,Stable Profit Cluster,Protect,No Escalation,Protect,Role-Aligned,-0.3243848997622041,True,True,True,Not Opportunity Candidate,No Opportunity Action,No positive opportunity signal,Neutral,False,,,,85.8372,14.306199999999999,0.48309694758082805,0.0,0.003406247827374745
652,OFF-ST-10000615,"SimpliFile Personal File, Black Granite, 15w x 6-15/16d x 11-1/4h",Stable Profit Cluster,Protect,No Escalation,Protect,Role-Aligned,-0.4607918729394759,True,True,False,Not Opportunity Candidate,No Opportunity Action,No positive opportunity signal,Neutral,False,,,,85.806,10.72575,0.8278946449150033,0.0,0.0034050097285992244
653,OFF-PA-10002005,Xerox 225,Stable Profit Cluster,Protect,No Escalation,Protect,Role-Aligned,-0.5062405452158171,True,True,True,Not Opportunity Candidate,No Opportunity Action,No positive opportunity signal,Neutral,False,,,,85.79520000000001,9.532800000000002,0.48798716933182434,0.0,0.0034045811559461603
654,OFF-FA-10003495,Staples,Stable Profit Cluster,Protect,No Escalation,Protect,Role-Aligned,-0.4028411624881441,True,True,True,Not Opportunity Candidate,No Opportunity Action,No positive opportunity signal,Neutral,False,,,,85.728,12.246857142857142,0.5181308660771301,0.0,0.0034019144816604236
656,OFF-BI-10001460,Plastic Binding Combs,Stable Profit Cluster,Protect,Intensify Action,Protect (Tight Control),Role-Aligned,-0.2218220340636093,True,False,False,Not Opportunity Candidate,No Opportunity Action,No positive opportunity signal,Neutral,False,,,,84.9915,16.9983,1.3188086545450468,0.2,0.0033726882076805936
657,FUR-FU-10004053,DAX Two-Tone Silver Metal Document Frame,Stable Profit Cluster,Protect,Intensify Action,Protect (Tight Control),Role-Aligned,-0.3309351673509928,True,False,False,Not Opportunity Candidate,No Opportunity Action,No positive opportunity signal,Neutral,False,,,,84.8056,14.134266666666667,1.0507494228157224,0.16666666666666666,0.0033653112024764516
658,TEC-AC-10003063,Micro Innovations USB RF Wireless Keyboard with Mouse,Stable Profit Cluster,Protect,No Escalation,Protect,Role-Aligned,-0.332875611103546,True,True,True,Not Opportunity Candidate,No Opportunity Action,No positive opportunity signal,Neutral,False,,,,84.5,14.083333333333334,0.5866641907199484,0.0,0.0033531841837008422
660,TEC-PH-10004896,Nokia Lumia 521 (T-Mobile),Stable Profit Cluster,Protect,Intensify Action,Protect (Tight Control),Role-Aligned,-0.22959015869343122,True,False,False,Not Opportunity Candidate,No Opportunity Action,No positive opportunity signal,Neutral,False,,,,83.972,16.7944,1.241935220933476,0.2,0.0033322317428843445
661,TEC-PH-10004667,Cisco 8x8 Inc. 6753i IP Business Phone System,Stable Profit Cluster,Protect,Reassess Classification,Reassess Classification,Role-Aligned,-0.3379946744324348,False,False,False,Not Opportunity Candidate,No Opportunity Action,No positive opportunity signal,Neutral,False,,,,83.69379999999998,13.948966666666664,6.059164815369149,0.16666666666666666,0.0033211920288026215
663,OFF-PA-10002764,Easy-staple paper,Stable Profit Cluster,Protect,No Escalation,Protect,Role-Aligned,0.18905042152854346,True,True,True,Not Opportunity Candidate,No Opportunity Action,No positive opportunity signal,Neutral,False,,,,83.349,27.783,0.19819285022169578,0.0,0.003307509450027
664,OFF-EN-10003862,Laser & Ink Jet Business Envelopes,Stable Profit Cluster,Protect,No Escalation,Protect,Role-Aligned,-0.23527433816753335,True,True,True,Not Opportunity Candidate,No Opportunity Action,No positive opportunity signal,Neutral,False,,,,83.226,16.6452,0.5652494926153877,0.0,0.0033026284837004297
665,OFF-PA-10002245,Xerox 1895,Stable Profit Cluster,Protect,No Escalation,Protect,Role-Aligned,-0.4186517153149026,True,True,True,Not Opportunity Candidate,No Opportunity Action,No positive opportunity signal,Neutral,False,,,,82.82300000000001,11.831857142857144,0.6211358096526971,0.0,0.003286636374516626
666,OFF-PA-10003172,Xerox 1996,Stable Profit Cluster,Protect,No Escalation,Protect,Role-Aligned,-0.4793587956385621,True,True,True,Not Opportunity Candidate,No Opportunity Action,No positive opportunity signal,Neutral,False,,,,81.9072,10.2384,0.45878323165312634,0.0,0.00325029500084286
667,FUR-FU-10001986,"Dana Fluorescent Magnifying Lamp, White, 36""",Stable Profit Cluster,Protect,Reroute Action,Reroute to Contain / Correct,Role-Aligned,-0.09252980965837891,False,False,False,Not Opportunity Candidate,No Opportunity Action,No positive opportunity signal,Neutral,False,,,,81.568,20.392,2.1241925338746133,0.25,0.003236834644924382
668,OFF-AP-10001492,"Acco Six-Outlet Power Strip, 4' Cord Length",Stable Profit Cluster,Protect,No Escalation,Protect,Role-Aligned,-0.5242311341083805,True,True,False,Not Opportunity Candidate,No Opportunity Action,No positive opportunity signal,Neutral,False,,,,81.5452,9.060577777777777,0.6469296224202634,0.0,0.0032359298804345788
669,FUR-FU-10003577,Nu-Dell Leatherette Frames,Stable Profit Cluster,Protect,No Escalation,Protect,Role-Aligned,0.16494980534009168,True,True,False,Not Opportunity Candidate,No Opportunity Action,No positive opportunity signal,Neutral,False,,,,81.4512,27.1504,0.9436195826643501,0.0,0.0032321997110467933
670,OFF-LA-10002312,Avery 490,Stable Profit Cluster,Protect,No Escalation,Protect,Role-Aligned,-0.24918762465508085,True,True,True,Not Opportunity Candidate,No Opportunity Action,No positive opportunity signal,Neutral,False,,,,81.4,16.28,0.44308234299594834,0.0,0.0032301679592100425
671,OFF-EN-10003567,"Inter-Office Recycled Envelopes, Brown Kraft, Button-String,10"" x 13"" , 100/Box",Stable Profit Cluster,Protect,No Escalation,Protect,Role-Aligned,0.16335986058996288,True,True,True,Not Opportunity Candidate,No Opportunity Action,No positive opportunity signal,Neutral,False,,,,81.326,27.108666666666664,0.20548467464370904,0.0,0.0032272314428834874
673,OFF-PA-10001950,Southworth 25% Cotton Antique Laid Paper & Envelopes,Stable Profit Cluster,Protect,No Escalation,Protect,Role-Aligned,-0.2530126355076268,True,True,False,Not Opportunity Candidate,No Opportunity Action,No positive opportunity signal,Neutral,False,,,,80.898,16.1796,0.8176389696966765,0.0,0.0032102472673731447
676,TEC-PH-10001198,Avaya 4621SW VoIP phone,Stable Profit Cluster,Protect,No Escalation,Protect,Role-Aligned,-0.1087403885205133,True,True,True,Not Opportunity Candidate,No Opportunity Action,No positive opportunity signal,Neutral,False,,,,79.866,19.9665,0.0,0.0,0.003169294769413627
678,TEC-PH-10000923,"Belkin SportFit Armband For iPhone 5s/5c, Fuchsia",Stable Profit Cluster,Protect,No Escalation,Protect,Role-Aligned,-0.26521076274635363,True,True,False,Not Opportunity Candidate,No Opportunity Action,No positive opportunity signal,Neutral,False,,,,79.29709999999999,15.859419999999997,0.8344501696023462,0.0,0.0031467193080869115
679,OFF-PA-10004101,Xerox 1894,Stable Profit Cluster,Protect,No Escalation,Protect,Role-Aligned,-0.2690228203748969,True,True,False,Not Opportunity Candidate,No Opportunity Action,No positive opportunity signal,Neutral,False,,,,78.79679999999999,15.759359999999997,0.808904749231243,0.0,0.003126866076760219
681,FUR-FU-10002671,Electrix 20W Halogen Replacement Bulb for Zoom-In Desk Lamp,Stable Profit Cluster,Protect,No Escalation,Protect,Role-Aligned,-0.2731434695164443,True,True,False,Not Opportunity Candidate,No Opportunity Action,No positive opportunity signal,Neutral,False,,,,78.256,15.6512,0.6631498036336968,0.0,0.0031054056979845338
682,OFF-ST-10000025,Fellowes Stor/Drawer Steel Plus Storage Drawers,Stable Profit Cluster,Protect,Reassess Classification,Reassess Classification,Role-Aligned,-0.49676278550623443,False,False,False,Not Opportunity Candidate,No Opportunity Action,No positive opportunity signal,Neutral,False,,,,78.25259999999999,9.781574999999998,3.7881819697107884,0.25,0.0031052707769641244
683,OFF-ST-10001325,Sterilite Officeware Hinged File Box,Stable Profit Cluster,Protect,No Escalation,Protect,Role-Aligned,-0.599007795019577,True,True,False,Not Opportunity Candidate,No Opportunity Action,No positive opportunity signal,Neutral,False,,,,78.076,7.097818181818181,0.8080704496664237,0.0,0.0030982628204334547
684,OFF-AR-10002445,SANFORD Major Accent Highlighters,Stable Profit Cluster,Protect,No Escalation,Protect,Role-Aligned,-0.4455541465103133,True,True,True,Not Opportunity Candidate,No Opportunity Action,No positive opportunity signal,Neutral,False,,,,77.88,11.125714285714285,0.46482456220101165,0.0,0.0030904850204333915
685,OFF-PA-10003848,Xerox 1997,Stable Profit Cluster,Protect,No Escalation,Protect,Role-Aligned,-0.49910865247083114,True,True,True,Not Opportunity Candidate,No Opportunity Action,No positive opportunity signal,Neutral,False,,,,77.76,9.72,0.31403009405257054,0.0,0.003085723102066006
686,OFF-PA-10004996,"Speediset Carbonless Redi-Letter 7"" x 8 1/2""",Stable Profit Cluster,Protect,No Escalation,Protect,Role-Aligned,-0.2778805397296471,True,True,True,Not Opportunity Candidate,No Opportunity Action,No positive opportunity signal,Neutral,False,,,,77.6343,15.52686,0.5370329353892961,0.0,0.003080734992576169
687,OFF-EN-10002592,"Peel & Seel Recycled Catalog Envelopes, Brown",Stable Profit Cluster,Protect,No Escalation,Protect,Role-Aligned,-0.1304560875837721,True,True,True,Not Opportunity Candidate,No Opportunity Action,No positive opportunity signal,Neutral,False,,,,77.586,19.3965,0.39201836811483765,0.0,0.0030788183204332963
688,OFF-ST-10000876,Eldon Simplefile Box Office,Stable Profit Cluster,Protect,No Escalation,Protect,Role-Aligned,-0.5021183721655635,True,True,False,Not Opportunity Candidate,No Opportunity Action,No positive opportunity signal,Neutral,False,,,,77.128,9.641,0.7292567519379233,0.0,0.0030606436653311075
689,FUR-CH-10002774,"Global Deluxe Stacking Chair, Gray",Stable Profit Cluster,Protect,No Escalation,Protect,Role-Aligned,-0.45045351300072567,True,False,False,Not Opportunity Candidate,No Opportunity Action,No positive opportunity signal,Neutral,False,,,,76.9798,10.997114285714286,0.6831502905013982,0.14285714285714285,0.0030547626961473858
691,TEC-PH-10001644,"BlueLounge Milo Smartphone Stand, White/Metallic",Stable Profit Cluster,Protect,No Escalation,Protect,Role-Aligned,0.10555800336403971,True,True,True,Not Opportunity Candidate,No Opportunity Action,No positive opportunity signal,Neutral,False,,,,76.7744,25.591466666666665,0.6267529490377414,0.0,0.003046611879208544
692,OFF-PA-10001870,Xerox 202,Stable Profit Cluster,Protect,No Escalation,Protect,Role-Aligned,-0.5040461166788984,True,True,True,Not Opportunity Candidate,No Opportunity Action,No positive opportunity signal,Neutral,False,,,,76.7232,9.5904,0.5275692545508802,0.0,0.0030445801273717927
693,OFF-AR-10003752,Deluxe Chalkboard Eraser Cleaner,Stable Profit Cluster,Protect,No Escalation,Protect,Role-Aligned,-0.28682055015453184,True,True,True,Not Opportunity Candidate,No Opportunity Action,No positive opportunity signal,Neutral,False,,,,76.461,15.2922,0.5395070470606694,0.0,0.0030341753357390542
694,TEC-PH-10002310,Panasonic KX T7731-B Digital phone,Stable Profit Cluster,Protect,Intensify Action,Protect (Tight Control),Role-Aligned,0.0956271982953448,False,False,False,Not Opportunity Candidate,No Opportunity Action,No positive opportunity signal,Neutral,False,,,,75.9924,25.3308,1.3495369221589881,0.3333333333333333,0.003015580044514413
696,OFF-PA-10003651,Xerox 1968,Stable Profit Cluster,Protect,No Escalation,Protect,Role-Aligned,-0.29528281520002486,True,True,False,Not Opportunity Candidate,No Opportunity Action,No positive opportunity signal,Neutral,False,,,,75.35040000000001,15.07008,0.6971242711138653,0.0,0.002990103781248899
697,FUR-FU-10001085,3M Polarizing Light Filter Sleeves,Stable Profit Cluster,Protect,Intensify Action,Protect (Tight Control),Role-Aligned,-0.15179080947048243,True,False,False,Not Opportunity Candidate,No Opportunity Action,No positive opportunity signal,Neutral,False,,,,75.346,18.8365,1.2823135289635101,0.25,0.002989929177575428
698,TEC-PH-10001700,Panasonic KX-TG6844B Expandable Digital Cordless Telephone,Stable Profit Cluster,Protect,Reroute Action,Reroute to Contain / Correct,Role-Aligned,-0.4599844734517479,False,False,False,Not Opportunity Candidate,No Opportunity Action,No positive opportunity signal,Neutral,False,,,,75.2286,10.746942857142857,2.105254011135354,0.14285714285714285,0.0029852704341060024
699,OFF-LA-10004093,Avery 486,Stable Profit Cluster,Protect,No Escalation,Protect,Role-Aligned,-0.5513160715131281,True,True,False,Not Opportunity Candidate,No Opportunity Action,No positive opportunity signal,Neutral,False,,,,75.1468,8.349644444444444,0.8719304065021449,0.0,0.0029820243930855674
701,FUR-FU-10001889,Ultra Door Pull Handle,Stable Profit Cluster,Protect,No Escalation,Protect,Role-Aligned,-0.3944847002471096,True,True,False,Not Opportunity Candidate,No Opportunity Action,No positive opportunity signal,Neutral,False,,,,74.7972,12.4662,0.7486144886865279,0.0,0.0029681513375752503
702,OFF-LA-10000414,Avery 503,Stable Profit Cluster,Protect,No Escalation,Protect,Role-Aligned,-0.15965798816620697,True,True,True,Not Opportunity Candidate,No Opportunity Action,No positive opportunity signal,Neutral,False,,,,74.52,18.63,0.25188873281852564,0.0,0.002957151306146589
703,OFF-PA-10002160,Xerox 1978,Stable Profit Cluster,Protect,No Escalation,Protect,Role-Aligned,-0.5154392391435783,True,True,True,Not Opportunity Candidate,No Opportunity Action,No positive opportunity signal,Neutral,False,,,,74.33080000000001,9.291350000000001,0.40404213588441223,0.0,0.0029496433481873445
704,FUR-FU-10002445,"DAX Two-Tone Rosewood/Black Document Frame, Desktop, 5 x 7",Stable Profit Cluster,Protect,Intensify Action,Protect (Tight Control),Role-Aligned,-0.5172812637921899,True,False,False,Not Opportunity Candidate,No Opportunity Action,No positive opportunity signal,Neutral,False,,,,73.944,9.243,1.0425768446822765,0.125,0.0029342940979831373
705,OFF-EN-10004459,Security-Tint Envelopes,Stable Profit Cluster,Protect,No Escalation,Protect,Role-Aligned,-0.5566836166227211,True,True,True,Not Opportunity Candidate,No Opportunity Action,No positive opportunity signal,Neutral,False,,,,73.8788,8.208755555555555,0.3873616905902021,0.0,0.002931706789003524
706,OFF-BI-10001078,"Acco PRESSTEX Data Binder with Storage Hooks, Dark Blue, 14 7/8"" X 11""",Stable Profit Cluster,Protect,No Escalation,Protect,Role-Aligned,-0.46739284677628623,True,True,True,Not Opportunity Candidate,No Opportunity Action,No positive opportunity signal,Neutral,False,,,,73.8674,10.552485714285714,0.6089925401811177,0.0,0.0029312544067586228
708,OFF-LA-10002043,Avery 489,Stable Profit Cluster,Protect,No Escalation,Protect,Role-Aligned,-0.3110735572136029,True,True,True,Not Opportunity Candidate,No Opportunity Action,No positive opportunity signal,Neutral,False,,,,73.278,14.655600000000002,0.3553946097334638,0.0,0.002907865451044146
712,OFF-PA-10002377,"Adams Telephone Message Book W/Dividers/Space For Phone Numbers, 5 1/4""X8 1/2"", 200/Messages",Stable Profit Cluster,Protect,No Escalation,Protect,Role-Aligned,-0.47372468745052065,True,True,True,Not Opportunity Candidate,No Opportunity Action,No positive opportunity signal,Neutral,False,,,,72.704,10.386285714285714,0.24360022583897092,0.0,0.0028850876081868166
713,TEC-AC-10002331,"Maxell 74 Minute CDR, 10/Pack",Stable Profit Cluster,Protect,No Escalation,Protect,Role-Aligned,-0.31648648093800263,True,True,True,Not Opportunity Candidate,No Opportunity Action,No positive opportunity signal,Neutral,False,,,,72.5676,14.51352,0.5195022264824666,0.0,0.0028796748943092218
714,FUR-FU-10004017,"Executive Impressions 13"" Chairman Wall Clock",Stable Profit Cluster,Protect,No Escalation,Protect,Role-Aligned,0.04915560229997102,True,True,True,Not Opportunity Candidate,No Opportunity Action,No positive opportunity signal,Neutral,False,,,,72.333,24.111,0.18042544524715493,0.0,0.0028703653439009825
715,OFF-SU-10002537,Acme Box Cutter Scissors,Stable Profit Cluster,Protect,No Escalation,Protect,Role-Aligned,-0.41082481134927046,True,True,False,Not Opportunity Candidate,No Opportunity Action,No positive opportunity signal,Neutral,False,,,,72.2238,12.0373,0.7008624634822623,0.0,0.0028660319981866616
716,FUR-FU-10004006,"Deflect-o DuraMat Lighweight, Studded, Beveled Mat for Low Pile Carpeting",Stable Profit Cluster,Protect,Intensify Action,Protect (Tight Control),Role-Aligned,-0.41174741107847856,False,False,False,Not Opportunity Candidate,No Opportunity Action,No positive opportunity signal,Neutral,False,,,,72.07849999999999,12.013083333333332,1.0268362929875487,0.3333333333333333,0.0028602661086968182
717,OFF-AR-10000658,Newell 324,Stable Profit Cluster,Protect,No Escalation,Protect,Role-Aligned,-0.4771643671016433,True,True,True,Not Opportunity Candidate,No Opportunity Action,No positive opportunity signal,Neutral,False,,,,72.072,10.296000000000001,0.5180043151903222,0.0,0.0028600081714519185
718,OFF-BI-10001294,Fellowes Binding Cases,Stable Profit Cluster,Protect,Intensify Action,Protect (Tight Control),Role-Aligned,-0.3211542133050736,True,False,False,Not Opportunity Candidate,No Opportunity Action,No positive opportunity signal,Neutral,False,,,,71.955,14.391,1.3516093655523576,0.2,0.002855365301043717
719,FUR-FU-10004351,Staple-based wall hangings,Stable Profit Cluster,Protect,Intensify Action,Protect (Tight Control),Role-Aligned,-0.4142370969272223,True,False,False,Not Opportunity Candidate,No Opportunity Action,No positive opportunity signal,Neutral,False,,,,71.68639999999999,11.947733333333332,1.0419050011724267,0.16666666666666666,0.002844706540431385
720,OFF-PA-10002689,Weyerhaeuser First Choice Laser/Copy Paper (20Lb. and 88 Bright),Stable Profit Cluster,Protect,No Escalation,Protect,Role-Aligned,-0.326297405188477,True,True,False,Not Opportunity Candidate,No Opportunity Action,No positive opportunity signal,Neutral,False,,,,71.28,14.256,0.7067158518166659,0.0,0.002828579510227172
721,FUR-FU-10003799,"Seth Thomas 13 1/2"" Wall Clock",Stable Profit Cluster,Protect,Intensify Action,Protect (Tight Control),Role-Aligned,-0.32751653215343185,True,False,False,Not Opportunity Candidate,No Opportunity Action,No positive opportunity signal,Neutral,False,,,,71.12,14.224,1.115670814548664,0.2,0.0028222302857373247
722,OFF-PA-10001804,Xerox 195,Stable Profit Cluster,Protect,No Escalation,Protect,Role-Aligned,-0.5334880328825587,True,True,False,Not Opportunity Candidate,No Opportunity Action,No positive opportunity signal,Neutral,False,,,,70.54079999999999,8.817599999999999,0.756593523525562,0.0,0.002799246093084075
723,OFF-AR-10001725,Boston Home & Office Model 2000 Electric Pencil Sharpeners,Stable Profit Cluster,Protect,No Escalation,Protect,Role-Aligned,-0.4219163268825162,True,True,True,Not Opportunity Candidate,No Opportunity Action,No positive opportunity signal,Neutral,False,,,,70.477,11.746166666666667,0.5285094072043327,0.0,0.0027967143398187487
726,OFF-AR-10002956,Boston 16801 Nautilus Battery Pencil Sharpener,Stable Profit Cluster,Protect,No Escalation,Protect,Role-Aligned,-0.4249971623168709,True,True,True,Not Opportunity Candidate,No Opportunity Action,No positive opportunity signal,Neutral,False,,,,69.9918,11.6653,0.6156983671310526,0.0,0.002777460316553285
727,TEC-PH-10000439,GE DSL Phone Line Filter,Stable Profit Cluster,Protect,No Escalation,Protect,Role-Aligned,-0.20287508663091602,True,True,True,Not Opportunity Candidate,No Opportunity Action,No positive opportunity signal,Neutral,False,,,,69.9825,17.495625,0.457096109310257,0.0,0.002777091267879813
728,OFF-PA-10000061,Xerox 205,Stable Profit Cluster,Protect,No Escalation,Protect,Role-Aligned,-0.20779826419486278,True,True,True,Not Opportunity Candidate,No Opportunity Action,No positive opportunity signal,Neutral,False,,,,69.4656,17.3664,0.5070420612533958,0.0,0.0027565793045122985
729,FUR-FU-10004245,"Career Cubicle Clock, 8 1/4"", Black",Stable Profit Cluster,Protect,No Escalation,Protect,Role-Aligned,0.006219474502966268,True,True,False,Not Opportunity Candidate,No Opportunity Action,No positive opportunity signal,Neutral,False,,,,68.952,22.983999999999998,0.672023828547034,0.0,0.002736198293899887
730,OFF-PA-10004735,Xerox 1905,Stable Profit Cluster,Protect,No Escalation,Protect,Role-Aligned,-0.344072276337519,True,True,True,Not Opportunity Candidate,No Opportunity Action,No positive opportunity signal,Neutral,False,,,,68.94720000000001,13.789440000000003,0.5869495427910322,0.0,0.0027360078171651922
731,OFF-LA-10001569,Avery 499,Stable Profit Cluster,Protect,No Escalation,Protect,Role-Aligned,-0.6313977818839464,True,True,True,Not Opportunity Candidate,No Opportunity Action,No positive opportunity signal,Neutral,False,,,,68.72399999999999,6.247636363636363,0.6095326670883372,0.0,0.002727150649001854
732,TEC-PH-10002085,Clarity 53712,Stable Profit Cluster,Protect,No Escalation,Protect,Role-Aligned,-0.21576068718472433,True,True,True,Not Opportunity Candidate,No Opportunity Action,No positive opportunity signal,Neutral,False,,,,68.6296,17.1574,0.467286205723102,0.0,0.002723404606552844
733,FUR-FU-10004093,Hand-Finished Solid Wood Document Frame,Stable Profit Cluster,Protect,No Escalation,Protect,Role-Aligned,-2.855119242727453e-05,True,True,False,Not Opportunity Candidate,No Opportunity Action,No positive opportunity signal,Neutral,False,,,,68.46000000000001,22.820000000000004,0.7466942463731085,0.0,0.002716674428593606
734,OFF-PA-10002262,Xerox 192,Stable Profit Cluster,Protect,No Escalation,Protect,Role-Aligned,-0.4349216177659568,True,True,True,Not Opportunity Candidate,No Opportunity Action,No positive opportunity signal,Neutral,False,,,,68.4288,11.4048,0.40168092369513614,0.0,0.002715436329818085
735,OFF-PA-10001934,Xerox 1993,Stable Profit Cluster,Protect,No Escalation,Protect,Role-Aligned,-0.5435458303434365,True,True,False,Not Opportunity Candidate,No Opportunity Action,No positive opportunity signal,Neutral,False,,,,68.4288,8.5536,0.870929200511574,0.0,0.002715436329818085
736,OFF-AR-10003478,"Avery Hi-Liter EverBold Pen Style Fluorescent Highlighters, 4/Pack",Stable Profit Cluster,Protect,No Escalation,Protect,Role-Aligned,-0.4352568776813193,True,True,True,Not Opportunity Candidate,No Opportunity Action,No positive opportunity signal,Neutral,False,,,,68.376,11.396,0.624983395224942,0.0,0.0027133410857364355
737,OFF-AR-10004456,Panasonic KP-4ABK Battery-Operated Pencil Sharpener,Stable Profit Cluster,Protect,No Escalation,Protect,Role-Aligned,-0.2224277877743212,True,True,True,Not Opportunity Candidate,No Opportunity Action,No positive opportunity signal,Neutral,False,,,,67.92960000000001,16.982400000000002,0.28443221288201664,0.0,0.0026956267494097604
738,OFF-SU-10000381,Acme Forged Steel Scissors with Black Enamel Handles,Stable Profit Cluster,Protect,No Escalation,Protect,Role-Aligned,-0.546650794332306,True,True,True,Not Opportunity Candidate,No Opportunity Action,No positive opportunity signal,Neutral,False,,,,67.7768,8.4721,0.5586066231087451,0.0,0.0026895632400219553
739,OFF-AP-10000696,Holmes Odor Grabber,Stable Profit Cluster,Protect,Reroute Action,Reroute to Contain / Correct,Role-Aligned,-0.5466641285334851,False,False,False,Not Opportunity Candidate,No Opportunity Action,No positive opportunity signal,Neutral,False,,,,67.774,8.47175,1.9943485814289392,0.25,0.0026894521285933835
740,OFF-ST-10002214,X-Rack File for Hanging Folders,Stable Profit Cluster,Protect,No Escalation,Protect,Role-Aligned,-0.5826696465271135,True,True,True,Not Opportunity Candidate,No Opportunity Action,No positive opportunity signal,Neutral,False,,,,67.74,7.526666666666666,0.5694753554799306,0.0,0.0026881029183892903
741,OFF-ST-10000107,Fellowes Super Stor/Drawer,Stable Profit Cluster,Protect,Intensify Action,Protect (Tight Control),Role-Aligned,-0.22451935247357205,True,False,False,Not Opportunity Candidate,No Opportunity Action,No positive opportunity signal,Neutral,False,,,,67.71,16.9275,1.166060461922121,0.25,0.0026869124387974438
742,OFF-PA-10001712,Xerox 1948,Stable Profit Cluster,Protect,No Escalation,Protect,Role-Aligned,-0.013077019489210012,True,True,True,Not Opportunity Candidate,No Opportunity Action,No positive opportunity signal,Neutral,False,,,,67.4325,22.477500000000003,0.3425495095834824,0.0,0.0026759005025728646
743,OFF-PA-10004888,Xerox 217,Stable Profit Cluster,Protect,No Escalation,Protect,Role-Aligned,-0.5484832945515038,True,True,False,Not Opportunity Candidate,No Opportunity Action,No positive opportunity signal,Neutral,False,,,,67.392,8.424,0.8034276060371778,0.0,0.0026742933551238716
744,OFF-AP-10000692,Fellowes Mighty 8 Compact Surge Protector,Stable Profit Cluster,Protect,No Escalation,Protect,Role-Aligned,-0.44211192701134683,True,True,False,Not Opportunity Candidate,No Opportunity Action,No positive opportunity signal,Neutral,False,,,,67.2964,11.216066666666668,0.6454601204327919,0.0,0.002670499693491188
746,TEC-AC-10004633,"Verbatim 25 GB 6x Blu-ray Single Layer Recordable Disc, 3/Pack",Stable Profit Cluster,Protect,No Escalation,Protect,Role-Aligned,-0.44333359382414544,True,True,True,Not Opportunity Candidate,No Opportunity Action,No positive opportunity signal,Neutral,False,,,,67.104,11.184,0.4583919450740327,0.0,0.0026628647510421456
747,OFF-PA-10002666,Southworth 25% Cotton Linen-Finish Paper & Envelopes,Stable Profit Cluster,Protect,No Escalation,Protect,Role-Aligned,-0.23086262246310288,True,True,False,Not Opportunity Candidate,No Opportunity Action,No positive opportunity signal,Neutral,False,,,,67.044,16.761,0.7933957187873465,0.0,0.002660483791858453
748,TEC-AC-10003447,Micropad Numeric Keypads,Stable Profit Cluster,Protect,No Escalation,Protect,Role-Aligned,-0.23160076574266542,True,True,False,Not Opportunity Candidate,No Opportunity Action,No positive opportunity signal,Neutral,False,,,,66.9665,16.741625,0.8011840313127865,0.0,0.0026574083862461826
749,OFF-BI-10003910,DXL Angle-View Binders with Locking Rings by Samsill,Stable Profit Cluster,Protect,No Escalation,Protect,Role-Aligned,-0.6153390743780998,True,False,False,Not Opportunity Candidate,No Opportunity Action,No positive opportunity signal,Neutral,False,,,,66.69149999999999,6.669149999999999,0.872269797310625,0.2,0.0026464956566542566
750,TEC-AC-10003280,Belkin F8E887 USB Wired Ergonomic Keyboard,Stable Profit Cluster,Protect,Intensify Action,Protect (Tight Control),Role-Aligned,-0.553788877956411,True,True,False,Not Opportunity Candidate,No Opportunity Action,No positive opportunity signal,Neutral,False,,,,66.27789999999999,8.284737499999999,1.0517318921431171,0.0,0.0026300829113480003
751,OFF-PA-10001184,Xerox 1903,Stable Profit Cluster,Protect,No Escalation,Protect,Role-Aligned,-0.4532593191971531,True,True,True,Not Opportunity Candidate,No Opportunity Action,No positive opportunity signal,Neutral,False,,,,65.54079999999999,10.923466666666664,0.5004775272928248,0.0,0.002600832827776333
752,FUR-FU-10001934,Magnifier Swing Arm Lamp,Stable Profit Cluster,Protect,No Escalation,Protect,Role-Aligned,-0.3706614354431851,True,True,True,Not Opportunity Candidate,No Opportunity Action,No positive opportunity signal,Neutral,False,,,,65.4576,13.09152,0.36560333931813993,0.0,0.0025975312310416126
753,OFF-PA-10003591,Southworth 100% Cotton The Best Paper,Stable Profit Cluster,Protect,No Escalation,Protect,Role-Aligned,-0.03843105058850621,True,True,True,Not Opportunity Candidate,No Opportunity Action,No positive opportunity signal,Neutral,False,,,,65.43599999999999,21.811999999999998,0.3604558638203021,0.0,0.0025966740857354827
754,OFF-EN-10001099,Staple envelope,Stable Profit Cluster,Protect,No Escalation,Protect,Role-Aligned,-0.3716306413803242,True,True,False,Not Opportunity Candidate,No Opportunity Action,No positive opportunity signal,Neutral,False,,,,65.3304,13.06608,0.8073195854205533,0.0,0.0025924835975721836
755,OFF-PA-10000726,"Black Print Carbonless Snap-Off Rapid Letter, 8 1/2"" x 7""",Stable Profit Cluster,Protect,No Escalation,Protect,Role-Aligned,-0.2490304715697547,True,True,True,Not Opportunity Candidate,No Opportunity Action,No positive opportunity signal,Neutral,False,,,,65.1365,16.284125,0.6073646805469872,0.0,0.0025847891311435492
756,OFF-PA-10000143,Astroparche Fine Business Paper,Stable Profit Cluster,Protect,No Escalation,Protect,Role-Aligned,-0.4563782523491626,True,True,True,Not Opportunity Candidate,No Opportunity Action,No positive opportunity signal,Neutral,False,,,,65.0496,10.8416,0.6364501315162275,0.0,0.0025813407085925008
757,OFF-EN-10001219,"#10- 4 1/8"" x 9 1/2"" Security-Tint Envelopes",Stable Profit Cluster,Protect,No Escalation,Protect,Role-Aligned,-0.560524078216316,True,True,True,Not Opportunity Candidate,No Opportunity Action,No positive opportunity signal,Neutral,False,,,,64.86359999999999,8.107949999999999,0.43579511143317384,0.0,0.0025739597351230525
758,TEC-PH-10002923,"Logitech B530 USB Headset - headset - Full size, Binaural",Stable Profit Cluster,Protect,Reroute Action,Reroute to Contain / Correct,Role-Aligned,-0.6228024172666828,False,False,False,Not Opportunity Candidate,No Opportunity Action,No positive opportunity signal,Neutral,False,,,,64.7325,6.47325,1.8083438802841763,0.1,0.002568757339306684
760,TEC-MA-10000423,Texas Instruments TI-34 Scientific Calculator,Stable Profit Cluster,Protect,Intensify Action,Protect (Tight Control),Role-Aligned,-0.04840503307054322,False,False,False,Not Opportunity Candidate,No Opportunity Action,No positive opportunity signal,Neutral,False,,,,64.6506,21.5502,0.940552772561911,0.3333333333333333,0.0025655073300209427
761,OFF-PA-10001667,Great White Multi-Use Recycled Paper (20Lb. and 84 Bright),Stable Profit Cluster,Protect,No Escalation,Protect,Role-Aligned,-0.5618555934483526,True,True,False,Not Opportunity Candidate,No Opportunity Action,No positive opportunity signal,Neutral,False,,,,64.584,8.073,0.6928764408244994,0.0,0.002562864465327044
762,OFF-LA-10000240,Self-Adhesive Address Labels for Typewriters by Universal,Stable Profit Cluster,Protect,No Escalation,Protect,Role-Aligned,-0.5189134788671451,True,True,False,Not Opportunity Candidate,No Opportunity Action,No positive opportunity signal,Neutral,False,,,,64.4011,9.200157142857142,0.8820972601764049,0.0,0.0025556065080820866
763,OFF-BI-10001628,"Acco Data Flex Cable Posts For Top & Bottom Load Binders, 6"" Capacity",Stable Profit Cluster,Protect,Reroute Action,Reroute to Contain / Correct,Role-Aligned,-0.6250425630647874,False,False,False,Not Opportunity Candidate,No Opportunity Action,No positive opportunity signal,Neutral,False,,,,64.1445,6.4144499999999995,1.5828341167585636,0.2,0.002545423939306493
765,OFF-PA-10004983,Xerox 23,Stable Profit Cluster,Protect,No Escalation,Protect,Role-Aligned,-0.4645464030143603,True,True,True,Not Opportunity Candidate,No Opportunity Action,No positive opportunity signal,Neutral,False,,,,63.7632,10.6272,0.46462784277847297,0.0,0.002530292943694125
766,OFF-ST-10000760,Eldon Fold 'N Roll Cart System,Stable Profit Cluster,Protect,Intensify Action,Protect (Tight Control),Role-Aligned,-0.38368171142890317,True,True,False,Not Opportunity Candidate,No Opportunity Action,No positive opportunity signal,Neutral,False,,,,63.7488,12.74976,1.37461891828734,0.0,0.0025297215134900387
768,OFF-AR-10002952,Stanley Contemporary Battery Pencil Sharpeners,Stable Profit Cluster,Protect,No Escalation,Protect,Role-Aligned,-0.26926512185918156,True,True,False,Not Opportunity Candidate,No Opportunity Action,No positive opportunity signal,Neutral,False,,,,63.012,15.753,0.752183506065402,0.0,0.0025004833347142897
769,OFF-PA-10001639,Xerox 203,Stable Profit Cluster,Protect,No Escalation,Protect,Role-Aligned,-0.4694838672224276,True,True,True,Not Opportunity Candidate,No Opportunity Action,No positive opportunity signal,Neutral,False,,,,62.985600000000005,10.4976,0.31610177349712715,0.0,0.002499435712673465
770,TEC-AC-10001998,Logitech LS21 Speaker System - PC Multimedia - 2.1-CH - Wired,Stable Profit Cluster,Protect,No Escalation,Protect,Role-Aligned,-0.47086173467761094,True,True,True,Not Opportunity Candidate,No Opportunity Action,No positive opportunity signal,Neutral,False,,,,62.7686,10.461433333333334,0.5161707423865559,0.0,0.002490824576959109
771,OFF-ST-10003455,"Tenex File Box, Personal Filing Tote with Lid, Black",Stable Profit Cluster,Protect,No Escalation,Protect,Role-Aligned,-0.528387292741685,True,True,False,Not Opportunity Candidate,No Opportunity Action,No positive opportunity signal,Neutral,False,,,,62.6604,8.951485714285715,0.6904828164216766,0.0,0.002486530913897849
773,OFF-PA-10000743,Xerox 1977,Stable Profit Cluster,Protect,No Escalation,Protect,Role-Aligned,-0.47919624537656813,True,True,True,Not Opportunity Candidate,No Opportunity Action,No positive opportunity signal,Neutral,False,,,,61.455999999999996,10.242666666666667,0.581780225437427,0.0,0.0024387371265505203
774,FUR-FU-10001095,DAX Black Cherry Wood-Tone Poster Frame,Stable Profit Cluster,Protect,Reroute Action,Reroute to Contain / Correct,Role-Aligned,-0.5768584746608286,False,False,False,Not Opportunity Candidate,No Opportunity Action,No positive opportunity signal,Neutral,False,,,,61.4336,7.6792,2.7571034556900855,0.25,0.0024378482351219417
775,OFF-EN-10001990,Staple envelope,Stable Profit Cluster,Protect,No Escalation,Protect,Role-Aligned,-0.47954674437899264,True,True,True,Not Opportunity Candidate,No Opportunity Action,No positive opportunity signal,Neutral,False,,,,61.400800000000004,10.233466666666667,0.5440051791424478,0.0,0.002436546644101523
776,FUR-FU-10002157,Artistic Insta-Plaque,Stable Profit Cluster,Protect,No Escalation,Protect,Role-Aligned,-0.0928345913996176,True,True,True,Not Opportunity Candidate,No Opportunity Action,No positive opportunity signal,Neutral,False,,,,61.152,20.384,0.17107893791239376,0.0,0.0024266736000198097
777,OFF-PA-10001838,"Adams Telephone Message Book W/Dividers/Space For Phone Numbers, 5 1/4""X8 1/2"", 300/Messages",Stable Profit Cluster,Protect,No Escalation,Protect,Role-Aligned,-0.6373393633922402,True,True,True,Not Opportunity Candidate,No Opportunity Action,No positive opportunity signal,Neutral,False,,,,60.916799999999995,6.091679999999999,0.3195090978035001,0.0,0.0024173402400197333
778,OFF-PA-10001800,Xerox 220,Stable Profit Cluster,Protect,No Escalation,Protect,Role-Aligned,-0.5793424458519241,True,True,True,Not Opportunity Candidate,No Opportunity Action,No positive opportunity signal,Neutral,False,,,,60.912,7.614,0.4251915717432239,0.0,0.002417149763285038
779,OFF-PA-10004285,Xerox 1959,Stable Profit Cluster,Protect,No Escalation,Protect,Role-Aligned,-0.4842861004552547,True,True,False,Not Opportunity Candidate,No Opportunity Action,No positive opportunity signal,Neutral,False,,,,60.6544,10.109066666666667,0.905130086629321,0.0,0.0024069275118563833
780,OFF-PA-10004451,Xerox 222,Stable Profit Cluster,Protect,No Escalation,Protect,Role-Aligned,-0.5393137181650931,True,True,True,Not Opportunity Candidate,No Opportunity Action,No positive opportunity signal,Neutral,False,,,,60.6528,8.664685714285714,0.6000911069335157,0.0,0.0024068640196114846
781,OFF-PA-10000300,Xerox 1936,Stable Profit Cluster,Protect,No Escalation,Protect,Role-Aligned,-0.10061414534473592,True,True,True,Not Opportunity Candidate,No Opportunity Action,No positive opportunity signal,Neutral,False,,,,60.5394,20.1798,0.33872809929782216,0.0,0.002402364006754305
782,FUR-FU-10004864,Eldon 500 Class Desk Accessories,Stable Profit Cluster,Protect,No Escalation,Protect,Role-Aligned,-0.4854525255774538,True,True,False,Not Opportunity Candidate,No Opportunity Action,No positive opportunity signal,Neutral,False,,,,60.4707,10.07845,0.9181728961746447,0.0,0.0023996378084889768
783,OFF-AP-10004859,Acco 6 Outlet Guardian Premium Surge Suppressor,Stable Profit Cluster,Protect,Reroute Action,Reroute to Contain / Correct,Role-Aligned,-0.5816664066288694,False,False,False,Not Opportunity Candidate,No Opportunity Action,No positive opportunity signal,Neutral,False,,,,60.42399999999999,7.552999999999999,2.172847736734857,0.125,0.002397784628591002
784,OFF-PA-10002893,"Wirebound Service Call Books, 5 1/2"" x 4""",Stable Profit Cluster,Protect,No Escalation,Protect,Role-Aligned,-0.40917365626610974,True,True,True,Not Opportunity Candidate,No Opportunity Action,No positive opportunity signal,Neutral,False,,,,60.4032,12.080639999999999,0.5713176643143572,0.0,0.002396959229407322
786,OFF-FA-10000624,OIC Binder Clips,Stable Profit Cluster,Protect,No Escalation,Protect,Role-Aligned,-0.5420828779854906,True,True,True,Not Opportunity Candidate,No Opportunity Action,No positive opportunity signal,Neutral,False,,,,60.144,8.592,0.4153860794534203,0.0,0.002386673485733769
788,OFF-BI-10000320,GBC Plastic Binding Combs,Stable Profit Cluster,Protect,Intensify Action,Protect (Tight Control),Role-Aligned,-0.6416779314787734,True,False,False,Not Opportunity Candidate,No Opportunity Action,No positive opportunity signal,Neutral,False,,,,59.778000000000006,5.9778,1.1598287639835454,0.2,0.002372149634713242
789,OFF-AR-10004344,Bulldog Vacuum Base Pencil Sharpener,Stable Profit Cluster,Protect,No Escalation,Protect,Role-Aligned,-0.49104273068134063,True,True,False,Not Opportunity Candidate,No Opportunity Action,No positive opportunity signal,Neutral,False,,,,59.5903,9.931716666666667,0.8063858671339282,0.0,0.0023647012007335893
790,OFF-PA-10004041,"It's Hot Message Books with Stickers, 2 3/4"" x 5""",Stable Profit Cluster,Protect,No Escalation,Protect,Role-Aligned,-0.49117162795940617,True,True,True,Not Opportunity Candidate,No Opportunity Action,No positive opportunity signal,Neutral,False,,,,59.57,9.928333333333333,0.41460345423159656,0.0,0.00236389564287644
791,OFF-ST-10000136,Letter Size File,Stable Profit Cluster,Protect,No Escalation,Protect,Role-Aligned,0.26494107509698456,True,True,True,Not Opportunity Candidate,No Opportunity Action,No positive opportunity signal,Neutral,False,,,,59.55,29.775,0.2243652438791659,0.0,0.002363101989815209
792,OFF-ST-10004946,Desktop 3-Pocket Hot File,Stable Profit Cluster,Protect,Intensify Action,Protect (Tight Control),Role-Aligned,0.26417912074388794,True,True,False,Not Opportunity Candidate,No Opportunity Action,No positive opportunity signal,Neutral,False,,,,59.510000000000005,29.755000000000003,1.2492993874016949,0.0,0.0023615146836927473
793,OFF-PA-10000312,Xerox 1955,Stable Profit Cluster,Protect,No Escalation,Protect,Role-Aligned,0.2617789645316329,True,True,True,Not Opportunity Candidate,No Opportunity Action,No positive opportunity signal,Neutral,False,,,,59.384,29.692,0.0,0.0,0.002356514669406992
794,OFF-PA-10002036,Xerox 1930,Stable Profit Cluster,Protect,No Escalation,Protect,Role-Aligned,-0.41714674661691464,True,True,True,Not Opportunity Candidate,No Opportunity Action,No positive opportunity signal,Neutral,False,,,,59.3568,11.87136,0.4877451947547655,0.0,0.002355435301243718
795,OFF-AR-10002818,Panasonic KP-310 Heavy-Duty Electric Pencil Sharpener,Stable Profit Cluster,Protect,No Escalation,Protect,Role-Aligned,0.261055107896191,True,True,True,Not Opportunity Candidate,No Opportunity Action,No positive opportunity signal,Neutral,False,,,,59.346000000000004,29.673000000000002,0.1558046788561726,0.0,0.0023550067285906533
796,OFF-FA-10000621,"OIC Colored Binder Clips, Assorted Sizes",Stable Profit Cluster,Protect,No Escalation,Protect,Role-Aligned,-0.5467591007010676,True,True,True,Not Opportunity Candidate,No Opportunity Action,No positive opportunity signal,Neutral,False,,,,59.284800000000004,8.469257142857144,0.38381016487979636,0.0,0.0023525781502232866
797,FUR-FU-10003464,"Seth Thomas 8 1/2"" Cubicle Clock",Stable Profit Cluster,Protect,No Escalation,Protect,Role-Aligned,-0.3054046168265627,True,True,True,Not Opportunity Candidate,No Opportunity Action,No positive opportunity signal,Neutral,False,,,,59.217600000000004,14.804400000000001,0.3894140403846085,0.0,0.0023499114759375503
798,OFF-PA-10002250,Things To Do Today Pad,Stable Profit Cluster,Protect,No Escalation,Protect,Role-Aligned,-0.5473860802830444,True,True,False,Not Opportunity Candidate,No Opportunity Action,No positive opportunity signal,Neutral,False,,,,59.1696,8.4528,0.7623359013247446,0.0,0.002348006708590596
800,OFF-ST-10002444,Recycled Eldon Regeneration Jumbo File,Stable Profit Cluster,Protect,No Escalation,Protect,Role-Aligned,-0.4951464898347278,True,True,False,Not Opportunity Candidate,No Opportunity Action,No positive opportunity signal,Neutral,False,,,,58.944,9.824,0.7210021662845318,0.0,0.0023390543020599106
801,OFF-BI-10004632,GBC Binding covers,Stable Profit Cluster,Protect,No Escalation,Protect,Role-Aligned,-0.12114754523677286,True,True,True,Not Opportunity Candidate,No Opportunity Action,No positive opportunity signal,Neutral,False,,,,58.9225,19.640833333333333,0.5915484356445273,0.0,0.0023382011250190874
802,OFF-AR-10003179,Dixon Ticonderoga Core-Lock Colored Pencils,Stable Profit Cluster,Protect,No Escalation,Protect,Role-Aligned,-0.5501138768671309,True,True,False,Not Opportunity Candidate,No Opportunity Action,No positive opportunity signal,Neutral,False,,,,58.668400000000005,8.381200000000002,0.6939684104539706,0.0,0.0023281177628761483
804,TEC-PH-10001433,Cisco Small Business SPA 502G VoIP phone,Stable Profit Cluster,Protect,Intensify Action,Protect (Tight Control),Role-Aligned,-0.31257365484626226,True,False,False,Not Opportunity Candidate,No Opportunity Action,No positive opportunity signal,Neutral,False,,,,58.4649,14.616225,1.2736395102666322,0.25,0.002320042342978123
805,TEC-AC-10002305,KeyTronic E03601U1 - Keyboard - Beige,Stable Profit Cluster,Protect,No Escalation,Protect,Role-Aligned,-0.49910865247083114,True,True,True,Not Opportunity Candidate,No Opportunity Action,No positive opportunity signal,Neutral,False,,,,58.32,9.72,0.5032809306243742,0.0,0.0023142923265495044
806,OFF-AP-10000358,Fellowes Basic Home/Office Series Surge Protectors,Stable Profit Cluster,Protect,Reroute Action,Reroute to Contain / Correct,Role-Aligned,-0.6227137342461418,False,False,False,Not Opportunity Candidate,No Opportunity Action,No positive opportunity signal,Neutral,False,,,,58.28020000000001,6.4755777777777785,3.6283549175248355,0.1111111111111111,0.0023127129569576552
807,FUR-FU-10000771,"Eldon 200 Class Desk Accessories, Smoke",Stable Profit Cluster,Protect,No Escalation,Protect,Role-Aligned,-0.3167424976006431,True,True,False,Not Opportunity Candidate,No Opportunity Action,No positive opportunity signal,Neutral,False,,,,58.0272,14.5068,0.7924724127775099,0.0,0.002302673245733083
808,OFF-ST-10000344,"Neat Ideas Personal Hanging Folder Files, Black",Stable Profit Cluster,Protect,Intensify Action,Protect (Tight Control),Role-Aligned,-0.5536558761028123,True,True,False,Not Opportunity Candidate,No Opportunity Action,No positive opportunity signal,Neutral,False,,,,58.0176,8.288228571428572,1.1843496863526695,0.0,0.0023022922922636925
809,TEC-AC-10002345,HP Standard 104 key PS/2 Keyboard,Stable Profit Cluster,Protect,Intensify Action,Protect (Tight Control),Role-Aligned,-0.5011405307457559,True,True,False,Not Opportunity Candidate,No Opportunity Action,No positive opportunity signal,Neutral,False,,,,58.0,9.666666666666666,1.0186515684384814,0.0,0.002301593877569809
810,OFF-PA-10004438,Xerox 1907,Stable Profit Cluster,Protect,No Escalation,Protect,Role-Aligned,-0.13646917735362765,True,True,True,Not Opportunity Candidate,No Opportunity Action,No positive opportunity signal,Neutral,False,,,,57.716,19.238666666666667,0.34190801508358487,0.0,0.0022903240041003293
811,OFF-BI-10004965,Ibico Covers for Plastic or Wire Binding Elements,Stable Profit Cluster,Protect,Reroute Action,Reroute to Contain / Correct,Role-Aligned,-0.5564729301968331,False,False,False,Not Opportunity Candidate,No Opportunity Action,No positive opportunity signal,Neutral,False,,,,57.5,8.214285714285714,1.5223189076681363,0.2857142857142857,0.002281752551039035
812,TEC-AC-10000991,Sony Micro Vault Click 8 GB USB 2.0 Flash Drive,Stable Profit Cluster,Protect,Intensify Action,Protect (Tight Control),Role-Aligned,-0.32340388353259186,True,False,False,Not Opportunity Candidate,No Opportunity Action,No positive opportunity signal,Neutral,False,,,,57.3278,14.33195,1.1838895613123994,0.25,0.002274919198181836
813,OFF-AP-10004708,Fellowes Superior 10 Outlet Split Surge Protector,Stable Profit Cluster,Protect,Reroute Action,Reroute to Contain / Correct,Role-Aligned,-0.6277519457520074,False,False,False,Not Opportunity Candidate,No Opportunity Action,No positive opportunity signal,Neutral,False,,,,57.09,6.343333333333334,3.9229990569247932,0.2222222222222222,0.0022654826632838
814,OFF-PA-10004621,Xerox 212,Stable Profit Cluster,Protect,No Escalation,Protect,Role-Aligned,-0.5590635749973621,True,True,True,Not Opportunity Candidate,No Opportunity Action,No positive opportunity signal,Neutral,False,,,,57.024,8.146285714285714,0.45066777344275294,0.0,0.0022628636081817376
815,OFF-BI-10000829,Avery Non-Stick Binders,Stable Profit Cluster,Protect,No Escalation,Protect,Role-Aligned,-0.5590690175284557,True,True,True,Not Opportunity Candidate,No Opportunity Action,No positive opportunity signal,Neutral,False,,,,57.022999999999996,8.146142857142857,0.621642665542362,0.0,0.002262823925528676
816,OFF-PA-10001569,Xerox 232,Stable Profit Cluster,Protect,Intensify Action,Protect (Tight Control),Role-Aligned,-0.33123486939654434,True,True,False,Not Opportunity Candidate,No Opportunity Action,No positive opportunity signal,Neutral,False,,,,56.505599999999994,14.126399999999999,1.013436488123349,0.0,0.002242292120834631
817,FUR-FU-10003975,Eldon Advantage Chair Mats for Low to Medium Pile Carpets,Stable Profit Cluster,Protect,No Escalation,Protect,Role-Aligned,-0.4404153086517847,True,True,True,Not Opportunity Candidate,No Opportunity Action,No positive opportunity signal,Neutral,False,,,,56.303000000000004,11.2606,0.42888050353028434,0.0,0.002234252415324361
818,OFF-PA-10001534,Xerox 230,Stable Profit Cluster,Protect,No Escalation,Protect,Role-Aligned,-0.44084657481563744,True,True,True,Not Opportunity Candidate,No Opportunity Action,No positive opportunity signal,Neutral,False,,,,56.2464,11.24928,0.621138252257318,0.0,0.0022320063771610775
819,OFF-ST-10001172,"Tennsco Lockers, Sand",Stable Profit Cluster,Protect,No Escalation,Protect,Role-Aligned,-0.44099896568625685,True,True,False,Not Opportunity Candidate,No Opportunity Action,No positive opportunity signal,Neutral,False,,,,56.2264,11.24528,0.9425799190199822,0.0,0.0022312127240998467
820,FUR-FU-10000246,Aluminum Document Frame,Stable Profit Cluster,Protect,No Escalation,Protect,Role-Aligned,-0.44110868711310275,True,True,False,Not Opportunity Candidate,No Opportunity Action,No positive opportunity signal,Neutral,False,,,,56.211999999999996,11.2424,0.7380031221177993,0.0,0.0022306412938957604
821,OFF-PA-10002870,"Ampad Phone Message Book, Recycled, 400 Message Capacity, 5 ¾” x 11”",Stable Profit Cluster,Protect,No Escalation,Protect,Role-Aligned,-0.4415049033767131,True,True,True,Not Opportunity Candidate,No Opportunity Action,No positive opportunity signal,Neutral,False,,,,56.16,11.232,0.48897161649965765,0.0,0.0022285777959365595
822,FUR-FU-10002597,"C-Line Magnetic Cubicle Keepers, Clear Polypropylene",Stable Profit Cluster,Protect,No Escalation,Protect,Role-Aligned,-0.5639923311556797,True,True,True,Not Opportunity Candidate,No Opportunity Action,No positive opportunity signal,Neutral,False,,,,56.1184,8.016914285714286,0.4647063566077208,0.0,0.0022269269975691993
823,FUR-FU-10002088,Nu-Dell Float Frame 11 x 14 1/2,Stable Profit Cluster,Protect,Intensify Action,Protect (Tight Control),Role-Aligned,-0.564445149742663,True,False,False,Not Opportunity Candidate,No Opportunity Action,No positive opportunity signal,Neutral,False,,,,56.0352,8.005028571428571,1.0937336720399586,0.14285714285714285,0.002223625400834479
825,OFF-PA-10004040,Universal Premium White Copier/Laser Paper (20Lb. and 87 Bright),Stable Profit Cluster,Protect,No Escalation,Protect,Role-Aligned,-0.44293128192571035,True,True,True,Not Opportunity Candidate,No Opportunity Action,No positive opportunity signal,Neutral,False,,,,55.9728,11.19456,0.3741475567940477,0.0,0.0022211492032834378
826,FUR-FU-10003691,"Eldon Image Series Desk Accessories, Ebony",Stable Profit Cluster,Protect,Reroute Action,Reroute to Contain / Correct,Role-Aligned,-0.44408030909018026,False,False,False,Not Opportunity Candidate,No Opportunity Action,No positive opportunity signal,Neutral,False,,,,55.822,11.1644,1.5493232224778914,0.2,0.0022151650592017566
827,OFF-BI-10003460,Acco 3-Hole Punch,Stable Profit Cluster,Protect,Intensify Action,Protect (Tight Control),Role-Aligned,-0.6343199922757019,True,False,False,Not Opportunity Candidate,No Opportunity Action,No positive opportunity signal,Neutral,False,,,,55.538399999999996,6.170933333333333,1.0714983087157008,0.2222222222222222,0.002203911058793501
830,OFF-AR-10001683,Lumber Crayons,Stable Profit Cluster,Protect,No Escalation,Protect,Role-Aligned,-0.517922575372713,True,True,False,Not Opportunity Candidate,No Opportunity Action,No positive opportunity signal,Neutral,False,,,,55.357,9.226166666666666,0.9440853968497304,0.0,0.002196712625528136
831,OFF-PA-10000246,Riverleaf Stik-Withit Designer Note Cubes,Stable Profit Cluster,Protect,No Escalation,Protect,Role-Aligned,-0.4478291245074166,True,True,True,Not Opportunity Candidate,No Opportunity Action,No positive opportunity signal,Neutral,False,,,,55.33,11.065999999999999,0.33419657411518855,0.0,0.0021956411938954747
832,OFF-ST-10004258,Portable Personal File Box,Stable Profit Cluster,Protect,No Escalation,Protect,Role-Aligned,-0.5182127529888506,True,True,True,Not Opportunity Candidate,No Opportunity Action,No positive opportunity signal,Neutral,False,,,,55.3113,9.21855,0.3712681612088472,0.0,0.0021948991282832236
834,OFF-BI-10002215,"Wilson Jones Hanging View Binder, White, 1""",Stable Profit Cluster,Protect,No Escalation,Protect,Role-Aligned,-0.5687839355304399,True,True,True,Not Opportunity Candidate,No Opportunity Action,No positive opportunity signal,Neutral,False,,,,55.238,7.8911428571428575,0.331857020546653,0.0,0.0021919903898138123
835,FUR-FU-10003976,"DAX Executive Solid Wood Document Frame, Desktop or Hang, Mahogany, 5 x 7",Stable Profit Cluster,Protect,No Escalation,Protect,Role-Aligned,-0.4495785717021268,True,True,True,Not Opportunity Candidate,No Opportunity Action,No positive opportunity signal,Neutral,False,,,,55.1004,11.02008,0.20048973034481893,0.0,0.002186530056752543
836,OFF-LA-10002945,"Permanent Self-Adhesive File Folder Labels for Typewriters, 1 1/8 x 3 1/2, White",Stable Profit Cluster,Protect,No Escalation,Protect,Role-Aligned,-0.5197957131574092,True,True,False,Not Opportunity Candidate,No Opportunity Action,No positive opportunity signal,Neutral,False,,,,55.062000000000005,9.177000000000001,0.7002778420987347,0.0,0.00218500624287498
837,TEC-PH-10000702,"Square Credit Card Reader, 4 1/2"" x 4 1/2"" x 1"", White",Stable Profit Cluster,Protect,No Escalation,Protect,Role-Aligned,-0.4515238411655829,True,True,False,Not Opportunity Candidate,No Opportunity Action,No positive opportunity signal,Neutral,False,,,,54.8451,10.96902,0.9014092537151652,0.0,0.0021763990754259297
840,FUR-CH-10002961,"Leather Task Chair, Black",Stable Profit Cluster,Protect,Reroute Action,Reroute to Contain / Correct,Role-Aligned,-0.5228054328521415,False,False,False,Not Opportunity Candidate,No Opportunity Action,No positive opportunity signal,Neutral,False,,,,54.588,9.098,2.8861169217991964,0.16666666666666666,0.0021661966653238056
841,OFF-PA-10001593,Xerox 1947,Stable Profit Cluster,Protect,No Escalation,Protect,Role-Aligned,-0.4570563917234188,True,True,True,Not Opportunity Candidate,No Opportunity Action,No positive opportunity signal,Neutral,False,,,,54.119,10.8238,0.5033224607986171,0.0,0.0021475855010379395
842,OFF-PA-10000174,"Message Book, Wirebound, Four 5 1/2"" X 4"" Forms/Pg., 200 Dupl. Sets/Book",Stable Profit Cluster,Protect,No Escalation,Protect,Role-Aligned,-0.5260767568747705,True,True,True,Not Opportunity Candidate,No Opportunity Action,No positive opportunity signal,Neutral,False,,,,54.0728,9.012133333333333,0.2955234898568159,0.0,0.002145752162466496
843,OFF-AR-10003514,4009 Highlighters by Sanford,Stable Profit Cluster,Protect,No Escalation,Protect,Role-Aligned,-0.613165599585891,True,True,True,Not Opportunity Candidate,No Opportunity Action,No positive opportunity signal,Neutral,False,,,,53.8096,6.7262,0.5564267476063944,0.0,0.0021353076881806964
844,OFF-PA-10001471,Strathmore Photo Frame Cards,Stable Profit Cluster,Protect,No Escalation,Protect,Role-Aligned,-0.3569889265312161,True,True,False,Not Opportunity Candidate,No Opportunity Action,No positive opportunity signal,Neutral,False,,,,53.8016,13.4504,0.8260669956779353,0.0,0.002134990226956204
845,TEC-AC-10001383,Logitech Wireless Touch Keyboard K400,Stable Profit Cluster,Protect,Intensify Action,Protect (Tight Control),Role-Aligned,-0.18710739373651922,False,False,False,Not Opportunity Candidate,No Opportunity Action,No positive opportunity signal,Neutral,False,,,,53.7285,17.909499999999998,1.4015374724074416,0.3333333333333333,0.0021320894250174047
846,OFF-AP-10001962,Black & Decker Filter for Double Action Dustbuster Cordless Vac BLDV7210,Stable Profit Cluster,Protect,No Escalation,Protect,Role-Aligned,-0.5284692935434945,True,True,False,Not Opportunity Candidate,No Opportunity Action,No positive opportunity signal,Neutral,False,,,,53.696,8.949333333333334,0.8536222168583486,0.0,0.0021307997387929045
847,OFF-AR-10001860,BIC Liqua Brite Liner,Stable Profit Cluster,Protect,No Escalation,Protect,Role-Aligned,-0.529226168200904,True,True,True,Not Opportunity Candidate,No Opportunity Action,No positive opportunity signal,Neutral,False,,,,53.576800000000006,8.929466666666668,0.3811514393254976,0.0,0.0021260695665479682
848,OFF-ST-10001031,Adjustable Personal File Tote,Stable Profit Cluster,Protect,No Escalation,Protect,Role-Aligned,-0.4625470347918343,True,True,False,Not Opportunity Candidate,No Opportunity Action,No positive opportunity signal,Neutral,False,,,,53.3984,10.679680000000001,0.7371716444740097,0.0,0.002118990181241788
849,TEC-AC-10003499,Memorex Mini Travel Drive 8 GB USB 2.0 Flash Drive,Stable Profit Cluster,Protect,No Escalation,Protect,Role-Aligned,-0.4635406232682725,True,True,True,Not Opportunity Candidate,No Opportunity Action,No positive opportunity signal,Neutral,False,,,,53.26800000000001,10.6536,0.6232520285428862,0.0,0.002113815563282562
852,OFF-LA-10003766,Self-Adhesive Removable Labels,Stable Profit Cluster,Protect,No Escalation,Protect,Role-Aligned,-0.5813997226052855,True,True,False,Not Opportunity Candidate,No Opportunity Action,No positive opportunity signal,Neutral,False,,,,52.92,7.5600000000000005,0.6609811302595258,0.0,0.002100006000017143
853,OFF-PA-10003363,Xerox 204,Stable Profit Cluster,Protect,No Escalation,Protect,Role-Aligned,-0.3657971188530151,True,True,True,Not Opportunity Candidate,No Opportunity Action,No positive opportunity signal,Neutral,False,,,,52.8768,13.2192,0.511920464828059,0.0,0.002098291709404884
854,FUR-FU-10000794,"Eldon Stackable Tray, Side-Load, Legal, Smoke",Stable Profit Cluster,Protect,No Escalation,Protect,Role-Aligned,-0.46688407896966133,True,True,True,Not Opportunity Candidate,No Opportunity Action,No positive opportunity signal,Neutral,False,,,,52.8292,10.56584,0.5956147258177196,0.0,0.0020964028151191543
855,TEC-AC-10004708,Sony 32GB Class 10 Micro SDHC R40 Memory Card,Stable Profit Cluster,Protect,No Escalation,Protect,Role-Aligned,-0.3665857416084703,True,True,True,Not Opportunity Candidate,No Opportunity Action,No positive opportunity signal,Neutral,False,,,,52.794,13.1985,0.46252687726876845,0.0,0.0020950059857313876
857,OFF-ST-10001228,"Fellowes Personal Hanging Folder Files, Navy",Stable Profit Cluster,Protect,No Escalation,Protect,Role-Aligned,-0.36799916693346485,True,True,True,Not Opportunity Candidate,No Opportunity Action,No positive opportunity signal,Neutral,False,,,,52.6456,13.1614,0.5714971522551612,0.0,0.002089117080017054
860,FUR-FU-10000719,"DAX Cubicle Frames, 8-1/2 x 11",Stable Profit Cluster,Protect,No Escalation,Protect,Role-Aligned,-0.3698773844138485,True,True,True,Not Opportunity Candidate,No Opportunity Action,No positive opportunity signal,Neutral,False,,,,52.4484,13.1121,0.5118418527670092,0.0,0.0020812916608333168
861,OFF-BI-10004233,"GBC Pre-Punched Binding Paper, Plastic, White, 8-1/2"" x 11""",Stable Profit Cluster,Protect,Reassess Classification,Reassess Classification,Role-Aligned,-0.6196536409025104,False,False,False,Not Opportunity Candidate,No Opportunity Action,No positive opportunity signal,Neutral,False,,,,52.447199999999995,6.555899999999999,3.606190948880651,0.25,0.002081244041649643
862,TEC-AC-10000303,Logitech M510 Wireless Mouse,Stable Profit Cluster,Protect,No Escalation,Protect,Role-Aligned,-0.2041446930717636,True,True,True,Not Opportunity Candidate,No Opportunity Action,No positive opportunity signal,Neutral,False,,,,52.3869,17.4623,0.4605909639681594,0.0,0.0020788511776700315
863,OFF-EN-10001141,"Manila Recycled Extra-Heavyweight Clasp Envelopes, 6"" x 9""",Stable Profit Cluster,Protect,No Escalation,Protect,Role-Aligned,-0.37058028730458026,True,True,False,Not Opportunity Candidate,No Opportunity Action,No positive opportunity signal,Neutral,False,,,,52.3746,13.09365,0.8000358415410196,0.0,0.0020783630810373745
864,TEC-PH-10004700,PowerGen Dual USB Car Charger,Stable Profit Cluster,Protect,Intensify Action,Protect (Tight Control),Role-Aligned,-0.3708374468987504,True,True,False,Not Opportunity Candidate,No Opportunity Action,No positive opportunity signal,Neutral,False,,,,52.3476,13.0869,1.0114914770426657,0.0,0.0020772916494047125
865,OFF-PA-10002479,Xerox 4200 Series MultiUse Premium Copy Paper (20Lb. and 84 Bright),Stable Profit Cluster,Protect,No Escalation,Protect,Role-Aligned,-0.6204879809191514,True,True,True,Not Opportunity Candidate,No Opportunity Action,No positive opportunity signal,Neutral,False,,,,52.272,6.534,0.47398897251831607,0.0,0.0020742916408332595
866,OFF-EN-10002312,#10 Self-Seal White Envelopes,Stable Profit Cluster,Protect,Intensify Action,Protect (Tight Control),Role-Aligned,-0.37297663374506973,True,True,False,Not Opportunity Candidate,No Opportunity Action,No positive opportunity signal,Neutral,False,,,,52.123,13.03075,1.0116887534712544,0.0,0.0020683789255270886
867,OFF-ST-10003996,"Letter/Legal File Tote with Clear Snap-On Lid, Black Granite",Stable Profit Cluster,Protect,No Escalation,Protect,Role-Aligned,-0.3738204981911244,True,True,False,Not Opportunity Candidate,No Opportunity Action,No positive opportunity signal,Neutral,False,,,,52.0344,13.0086,0.8791674698556268,0.0,0.0020648630424658357
868,OFF-PA-10003883,"Message Book, Phone, Wirebound Standard Line Memo, 2 3/4"" X 5""",Stable Profit Cluster,Protect,No Escalation,Protect,Role-Aligned,-0.4731488676608232,True,True,True,Not Opportunity Candidate,No Opportunity Action,No positive opportunity signal,Neutral,False,,,,52.007,10.401399999999999,0.30073805015477145,0.0,0.002063775737771949
869,OFF-LA-10002475,Avery 519,Stable Profit Cluster,Protect,No Escalation,Protect,Role-Aligned,-0.5417234895156133,True,True,True,Not Opportunity Candidate,No Opportunity Action,No positive opportunity signal,Neutral,False,,,,51.6086,8.601433333333334,0.3866040271281968,0.0,0.0020479661687922285
870,OFF-LA-10001934,Avery 516,Stable Profit Cluster,Protect,No Escalation,Protect,Role-Aligned,-0.37857223602562434,True,True,False,Not Opportunity Candidate,No Opportunity Action,No positive opportunity signal,Neutral,False,,,,51.5355,12.883875,0.7511717690467485,0.0,0.002045065366853429
871,OFF-ST-10002205,File Shuttle I and Handi-File,Stable Profit Cluster,Protect,Intensify Action,Protect (Tight Control),Role-Aligned,-0.21641596792838766,True,True,False,Not Opportunity Candidate,No Opportunity Action,No positive opportunity signal,Neutral,False,,,,51.42059999999999,17.140199999999997,1.241326717560915,0.0,0.0020405058300166567
872,OFF-FA-10003112,Staples,Stable Profit Cluster,Protect,No Escalation,Protect,Role-Aligned,-0.5902982609432373,True,True,True,Not Opportunity Candidate,No Opportunity Action,No positive opportunity signal,Neutral,False,,,,51.285000000000004,7.326428571428572,0.49271052665771303,0.0,0.0020351248622615115
873,FUR-FU-10000305,"Tenex V2T-RE Standard Weight Series Chair Mat, 45"" x 53"", Lip 25"" x 12""",Stable Profit Cluster,Protect,Intensify Action,Protect (Tight Control),Role-Aligned,-0.22041622828214574,False,False,False,Not Opportunity Candidate,No Opportunity Action,No positive opportunity signal,Neutral,False,,,,51.105599999999995,17.0352,1.184239682237201,0.3333333333333333,0.002028005794302269
874,OFF-ST-10004186,"Stur-D-Stor Shelving, Vertical 5-Shelf: 72""H x 36""W x 18 1/2""D",Stable Profit Cluster,Protect,No Escalation,Protect,Role-Aligned,-0.48043467518513483,True,True,True,Not Opportunity Candidate,No Opportunity Action,No positive opportunity signal,Neutral,False,,,,51.050799999999995,10.210159999999998,0.5108720951036424,0.0,0.0020258311849144965
875,OFF-ST-10000649,Hanging Personal Folder File,Stable Profit Cluster,Protect,No Escalation,Protect,Role-Aligned,-0.48063125940823376,True,True,False,Not Opportunity Candidate,No Opportunity Action,No positive opportunity signal,Neutral,False,,,,51.025,10.205,0.8944406314358456,0.0,0.0020248073724655085
876,OFF-PA-10000289,Xerox 213,Stable Profit Cluster,Protect,No Escalation,Protect,Role-Aligned,-0.5468374731488147,True,True,False,Not Opportunity Candidate,No Opportunity Action,No positive opportunity signal,Neutral,False,,,,50.8032,8.4672,0.6431892496698236,0.0,0.0020160057600164573
879,OFF-AP-10001366,Staple holder,Stable Profit Cluster,Protect,No Escalation,Protect,Role-Aligned,-0.38940436959783664,True,True,False,Not Opportunity Candidate,No Opportunity Action,No positive opportunity signal,Neutral,False,,,,50.3982,12.59955,0.6625103261359825,0.0,0.00199993428552653
882,TEC-PH-10002350,Apple EarPods with Remote and Mic,Stable Profit Cluster,Protect,No Escalation,Protect,Role-Aligned,-0.3895586653543388,True,True,False,Not Opportunity Candidate,No Opportunity Action,No positive opportunity signal,Neutral,False,,,,50.382,12.5955,0.680091580207471,0.0,0.001999291426546933
883,OFF-ST-10000885,Fellowes Desktop Hanging File Manager,Stable Profit Cluster,Protect,No Escalation,Protect,Role-Aligned,-0.3897443917279061,True,True,True,Not Opportunity Candidate,No Opportunity Action,No positive opportunity signal,Neutral,False,,,,50.362500000000004,12.590625000000001,0.39211055330102784,0.0,0.001998517614812233
884,OFF-PA-10002464,HP Office Recycled Paper (20Lb. and 87 Bright),Stable Profit Cluster,Protect,No Escalation,Protect,Role-Aligned,-0.3899224985579425,True,True,True,Not Opportunity Candidate,No Opportunity Action,No positive opportunity signal,Neutral,False,,,,50.3438,12.58595,0.47924549819388895,0.0,0.0019977755491999817
887,OFF-BI-10004826,JM Magazine Binder,Stable Profit Cluster,Protect,Reroute Action,Reroute to Contain / Correct,Role-Aligned,-0.5507285200452956,False,False,False,Not Opportunity Candidate,No Opportunity Action,No positive opportunity signal,Neutral,False,,,,50.190400000000004,8.365066666666667,1.854727106226855,0.16666666666666666,0.0019916882302203403
888,FUR-FU-10001473,"Eldon Executive Woodline II Desk Accessories, Mahogany",Stable Profit Cluster,Protect,Reroute Action,Reroute to Contain / Correct,Role-Aligned,-0.48837500149875646,False,False,False,Not Opportunity Candidate,No Opportunity Action,No positive opportunity signal,Neutral,False,,,,50.008700000000005,10.001740000000002,2.5707670639364104,0.2,0.0019844778921590573
889,OFF-SU-10004884,Acme Galleria Hot Forged Steel Scissors with Colored Handles,Stable Profit Cluster,Protect,No Escalation,Protect,Role-Aligned,-0.23618233377164033,True,True,False,Not Opportunity Candidate,No Opportunity Action,No positive opportunity signal,Neutral,False,,,,49.8641,16.621366666666667,0.834031546316783,0.0,0.0019787397805263573
890,OFF-AR-10001468,"Sanford Prismacolor Professional Thick Lead Art Pencils, 36-Color Set",Stable Profit Cluster,Protect,No Escalation,Protect,Role-Aligned,-0.23705731135377978,True,True,True,Not Opportunity Candidate,No Opportunity Action,No positive opportunity signal,Neutral,False,,,,49.7952,16.5984,0.2437161681549192,0.0,0.0019760056457304165
891,OFF-AR-10003727,Berol Giant Pencil Sharpener,Stable Profit Cluster,Protect,No Escalation,Protect,Role-Aligned,-0.3952857047608026,True,True,False,Not Opportunity Candidate,No Opportunity Action,No positive opportunity signal,Neutral,False,,,,49.7807,12.445175,0.9254388849002488,0.0,0.001975430247261024
894,OFF-PA-10000587,"Array Parchment Paper, Assorted Colors",Stable Profit Cluster,Protect,No Escalation,Protect,Role-Aligned,-0.3979211143795761,True,True,False,Not Opportunity Candidate,No Opportunity Action,No positive opportunity signal,Neutral,False,,,,49.504000000000005,12.376000000000001,0.64271967552037,0.0,0.0019644500571588935
896,OFF-BI-10001922,Storex Dura Pro Binders,Stable Profit Cluster,Protect,No Escalation,Protect,Role-Aligned,-0.4933071320263521,True,False,False,Not Opportunity Candidate,No Opportunity Action,No positive opportunity signal,Neutral,False,,,,49.361399999999996,9.87228,0.9765113054233793,0.2,0.0019587913108323166
897,OFF-LA-10001641,Avery 518,Stable Profit Cluster,Protect,No Escalation,Protect,Role-Aligned,-0.6354032373810211,True,True,False,Not Opportunity Candidate,No Opportunity Action,No positive opportunity signal,Neutral,False,,,,49.14,6.1425,0.7246595957365178,0.0,0.00195000557144449
899,OFF-PA-10002606,Xerox 1928,Stable Profit Cluster,Protect,No Escalation,Protect,Role-Aligned,-0.4017308861450602,True,True,True,Not Opportunity Candidate,No Opportunity Action,No positive opportunity signal,Neutral,False,,,,49.104,12.276,0.6127392658094774,0.0,0.0019485769959342741
900,OFF-PA-10004569,"Wirebound Message Books, Two 4 1/4"" x 5"" Forms per Page",Stable Profit Cluster,Protect,No Escalation,Protect,Role-Aligned,-0.5577505643710435,True,True,True,Not Opportunity Candidate,No Opportunity Action,No positive opportunity signal,Neutral,False,,,,49.084500000000006,8.180750000000002,0.5222001248508713,0.0,0.0019478031841995741
903,FUR-FU-10001037,"DAX Charcoal/Nickel-Tone Document Frame, 5 x 7",Stable Profit Cluster,Protect,Intensify Action,Protect (Tight Control),Role-Aligned,-0.6037032150266475,True,False,False,Not Opportunity Candidate,No Opportunity Action,No positive opportunity signal,Neutral,False,,,,48.822,6.974571428571429,1.2360212379310997,0.14285714285714285,0.0019373864877709175
904,OFF-AP-10001303,"Holmes Cool Mist Humidifier for the Whole House with 8-Gallon Output per Day, Extended Life Filter",Stable Profit Cluster,Protect,Reroute Action,Reroute to Contain / Correct,Role-Aligned,-0.40505491201044497,False,False,False,Not Opportunity Candidate,No Opportunity Action,No positive opportunity signal,Neutral,False,,,,48.754999999999995,12.188749999999999,1.5553193906069058,0.25,0.0019347277500157936
905,OFF-AR-10002656,Sanford Liquid Accent Highlighters,Stable Profit Cluster,Protect,No Escalation,Protect,Role-Aligned,-0.4988770183474897,True,True,False,Not Opportunity Candidate,No Opportunity Action,No positive opportunity signal,Neutral,False,,,,48.6304,9.72608,0.7931017162778574,0.0,0.0019297832914443249
907,OFF-PA-10001994,"Ink Jet Note and Greeting Cards, 8-1/2"" x 5-1/2"" Card Size",Stable Profit Cluster,Protect,No Escalation,Protect,Role-Aligned,-0.2527840492016977,True,True,True,Not Opportunity Candidate,No Opportunity Action,No positive opportunity signal,Neutral,False,,,,48.5568,16.1856,0.3224483632898491,0.0,0.001926862648178995
909,TEC-MA-10002109,"HP Officejet Pro 8600 e-All-In-One Printer, Copier, Scanner, Fax",Stable Profit Cluster,Protect,No Escalation,Protect,Role-Aligned,0.04486579929203602,True,True,False,Not Opportunity Candidate,No Opportunity Action,No positive opportunity signal,Neutral,False,,,,47.9968,23.9984,0.8746505876010575,0.0,0.0019046403624645278
910,OFF-AP-10003266,"Holmes Replacement Filter for HEPA Air Cleaner, Large Room",Stable Profit Cluster,Protect,No Escalation,Protect,Role-Aligned,-0.4123944373166499,True,True,True,Not Opportunity Candidate,No Opportunity Action,No positive opportunity signal,Neutral,False,,,,47.9844,11.9961,0.5225497466307195,0.0,0.0019041482975665645
911,OFF-PA-10000327,Xerox 1971,Stable Profit Cluster,Protect,No Escalation,Protect,Role-Aligned,-0.5650431024921408,True,True,False,Not Opportunity Candidate,No Opportunity Action,No positive opportunity signal,Neutral,False,,,,47.936,7.989333333333334,0.9781576400377591,0.0,0.0019022276571583855
912,OFF-ST-10002352,Iris Project Case,Stable Profit Cluster,Protect,No Escalation,Protect,Role-Aligned,-0.5653986811902527,True,True,False,Not Opportunity Candidate,No Opportunity Action,No positive opportunity signal,Neutral,False,,,,47.88,7.98,0.667349326154818,0.0,0.001900005428586939
913,FUR-FU-10001918,C-Line Cubicle Keepers Polyproplyene Holder With Velcro Backings,Stable Profit Cluster,Protect,No Escalation,Protect,Role-Aligned,-0.6421384376409263,True,False,False,Not Opportunity Candidate,No Opportunity Action,No positive opportunity signal,Neutral,False,,,,47.7257,5.9657125,0.7892165616518914,0.125,0.001893882395219542
914,OFF-PA-10000304,Xerox 1995,Stable Profit Cluster,Protect,No Escalation,Protect,Role-Aligned,-0.5665873299810837,True,True,True,Not Opportunity Candidate,No Opportunity Action,No positive opportunity signal,Neutral,False,,,,47.6928,7.948799999999999,0.4845113041091125,0.0,0.001892576835933817
915,OFF-PA-10002246,"Wirebound Four 2-3/4 x 5 Forms per Page, 400 Sets per Book",Stable Profit Cluster,Protect,No Escalation,Protect,Role-Aligned,-0.5671702250612028,True,True,True,Not Opportunity Candidate,No Opportunity Action,No positive opportunity signal,Neutral,False,,,,47.601,7.9334999999999996,0.38474232457274155,0.0,0.0018889339683827667
916,FUR-FU-10004963,"Eldon 400 Class Desk Accessories, Black Carbon",Stable Profit Cluster,Protect,No Escalation,Protect,Role-Aligned,-0.567176574680812,True,False,False,Not Opportunity Candidate,No Opportunity Action,No positive opportunity signal,Neutral,False,,,,47.6,7.933333333333334,0.9593777487721016,0.16666666666666666,0.0018888942857297054
917,FUR-CH-10002780,Office Star - Task Chair with Contemporary Loop Arms,Stable Profit Cluster,Protect,No Escalation,Protect,Role-Aligned,0.03177542350583305,True,True,True,Not Opportunity Candidate,No Opportunity Action,No positive opportunity signal,Neutral,False,,,,47.3096,23.6548,0.10763297175014001,0.0,0.0018773704432806318
919,OFF-PA-10000791,"Wirebound Message Books, Four 2 3/4 x 5 Forms per Page, 200 Sets per Book",Stable Profit Cluster,Protect,No Escalation,Protect,Role-Aligned,-0.5695703812734577,True,True,False,Not Opportunity Candidate,No Opportunity Action,No positive opportunity signal,Neutral,False,,,,47.223,7.8705,0.8388399308583746,0.0,0.0018739339255255014
922,OFF-PA-10004782,Xerox 228,Stable Profit Cluster,Protect,No Escalation,Protect,Role-Aligned,-0.42504668934982215,True,True,True,Not Opportunity Candidate,No Opportunity Action,No positive opportunity signal,Neutral,False,,,,46.656000000000006,11.664000000000001,0.5380613176654424,0.0,0.0018514338612396037
923,OFF-PA-10004255,Xerox 219,Stable Profit Cluster,Protect,No Escalation,Protect,Role-Aligned,-0.42504668934982226,True,True,False,Not Opportunity Candidate,No Opportunity Action,No positive opportunity signal,Neutral,False,,,,46.656,11.664,0.7187326580711134,0.0,0.0018514338612396035
924,FUR-FU-10001487,"Eldon Expressions Wood and Plastic Desk Accessories, Cherry Wood",Stable Profit Cluster,Protect,No Escalation,Protect,Role-Aligned,-0.5146784277220111,True,True,True,Not Opportunity Candidate,No Opportunity Action,No positive opportunity signal,Neutral,False,,,,46.5566,9.31132,0.38445130807611994,0.0,0.0018474894055252858
926,FUR-FU-10000293,Eldon Antistatic Chair Mats for Low to Medium Pile Carpets,Stable Profit Cluster,Protect,Reroute Action,Reroute to Contain / Correct,Role-Aligned,-0.42817451196928463,False,False,False,Not Opportunity Candidate,No Opportunity Action,No positive opportunity signal,Neutral,False,,,,46.3276,11.5819,2.433107237815759,0.25,0.001838402077974191
927,OFF-PA-10003072,"Eureka Recycled Copy Paper 8 1/2"" x 11"", Ream",Stable Profit Cluster,Protect,No Escalation,Protect,Role-Aligned,-0.5764622583972182,True,True,False,Not Opportunity Candidate,No Opportunity Action,No positive opportunity signal,Neutral,False,,,,46.137600000000006,7.689600000000001,0.7257894101126849,0.0,0.001830862373892497
928,OFF-PA-10000520,Xerox 201,Stable Profit Cluster,Protect,No Escalation,Protect,Role-Aligned,-0.5178710164614867,True,True,True,Not Opportunity Candidate,No Opportunity Action,No positive opportunity signal,Neutral,False,,,,46.1376,9.22752,0.46781408464652047,0.0,0.0018308623738924968
929,OFF-BI-10002072,Cardinal Slant-D Ring Binders,Stable Profit Cluster,Protect,Intensify Action,Protect (Tight Control),Role-Aligned,-0.5184851516700828,True,False,False,Not Opportunity Candidate,No Opportunity Action,No positive opportunity signal,Neutral,False,,,,46.056999999999995,9.2114,1.424753799009157,0.2,0.0018276639520557359
930,TEC-PH-10004100,Griffin GC17055 Auxiliary Audio Cable,Stable Profit Cluster,Protect,No Escalation,Protect,Role-Aligned,-0.5769905467486987,True,True,True,Not Opportunity Candidate,No Opportunity Action,No positive opportunity signal,Neutral,False,,,,46.0544,7.6757333333333335,0.39210528515587345,0.0,0.001827560777157776
931,TEC-PH-10003357,Grandstream GXP2100 Mainstream Business Phone,Stable Profit Cluster,Protect,Intensify Action,Protect (Tight Control),Role-Aligned,-0.4323043045630692,True,False,False,Not Opportunity Candidate,No Opportunity Action,No positive opportunity signal,Neutral,False,,,,45.894000000000005,11.473500000000001,1.386734363083647,0.25,0.0018211956796067039
932,TEC-PH-10001536,Spigen Samsung Galaxy S5 Case Wallet,Stable Profit Cluster,Protect,No Escalation,Protect,Role-Aligned,-0.5198871476797808,True,True,False,Not Opportunity Candidate,No Opportunity Action,No positive opportunity signal,Neutral,False,,,,45.873000000000005,9.174600000000002,0.8919902496940427,0.0,0.0018203623438924114
933,OFF-SU-10004261,"Fiskars 8"" Scissors, 2/Pack",Stable Profit Cluster,Protect,No Escalation,Protect,Role-Aligned,-0.4326433742501973,True,True,False,Not Opportunity Candidate,No Opportunity Action,No positive opportunity signal,Neutral,False,,,,45.8584,11.4646,0.7934297511593004,0.0,0.0018197829771577126
934,OFF-PA-10003845,Xerox 1987,Stable Profit Cluster,Protect,No Escalation,Protect,Role-Aligned,-0.4378170443077246,True,True,False,Not Opportunity Candidate,No Opportunity Action,No positive opportunity signal,Neutral,False,,,,45.3152,11.3288,0.7198824046722788,0.0,0.0017982273600146792
935,OFF-PA-10001745,"Wirebound Message Books, 2 7/8"" x 5"", 3 Forms per Page",Stable Profit Cluster,Protect,No Escalation,Protect,Role-Aligned,-0.2981355722980192,True,True,True,Not Opportunity Candidate,No Opportunity Action,No positive opportunity signal,Neutral,False,,,,44.985600000000005,14.995200000000002,0.10915675247095467,0.0,0.0017851479575655932
937,OFF-PA-10000477,Xerox 1952,Stable Profit Cluster,Protect,Intensify Action,Protect (Tight Control),Role-Aligned,-0.44253354175339377,True,True,False,Not Opportunity Candidate,No Opportunity Action,No positive opportunity signal,Neutral,False,,,,44.82,11.205,1.1290433046250061,0.0,0.0017785765102186007
938,OFF-ST-10001291,"Tenex Personal Self-Stacking Standard File Box, Black/Gray",Stable Profit Cluster,Protect,No Escalation,Protect,Role-Aligned,-0.5279752931379035,True,True,False,Not Opportunity Candidate,No Opportunity Action,No positive opportunity signal,Neutral,False,,,,44.811499999999995,8.962299999999999,0.8821969721535687,0.0,0.0017782392076675772
940,FUR-FU-10002960,"Eldon 200 Class Desk Accessories, Burgundy",Stable Profit Cluster,Protect,No Escalation,Protect,Role-Aligned,-0.5296782611170747,True,True,True,Not Opportunity Candidate,No Opportunity Action,No positive opportunity signal,Neutral,False,,,,44.588,8.9176,0.358182487422458,0.0,0.0017693701347083215
941,OFF-AR-10004691,Boston 1730 StandUp Electric Pencil Sharpener,Stable Profit Cluster,Protect,No Escalation,Protect,Role-Aligned,-0.30467822034327713,True,True,True,Not Opportunity Candidate,No Opportunity Action,No positive opportunity signal,Neutral,False,,,,44.4704,14.823466666666667,0.2128684833438058,0.0,0.0017647034547082832
942,TEC-PH-10000675,Panasonic KX TS3282B Corded phone,Stable Profit Cluster,Protect,No Escalation,Protect,Role-Aligned,-0.30716473138221634,True,True,True,Not Opportunity Candidate,No Opportunity Action,No positive opportunity signal,Neutral,False,,,,44.2746,14.7582,0.0,0.0,0.001756933591238832
943,OFF-ST-10003722,Project Tote Personal File,Stable Profit Cluster,Protect,Intensify Action,Protect (Tight Control),Role-Aligned,-0.4484910723516694,True,True,False,Not Opportunity Candidate,No Opportunity Action,No positive opportunity signal,Neutral,False,,,,44.1945,11.048625,1.0386300938700566,0.0,0.001753755010728602
946,OFF-PA-10004610,Xerox 1900,Stable Profit Cluster,Protect,No Escalation,Protect,Role-Aligned,-0.6294899273478807,True,True,False,Not Opportunity Candidate,No Opportunity Action,No positive opportunity signal,Neutral,False,,,,44.084,6.297714285714286,0.8605341782964916,0.0,0.001749370077565301
947,OFF-PA-10001892,"Rediform Wirebound ""Phone Memo"" Message Book, 11 x 5-3/4",Stable Profit Cluster,Protect,No Escalation,Protect,Role-Aligned,-0.5358561870119836,True,True,True,Not Opportunity Candidate,No Opportunity Action,No positive opportunity signal,Neutral,False,,,,43.7772,8.75544,0.5425811280791069,0.0,0.001737195439606018
948,OFF-AR-10000034,"BIC Brite Liner Grip Highlighters, Assorted, 5/Pack",Stable Profit Cluster,Protect,No Escalation,Protect,Role-Aligned,-0.5918486566340863,True,True,False,Not Opportunity Candidate,No Opportunity Action,No positive opportunity signal,Neutral,False,,,,43.7144,7.285733333333333,0.6620852828922141,0.0,0.0017347033689937526
950,OFF-PA-10003893,Xerox 1962,Stable Profit Cluster,Protect,No Escalation,Protect,Role-Aligned,-0.6318193306559196,True,True,True,Not Opportunity Candidate,No Opportunity Action,No positive opportunity signal,Neutral,False,,,,43.656,6.236571428571429,0.42630422326727324,0.0,0.0017323859020549582
951,OFF-PA-10001937,Xerox 21,Stable Profit Cluster,Protect,No Escalation,Protect,Role-Aligned,-0.6324201860886471,True,True,True,Not Opportunity Candidate,No Opportunity Action,No positive opportunity signal,Neutral,False,,,,43.5456,6.2208,0.48154610060675807,0.0,0.0017280049371569634
952,OFF-PA-10002586,Xerox 1970,Stable Profit Cluster,Protect,No Escalation,Protect,Role-Aligned,-0.5930500046641355,True,True,True,Not Opportunity Candidate,No Opportunity Action,No positive opportunity signal,Neutral,False,,,,43.5252,7.2542,0.329555337621996,0.0,0.0017271954110345076
955,OFF-LA-10002034,Avery 478,Stable Profit Cluster,Protect,No Escalation,Protect,Role-Aligned,-0.456951622999868,True,True,True,Not Opportunity Candidate,No Opportunity Action,No positive opportunity signal,Neutral,False,,,,43.3062,10.82655,0.5745020272074188,0.0,0.0017185049100140286
956,OFF-FA-10000134,"Advantus Push Pins, Aluminum Head",Stable Profit Cluster,Protect,No Escalation,Protect,Role-Aligned,-0.5400530315888408,True,True,False,Not Opportunity Candidate,No Opportunity Action,No positive opportunity signal,Neutral,False,,,,43.2264,8.64528,0.6773680402011588,0.0,0.001715338234299717
959,OFF-PA-10000659,"Adams Phone Message Book, Professional, 400 Message Capacity, 5 3/6” x 11”",Stable Profit Cluster,Protect,No Escalation,Protect,Role-Aligned,-0.3216190054604626,True,True,False,Not Opportunity Candidate,No Opportunity Action,No positive opportunity signal,Neutral,False,,,,43.1364,14.3788,0.9201781015015589,0.0,0.0017117667955241778
960,OFF-LA-10002195,Avery 481,Stable Profit Cluster,Protect,No Escalation,Protect,Role-Aligned,-0.5408637510205359,True,True,True,Not Opportunity Candidate,No Opportunity Action,No positive opportunity signal,Neutral,False,,,,43.12,8.623999999999999,0.5346201600354502,0.0,0.0017111160000139681
961,TEC-PH-10000149,Cisco SPA525G2 IP Phone - Wireless,Stable Profit Cluster,Protect,Reroute Action,Reroute to Contain / Correct,Role-Aligned,-0.5410770982394029,False,False,False,Not Opportunity Candidate,No Opportunity Action,No positive opportunity signal,Neutral,False,,,,43.092,8.6184,1.6341839050478293,0.2,0.0017100048857282449
962,OFF-AR-10002399,"Dixon Prang Watercolor Pencils, 10-Color Set with Brush",Stable Profit Cluster,Protect,No Escalation,Protect,Role-Aligned,-0.6359436807186105,True,True,False,Not Opportunity Candidate,No Opportunity Action,No positive opportunity signal,Neutral,False,,,,42.8982,6.1283142857142865,0.7923072977282987,0.0,0.001702314387564917
963,OFF-AR-10001958,Stanley Bostitch Contemporary Electric Pencil Sharpeners,Stable Profit Cluster,Protect,No Escalation,Protect,Role-Aligned,-0.6365347395953699,True,True,False,Not Opportunity Candidate,No Opportunity Action,No positive opportunity signal,Neutral,False,,,,42.7896,6.1128,0.7156958248557319,0.0,0.0016980048514424328
964,FUR-FU-10003142,"Master Big Foot Doorstop, Beige",Stable Profit Cluster,Protect,No Escalation,Protect,Role-Aligned,-0.5978579366321763,True,True,True,Not Opportunity Candidate,No Opportunity Action,No positive opportunity signal,Neutral,False,,,,42.768,7.128,0.40580683319138905,0.0,0.0016971477061363033
965,OFF-LA-10000305,Avery 495,Stable Profit Cluster,Protect,No Escalation,Protect,Role-Aligned,-0.46379206820479446,True,True,False,Not Opportunity Candidate,No Opportunity Action,No positive opportunity signal,Neutral,False,,,,42.588,10.647,0.7809434853759583,0.0,0.0016900048285852247
967,OFF-LA-10002787,Avery 480,Stable Profit Cluster,Protect,No Escalation,Protect,Role-Aligned,-0.5998771156678829,True,True,False,Not Opportunity Candidate,No Opportunity Action,No positive opportunity signal,Neutral,False,,,,42.45,7.075,0.6465480145982726,0.0,0.001684528622462731
968,TEC-AC-10004209,Memorex Froggy Flash Drive 4 GB,Stable Profit Cluster,Protect,No Escalation,Protect,Role-Aligned,-0.54618676413127,True,True,True,Not Opportunity Candidate,No Opportunity Action,No positive opportunity signal,Neutral,False,,,,42.4214,8.48428,0.34713391970481783,0.0,0.0016833936985851704
969,OFF-EN-10001028,Staple envelope,Stable Profit Cluster,Protect,No Escalation,Protect,Role-Aligned,-0.06157160429205595,True,True,False,Not Opportunity Candidate,No Opportunity Action,No positive opportunity signal,Neutral,False,,,,42.4092,21.2046,0.781662364157965,0.0,0.0016829095702178196
970,OFF-AP-10004249,Staple holder,Stable Profit Cluster,Protect,Intensify Action,Protect (Tight Control),Role-Aligned,-0.5465494544033441,True,False,False,Not Opportunity Candidate,No Opportunity Action,No positive opportunity signal,Neutral,False,,,,42.3738,8.47476,1.182236729425901,0.2,0.001681504804299441
971,OFF-BI-10000404,Avery Printable Repositionable Plastic Tabs,Stable Profit Cluster,Protect,Intensify Action,Protect (Tight Control),Role-Aligned,-0.6007533631739442,True,False,False,Not Opportunity Candidate,No Opportunity Action,No positive opportunity signal,Neutral,False,,,,42.312000000000005,7.0520000000000005,1.1542547811925516,0.16666666666666666,0.0016790524163402373
972,FUR-FU-10002456,"Master Caster Door Stop, Large Neon Orange",Stable Profit Cluster,Protect,Intensify Action,Protect (Tight Control),Role-Aligned,-0.6392168189182706,True,False,False,Not Opportunity Candidate,No Opportunity Action,No positive opportunity signal,Neutral,False,,,,42.2968,6.0424,1.0878608063886521,0.14285714285714285,0.0016784492400137014
973,FUR-FU-10000409,"GE 4 Foot Flourescent Tube, 40 Watt",Stable Profit Cluster,Protect,No Escalation,Protect,Role-Aligned,-0.332956886234543,True,True,False,Not Opportunity Candidate,No Opportunity Action,No positive opportunity signal,Neutral,False,,,,42.2436,14.0812,0.8151226881535322,0.0,0.0016763381228708273
974,OFF-BI-10001900,"DXL Angle-View Binders with Locking Rings, Black",Stable Profit Cluster,Protect,No Escalation,Protect,Role-Aligned,-0.46891811611525325,True,True,False,Not Opportunity Candidate,No Opportunity Action,No positive opportunity signal,Neutral,False,,,,42.0498,10.51245,0.67740657400787,0.0,0.0016686476247074992
975,TEC-AC-10003614,"Verbatim 25 GB 6x Blu-ray Single Layer Recordable Disc, 10/Pack",Stable Profit Cluster,Protect,No Escalation,Protect,Role-Aligned,-0.5497344235992887,True,True,True,Not Opportunity Candidate,No Opportunity Action,No positive opportunity signal,Neutral,False,,,,41.9558,8.391160000000001,0.583228976769372,0.0,0.0016649174553197137
976,FUR-FU-10003731,"Eldon Expressions Wood and Plastic Desk Accessories, Oak",Stable Profit Cluster,Protect,No Escalation,Protect,Role-Aligned,-0.5500376814318213,True,True,True,Not Opportunity Candidate,No Opportunity Action,No positive opportunity signal,Neutral,False,,,,41.916,8.383199999999999,0.45757714390823584,0.0,0.001663338085727864
977,FUR-FU-10003878,"Linden 10"" Round Wall Clock, Black",Stable Profit Cluster,Protect,Reroute Action,Reroute to Contain / Correct,Role-Aligned,-0.6035776739760896,False,False,False,Not Opportunity Candidate,No Opportunity Action,No positive opportunity signal,Neutral,False,,,,41.8672,6.977866666666666,1.955273895034016,0.16666666666666666,0.0016614015722584603
979,OFF-LA-10000407,Avery White Multi-Purpose Labels,Stable Profit Cluster,Protect,No Escalation,Protect,Role-Aligned,-0.47099253684155923,True,True,True,Not Opportunity Candidate,No Opportunity Action,No positive opportunity signal,Neutral,False,,,,41.832,10.458,0.5486941798318348,0.0,0.0016600047428706939
980,OFF-AP-10003860,Fellowes Advanced 8 Outlet Surge Suppressor with Phone/Fax Protection,Stable Profit Cluster,Protect,No Escalation,Protect,Role-Aligned,-0.3406221470266968,True,True,False,Not Opportunity Candidate,No Opportunity Action,No positive opportunity signal,Neutral,False,,,,41.64,13.88,0.996117266413854,0.0,0.0016523856734828766
981,OFF-BI-10001617,GBC Wire Binding Combs,Stable Profit Cluster,Protect,Reroute Action,Reroute to Contain / Correct,Role-Aligned,-0.6431898666165612,False,False,False,Not Opportunity Candidate,No Opportunity Action,No positive opportunity signal,Neutral,False,,,,41.5668,5.938114285714286,1.7339787030803242,0.2857142857142857,0.0016494809032787713
982,TEC-AC-10002550,Maxell 4.7GB DVD-RW 3/Pack,Stable Profit Cluster,Protect,No Escalation,Protect,Role-Aligned,-0.4749356506188352,True,True,False,Not Opportunity Candidate,No Opportunity Action,No positive opportunity signal,Neutral,False,,,,41.418,10.3545,0.6415940806739037,0.0,0.0016435761245032128
983,OFF-AP-10002082,Holmes HEPA Air Purifier,Stable Profit Cluster,Protect,Reroute Action,Reroute to Contain / Correct,Role-Aligned,-0.6066585094104443,False,False,False,Not Opportunity Candidate,No Opportunity Action,No positive opportunity signal,Neutral,False,,,,41.382000000000005,6.897000000000001,2.0128288886094476,0.16666666666666666,0.0016421475489929974
984,OFF-LA-10003148,Avery 51,Stable Profit Cluster,Protect,No Escalation,Protect,Role-Aligned,-0.5545179730280304,True,True,True,Not Opportunity Candidate,No Opportunity Action,No positive opportunity signal,Neutral,False,,,,41.328,8.265600000000001,0.11244740924727843,0.0,0.0016400046857276737
988,OFF-PA-10003309,Xerox 211,Stable Profit Cluster,Protect,No Escalation,Protect,Role-Aligned,-0.4793587956385621,True,True,True,Not Opportunity Candidate,No Opportunity Action,No positive opportunity signal,Neutral,False,,,,40.9536,10.2384,0.3286809673851703,0.0,0.00162514750042143
989,OFF-PA-10002709,Xerox 1956,Stable Profit Cluster,Protect,No Escalation,Protect,Role-Aligned,-0.09025918568615046,True,True,False,Not Opportunity Candidate,No Opportunity Action,No positive opportunity signal,Neutral,False,,,,40.9032,20.4516,0.8046530421429274,0.0,0.0016231474947071276
990,OFF-PA-10004675,"Telephone Message Books with Fax/Mobile Section, 5 1/2"" x 3 3/16""",Stable Profit Cluster,Protect,No Escalation,Protect,Role-Aligned,-0.6105635254700655,True,True,True,Not Opportunity Candidate,No Opportunity Action,No positive opportunity signal,Neutral,False,,,,40.767,6.7945,0.4289680579511228,0.0,0.001617742717360145
991,OFF-PA-10002751,Xerox 1920,Stable Profit Cluster,Protect,No Escalation,Protect,Role-Aligned,-0.48496487479147177,True,True,True,Not Opportunity Candidate,No Opportunity Action,No positive opportunity signal,Neutral,False,,,,40.365,10.09125,0.5768146077175295,0.0,0.0016017902908294025
992,OFF-PA-10003022,Xerox 1992,Stable Profit Cluster,Protect,No Escalation,Protect,Role-Aligned,-0.4849648747914719,True,True,True,Not Opportunity Candidate,No Opportunity Action,No positive opportunity signal,Neutral,False,,,,40.364999999999995,10.091249999999999,0.5096379199189787,0.0,0.001601790290829402
993,OFF-PA-10003001,Xerox 1986,Stable Profit Cluster,Protect,Intensify Action,Protect (Tight Control),Role-Aligned,-0.48513440963503585,True,True,False,Not Opportunity Candidate,No Opportunity Action,No positive opportunity signal,Neutral,False,,,,40.3472,10.0868,1.224182323195722,0.0,0.0016010839396049068
994,TEC-PH-10004959,Classic Ivory Antique Telephone ZL1810,Stable Profit Cluster,Protect,No Escalation,Protect,Role-Aligned,-0.10373053864890189,True,True,True,Not Opportunity Candidate,No Opportunity Action,No positive opportunity signal,Neutral,False,,,,40.196,20.098,0.3491524294835968,0.0,0.0015950839224620006
996,OFF-BI-10002437,Recycled Premium Regency Composition Covers,Stable Profit Cluster,Protect,No Escalation,Protect,Role-Aligned,-0.36296264865949507,True,True,True,Not Opportunity Candidate,No Opportunity Action,No positive opportunity signal,Neutral,False,,,,39.880799999999994,13.293599999999998,0.5665537486581673,0.0,0.0015825759502170005
997,OFF-LA-10003223,Avery 508,Stable Profit Cluster,Protect,No Escalation,Protect,Role-Aligned,-0.6165759802779601,True,True,True,Not Opportunity Candidate,No Opportunity Action,No positive opportunity signal,Neutral,False,,,,39.8201,6.636683333333333,0.5769261424325834,0.0,0.0015801672131761646
998,FUR-FU-10002379,Eldon Econocleat Chair Mats for Low Pile Carpets,Stable Profit Cluster,Protect,No Escalation,Protect,Role-Aligned,-0.11106053952569307,True,True,True,Not Opportunity Candidate,No Opportunity Action,No positive opportunity signal,Neutral,False,,,,39.8112,19.9056,0.3491104260166563,0.0,0.0015798140375639167
999,FUR-FU-10002396,"DAX Copper Panel Document Frame, 5 x 7 Size",Stable Profit Cluster,Protect,Intensify Action,Protect (Tight Control),Role-Aligned,-0.5665202779980112,True,False,False,Not Opportunity Candidate,No Opportunity Action,No positive opportunity signal,Neutral,False,,,,39.7528,7.95056,1.4447704668783774,0.2,0.0015774965706251225
1000,OFF-PA-10003349,Xerox 1957,Stable Profit Cluster,Protect,No Escalation,Protect,Role-Aligned,-0.6171963381137732,True,True,True,Not Opportunity Candidate,No Opportunity Action,No positive opportunity signal,Neutral,False,,,,39.7224,6.6204,0.20423901500302596,0.0,0.0015762902179720514
1001,OFF-LA-10000121,Avery 48,Stable Profit Cluster,Protect,No Escalation,Protect,Role-Aligned,-0.36538566350234286,True,True,False,Not Opportunity Candidate,No Opportunity Action,No positive opportunity signal,Neutral,False,,,,39.69,13.229999999999999,0.837292281914813,0.0,0.0015750045000128571
1002,OFF-PA-10001260,"TOPS Money Receipt Book, Consecutively Numbered in Red,",Stable Profit Cluster,Protect,No Escalation,Protect,Role-Aligned,-0.1141407399980868,True,True,True,Not Opportunity Candidate,No Opportunity Action,No positive opportunity signal,Neutral,False,,,,39.6495,19.82475,0.38082822019363993,0.0,0.0015733973525638646
1003,OFF-ST-10001580,Super Decoflex Portable Personal File,Stable Profit Cluster,Protect,No Escalation,Protect,Role-Aligned,-0.5680868561479783,True,True,False,Not Opportunity Candidate,No Opportunity Action,No positive opportunity signal,Neutral,False,,,,39.547200000000004,7.909440000000001,0.7827345756363724,0.0,0.0015693378171556683
1007,OFF-AR-10004062,Staples in misc. colors,Stable Profit Cluster,Protect,No Escalation,Protect,Role-Aligned,-0.37033836679747195,True,True,False,Not Opportunity Candidate,No Opportunity Action,No positive opportunity signal,Neutral,False,,,,39.300000000000004,13.100000000000001,0.8552410439908464,0.0,0.0015595282653188534
1008,OFF-PA-10002947,Xerox 1923,Stable Profit Cluster,Protect,No Escalation,Protect,Role-Aligned,-0.5701349894491025,True,True,True,Not Opportunity Candidate,No Opportunity Action,No positive opportunity signal,Neutral,False,,,,39.2784,7.8556799999999996,0.5239106101755949,0.0,0.0015586711200127237
1010,OFF-PA-10002365,Xerox 1967,Stable Profit Cluster,Protect,No Escalation,Protect,Role-Aligned,-0.5731706155918401,True,True,True,Not Opportunity Candidate,No Opportunity Action,No positive opportunity signal,Neutral,False,,,,38.879999999999995,7.775999999999999,0.543540942275575,0.0,0.0015428615510330028
1012,OFF-BI-10003963,Cardinal Holdit Data Disk Pockets,Stable Profit Cluster,Protect,No Escalation,Protect,Role-Aligned,-0.377582012847579,True,True,True,Not Opportunity Candidate,No Opportunity Action,No positive opportunity signal,Neutral,False,,,,38.7296,12.909866666666666,0.28611467677475116,0.0,0.001536893280012546
1013,FUR-FU-10002554,"Westinghouse Floor Lamp with Metal Mesh Shade, Black",Stable Profit Cluster,Protect,No Escalation,Protect,Role-Aligned,-0.5015478588436822,True,True,True,Not Opportunity Candidate,No Opportunity Action,No positive opportunity signal,Neutral,False,,,,38.6239,9.655975,0.5331146798443849,0.0,0.0015326988235839403
1014,OFF-PA-10000029,Xerox 224,Stable Profit Cluster,Protect,No Escalation,Protect,Role-Aligned,-0.6241910790752019,True,True,False,Not Opportunity Candidate,No Opportunity Action,No positive opportunity signal,Neutral,False,,,,38.620799999999996,6.436799999999999,0.7112036243306242,0.0,0.0015325758073594495
1015,OFF-PA-10002195,"RSVP Cards & Envelopes, Blank White, 8-1/2"" X 11"", 24 Cards/25 Envelopes/Set",Stable Profit Cluster,Protect,No Escalation,Protect,Role-Aligned,-0.626530278939209,True,True,False,Not Opportunity Candidate,No Opportunity Action,No positive opportunity signal,Neutral,False,,,,38.2524,6.3754,0.8132640098500223,0.0,0.0015179567179715752
1016,OFF-PA-10001461,HP Office Paper (20Lb. and 87 Bright),Stable Profit Cluster,Protect,No Escalation,Protect,Role-Aligned,-0.14156919182368888,True,True,False,Not Opportunity Candidate,No Opportunity Action,No positive opportunity signal,Neutral,False,,,,38.2096,19.1048,0.7124935403979762,0.0,0.001516258300420541
1017,FUR-FU-10001057,Tensor Track Tree Floor Lamp,Stable Profit Cluster,Protect,No Escalation,Protect,Role-Aligned,-0.5057671810739558,True,True,False,Not Opportunity Candidate,No Opportunity Action,No positive opportunity signal,Neutral,False,,,,38.1809,9.545225,0.9736165140109244,0.0,0.0015151194082776746
1018,OFF-PA-10001801,Xerox 193,Stable Profit Cluster,Protect,No Escalation,Protect,Role-Aligned,-0.3856714282296233,True,True,True,Not Opportunity Candidate,No Opportunity Action,No positive opportunity signal,Neutral,False,,,,38.0926,12.697533333333332,0.3456105268380398,0.0,0.0015116154300123395
1021,OFF-PA-10003256,Avery Personal Creations Heavyweight Cards,Stable Profit Cluster,Protect,No Escalation,Protect,Role-Aligned,-0.3887370245769161,True,True,False,Not Opportunity Candidate,No Opportunity Action,No positive opportunity signal,Neutral,False,,,,37.8512,12.617066666666666,0.6920537928978779,0.0,0.001502036037563282
1024,OFF-AP-10000252,Harmony HEPA Quiet Air Purifiers,Stable Profit Cluster,Protect,No Escalation,Protect,Role-Aligned,-0.5128238308265736,True,True,True,Not Opportunity Candidate,No Opportunity Action,No positive opportunity signal,Neutral,False,,,,37.44,9.36,0.6265200627062532,0.0,0.001485718530624373
1025,TEC-AC-10003237,Memorex Micro Travel Drive 4 GB,Stable Profit Cluster,Protect,No Escalation,Protect,Role-Aligned,-0.394238335006275,True,True,True,Not Opportunity Candidate,No Opportunity Action,No positive opportunity signal,Neutral,False,,,,37.418,12.472666666666667,0.23148160019310776,0.0,0.0014848455122570192
1027,OFF-ST-10001228,Personal File Boxes with Fold-Down Carry Handle,Stable Profit Cluster,Protect,No Escalation,Protect,Role-Aligned,-0.5845084963659204,True,True,True,Not Opportunity Candidate,No Opportunity Action,No positive opportunity signal,Neutral,False,,,,37.392,7.478400000000001,0.5591601072609332,0.0,0.001483813763277419
1029,OFF-PA-10000069,"TOPS 4 x 6 Fluorescent Color Memo Sheets, 500 Sheets per Pack",Stable Profit Cluster,Protect,No Escalation,Protect,Role-Aligned,-0.39820176756630016,True,True,True,Not Opportunity Candidate,No Opportunity Action,No positive opportunity signal,Neutral,False,,,,37.1059,12.368633333333333,0.5599410510780558,0.0,0.0014724605562365098
1030,OFF-PA-10000223,Xerox 2000,Stable Profit Cluster,Protect,No Escalation,Protect,Role-Aligned,-0.5869955153744284,True,True,True,Not Opportunity Candidate,No Opportunity Action,No positive opportunity signal,Neutral,False,,,,37.0656,7.413120000000001,0.5125258155406631,0.0,0.0014708613453181295
1032,FUR-FU-10000073,Deflect-O Glasstique Clear Desk Accessories,Stable Profit Cluster,Protect,No Escalation,Protect,Role-Aligned,-0.39907674514843966,True,True,False,Not Opportunity Candidate,No Opportunity Action,No positive opportunity signal,Neutral,False,,,,37.037,12.345666666666666,0.7635422199800078,0.0,0.0014697264214405693
1033,OFF-SU-10004231,Acme Tagit Stainless Steel Antibacterial Scissors,Stable Profit Cluster,Protect,No Escalation,Protect,Role-Aligned,-0.6343174524278583,True,True,False,Not Opportunity Candidate,No Opportunity Action,No positive opportunity signal,Neutral,False,,,,37.025999999999996,6.170999999999999,0.6906552883609507,0.0,0.001469289912256892
1035,TEC-PH-10003875,KLD Oscar II Style Snap-on Ultra Thin Side Flip Synthetic Leather Cover Case for HTC One HTC M7,Stable Profit Cluster,Protect,No Escalation,Protect,Role-Aligned,-0.4040624664655363,True,True,True,Not Opportunity Candidate,No Opportunity Action,No positive opportunity signal,Neutral,False,,,,36.644400000000005,12.214800000000002,0.5221103851812774,0.0,0.0014541470118486055
1037,OFF-EN-10004955,Fashion Color Clasp Envelopes,Stable Profit Cluster,Protect,No Escalation,Protect,Role-Aligned,-0.4056739999223361,True,True,False,Not Opportunity Candidate,No Opportunity Action,No positive opportunity signal,Neutral,False,,,,36.5175,12.1725,0.8248418998385787,0.0,0.0014491112831750948
1039,OFF-PA-10004734,Southworth Structures Collection,Stable Profit Cluster,Protect,No Escalation,Protect,Role-Aligned,-0.17604000675778816,True,True,True,Not Opportunity Candidate,No Opportunity Action,No positive opportunity signal,Neutral,False,,,,36.4,18.2,0.5579196363607589,0.0,0.0014444485714403628
1040,OFF-PA-10000466,"Memo Book, 100 Message Capacity, 5 3/8” x 11”",Stable Profit Cluster,Protect,No Escalation,Protect,Role-Aligned,-0.40721695748735715,True,True,False,Not Opportunity Candidate,No Opportunity Action,No positive opportunity signal,Neutral,False,,,,36.396,12.132,0.8016452209251166,0.0,0.0014442898408281166
1043,OFF-EN-10003448,"Peel & Seel Recycled Catalog Envelopes, Brown",Stable Profit Cluster,Protect,No Escalation,Protect,Role-Aligned,-0.1856025338891529,True,True,True,Not Opportunity Candidate,No Opportunity Action,No positive opportunity signal,Neutral,False,,,,35.898,17.949,0.49483371411218013,0.0,0.0014245278796034657
1044,OFF-ST-10004634,"Personal Folder Holder, Ebony",Stable Profit Cluster,Protect,No Escalation,Protect,Role-Aligned,-0.6416449134568059,True,True,True,Not Opportunity Candidate,No Opportunity Action,No positive opportunity signal,Neutral,False,,,,35.872,5.978666666666666,0.5295469859143603,0.0,0.0014234961306238652
1046,FUR-FU-10003424,Nu-Dell Oak Frame,Stable Profit Cluster,Protect,No Escalation,Protect,Role-Aligned,-0.41913392356979107,True,True,False,Not Opportunity Candidate,No Opportunity Action,No positive opportunity signal,Neutral,False,,,,35.4576,11.8192,0.8827637888769634,0.0,0.0014070516391951596
1047,OFF-LA-10004689,Avery 512,Stable Profit Cluster,Protect,No Escalation,Protect,Role-Aligned,-0.5998877830288262,True,True,True,Not Opportunity Candidate,No Opportunity Action,No positive opportunity signal,Neutral,False,,,,35.3736,7.074720000000001,0.4077674316493372,0.0,0.0014037182963379897
1049,OFF-AP-10000027,Hoover Commercial SteamVac,Stable Profit Cluster,Protect,Reroute Action,Reroute to Contain / Correct,Role-Aligned,-0.5331299143366033,False,False,False,Not Opportunity Candidate,No Opportunity Action,No positive opportunity signal,Neutral,False,,,,35.308,8.827,1.6853885345299862,0.25,0.001401115114297152
1050,OFF-BI-10001758,Wilson Jones 14 Line Acrylic Coated Pressboard Data Binders,Stable Profit Cluster,Protect,Intensify Action,Protect (Tight Control),Role-Aligned,-0.5332308732883886,True,False,False,Not Opportunity Candidate,No Opportunity Action,No positive opportunity signal,Neutral,False,,,,35.297399999999996,8.824349999999999,1.4988981550191005,0.25,0.0014006944781746993
1052,OFF-PA-10001293,Xerox 1946,Stable Profit Cluster,Protect,No Escalation,Protect,Role-Aligned,-0.42175504654444407,True,True,False,Not Opportunity Candidate,No Opportunity Action,No positive opportunity signal,Neutral,False,,,,35.2512,11.750399999999999,0.724368236663864,0.0,0.001398861139603256
1053,TEC-AC-10004803,Sony Micro Vault Click 4 GB USB 2.0 Flash Drive,Stable Profit Cluster,Protect,No Escalation,Protect,Role-Aligned,-0.4233094334247615,True,True,False,Not Opportunity Candidate,No Opportunity Action,No positive opportunity signal,Neutral,False,,,,35.1288,11.7096,0.8632414618642091,0.0,0.0013940039828685225
1055,OFF-PA-10000295,Xerox 229,Stable Profit Cluster,Protect,No Escalation,Protect,Role-Aligned,-0.42504668934982215,True,True,True,Not Opportunity Candidate,No Opportunity Action,No positive opportunity signal,Neutral,False,,,,34.992000000000004,11.664000000000001,0.5574921346643096,0.0,0.0013885753959297028
1057,OFF-AR-10001446,Newell 309,Stable Profit Cluster,Protect,No Escalation,Protect,Role-Aligned,-0.6054012847278347,True,True,True,Not Opportunity Candidate,No Opportunity Action,No positive opportunity signal,Neutral,False,,,,34.65,6.93,0.3595350332753287,0.0,0.0013750039285826531
1058,OFF-LA-10001771,Avery 513,Stable Profit Cluster,Protect,No Escalation,Protect,Role-Aligned,-0.606836806729069,True,True,False,Not Opportunity Candidate,No Opportunity Action,No positive opportunity signal,Neutral,False,,,,34.4616,6.89232,0.7142334683388232,0.0,0.0013675277167458572
1061,OFF-SU-10000946,Staple remover,Stable Profit Cluster,Protect,No Escalation,Protect,Role-Aligned,-0.543357246641045,True,True,False,Not Opportunity Candidate,No Opportunity Action,No positive opportunity signal,Neutral,False,,,,34.2342,8.55855,0.83594463323792,0.0,0.0013585038814396613
1062,OFF-EN-10002621,Staple envelope,Stable Profit Cluster,Protect,No Escalation,Protect,Role-Aligned,-0.6086014930108412,True,True,False,Not Opportunity Candidate,No Opportunity Action,No positive opportunity signal,Neutral,False,,,,34.23,6.845999999999999,0.7024383462426643,0.0,0.0013583372142968026
1068,OFF-PA-10000552,Xerox 200,Stable Profit Cluster,Protect,No Escalation,Protect,Role-Aligned,-0.6126703292563781,True,True,True,Not Opportunity Candidate,No Opportunity Action,No positive opportunity signal,Neutral,False,,,,33.696,6.739199999999999,0.34871637548125733,0.0,0.0013371466775619358
1069,OFF-PA-10000213,Xerox 198,Stable Profit Cluster,Protect,No Escalation,Protect,Role-Aligned,-0.44443080809260477,True,True,False,Not Opportunity Candidate,No Opportunity Action,No positive opportunity signal,Neutral,False,,,,33.4656,11.1552,0.7557267416069349,0.0,0.0013280037942965553
1070,OFF-FA-10002780,Staples,Stable Profit Cluster,Protect,No Escalation,Protect,Role-Aligned,-0.6146544583918422,True,True,True,Not Opportunity Candidate,No Opportunity Action,No positive opportunity signal,Neutral,False,,,,33.4356,6.68712,0.3205275846587294,0.0,0.0013268133147047087
1071,FUR-FU-10004848,DAX Solid Wood Frames,Stable Profit Cluster,Protect,No Escalation,Protect,Role-Aligned,-0.446334424051425,True,True,True,Not Opportunity Candidate,No Opportunity Action,No positive opportunity signal,Neutral,False,,,,33.3157,11.105233333333333,0.3207234070402018,0.0,0.001322055364602629
1072,OFF-PA-10004609,Xerox 221,Stable Profit Cluster,Protect,No Escalation,Protect,Role-Aligned,-0.5534207587595711,True,True,True,Not Opportunity Candidate,No Opportunity Action,No positive opportunity signal,Neutral,False,,,,33.1776,8.2944,0.6105066527931562,0.0,0.001316575190214829
1073,OFF-SU-10004664,Acme Softgrip Scissors,Stable Profit Cluster,Protect,No Escalation,Protect,Role-Aligned,-0.5538760264855463,True,True,True,Not Opportunity Candidate,No Opportunity Action,No positive opportunity signal,Neutral,False,,,,33.1298,8.28245,0.47753907981367777,0.0,0.0013146783593984872
1074,TEC-AC-10000927,Anker Ultrathin Bluetooth Wireless Keyboard Aluminum Cover with Stand,Stable Profit Cluster,Protect,Reroute Action,Reroute to Contain / Correct,Role-Aligned,-0.5552170661469967,False,False,False,Not Opportunity Candidate,No Opportunity Action,No positive opportunity signal,Neutral,False,,,,32.989000000000004,8.247250000000001,1.6888989668892405,0.25,0.0013090910418474214
1075,OFF-AR-10003156,50 Colored Long Pencils,Stable Profit Cluster,Protect,No Escalation,Protect,Role-Aligned,-0.618595286306059,True,True,False,Not Opportunity Candidate,No Opportunity Action,No positive opportunity signal,Neutral,False,,,,32.9184,6.583679999999999,0.7006753007123105,0.0,0.0013062894465412757
1076,OFF-PA-10001560,"Adams Telephone Message Books, 5 1/4” x 11”",Stable Profit Cluster,Protect,Intensify Action,Protect (Tight Control),Role-Aligned,-0.6185983341234712,True,True,False,Not Opportunity Candidate,No Opportunity Action,No positive opportunity signal,Neutral,False,,,,32.918,6.5836,1.0994982781697011,0.0,0.0013062735734800511
1077,OFF-PA-10001952,Xerox 1902,Stable Profit Cluster,Protect,No Escalation,Protect,Role-Aligned,-0.24290912078556323,True,True,True,Not Opportunity Candidate,No Opportunity Action,No positive opportunity signal,Neutral,False,,,,32.8896,16.4448,0.38687732401881153,0.0,0.0013051465861331033
1081,OFF-PA-10003936,Xerox 1994,Stable Profit Cluster,Protect,No Escalation,Protect,Role-Aligned,-0.5583582229676383,True,True,True,Not Opportunity Candidate,No Opportunity Action,No positive opportunity signal,Neutral,False,,,,32.6592,8.1648,0.4026405066470456,0.0,0.0012960037028677224
1083,TEC-AC-10002018,AmazonBasics 3-Button USB Wired Mouse,Stable Profit Cluster,Protect,No Escalation,Protect,Role-Aligned,-0.6233544531955014,True,True,True,Not Opportunity Candidate,No Opportunity Action,No positive opportunity signal,Neutral,False,,,,32.2938,6.45876,0.23106510931891397,0.0,0.0012815036614390325
1084,OFF-LA-10001982,Smead Alpha-Z Color-Coded Name Labels First Letter Starter Set,Stable Profit Cluster,Protect,No Escalation,Protect,Role-Aligned,-0.623688189202158,True,True,False,Not Opportunity Candidate,No Opportunity Action,No positive opportunity signal,Neutral,False,,,,32.25,6.45,0.773866948967072,0.0,0.0012797655612349368
1085,OFF-PA-10003270,Xerox 1954,Stable Profit Cluster,Protect,No Escalation,Protect,Role-Aligned,-0.5626556455191043,True,True,True,Not Opportunity Candidate,No Opportunity Action,No positive opportunity signal,Neutral,False,,,,32.208,8.052,0.6407495345289156,0.0,0.0012780988898063517
1086,OFF-PA-10004355,Xerox 231,Stable Profit Cluster,Protect,No Escalation,Protect,Role-Aligned,-0.6264952290389665,True,True,True,Not Opportunity Candidate,No Opportunity Action,No positive opportunity signal,Neutral,False,,,,31.8816,6.37632,0.6301791349557209,0.0,0.0012651464718470625
1087,OFF-PA-10000807,"TOPS ""Important Message"" Pads, Canary, 4-1/4 x 5-1/2, 50 Sheets per Pad",Stable Profit Cluster,Protect,No Escalation,Protect,Role-Aligned,-0.4677516909930542,True,True,False,Not Opportunity Candidate,No Opportunity Action,No positive opportunity signal,Neutral,False,,,,31.629199999999997,10.543066666666666,0.6790086161300134,0.0,0.0012551305702143275
1088,FUR-FU-10003096,"Master Giant Foot Doorstop, Safety Yellow",Stable Profit Cluster,Protect,No Escalation,Protect,Role-Aligned,-0.4684476093022159,True,True,True,Not Opportunity Candidate,No Opportunity Action,No positive opportunity signal,Neutral,False,,,,31.5744,10.5248,0.209177386558852,0.0,0.0012529559608265549
1092,OFF-EN-10003160,Pastel Pink Envelopes,Stable Profit Cluster,Protect,No Escalation,Protect,Role-Aligned,-0.4700324743566572,True,True,False,Not Opportunity Candidate,No Opportunity Action,No positive opportunity signal,Neutral,False,,,,31.449600000000004,10.483200000000002,0.6509366155285249,0.0,0.0012480035657244737
1094,OFF-PA-10003016,"Adams ""While You Were Out"" Message Pads",Stable Profit Cluster,Protect,No Escalation,Protect,Role-Aligned,-0.6301648012034807,True,True,True,Not Opportunity Candidate,No Opportunity Action,No positive opportunity signal,Neutral,False,,,,31.4,6.279999999999999,0.40710464426176435,0.0,0.0012460353061326207
1096,OFF-PA-10000477,Xerox 22,Stable Profit Cluster,Protect,No Escalation,Protect,Role-Aligned,-0.47112968862511667,True,True,True,Not Opportunity Candidate,No Opportunity Action,No positive opportunity signal,Neutral,False,,,,31.3632,10.4544,0.18168553062315382,0.0,0.0012445749844999558
1097,OFF-PA-10002749,"Wirebound Message Books, 5-1/2 x 4 Forms, 2 or 4 Forms per Page",Stable Profit Cluster,Protect,No Escalation,Protect,Role-Aligned,-0.4718154475429038,True,True,False,Not Opportunity Candidate,No Opportunity Action,No positive opportunity signal,Neutral,False,,,,31.3092,10.4364,0.7479440835418947,0.0,0.001242432121234632
1100,OFF-BI-10000136,Avery Non-Stick Heavy Duty View Round Locking Ring Binders,Stable Profit Cluster,Protect,No Escalation,Protect,Role-Aligned,-0.47756058336525364,True,True,True,Not Opportunity Candidate,No Opportunity Action,No positive opportunity signal,Neutral,False,,,,30.8568,10.2856,0.5948987489563028,0.0,0.0012244796889895875
1101,OFF-BI-10002412,Wilson Jones “Snap” Scratch Pad Binder Tool for Ring Binders,Stable Profit Cluster,Protect,Reroute Action,Reroute to Contain / Correct,Role-Aligned,-0.6351936999339196,False,False,False,Not Opportunity Candidate,No Opportunity Action,No positive opportunity signal,Neutral,False,,,,30.739999999999995,6.147999999999999,1.9141293070051641,0.2,0.0012198447551119986
1106,OFF-PA-10000232,Xerox 1975,Stable Profit Cluster,Protect,No Escalation,Protect,Role-Aligned,-0.638345143138328,True,True,True,Not Opportunity Candidate,No Opportunity Action,No positive opportunity signal,Neutral,False,,,,30.3264,6.06528,0.061788381704078375,0.0,0.0012034320098057423
1109,OFF-FA-10000992,"Acco Clips to Go Binder Clips, 24 Clips in Two Sizes",Stable Profit Cluster,Protect,No Escalation,Protect,Role-Aligned,-0.6386872606428684,True,True,True,Not Opportunity Candidate,No Opportunity Action,No positive opportunity signal,Neutral,False,,,,30.2815,6.0563,0.5678209682534278,0.0,0.0012016502586832789
1110,OFF-PA-10000528,Xerox 1981,Stable Profit Cluster,Protect,No Escalation,Protect,Role-Aligned,-0.5827712404408597,True,True,True,Not Opportunity Candidate,No Opportunity Action,No positive opportunity signal,Neutral,False,,,,30.096,7.524,0.488380837914971,0.0,0.0011942891265403616
1111,OFF-ST-10001558,Acco Perma 4000 Stacking Storage Drawers,Stable Loss Cluster,Correct,Intensify Action,Correct — Accelerated,Role-Aligned,0.4716410480281504,False,True,True,Not Opportunity Candidate,No Opportunity Action,No positive opportunity signal,Neutral,False,,,,30.043999999999997,2.731272727272727,1.83424890828426,0.45454545454545453,0.001192225628581161
1112,TEC-AC-10001590,Dell Slim USB Multimedia Keyboard,Stable Profit Cluster,Protect,No Escalation,Protect,Role-Aligned,-0.29795270325327605,True,True,True,Not Opportunity Candidate,No Opportunity Action,No positive opportunity signal,Neutral,False,,,,30.0,15.0,0.2781452247527032,0.0,0.0011904795918464529
1113,OFF-PA-10002659,Avoid Verbal Orders Carbonless Minifold Book,Stable Profit Cluster,Protect,No Escalation,Protect,Role-Aligned,-0.6412375218626833,True,True,True,Not Opportunity Candidate,No Opportunity Action,No positive opportunity signal,Neutral,False,,,,29.9468,5.98936,0.5829705938035278,0.0,0.0011883684747035785
1114,OFF-PA-10004733,Things To Do Today Spiral Book,Stable Profit Cluster,Protect,No Escalation,Protect,Role-Aligned,-0.4902395038007844,True,True,True,Not Opportunity Candidate,No Opportunity Action,No positive opportunity signal,Neutral,False,,,,29.8584,9.9528,0.3437561756009397,0.0,0.0011848605281729377
1117,OFF-PA-10002259,"Geographics Note Cards, Blank, White, 8 1/2"" x 11""",Stable Profit Cluster,Protect,No Escalation,Protect,Role-Aligned,-0.4942626227851355,True,True,True,Not Opportunity Candidate,No Opportunity Action,No positive opportunity signal,Neutral,False,,,,29.541600000000003,9.8472,0.31955647353238253,0.0,0.0011722890636830393
1120,OFF-LA-10003537,Avery 515,Stable Profit Cluster,Protect,No Escalation,Protect,Role-Aligned,-0.3085152954730804,True,True,True,Not Opportunity Candidate,No Opportunity Action,No positive opportunity signal,Neutral,False,,,,29.445500000000003,14.722750000000001,0.27805826083839474,0.0,0.0011684755607238243
1122,TEC-AC-10000397,"Perixx PERIBOARD-512B, Ergonomic Split Keyboard",Stable Profit Cluster,Protect,No Escalation,Protect,Role-Aligned,-0.49616750866787757,True,True,True,Not Opportunity Candidate,No Opportunity Action,No positive opportunity signal,Neutral,False,,,,29.391599999999997,9.797199999999998,0.24369860967137744,0.0,0.0011663366657238066
1124,OFF-EN-10004007,Park Ridge Embossed Executive Business Envelopes,Stable Profit Cluster,Protect,No Escalation,Protect,Role-Aligned,0.24576268402953816,True,True,True,Not Opportunity Candidate,No Opportunity Action,No positive opportunity signal,Neutral,False,,,,29.2716,29.2716,0.0,0.0,0.001161574747356421
1126,TEC-AC-10000290,Sabrent 4-Port USB 2.0 Hub,Stable Profit Cluster,Protect,No Escalation,Protect,Role-Aligned,-0.591333702483785,True,True,False,Not Opportunity Candidate,No Opportunity Action,No positive opportunity signal,Neutral,False,,,,29.197,7.29925,0.8225843605770518,0.0,0.0011586144214380295
1127,OFF-EN-10000781,"#10- 4 1/8"" x 9 1/2"" Recycled Envelopes",Stable Profit Cluster,Protect,No Escalation,Protect,Role-Aligned,-0.3200112817754284,True,True,True,Not Opportunity Candidate,No Opportunity Action,No positive opportunity signal,Neutral,False,,,,28.842,14.421,0.2021526382421435,0.0,0.0011445270796011798
1129,OFF-PA-10001166,Xerox 1932,Stable Profit Cluster,Protect,No Escalation,Protect,Role-Aligned,0.22422985401102258,True,True,True,Not Opportunity Candidate,No Opportunity Action,No positive opportunity signal,Neutral,False,,,,28.7064,28.7064,0.0,0.0,0.0011391461118460337
1130,FUR-FU-10004091,"Eldon 200 Class Desk Accessories, Black",Stable Profit Cluster,Protect,No Escalation,Protect,Role-Aligned,-0.32392010760681494,True,True,False,Not Opportunity Candidate,No Opportunity Action,No positive opportunity signal,Neutral,False,,,,28.6368,14.3184,0.6948137434754537,0.0,0.0011363841991929502
1131,OFF-PA-10000673,"Post-it “Important Message” Note Pad, Neon Colors, 50 Sheets/Pad",Stable Profit Cluster,Protect,No Escalation,Protect,Role-Aligned,-0.3258097544024951,True,True,False,Not Opportunity Candidate,No Opportunity Action,No positive opportunity signal,Neutral,False,,,,28.537599999999998,14.268799999999999,0.9925310812664556,0.0,0.0011324476800092444
1135,OFF-LA-10003121,Avery 506,Stable Profit Cluster,Protect,No Escalation,Protect,Role-Aligned,-0.5117240767102705,True,True,True,Not Opportunity Candidate,No Opportunity Action,No positive opportunity signal,Neutral,False,,,,28.166600000000003,9.388866666666667,0.4113116035476357,0.0,0.00111772541572341
1136,OFF-FA-10002975,Staples,Stable Profit Cluster,Protect,No Escalation,Protect,Role-Aligned,-0.6015610347882269,True,True,True,Not Opportunity Candidate,No Opportunity Action,No positive opportunity signal,Neutral,False,,,,28.1232,7.0308,0.5262196197071665,0.0,0.0011160031885805387
1139,OFF-PA-10002105,Xerox 223,Stable Profit Cluster,Protect,No Escalation,Protect,Role-Aligned,-0.5139210450950329,True,True,False,Not Opportunity Candidate,No Opportunity Action,No positive opportunity signal,Neutral,False,,,,27.9936,9.3312,0.6490459625319264,0.0,0.001110860316743762
1141,OFF-PA-10001215,Xerox 1963,Stable Profit Cluster,Protect,No Escalation,Protect,Role-Aligned,-0.5173955569451544,True,True,True,Not Opportunity Candidate,No Opportunity Action,No positive opportunity signal,Neutral,False,,,,27.72,9.24,0.6060831206427538,0.0,0.0011000031428661224
1143,FUR-FU-10003798,"Ultra Door Kickplate, 8""H x 34""W",Stable Profit Cluster,Protect,No Escalation,Protect,Role-Aligned,-0.3419174694269614,True,True,True,Not Opportunity Candidate,No Opportunity Action,No positive opportunity signal,Neutral,False,,,,27.692,13.846,0.0,0.0,0.001098892028580399
1144,OFF-LA-10003077,Avery 500,Stable Profit Cluster,Protect,No Escalation,Protect,Role-Aligned,-0.34584915388894083,True,True,False,Not Opportunity Candidate,No Opportunity Action,No positive opportunity signal,Neutral,False,,,,27.4856,13.7428,0.6943081842319058,0.0,0.0010907015289884955
1145,OFF-SU-10000952,Fiskars Home & Office Scissors,Stable Profit Cluster,Protect,No Escalation,Protect,Role-Aligned,-0.5220891957602306,True,True,True,Not Opportunity Candidate,No Opportunity Action,No positive opportunity signal,Neutral,False,,,,27.3504,9.1168,0.4053347229734637,0.0,0.0010853364342945742
1146,TEC-PH-10000213,Seidio BD2-HK3IPH5-BK DILEX Case and Holster Combo for Apple iPhone 5/5s - Black,Stable Profit Cluster,Protect,No Escalation,Protect,Role-Aligned,-0.5228714688960767,True,True,False,Not Opportunity Candidate,No Opportunity Action,No positive opportunity signal,Neutral,False,,,,27.288800000000002,9.096266666666667,0.7659638788230546,0.0,0.001082891982865983
1147,FUR-BO-10001619,O'Sullivan Cherrywood Estates Traditional Bookcase,Stable Profit Cluster,Protect,No Escalation,Protect,Role-Aligned,-0.35141142066654757,True,True,True,Not Opportunity Candidate,No Opportunity Action,No positive opportunity signal,Neutral,False,,,,27.193599999999996,13.596799999999998,0.5206299516547871,0.0,0.0010791141942945233
1148,OFF-PA-10002230,Xerox 1897,Stable Profit Cluster,Protect,No Escalation,Protect,Role-Aligned,-0.6113902459431755,True,True,False,Not Opportunity Candidate,No Opportunity Action,No positive opportunity signal,Neutral,False,,,,27.0912,6.7728,0.6468201899053171,0.0,0.0010750506906210208
1150,OFF-PA-10001947,Xerox 1974,Stable Profit Cluster,Protect,No Escalation,Protect,Role-Aligned,-0.6131160725529397,True,True,True,Not Opportunity Candidate,No Opportunity Action,No positive opportunity signal,Neutral,False,,,,26.910000000000004,6.727500000000001,0.5034731230657695,0.0,0.0010678601938862685
1155,OFF-AR-10003631,Staples in misc. colors,Stable Profit Cluster,Protect,No Escalation,Protect,Role-Aligned,-0.6158781570829158,True,True,True,Not Opportunity Candidate,No Opportunity Action,No positive opportunity signal,Neutral,False,,,,26.619999999999997,6.654999999999999,0.29561263775796864,0.0,0.0010563522244984192
1156,OFF-EN-10003072,Peel & Seel Envelopes,Stable Profit Cluster,Protect,No Escalation,Protect,Role-Aligned,-0.6166477309795434,True,True,True,Not Opportunity Candidate,No Opportunity Action,No positive opportunity signal,Neutral,False,,,,26.5392,6.6348,0.4488901731443585,0.0,0.0010531458661310461
1158,OFF-SU-10002503,Acme Preferred Stainless Steel Scissors,Stable Profit Cluster,Protect,No Escalation,Protect,Role-Aligned,-0.618400225991666,True,True,True,Not Opportunity Candidate,No Opportunity Action,No positive opportunity signal,Neutral,False,,,,26.355200000000004,6.588800000000001,0.34046310751705394,0.0,0.0010458442579677214
1159,OFF-AR-10003696,Panasonic KP-350BK Electric Pencil Sharpener with Auto Stop,Stable Profit Cluster,Protect,No Escalation,Protect,Role-Aligned,-0.5356723020281029,True,True,True,Not Opportunity Candidate,No Opportunity Action,No positive opportunity signal,Neutral,False,,,,26.2808,8.760266666666666,0.24364581893095863,0.0,0.001042891868579942
1161,FUR-FU-10000260,"6"" Cubicle Wall Clock, Black",Stable Profit Cluster,Protect,Intensify Action,Protect (Tight Control),Role-Aligned,-0.6197679340554749,True,False,False,Not Opportunity Candidate,No Opportunity Action,No positive opportunity signal,Neutral,False,,,,26.211599999999997,6.552899999999999,1.2290553024678617,0.25,0.0010401458289880827
1163,FUR-CH-10002317,Global Enterprise Series Seating Low-Back Swivel/Tilt Chairs,Stable Profit Cluster,Protect,No Escalation,Protect,Role-Aligned,0.11723622374917002,True,True,True,Not Opportunity Candidate,No Opportunity Action,No positive opportunity signal,Neutral,False,,,,25.898,25.898,0.0,0.0,0.0010277013489879813
1164,OFF-PA-10000551,Array Memo Cubes,Stable Profit Cluster,Protect,No Escalation,Protect,Role-Aligned,-0.5411659929139309,True,True,False,Not Opportunity Candidate,No Opportunity Action,No positive opportunity signal,Neutral,False,,,,25.8482,8.616066666666667,0.6960591498954174,0.0,0.0010257251528655162
1165,OFF-EN-10002973,Ampad #10 Peel & Seel Holiday Envelopes,Stable Profit Cluster,Protect,No Escalation,Protect,Role-Aligned,-0.5417171398960042,True,True,True,Not Opportunity Candidate,No Opportunity Action,No positive opportunity signal,Neutral,False,,,,25.8048,8.6016,0.48569558128771045,0.0,0.001024002925722645
1167,OFF-PA-10004519,Spiral Phone Message Books with Labels by Adams,Stable Profit Cluster,Protect,No Escalation,Protect,Role-Aligned,-0.6240691663787062,True,True,True,Not Opportunity Candidate,No Opportunity Action,No positive opportunity signal,Neutral,False,,,,25.759999999999998,6.4399999999999995,0.42304804133197826,0.0,0.0010222251428654875
1168,OFF-PA-10003971,Xerox 1965,Stable Profit Cluster,Protect,No Escalation,Protect,Role-Aligned,-0.624507290131737,True,True,True,Not Opportunity Candidate,No Opportunity Action,No positive opportunity signal,Neutral,False,,,,25.714,6.4285,0.24019975937413224,0.0,0.0010203997408246564
1170,OFF-BI-10003291,Wilson Jones Leather-Like Binders with DublLock Round Rings,Stable Loss Cluster,Correct,Reroute Action,Exit / Restructure,Role-Aligned,0.4568848118790946,False,True,False,Not Opportunity Candidate,No Opportunity Action,No positive opportunity signal,Neutral,False,,,,25.491600000000005,2.1243000000000003,4.864983808148816,0.3333333333333333,0.0010115743187837682
1171,OFF-AP-10002222,Staple holder,Stable Profit Cluster,Protect,Intensify Action,Protect (Tight Control),Role-Aligned,-0.6291199712967968,True,True,False,Not Opportunity Candidate,No Opportunity Action,No positive opportunity signal,Neutral,False,,,,25.229699999999998,6.307424999999999,1.0415731852446013,0.0,0.0010011814319469483
1173,OFF-EN-10003068,#6 3/4 Gummed Flap White Envelopes,Stable Profit Cluster,Protect,No Escalation,Protect,Role-Aligned,-0.6318030030626388,True,True,True,Not Opportunity Candidate,No Opportunity Action,No positive opportunity signal,Neutral,False,,,,24.948,6.237,0.5374185784842979,0.0,0.0009900028285795102
1176,OFF-PA-10000682,Xerox 1924,Stable Profit Cluster,Protect,No Escalation,Protect,Role-Aligned,-0.6337993234677525,True,True,False,Not Opportunity Candidate,No Opportunity Action,No positive opportunity signal,Neutral,False,,,,24.7384,6.1846,0.8126326784084149,0.0,0.0009816853444978096
1177,TEC-AC-10001635,KeyTronic KT400U2 - Keyboard - Black,Stable Profit Cluster,Protect,Intensify Action,Protect (Tight Control),Role-Aligned,-0.5561028380824717,True,True,False,Not Opportunity Candidate,No Opportunity Action,No positive opportunity signal,Neutral,False,,,,24.672,8.224,1.1114084840107452,0.0,0.0009790504163345228
1181,TEC-MA-10003329,"Vtech AT&T CL2940 Corded Speakerphone, Black",Stable Profit Cluster,Protect,No Escalation,Protect,Role-Aligned,0.05604747942373148,True,True,True,Not Opportunity Candidate,No Opportunity Action,No positive opportunity signal,Neutral,False,,,,24.2919,24.2919,0.0,0.0,0.0009639670399058282
1185,OFF-PA-10000350,"Message Book, Standard Line ""While You Were Out"", 5 1/2"" X 4"", 200 Sets/Book",Stable Profit Cluster,Protect,No Escalation,Protect,Role-Aligned,-0.4095942550690191,True,True,True,Not Opportunity Candidate,No Opportunity Action,No positive opportunity signal,Neutral,False,,,,24.139200000000002,12.069600000000001,0.4617135989008899,0.0,0.00095790749878333
1187,OFF-PA-10000556,Xerox 208,Stable Profit Cluster,Protect,No Escalation,Protect,Role-Aligned,-0.4102342967256204,True,True,False,Not Opportunity Candidate,No Opportunity Action,No positive opportunity signal,Neutral,False,,,,24.105600000000003,12.052800000000001,0.7595715749912472,0.0,0.0009565741616404619
1188,OFF-SU-10004737,Acme Design Stainless Steel Bent Scissors,Stable Profit Cluster,Protect,No Escalation,Protect,Role-Aligned,-0.5645300532277223,True,True,True,Not Opportunity Candidate,No Opportunity Action,No positive opportunity signal,Neutral,False,,,,24.0084,8.0028,0.4656444515774452,0.0,0.0009527170077628794
1194,OFF-BI-10004040,Wilson Jones Impact Binders,Stable Loss Cluster,Correct,Reroute Action,Exit / Restructure,Role-Aligned,0.46932593407600104,False,True,False,Not Opportunity Candidate,No Opportunity Action,No positive opportunity signal,Neutral,False,,,,23.724400000000003,2.636044444444445,3.3970202652791675,0.4444444444444444,0.0009414471342933997
1195,OFF-AR-10001166,Staples in misc. colors,Stable Profit Cluster,Protect,No Escalation,Protect,Role-Aligned,-0.5690865402592413,True,True,True,Not Opportunity Candidate,No Opportunity Action,No positive opportunity signal,Neutral,False,,,,23.6496,7.8831999999999995,0.5549872632095948,0.0,0.0009384788718443957
1199,FUR-FU-10000755,Eldon Expressions Mahogany Wood Desk Collection,Stable Profit Cluster,Protect,No Escalation,Protect,Role-Aligned,-0.423675171514248,True,True,False,Not Opportunity Candidate,No Opportunity Action,No positive opportunity signal,Neutral,False,,,,23.4,11.7,0.6459795343610889,0.0,0.0009285740816402332
1204,TEC-AC-10002167,Imation 8gb Micro Traveldrive Usb 2.0 Flash Drive,Stable Loss Cluster,Correct,Intensify Action,Correct — Accelerated,Role-Aligned,0.47589495572624896,False,True,True,Not Opportunity Candidate,No Opportunity Action,No positive opportunity signal,Neutral,False,,,,23.25,2.90625,1.7456110660729929,0.375,0.000922621683681001
1207,OFF-PA-10000605,Xerox 1950,Stable Profit Cluster,Protect,No Escalation,Protect,Role-Aligned,-0.5750780413224257,True,True,False,Not Opportunity Candidate,No Opportunity Action,No positive opportunity signal,Neutral,False,,,,23.177799999999998,7.725933333333333,0.7132944596736243,0.0,0.0009197565961299571
1208,OFF-EN-10003798,"Recycled Interoffice Envelopes with Re-Use-A-Seal Closure, 10 x 13",Stable Profit Cluster,Protect,No Escalation,Protect,Role-Aligned,-0.4304470408273958,True,True,True,Not Opportunity Candidate,No Opportunity Action,No positive opportunity signal,Neutral,False,,,,23.0445,11.52225,0.2767578885032723,0.0,0.0009144668984768528
1215,OFF-EN-10004147,Wausau Papers Astrobrights Colored Envelopes,Stable Profit Cluster,Protect,No Escalation,Protect,Role-Aligned,-0.580081541574428,True,True,True,Not Opportunity Candidate,No Opportunity Action,No positive opportunity signal,Neutral,False,,,,22.7838,7.5946,0.2639591546940251,0.0,0.0009041216308237071
1216,OFF-PA-10001583,"1/4 Fold Party Design Invitations & White Envelopes, 24 8-1/2"" X 11"" Cards, 25 Env./Pack",Stable Profit Cluster,Protect,Intensify Action,Protect (Tight Control),Role-Aligned,-0.43679031081692665,True,True,False,Not Opportunity Candidate,No Opportunity Action,No positive opportunity signal,Neutral,False,,,,22.7115,11.35575,1.1416020670496114,0.0,0.0009012525750073572
1218,TEC-PH-10004830,Pyle PRT45 Retro Home Telephone,Stable Profit Cluster,Protect,No Escalation,Protect,Role-Aligned,-0.005499383447662404,True,True,True,Not Opportunity Candidate,No Opportunity Action,No positive opportunity signal,Neutral,False,,,,22.6764,22.6764,0.0,0.0,0.0008998597138848969
1219,OFF-AR-10001988,Bulldog Table or Wall-Mount Pencil Sharpener,Stable Profit Cluster,Protect,No Escalation,Protect,Role-Aligned,-0.5826404382769116,True,True,True,Not Opportunity Candidate,No Opportunity Action,No positive opportunity signal,Neutral,False,,,,22.582299999999996,7.527433333333332,0.2577935374191631,0.0,0.000896125576231805
1220,OFF-PA-10001763,Xerox 1896,Stable Profit Cluster,Protect,No Escalation,Protect,Role-Aligned,-0.44124774378254294,True,True,True,Not Opportunity Candidate,No Opportunity Action,No positive opportunity signal,Neutral,False,,,,22.4775,11.23875,0.2766077809760583,0.0,0.0008919668341909548
1226,OFF-AR-10002280,Staples in misc. colors,Stable Profit Cluster,Protect,No Escalation,Protect,Role-Aligned,-0.44421936575962045,True,True,False,Not Opportunity Candidate,No Opportunity Action,No positive opportunity signal,Neutral,False,,,,22.3215,11.16075,0.7815972295681051,0.0,0.0008857763403133532
1229,FUR-FU-10004712,"Westinghouse Mesh Shade Clip-On Gooseneck Lamp, Black",Stable Profit Cluster,Protect,No Escalation,Protect,Role-Aligned,-0.44923112051711467,True,True,True,Not Opportunity Candidate,No Opportunity Action,No positive opportunity signal,Neutral,False,,,,22.0584,11.0292,0.4608199663714916,0.0,0.0008753358342928598
1231,OFF-PA-10000007,"Telephone Message Books with Fax/Mobile Section, 4 1/4"" x 6""",Stable Profit Cluster,Protect,No Escalation,Protect,Role-Aligned,-0.5905431748424471,True,True,True,Not Opportunity Candidate,No Opportunity Action,No positive opportunity signal,Neutral,False,,,,21.96,7.32,0.4232860942035058,0.0,0.0008714310612316035
1234,OFF-PA-10001246,Xerox 215,Stable Profit Cluster,Protect,No Escalation,Protect,Role-Aligned,-0.45467147459822577,True,True,True,Not Opportunity Candidate,No Opportunity Action,No positive opportunity signal,Neutral,False,,,,21.7728,10.8864,0.19743612134913285,0.0,0.0008640024685784817
1235,FUR-FU-10001867,"Eldon Expressions Punched Metal & Wood Desk Accessories, Pewter & Cherry",Stable Profit Cluster,Protect,No Escalation,Protect,Role-Aligned,-0.5937738612995775,True,True,False,Not Opportunity Candidate,No Opportunity Action,No positive opportunity signal,Neutral,False,,,,21.7056,7.2352,0.9146500700402943,0.0,0.0008613357942927456
1236,OFF-BI-10002824,Recycled Easel Ring Binders,Stable Loss Cluster,Correct,Reroute Action,Exit / Restructure,Role-Aligned,0.4636792523901741,False,True,False,Not Opportunity Candidate,No Opportunity Action,No positive opportunity signal,Neutral,False,,,,21.634000000000004,2.403777777777778,7.489909503717258,0.4444444444444444,0.0008584945163335389
1237,OFF-PA-10003063,EcoTones Memo Sheets,Stable Profit Cluster,Protect,No Escalation,Protect,Role-Aligned,-0.5951149009610279,True,True,True,Not Opportunity Candidate,No Opportunity Action,No positive opportunity signal,Neutral,False,,,,21.6,7.2,0.4223039656789871,0.0,0.0008571453061294461
1241,OFF-BI-10001636,Ibico Plastic and Wire Spiral Binding Combs,Stable Loss Cluster,Correct,Reroute Action,Exit / Restructure,Role-Aligned,0.46353554617811604,False,True,False,Not Opportunity Candidate,No Opportunity Action,No positive opportunity signal,Neutral,False,,,,21.5808,2.397866666666667,4.495059216019829,0.3333333333333333,0.0008563833991906643
1243,FUR-FU-10002685,"Executive Impressions 13-1/2"" Indoor/Outdoor Wall Clock",Stable Profit Cluster,Protect,No Escalation,Protect,Role-Aligned,-0.46333489559293645,True,True,True,Not Opportunity Candidate,No Opportunity Action,No positive opportunity signal,Neutral,False,,,,21.317999999999998,10.658999999999999,0.4604608861088593,0.0,0.0008459547979660894
1253,OFF-PA-10004947,Easy-staple paper,Stable Profit Cluster,Protect,No Escalation,Protect,Role-Aligned,-0.6085252975755316,True,True,True,Not Opportunity Candidate,No Opportunity Action,No positive opportunity signal,Neutral,False,,,,20.544,6.848,0.46392555774632543,0.0,0.000815240424496451
1256,OFF-PA-10000697,"TOPS Voice Message Log Book, Flash Format",Stable Profit Cluster,Protect,No Escalation,Protect,Role-Aligned,-0.6106994073297012,True,True,True,Not Opportunity Candidate,No Opportunity Action,No positive opportunity signal,Neutral,False,,,,20.372799999999998,6.790933333333332,0.312105036555262,0.0,0.0008084467542923138
1260,OFF-AR-10001221,"Dixon Ticonderoga Erasable Colored Pencil Set, 12-Color",Stable Profit Cluster,Protect,No Escalation,Protect,Role-Aligned,-0.4866735574282914,True,True,True,Not Opportunity Candidate,No Opportunity Action,No positive opportunity signal,Neutral,False,,,,20.0928,10.0464,0.574762485445615,0.0,0.0007973356114350803
1262,OFF-FA-10002815,Staples,Stable Profit Cluster,Protect,No Escalation,Protect,Role-Aligned,-0.6151238222733498,True,True,True,Not Opportunity Candidate,No Opportunity Action,No positive opportunity signal,Neutral,False,,,,20.0244,6.6748,0.5835866732783163,0.0,0.0007946213179656704
1263,OFF-FA-10002983,Advantus SlideClip Paper Clips,Stable Profit Cluster,Protect,No Escalation,Protect,Role-Aligned,-0.6182529148167341,True,True,True,Not Opportunity Candidate,No Opportunity Action,No positive opportunity signal,Neutral,False,,,,19.778,6.592666666666666,0.23936522515347147,0.0,0.0007848435122513048
1264,OFF-AR-10000255,Newell 328,Stable Profit Cluster,Protect,No Escalation,Protect,Role-Aligned,-0.6187456452984033,True,True,True,Not Opportunity Candidate,No Opportunity Action,No positive opportunity signal,Neutral,False,,,,19.7392,6.579733333333333,0.5592255058387919,0.0,0.0007833038253125167
1269,OFF-AR-10000411,Boston 16701 Slimline Battery Pencil Sharpener,Stable Profit Cluster,Protect,No Escalation,Protect,Role-Aligned,-0.5050518964249862,True,True,False,Not Opportunity Candidate,No Opportunity Action,No positive opportunity signal,Neutral,False,,,,19.128,9.564,0.6888603912836534,0.0,0.0007590497877612984
1278,OFF-LA-10004178,Avery 491,Stable Profit Cluster,Protect,No Escalation,Protect,Role-Aligned,-0.6323541500447121,True,True,False,Not Opportunity Candidate,No Opportunity Action,No positive opportunity signal,Neutral,False,,,,18.6676,6.222533333333334,0.9784329221171442,0.0,0.0007407798942917615
1279,OFF-BI-10002353,GBC VeloBind Cover Sets,Risk-Oriented Profit Cluster,Contain,Reroute Action,Reroute to Correct,Role-Aligned,-0.01616422472463728,False,False,True,Not Opportunity Candidate,No Opportunity Action,No positive opportunity signal,Neutral,False,,,,18.52799999999999,1.6843636363636356,11.975998475041948,0.5454545454545454,0.000735240195924369
1280,FUR-FU-10001617,"Executive Impressions 8-1/2"" Career Panel/Partition Cubicle Clock",Stable Profit Cluster,Protect,No Escalation,Protect,Role-Aligned,-0.5167859934626768,True,True,False,Not Opportunity Candidate,No Opportunity Action,No positive opportunity signal,Neutral,False,,,,18.512,9.256,0.7269362249560589,0.0,0.0007346052734753845
1281,OFF-BI-10003712,"Acco Pressboard Covers with Storage Hooks, 14 7/8"" x 11"", Light Blue",Stable Loss Cluster,Correct,Reroute Action,Exit / Restructure,Role-Aligned,0.4459341627752946,False,False,False,Not Opportunity Candidate,No Opportunity Action,No positive opportunity signal,Neutral,False,,,,18.4125,1.6738636363636366,4.114283462073082,0.5454545454545454,0.0007306568494957605
1284,OFF-BI-10002949,Prestige Round Ring Binders,Stable Loss Cluster,Correct,Intensify Action,Correct — Accelerated,Role-Aligned,0.46011577053027025,False,True,True,Not Opportunity Candidate,No Opportunity Action,No positive opportunity signal,Neutral,False,,,,18.0576,2.2572,2.0857003481198544,0.375,0.000716573475924217
1290,OFF-AR-10004587,"Boston 1827 Commercial Additional Cutter, Drive Gear & Gear Rack for 1606",Stable Profit Cluster,Protect,No Escalation,Protect,Role-Aligned,-0.5294534845829112,True,True,True,Not Opportunity Candidate,No Opportunity Action,No positive opportunity signal,Neutral,False,,,,17.847,8.9235,0.4583912520867693,0.0,0.0007082163091894549
1291,OFF-AP-10000326,Belkin 7 Outlet SurgeMaster Surge Protector with Phone Protection,Stable Profit Cluster,Protect,No Escalation,Protect,Role-Aligned,-0.19257441621998875,True,True,True,Not Opportunity Candidate,No Opportunity Action,No positive opportunity signal,Neutral,False,,,,17.766,17.766,0.0,0.0,0.0007050020142914693
1293,TEC-AC-10002558,Imation Swivel Flash Drive USB flash drive - 8 GB,Stable Profit Cluster,Protect,Intensify Action,Protect (Tight Control),Role-Aligned,-0.5337109045308396,True,True,False,Not Opportunity Candidate,No Opportunity Action,No positive opportunity signal,Neutral,False,,,,17.6235,8.81175,1.1086229774476026,0.0,0.0006993472362301987
1298,FUR-FU-10001602,"Eldon Delta Triangular Chair Mat, 52"" x 58"", Clear",Stable Loss Cluster,Correct,Reroute Action,Exit / Restructure,Role-Aligned,0.4759366899551267,False,True,False,Not Opportunity Candidate,No Opportunity Action,No positive opportunity signal,Neutral,False,,,,17.447799999999997,2.9079666666666664,6.62132065395334,0.5,0.0006923749940872845
1305,OFF-BI-10004654,Avery Binding System Hidden Tab Executive Style Index Sets,Stable Loss Cluster,Correct,Reroute Action,Exit / Restructure,Role-Aligned,0.45609044337700905,False,True,False,Not Opportunity Candidate,No Opportunity Action,No positive opportunity signal,Neutral,False,,,,16.733,2.091625,3.287953851732193,0.375,0.0006640098336788899
1307,OFF-PA-10001826,Xerox 207,Stable Profit Cluster,Protect,No Escalation,Protect,Role-Aligned,-0.5534207587595711,True,True,True,Not Opportunity Candidate,No Opportunity Action,No positive opportunity signal,Neutral,False,,,,16.5888,8.2944,0.17153756066469047,0.0,0.0006582875951074145
1308,OFF-ST-10004950,Acco Perma 3000 Stacking Storage Drawers,Stable Loss Cluster,Correct,Reroute Action,Exit / Restructure,Role-Aligned,0.4723969790475934,False,False,True,Not Opportunity Candidate,No Opportunity Action,No positive opportunity signal,Neutral,False,,,,16.5742,2.762366666666667,1.90035991311244,0.6666666666666666,0.000657708228372716
1309,OFF-PA-10002960,Xerox 1926,Stable Profit Cluster,Protect,No Escalation,Protect,Role-Aligned,-0.24521784247544656,True,True,True,Not Opportunity Candidate,No Opportunity Action,No positive opportunity signal,Neutral,False,,,,16.3842,16.3842,0.0,0.0,0.0006501685242910217
1311,OFF-PA-10003729,Xerox 1998,Stable Profit Cluster,Protect,No Escalation,Protect,Role-Aligned,-0.5583582229676383,True,True,False,Not Opportunity Candidate,No Opportunity Action,No positive opportunity signal,Neutral,False,,,,16.3296,8.1648,0.7620306772527632,0.0,0.0006480018514338612
1314,TEC-AC-10004992,Kingston Digital DataTraveler 64GB USB 2.0,Stable Profit Cluster,Protect,No Escalation,Protect,Role-Aligned,-0.560552651504557,True,True,True,Not Opportunity Candidate,No Opportunity Action,No positive opportunity signal,Neutral,False,,,,16.2144,8.1072,0.0,0.0,0.0006434304098011709
1317,FUR-FU-10002508,Document Clip Frames,Stable Profit Cluster,Protect,No Escalation,Protect,Role-Aligned,-0.564392901444165,True,True,True,Not Opportunity Candidate,No Opportunity Action,No positive opportunity signal,Neutral,False,,,,16.0128,8.0064,0.42838720667456504,0.0,0.0006354303869439626
1318,TEC-PH-10001949,Cisco SPA 501G IP Phone,Stable Profit Cluster,Protect,No Escalation,Protect,Role-Aligned,-0.2594359107042329,True,True,True,Not Opportunity Candidate,No Opportunity Action,No positive opportunity signal,Neutral,False,,,,16.011,16.011,0.0,0.0,0.0006353589581684518
1326,OFF-PA-10002552,Xerox 1958,Stable Profit Cluster,Protect,No Escalation,Protect,Role-Aligned,-0.5731706155918401,True,True,True,Not Opportunity Candidate,No Opportunity Action,No positive opportunity signal,Neutral,False,,,,15.552,7.776,0.2739188877415021,0.0,0.0006171446204132012
1329,OFF-PA-10002741,Xerox 1980,Stable Profit Cluster,Protect,No Escalation,Protect,Role-Aligned,-0.5759136512629885,True,True,False,Not Opportunity Candidate,No Opportunity Action,No positive opportunity signal,Neutral,False,,,,15.408,7.704,0.6845953565923463,0.0,0.0006114303183723382
1330,FUR-FU-10001424,Dax Clear Box Frame,Stable Loss Cluster,Correct,Reroute Action,Exit / Restructure,Role-Aligned,0.4674966512413081,False,True,True,Not Opportunity Candidate,No Opportunity Action,No positive opportunity signal,Neutral,False,,,,15.364799999999999,2.5608,2.502050565096261,0.3333333333333333,0.0006097160277600792
1331,FUR-TA-10001691,"Barricks Non-Folding Utility Table with Steel Legs, Laminate Tops",Stable Profit Cluster,Protect,No Escalation,Protect,Role-Aligned,-0.28453468709524143,True,True,True,Not Opportunity Candidate,No Opportunity Action,No positive opportunity signal,Neutral,False,,,,15.3522,15.3522,0.0,0.0,0.0006092160263315038
1338,OFF-BI-10003655,Durable Pressboard Binders,Stable Profit Cluster,Protect,No Escalation,Protect,Role-Aligned,-0.5820473838054178,True,True,True,Not Opportunity Candidate,No Opportunity Action,No positive opportunity signal,Neutral,False,,,,15.085999999999999,7.542999999999999,0.25159458418842945,0.0,0.0005986525040865196
1339,OFF-BI-10002003,Ibico Presentation Index for Binding Systems,Stable Loss Cluster,Correct,Reroute Action,Exit / Restructure,Role-Aligned,0.45762838733563194,False,True,True,Not Opportunity Candidate,No Opportunity Action,No positive opportunity signal,Neutral,False,,,,15.0842,2.1548857142857143,2.5088300638710295,0.2857142857142857,0.0005985810753110088
1340,FUR-CH-10004540,Global Chrome Stack Chair,Stable Loss Cluster,Correct,Reroute Action,Exit / Restructure,Role-Aligned,0.46635564552752456,False,False,False,Not Opportunity Candidate,No Opportunity Action,No positive opportunity signal,Neutral,False,,,,15.083200000000001,2.513866666666667,4.144087225833866,0.6666666666666666,0.0005985413926579473
1343,TEC-PH-10003931,JBL Micro Wireless Portable Bluetooth Speaker,Risk-Oriented Profit Cluster,Contain,Reroute Action,Reroute to Correct,Role-Aligned,0.041839993008736615,False,True,True,Not Opportunity Candidate,No Opportunity Action,No positive opportunity signal,Neutral,False,,,,14.997499999999999,2.4995833333333333,9.80414167552299,0.3333333333333333,0.0005951405892905726
1346,OFF-BI-10001097,Avery Hole Reinforcements,Stable Loss Cluster,Correct,Reroute Action,Exit / Restructure,Role-Aligned,0.44529296098051574,False,True,False,Not Opportunity Candidate,No Opportunity Action,No positive opportunity signal,Neutral,False,,,,14.827399999999999,1.6474888888888888,3.7137575920090695,0.4444444444444444,0.0005883905700048032
1348,OFF-PA-10001243,Xerox 1983,Stable Profit Cluster,Protect,No Escalation,Protect,Role-Aligned,-0.5903336373953455,True,True,False,Not Opportunity Candidate,No Opportunity Action,No positive opportunity signal,Neutral,False,,,,14.651,7.3255,0.8201653159649789,0.0,0.000581390550004746
1350,OFF-AR-10004511,"Sanford Colorific Scented Colored Pencils, 12/Pack",Stable Profit Cluster,Protect,No Escalation,Protect,Role-Aligned,-0.5914041832614465,True,True,False,Not Opportunity Candidate,No Opportunity Action,No positive opportunity signal,Neutral,False,,,,14.5948,7.2974,0.8697603556205302,0.0,0.000579160384902687
1356,OFF-BI-10003638,GBC Durable Plastic Covers,Risk-Oriented Profit Cluster,Contain,Reroute Action,Reroute to Correct,Role-Aligned,-0.008656918249513739,False,True,False,Not Opportunity Candidate,No Opportunity Action,No positive opportunity signal,Neutral,False,,,,14.318999999999999,1.7898749999999999,14.97573692091479,0.375,0.0005682159091883119
1358,OFF-PA-10003205,"Wirebound Message Forms, Four 2 3/4 x 5 Forms per Page, Pink Paper",Stable Profit Cluster,Protect,No Escalation,Protect,Role-Aligned,-0.5970674089908384,True,True,True,Not Opportunity Candidate,No Opportunity Action,No positive opportunity signal,Neutral,False,,,,14.2975,7.14875,0.10146042603494064,0.0,0.0005673627321474887
1362,TEC-PH-10000912,Anker 24W Portable Micro USB Car Charger,Stable Profit Cluster,Protect,No Escalation,Protect,Role-Aligned,-0.6014543611787933,True,True,False,Not Opportunity Candidate,No Opportunity Action,No positive opportunity signal,Neutral,False,,,,14.0672,7.0336,0.8531553722164874,0.0,0.000558223817147414
1363,OFF-PA-10004948,Xerox 190,Stable Profit Cluster,Protect,No Escalation,Protect,Role-Aligned,-0.6019039142471204,True,True,False,Not Opportunity Candidate,No Opportunity Action,No positive opportunity signal,Neutral,False,,,,14.0436,7.0218,0.9099792344830895,0.0,0.0005572873065351615
1365,TEC-PH-10003535,RCA ViSYS 25423RE1 Corded phone,Stable Profit Cluster,Protect,No Escalation,Protect,Role-Aligned,-0.33610375771283285,True,True,True,Not Opportunity Candidate,No Opportunity Action,No positive opportunity signal,Neutral,False,,,,13.9986,13.9986,0.0,0.0,0.0005555015871473918
1366,OFF-BI-10000546,Avery Durable Binders,Stable Loss Cluster,Correct,Reroute Action,Exit / Restructure,Role-Aligned,0.4332470308667687,False,True,False,Not Opportunity Candidate,No Opportunity Action,No positive opportunity signal,Neutral,False,,,,13.824,1.152,3.483640030789124,0.4166666666666667,0.0005485729959228455
1368,OFF-BI-10002764,Recycled Pressboard Report Cover with Reinforced Top Hinge,Stable Loss Cluster,Correct,Intensify Action,Correct — Accelerated,Role-Aligned,0.4470551854183225,False,True,True,Not Opportunity Candidate,No Opportunity Action,No positive opportunity signal,Neutral,False,,,,13.759799999999998,1.7199749999999998,2.0687801685175087,0.375,0.000546025369596294
1371,OFF-PA-10004248,Xerox 1990,Stable Profit Cluster,Protect,No Escalation,Protect,Role-Aligned,-0.6079157340930541,True,True,True,Not Opportunity Candidate,No Opportunity Action,No positive opportunity signal,Neutral,False,,,,13.728,6.864,0.05245680905871851,0.0,0.0005447634612289369
1373,OFF-BI-10003274,"Avery Durable Slant Ring Binders, No Labels",Stable Loss Cluster,Correct,Reroute Action,Exit / Restructure,Role-Aligned,0.44200878781096514,False,True,False,Not Opportunity Candidate,No Opportunity Action,No positive opportunity signal,Neutral,False,,,,13.611600000000001,1.5124000000000002,3.263768491856883,0.4444444444444444,0.0005401444004125727
1375,OFF-PA-10004022,Hammermill Color Copier Paper (28Lb. and 96 Bright),Stable Profit Cluster,Protect,No Escalation,Protect,Role-Aligned,-0.612516033499876,True,True,True,Not Opportunity Candidate,No Opportunity Action,No positive opportunity signal,Neutral,False,,,,13.4865,6.74325,0.45433610196888097,0.0,0.0005351801005145729
1381,OFF-AR-10003772,Boston 16750 Black Compact Battery Pencil Sharpener,Stable Profit Cluster,Protect,No Escalation,Protect,Role-Aligned,-0.6194021959659883,True,True,False,Not Opportunity Candidate,No Opportunity Action,No positive opportunity signal,Neutral,False,,,,13.125,6.5625,0.8169902316076084,0.0,0.0005208348214328231
1383,FUR-FU-10004164,"Eldon 300 Class Desk Accessories, Black",Stable Profit Cluster,Protect,No Escalation,Protect,Role-Aligned,-0.6204879809191512,True,True,False,Not Opportunity Candidate,No Opportunity Action,No positive opportunity signal,Neutral,False,,,,13.068000000000001,6.534000000000001,0.9076197821332195,0.0,0.000518572910208315
1387,OFF-BI-10004002,Wilson Jones International Size A4 Ring Binders,Stable Loss Cluster,Correct,Reroute Action,Exit / Restructure,Role-Aligned,0.44970224110999163,False,True,False,Not Opportunity Candidate,No Opportunity Action,No positive opportunity signal,Neutral,False,,,,12.802000000000008,1.828857142857144,7.515602865172708,0.42857142857142855,0.0005080173244939434
1389,OFF-PA-10001837,Xerox 1976,Stable Profit Cluster,Protect,No Escalation,Protect,Role-Aligned,-0.62748272188058,True,True,True,Not Opportunity Candidate,No Opportunity Action,No positive opportunity signal,Neutral,False,,,,12.700800000000001,6.3504000000000005,0.19428030722504727,0.0,0.0005040014400041143
1392,OFF-BI-10003727,Avery Durable Slant Ring Binders With Label Holder,Stable Loss Cluster,Correct,Reroute Action,Exit / Restructure,Role-Aligned,0.4388883100634205,False,False,False,Not Opportunity Candidate,No Opportunity Action,No positive opportunity signal,Neutral,False,,,,12.456400000000002,1.3840444444444446,3.331088795277515,0.5555555555555556,0.000494302999595872
1394,OFF-BI-10003529,Avery Round Ring Poly Binders,Stable Loss Cluster,Correct,Intensify Action,Correct — Accelerated,Role-Aligned,0.45506714439612816,False,True,True,Not Opportunity Candidate,No Opportunity Action,No positive opportunity signal,Neutral,False,,,,12.2972,2.049533333333333,1.2333319861592977,0.3333333333333333,0.0004879855212284734
1395,OFF-PA-10004405,Rediform Voice Mail Log Books,Stable Profit Cluster,Protect,No Escalation,Protect,Role-Aligned,-0.6378148229085725,True,True,True,Not Opportunity Candidate,No Opportunity Action,No positive opportunity signal,Neutral,False,,,,12.1584,6.0792,0.23958330935798322,0.0,0.00048247756898353047
1397,OFF-ST-10001414,Decoflex Hanging Personal Folder File,Stable Profit Cluster,Protect,No Escalation,Protect,Role-Aligned,-0.41119435921052244,True,True,True,Not Opportunity Candidate,No Opportunity Action,No positive opportunity signal,Neutral,False,,,,12.0276,12.0276,0.0,0.0,0.0004772870779630799
1398,TEC-AC-10000926,NETGEAR RangeMax WNR1000 Wireless Router,Stable Profit Cluster,Protect,No Escalation,Protect,Role-Aligned,-0.4124287252625392,True,True,True,Not Opportunity Candidate,No Opportunity Action,No positive opportunity signal,Neutral,False,,,,11.9952,11.9952,0.0,0.0,0.00047600136000388574
1400,OFF-BI-10000145,Zipper Ring Binder Pockets,Stable Loss Cluster,Correct,Reroute Action,Exit / Restructure,Role-Aligned,0.4271789550252829,False,True,False,Not Opportunity Candidate,No Opportunity Action,No positive opportunity signal,Neutral,False,,,,11.7312,0.9024,3.2259955935420486,0.46153846153846156,0.0004655251395956369
1403,OFF-BI-10000756,Storex DuraTech Recycled Plastic Frosted Binders,Stable Loss Cluster,Correct,Reroute Action,Exit / Restructure,Role-Aligned,0.44002985602612166,False,False,False,Not Opportunity Candidate,No Opportunity Action,No positive opportunity signal,Neutral,False,,,,11.448,1.431,6.006917789939149,0.625,0.0004542870122486064
1411,OFF-EN-10001749,Jiffy Padded Mailers with Self-Seal Closure,Stable Profit Cluster,Protect,No Escalation,Protect,Role-Aligned,-0.4577573897282678,True,True,True,Not Opportunity Candidate,No Opportunity Action,No positive opportunity signal,Neutral,False,,,,10.8054,10.8054,0.0,0.0,0.00042878693939125544
1421,OFF-BI-10003669,3M Organizer Strips,Stable Loss Cluster,Correct,Reroute Action,Exit / Restructure,Role-Aligned,0.44049871490810455,False,True,False,Not Opportunity Candidate,No Opportunity Action,No positive opportunity signal,Neutral,False,,,,10.151999999999997,1.450285714285714,3.6210581393409496,0.42857142857142855,0.00040285829388083956
1422,FUR-FU-10002364,"Eldon Expressions Wood Desk Accessories, Oak",Stable Loss Cluster,Correct,Reroute Action,Exit / Restructure,Role-Aligned,0.4257239296281959,False,True,False,Not Opportunity Candidate,No Opportunity Action,No positive opportunity signal,Neutral,False,,,,10.110600000000002,0.8425500000000001,6.174206027986601,0.25,0.0004012154320440916
1428,OFF-PA-10001450,Rediform S.O.S. Phone Message Books,Stable Profit Cluster,Protect,No Escalation,Protect,Role-Aligned,-0.4975542655905137,True,True,True,Not Opportunity Candidate,No Opportunity Action,No positive opportunity signal,Neutral,False,,,,9.7608,9.7608,0.0,0.0,0.0003873344400031619
1433,OFF-FA-10000089,Acco Glide Clips,Stable Profit Cluster,Protect,No Escalation,Protect,Role-Aligned,-0.5035279877187926,True,True,True,Not Opportunity Candidate,No Opportunity Action,No positive opportunity signal,Neutral,False,,,,9.604,9.604,0.0,0.0,0.0003811122000031111
1435,FUR-FU-10002874,Ultra Commercial Grade Dual Valve Door Closer,Stable Profit Cluster,Protect,No Escalation,Protect,Role-Aligned,-0.5046861583354997,True,True,True,Not Opportunity Candidate,No Opportunity Action,No positive opportunity signal,Neutral,False,,,,9.5736,9.5736,0.0,0.0,0.00037990584735004006
1439,FUR-FU-10000550,Stacking Trays by OIC,Stable Loss Cluster,Correct,Reroute Action,Exit / Restructure,Role-Aligned,0.44297394250209887,False,True,False,Not Opportunity Candidate,No Opportunity Action,No positive opportunity signal,Neutral,False,,,,9.3126,1.5521,3.132559989007621,0.3333333333333333,0.0003695486749009759
1443,OFF-BI-10000014,Heavy-Duty E-Z-D Binders,Risk-Oriented Profit Cluster,Contain,Reroute Action,Reroute to Correct,Role-Aligned,-0.05547202864522542,False,False,False,Not Opportunity Candidate,No Opportunity Action,No positive opportunity signal,Neutral,False,,,,9.055299999999999,1.1319124999999999,13.00334663518506,0.625,0.0003593383282682395
1451,TEC-AC-10003027,Imation 8GB Mini TravelDrive USB 2.0 Flash Drive,Stable Loss Cluster,Correct,Reroute Action,Exit / Restructure,Role-Aligned,0.47618952644852197,False,True,False,Not Opportunity Candidate,No Opportunity Action,No positive opportunity signal,Neutral,False,,,,8.7551,2.918366666666667,4.83608156885874,0.3333333333333333,0.00034742559581916267
1452,OFF-BI-10000279,"Acco Recycled 2"" Capacity Laser Printer Hanging Data Binders",Stable Loss Cluster,Correct,Reroute Action,Exit / Restructure,Role-Aligned,0.4579350557747363,False,True,False,Not Opportunity Candidate,No Opportunity Action,No positive opportunity signal,Neutral,False,,,,8.67,2.1675,4.816085481616201,0.5,0.00034404860204362487
1454,OFF-BI-10001267,"Universal Recycled Hanging Pressboard Report Binders, Letter Size",Stable Loss Cluster,Correct,Reroute Action,Exit / Restructure,Role-Aligned,0.4472405583281435,False,False,False,Not Opportunity Candidate,No Opportunity Action,No positive opportunity signal,Neutral,False,,,,8.638000000000002,1.7276000000000002,5.852155518711667,0.6,0.0003427787571456554
1464,OFF-BI-10002160,Acco Hanging Data Binders,Stable Loss Cluster,Correct,Reassess Classification,Reassess Classification,Role-Aligned,0.4338221644286677,False,True,True,Not Opportunity Candidate,No Opportunity Action,No positive opportunity signal,Neutral,False,,,,8.2296,1.1756571428571427,2.104091145768615,0.2857142857142857,0.00032657236163531893
1469,OFF-BI-10002393,Binder Posts,Stable Loss Cluster,Correct,Reroute Action,Exit / Restructure,Role-Aligned,0.4368710206054337,False,True,False,Not Opportunity Candidate,No Opportunity Action,No positive opportunity signal,Neutral,False,,,,7.8064,1.3010666666666666,3.48034208830344,0.5,0.00030977866285967164
1471,FUR-FU-10000175,DAX Wood Document Frame.,Risk-Oriented Profit Cluster,Contain,Reroute Action,Reroute to Correct,Role-Aligned,0.0007582224053299036,False,False,True,Not Opportunity Candidate,No Opportunity Action,No positive opportunity signal,Neutral,False,,,,7.6888000000000005,1.9222000000000001,8.354216273139345,0.5,0.0003051119828596336
1478,OFF-BI-10003708,"Acco Four Pocket Poly Ring Binder with Label Holder, Smoke, 1""",Risk-Oriented Profit Cluster,Contain,Reroute Action,Reroute to Correct,Role-Aligned,-0.04766283977976677,False,True,True,Not Opportunity Candidate,No Opportunity Action,No positive opportunity signal,Neutral,False,,,,7.449999999999999,1.2416666666666665,7.780426980937906,0.3333333333333333,0.00029563576530853577
1482,OFF-BI-10000042,"Pressboard Data Binder, Crimson, 12"" X 8 1/2""",Stable Loss Cluster,Correct,Intensify Action,Correct — Accelerated,Role-Aligned,0.4632276042951347,False,True,True,Not Opportunity Candidate,No Opportunity Action,No positive opportunity signal,Neutral,False,,,,7.1556,2.3851999999999998,1.645349543117546,0.3333333333333333,0.00028395319224721596
1485,FUR-FU-10000820,Tensor Brushed Steel Torchiere Floor Lamp,Stable Loss Cluster,Correct,Reroute Action,Exit / Restructure,Role-Aligned,0.4465452579713067,False,True,False,Not Opportunity Candidate,No Opportunity Action,No positive opportunity signal,Neutral,False,,,,6.795999999999999,1.6989999999999998,6.104117340663874,0.5,0.00026968331020628313
1486,FUR-FU-10003194,"Eldon Expressions Desk Accessory, Wood Pencil Holder, Oak",Stable Loss Cluster,Correct,Reroute Action,Exit / Restructure,Role-Aligned,0.4462960681581046,False,True,False,Not Opportunity Candidate,No Opportunity Action,No positive opportunity signal,Neutral,False,,,,6.755000000000001,1.6887500000000002,5.800008433188227,0.25,0.0002680563214307597
1489,OFF-AR-10003896,"Stride Job 150 Highlighters, Chisel Tip, Assorted Colors",Stable Profit Cluster,Protect,No Escalation,Protect,Role-Aligned,-0.6233681683738572,True,True,True,Not Opportunity Candidate,No Opportunity Action,No positive opportunity signal,Neutral,False,,,,6.4584,6.4584,0.0,0.0,0.00025628644653270436
1490,FUR-FU-10001025,"Eldon Imàge Series Desk Accessories, Clear",Stable Loss Cluster,Correct,Reroute Action,Exit / Restructure,Role-Aligned,0.45683375835638973,False,True,False,Not Opportunity Candidate,No Opportunity Action,No positive opportunity signal,Neutral,False,,,,6.3666,2.1222,3.7910470353241488,0.3333333333333333,0.0002526435789816542
1492,OFF-PA-10002001,Xerox 1984,Stable Profit Cluster,Protect,No Escalation,Protect,Role-Aligned,-0.62748272188058,True,True,True,Not Opportunity Candidate,No Opportunity Action,No positive opportunity signal,Neutral,False,,,,6.3504,6.3504,0.0,0.0,0.00025200072000205716
1495,TEC-PH-10001870,Lunatik TT5L-002 Taktik Strike Impact Protection System for iPhone 5,Stable Loss Cluster,Correct,Reroute Action,Exit / Restructure,Role-Aligned,0.4548596888118039,False,True,False,Not Opportunity Candidate,No Opportunity Action,No positive opportunity signal,Neutral,False,,,,6.123,2.041,4.2894217053119945,0.3333333333333333,0.00024297688469586106
1498,OFF-BI-10001553,SpineVue Locking Slant-D Ring Binders by Cardinal,Stable Loss Cluster,Correct,Reroute Action,Exit / Restructure,Role-Aligned,0.42357238831420757,False,True,False,Not Opportunity Candidate,No Opportunity Action,No positive opportunity signal,Neutral,False,,,,6.0324,0.75405,7.49027068287215,0.375,0.00023938163632848474
1499,OFF-ST-10001034,Eldon File Chest Portable File,Stable Profit Cluster,Protect,No Escalation,Protect,Role-Aligned,-0.6425465594413036,True,True,True,Not Opportunity Candidate,No Opportunity Action,No positive opportunity signal,Neutral,False,,,,5.955,5.955,0.0,0.0,0.0002363101989815209
1500,OFF-ST-10000352,Acco Perma 2700 Stacking Storage Drawers,Stable Loss Cluster,Correct,Reroute Action,Exit / Restructure,Role-Aligned,0.44139128329824984,False,True,False,Not Opportunity Candidate,No Opportunity Action,No positive opportunity signal,Neutral,False,,,,5.948,1.487,3.6250650682674936,0.5,0.00023603242041009007
1503,OFF-BI-10002799,"SlimView Poly Binder, 3/8""",Risk-Oriented Profit Cluster,Contain,Reroute Action,Reroute to Correct,Role-Aligned,-0.07809202413687838,False,False,False,Not Opportunity Candidate,No Opportunity Action,No positive opportunity signal,Neutral,False,,,,5.697999999999997,0.8139999999999995,13.875549494926227,0.5714285714285714,0.00022611175714470284
1507,OFF-BI-10002012,Wilson Jones Easy Flow II Sheet Lifters,Stable Loss Cluster,Correct,Reroute Action,Exit / Restructure,Role-Aligned,0.41661816918577416,False,True,False,Not Opportunity Candidate,No Opportunity Action,No positive opportunity signal,Neutral,False,,,,5.616,0.46799999999999997,3.938152689402442,0.4166666666666667,0.00022285777959365596
1510,OFF-BI-10001787,Wilson Jones Four-Pocket Poly Binders,Stable Loss Cluster,Correct,Reroute Action,Exit / Restructure,Role-Aligned,0.4382320426908738,False,True,False,Not Opportunity Candidate,No Opportunity Action,No positive opportunity signal,Neutral,False,,,,5.4281999999999995,1.3570499999999999,6.487295566602016,0.5,0.00021540537734869716
1511,TEC-AC-10003441,Kingston Digital DataTraveler 32GB USB 2.0,Stable Loss Cluster,Correct,Reroute Action,Exit / Restructure,Role-Aligned,0.42407823495243585,False,True,False,Not Opportunity Candidate,No Opportunity Action,No positive opportunity signal,Neutral,False,,,,5.4239999999999995,0.7748571428571428,4.7730270010130935,0.2857142857142857,0.00021523871020583867
1512,OFF-BI-10002103,"Cardinal Slant-D Ring Binder, Heavy Gauge Vinyl",Risk-Oriented Profit Cluster,Contain,Reroute Action,Reroute to Correct,Role-Aligned,-0.09767437827272617,False,True,False,Not Opportunity Candidate,No Opportunity Action,No positive opportunity signal,Neutral,False,,,,5.387799999999999,0.5387799999999998,13.227054245054953,0.4,0.00021380219816501058
1514,TEC-AC-10001101,Sony 16GB Class 10 Micro SDHC R40 Memory Card,Stable Loss Cluster,Correct,Reroute Action,Exit / Restructure,Role-Aligned,0.43657766544322507,False,True,False,Not Opportunity Candidate,No Opportunity Action,No positive opportunity signal,Neutral,False,,,,5.155999999999999,1.2889999999999997,4.577585398365543,0.5,0.00020460375918534367
1516,TEC-AC-10002718,Belkin Standard 104 key USB Keyboard,Stable Loss Cluster,Correct,Reroute Action,Exit / Restructure,Role-Aligned,0.42593138521252016,False,False,False,Not Opportunity Candidate,No Opportunity Action,No positive opportunity signal,Neutral,False,,,,5.1065000000000005,0.8510833333333334,6.463996955492434,0.8333333333333334,0.00020263946785879707
1517,OFF-BI-10004876,Wilson Jones Suede Grain Vinyl Binders,Stable Loss Cluster,Correct,Intensify Action,Correct — Accelerated,Role-Aligned,0.4462421783285828,False,True,True,Not Opportunity Candidate,No Opportunity Action,No positive opportunity signal,Neutral,False,,,,5.0596000000000005,1.6865333333333334,1.86149299955437,0.3333333333333333,0.00020077835143021046
1518,OFF-BI-10001308,GBC Standard Plastic Binding Systems' Combs,Risk-Oriented Profit Cluster,Contain,Reroute Action,Reroute to Correct,Role-Aligned,-0.09132622902485049,False,False,True,Not Opportunity Candidate,No Opportunity Action,No positive opportunity signal,Neutral,False,,,,5.023999999999999,0.6279999999999999,10.954834857172454,0.5,0.00019936564898121928
1522,FUR-FU-10004909,Contemporary Wood/Metal Frame,Risk-Oriented Profit Cluster,Contain,Reroute Action,Reroute to Correct,Role-Aligned,-0.04977367174218527,False,False,False,Not Opportunity Candidate,No Opportunity Action,No positive opportunity signal,Neutral,False,,,,4.847999999999999,1.2119999999999997,18.729074619360215,0.5,0.00019238150204238673
1523,OFF-ST-10000636,Rogers Profile Extra Capacity Storage Tub,Stable Loss Cluster,Correct,Reassess Classification,Reassess Classification,Role-Aligned,0.4215193073654357,False,True,False,Not Opportunity Candidate,No Opportunity Action,No positive opportunity signal,Neutral,False,,,,4.6872,0.6696,6.908294903271167,0.14285714285714285,0.0001860005314300898
1527,OFF-BI-10003429,"Cardinal HOLDit! Binder Insert Strips,Extra Strips",Risk-Oriented Profit Cluster,Contain,Reroute Action,Reroute to Correct,Role-Aligned,-0.10147956793621404,False,False,False,Not Opportunity Candidate,No Opportunity Action,No positive opportunity signal,Neutral,False,,,,4.367700000000002,0.48530000000000023,13.750063030343224,0.4444444444444444,0.00017332192377692514
1529,OFF-BI-10004656,Peel & Stick Add-On Corner Pockets,Stable Loss Cluster,Correct,Reroute Action,Exit / Restructure,Role-Aligned,0.4202440112064421,False,True,False,Not Opportunity Candidate,No Opportunity Action,No positive opportunity signal,Neutral,False,,,,4.32,0.6171428571428572,3.825423824016707,0.42857142857142855,0.00017142906122588923
1531,TEC-PH-10000347,Cush Cases Heavy Duty Rugged Cover Case for Samsung Galaxy S5 - Purple,Stable Loss Cluster,Correct,Reroute Action,Exit / Restructure,Role-Aligned,0.4210853524224448,False,True,False,Not Opportunity Candidate,No Opportunity Action,No positive opportunity signal,Neutral,False,,,,3.9105000000000003,0.65175,2.6865458762536996,0.3333333333333333,0.00015517901479718515
1535,TEC-PH-10004348,OtterBox Defender Series Case - iPhone 5c,Stable Loss Cluster,Correct,Reroute Action,Exit / Restructure,Role-Aligned,0.45019193816450714,False,True,False,Not Opportunity Candidate,No Opportunity Action,No positive opportunity signal,Neutral,False,,,,3.6979999999999995,1.8489999999999998,6.219008989070381,0.5,0.00014674645102160608
1537,OFF-BI-10002954,Newell 3-Hole Punched Plastic Slotted Magazine Holders for Binders,Stable Loss Cluster,Correct,Reroute Action,Exit / Restructure,Role-Aligned,0.4200541523011453,False,True,False,Not Opportunity Candidate,No Opportunity Action,No positive opportunity signal,Neutral,False,,,,3.6559999999999997,0.6093333333333333,6.199237794609971,0.5,0.00014507977959302105
1538,FUR-FU-10003489,Contemporary Borderless Frame,Stable Loss Cluster,Correct,Reroute Action,Exit / Restructure,Role-Aligned,0.4491976100318278,False,True,False,Not Opportunity Candidate,No Opportunity Action,No positive opportunity signal,Neutral,False,,,,3.6162,1.8081,5.316088823839864,0.5,0.00014350041000117143
1541,OFF-AP-10004052,"Hoover Replacement Belts For Soft Guard & Commercial Ltweight Upright Vacs, 2/Pk",Stable Loss Cluster,Correct,Reroute Action,Exit / Restructure,Role-Aligned,0.4221416741184086,False,True,False,Not Opportunity Candidate,No Opportunity Action,No positive opportunity signal,Neutral,False,,,,3.475999999999999,0.6951999999999998,5.734527092187561,0.2,0.0001379369020419423
1543,OFF-BI-10001153,Ibico Recycled Grain-Textured Covers,Risk-Oriented Profit Cluster,Contain,Reroute Action,Reroute to Correct,Role-Aligned,-0.07457001799733738,False,False,False,Not Opportunity Candidate,No Opportunity Action,No positive opportunity signal,Neutral,False,,,,3.453999999999999,0.8634999999999997,18.95977629964476,0.5,0.00013706388367458824
1546,OFF-BI-10000301,GBC Instant Report Kit,Risk-Oriented Profit Cluster,Contain,Reroute Action,Reroute to Correct,Role-Aligned,-0.11830364668110141,False,False,False,Not Opportunity Candidate,No Opportunity Action,No positive opportunity signal,Neutral,False,,,,3.2349999999999994,0.2488461538461538,20.798284712997916,0.6153846153846154,0.00012837338265410915
1548,FUR-FU-10004587,"GE General Use Halogen Bulbs, 100 Watts, 1 Bulb per Pack",Risk-Oriented Profit Cluster,Contain,Reroute Action,Reroute to Correct,Role-Aligned,-0.06151369220732179,False,False,False,Not Opportunity Candidate,No Opportunity Action,No positive opportunity signal,Neutral,False,,,,3.141000000000002,1.0470000000000006,20.504144295865,0.6666666666666666,0.0001246432132663237
1555,OFF-AP-10003278,Belkin 7-Outlet SurgeMaster Home Series,Risk-Oriented Profit Cluster,Contain,Reroute Action,Reroute to Correct,Role-Aligned,-0.09624992245628959,False,True,True,Not Opportunity Candidate,No Opportunity Action,No positive opportunity signal,Neutral,False,,,,2.7940000000000005,0.5588000000000001,11.762740474482252,0.2,0.00011087333265396634
1559,OFF-ST-10000617,Woodgrain Magazine Files by Perma,Stable Loss Cluster,Correct,No Escalation,Correct,Role-Aligned,0.4158661426925986,False,True,True,Not Opportunity Candidate,No Opportunity Action,No positive opportunity signal,Neutral,False,,,,2.6224,0.43706666666666666,1.4123593293796286,0.3333333333333333,0.0001040637893886046
1562,OFF-BI-10003094,Self-Adhesive Ring Binder Labels,Stable Loss Cluster,Correct,Reroute Action,Exit / Restructure,Role-Aligned,0.4195744112623954,False,True,False,Not Opportunity Candidate,No Opportunity Action,No positive opportunity signal,Neutral,False,,,,2.3584000000000005,0.5896000000000001,4.0698026219302665,0.5,9.358756898035584e-05
1567,FUR-FU-10002506,"Tensor ""Hersey Kiss"" Styled Floor Lamp",Stable Loss Cluster,Correct,Reroute Action,Exit / Restructure,Role-Aligned,0.42208332723531744,False,True,False,Not Opportunity Candidate,No Opportunity Action,No positive opportunity signal,Neutral,False,,,,2.0784000000000002,0.6928000000000001,4.7348964573549415,0.3333333333333333,8.247642612312226e-05
1568,TEC-AC-10002217,Imation Clip USB flash drive - 8 GB,Risk-Oriented Profit Cluster,Contain,Reroute Action,Reroute to Correct,Role-Aligned,-0.1169001610510701,False,False,True,Not Opportunity Candidate,No Opportunity Action,No positive opportunity signal,Neutral,False,,,,1.879999999999999,0.2685714285714284,12.167567473381125,0.42857142857142855,7.460338775571101e-05
1569,OFF-BI-10004716,Wilson Jones Hanging Recycled Pressboard Data Binders,Risk-Oriented Profit Cluster,Contain,Reroute Action,Reroute to Correct,Role-Aligned,-0.07265603890332421,False,False,True,Not Opportunity Candidate,No Opportunity Action,No positive opportunity signal,Neutral,False,,,,1.7807999999999993,0.8903999999999996,9.174780490440769,0.5,7.066686857200542e-05
1570,OFF-AP-10001626,"Commercial WindTunnel Clean Air Upright Vacuum, Replacement Belts, Filtration Bags",Risk-Oriented Profit Cluster,Contain,Reroute Action,Reroute to Correct,Role-Aligned,-0.11940266584632257,False,True,True,Not Opportunity Candidate,No Opportunity Action,No positive opportunity signal,Neutral,False,,,,1.6338000000000008,0.2334000000000001,8.034634840305184,0.2857142857142857,6.483351857195786e-05
1571,OFF-AP-10000804,Hoover Portapower Portable Vacuum,Risk-Oriented Profit Cluster,Contain,Reroute Action,Reroute to Correct,Role-Aligned,-0.11210250766618311,False,True,True,Not Opportunity Candidate,No Opportunity Action,No positive opportunity signal,Neutral,False,,,,1.3439999999999994,0.33599999999999985,9.865351531800092,0.25,5.333348571472107e-05
1573,TEC-AC-10000387,KeyTronic KT800P2 - Keyboard - Black,Stable Loss Cluster,Correct,Reroute Action,Exit / Restructure,Role-Aligned,0.41497797347221016,False,False,False,Not Opportunity Candidate,No Opportunity Action,No positive opportunity signal,Neutral,False,,,,1.2015999999999998,0.40053333333333324,3.058994162689923,0.6666666666666666,4.768267591875658e-05
1574,OFF-BI-10004364,Storex Dura Pro Binders,Risk-Oriented Profit Cluster,Contain,Reroute Action,Reroute to Correct,Role-Aligned,-0.1289654461524702,False,False,False,Not Opportunity Candidate,No Opportunity Action,No positive opportunity signal,Neutral,False,,,,1.1879999999999988,0.09899999999999991,22.439346504235782,0.5833333333333334,4.714299183711949e-05
1576,OFF-BI-10003350,Acco Expandable Hanging Binders,Risk-Oriented Profit Cluster,Contain,Reroute Action,Reroute to Correct,Role-Aligned,-0.11785156011214089,False,False,False,Not Opportunity Candidate,No Opportunity Action,No positive opportunity signal,Neutral,False,,,,1.0208000000000004,0.2552000000000001,12.807560047656201,0.5,4.050805224522865e-05
1577,TEC-AC-10002134,Rosewill 107 Normal Keys USB Wired Standard Keyboard,Risk-Oriented Profit Cluster,Contain,Reroute Action,Reroute to Correct,Role-Aligned,-0.11682697650791081,False,True,True,Not Opportunity Candidate,No Opportunity Action,No positive opportunity signal,Neutral,False,,,,0.8087999999999997,0.2695999999999999,8.67301678457014,0.3333333333333333,3.209532979618036e-05
1578,FUR-FU-10002240,Nu-Dell EZ-Mount Plastic Wall Frames,Risk-Oriented Profit Cluster,Contain,Reroute Action,Reroute to Correct,Role-Aligned,-0.10797571259358964,False,False,True,Not Opportunity Candidate,No Opportunity Action,No positive opportunity signal,Neutral,False,,,,0.7879999999999998,0.3939999999999999,9.468445557512633,0.5,3.1269930612500155e-05
1589,FUR-CH-10004289,Global Super Steno Chair,Extreme Volatility Tail,Contain,Reroute Action,Reroute to Correct,Role-Aligned,-0.1535161549446558,False,False,True,Not Opportunity Candidate,No Opportunity Action,No positive opportunity signal,Neutral,False,,,,-2.6645352591003757e-15,-3.806478941571965e-16,22.66768706900737,0.5714285714285714,-1.0573582825714326e-19
1590,OFF-BI-10001132,"Acco PRESSTEX Data Binder with Storage Hooks, Dark Blue, 9 1/2"" X 11""",Extreme Volatility Tail,Contain,Reroute Action,Reroute to Correct,Role-Aligned,-0.15553906003813703,False,False,True,Not Opportunity Candidate,No Opportunity Action,No positive opportunity signal,Neutral,False,,,,-0.16139999999999688,-0.04034999999999922,22.66768706900737,0.75,-6.404780204133793e-06
1592,OFF-FA-10001135,"Brites Rubber Bands, 1 1/2 oz. Box",Stable Loss Cluster,Correct,Intensify Action,Correct — Accelerated,Role-Aligned,0.40106872484196704,False,True,True,Not Opportunity Candidate,No Opportunity Action,No positive opportunity signal,Neutral,False,,,,-0.5147999999999999,-0.17159999999999997,1.103974391571495,0.3333333333333333,-2.0428629796085127e-05
1593,OFF-ST-10004963,Eldon Gobal File Keepers,Risk-Oriented Profit Cluster,Contain,Reroute Action,Reroute to Correct,Role-Aligned,-0.14319103054638718,False,True,False,Not Opportunity Candidate,No Opportunity Action,No positive opportunity signal,Neutral,False,,,,-0.6055999999999998,-0.1009333333333333,14.15523628919197,0.3333333333333333,-2.4031814694073723e-05
1594,OFF-BI-10002571,"Avery Framed View Binder, EZD Ring (Locking), Navy, 1 1/2""",Extreme Volatility Tail,Contain,Reroute Action,Reroute to Correct,Role-Aligned,-0.1593534184651268,False,True,True,Not Opportunity Candidate,No Opportunity Action,No positive opportunity signal,Neutral,False,,,,-0.698599999999999,-0.11643333333333317,22.66768706900737,0.5,-2.7722301428797693e-05
1595,OFF-BI-10004967,Round Ring Binders,Stable Loss Cluster,Correct,Reroute Action,Exit / Restructure,Role-Aligned,0.4015322584131916,False,True,False,Not Opportunity Candidate,No Opportunity Action,No positive opportunity signal,Neutral,False,,,,-0.9152000000000005,-0.1525333333333334,7.269227402405165,0.5,-3.631756408192914e-05
1596,FUR-FU-10001379,"Executive Impressions 16-1/2"" Circular Wall Clock",Risk-Oriented Profit Cluster,Contain,Reroute Action,Reroute to Correct,Role-Aligned,-0.17403289441075814,False,False,False,Not Opportunity Candidate,No Opportunity Action,No positive opportunity signal,Neutral,False,,,,-1.0687999999999995,-0.5343999999999998,22.066442451127525,0.5,-4.2412819592182946e-05
1597,TEC-AC-10004127,SanDisk Cruzer 8 GB USB Flash Drive,Stable Loss Cluster,Correct,Reroute Action,Exit / Restructure,Role-Aligned,0.37221619115336435,False,False,True,Not Opportunity Candidate,No Opportunity Action,No positive opportunity signal,Neutral,False,,,,-1.3584,-1.3584,0.0,1.0,-5.390491591880739e-05
1598,OFF-SU-10003936,Acme Serrated Blade Letter Opener,Stable Loss Cluster,Correct,Intensify Action,Correct — Accelerated,Role-Aligned,0.3839803814566293,False,True,True,Not Opportunity Candidate,No Opportunity Action,No positive opportunity signal,Neutral,False,,,,-1.7489999999999999,-0.8744999999999999,1.176307287192183,0.5,-6.94049602046482e-05
1599,FUR-FU-10002030,"Executive Impressions 14"" Contract Wall Clock with Quartz Movement",Risk-Oriented Profit Cluster,Contain,Reroute Action,Reroute to Correct,Role-Aligned,-0.19927749599276084,False,False,False,Not Opportunity Candidate,No Opportunity Action,No positive opportunity signal,Neutral,False,,,,-1.7783999999999978,-0.8891999999999989,20.91224858859378,0.5,-7.057163020465764e-05
1600,TEC-MA-10003493,Penpower WorldCard Pro Card Scanner,Stable Loss Cluster,Correct,Reroute Action,Exit / Restructure,Role-Aligned,0.3607631842265859,False,False,True,Not Opportunity Candidate,No Opportunity Action,No positive opportunity signal,Neutral,False,,,,-1.8295,-1.8295,0.0,1.0,-7.259941377610285e-05
1601,OFF-BI-10000848,Angle-D Ring Binders,Stable Loss Cluster,Correct,Reroute Action,Exit / Restructure,Role-Aligned,0.39726159072026573,False,False,False,Not Opportunity Candidate,No Opportunity Action,No positive opportunity signal,Neutral,False,,,,-1.9691999999999992,-0.3281999999999999,6.284603308637326,0.6666666666666666,-7.814308040880113e-05
1602,OFF-BI-10000831,Storex Flexible Poly Binders with Double Pockets,Stable Loss Cluster,Correct,Reroute Action,Exit / Restructure,Role-Aligned,0.3889811955615716,False,False,False,Not Opportunity Candidate,No Opportunity Action,No positive opportunity signal,Neutral,False,,,,-2.0064,-0.6688000000000001,2.9293526112321207,0.6666666666666666,-7.961927510269077e-05
1603,OFF-BI-10003784,Computer Printout Index Tabs,Stable Loss Cluster,Correct,Reroute Action,Exit / Restructure,Role-Aligned,0.3929876815338346,False,True,False,Not Opportunity Candidate,No Opportunity Action,No positive opportunity signal,Neutral,False,,,,-2.016,-0.504,3.104805436485207,0.5,-8.000022857208164e-05
1604,TEC-AC-10000199,Kingston Digital DataTraveler 8GB USB 2.0,Stable Loss Cluster,Correct,Reroute Action,Exit / Restructure,Role-Aligned,0.38884667358111136,False,False,True,Not Opportunity Candidate,No Opportunity Action,No positive opportunity signal,Neutral,False,,,,-2.0229999999999997,-0.6743333333333332,1.4071808102988375,0.6666666666666666,-8.027800714351246e-05
1605,TEC-PH-10004875,PNY Rapid USB Car Charger - Black,Stable Loss Cluster,Correct,Reroute Action,Exit / Restructure,Role-Aligned,0.3547364374272897,False,False,True,Not Opportunity Candidate,No Opportunity Action,No positive opportunity signal,Neutral,False,,,,-2.0774,-2.0774,0.0,1.0,-8.243674347006071e-05
1606,OFF-BI-10002982,Avery Self-Adhesive Photo Pockets for Polaroid Photos,Risk-Oriented Profit Cluster,Contain,Reroute Action,Reroute to Correct,Role-Aligned,-0.15010524498671776,False,False,False,Not Opportunity Candidate,No Opportunity Action,No positive opportunity signal,Neutral,False,,,,-2.179199999999998,-0.19810909090909073,17.392486568641957,0.6363636363636364,-8.647643755172626e-05
1607,OFF-BI-10000309,"GBC Twin Loop Wire Binding Elements, 9/16"" Spine, Black",Extreme Volatility Tail,Contain,Reroute Action,Reroute to Correct,Role-Aligned,-0.16623346825435645,False,True,True,Not Opportunity Candidate,No Opportunity Action,No positive opportunity signal,Neutral,False,,,,-2.2830000000000013,-0.2536666666666668,22.66768706900737,0.4444444444444444,-9.059549693951511e-05
1608,OFF-AP-10001634,Hoover Commercial Lightweight Upright Vacuum,Stable Loss Cluster,Correct,Intensify Action,Correct — Accelerated,Role-Aligned,0.3747834540093775,False,True,True,Not Opportunity Candidate,No Opportunity Action,No positive opportunity signal,Neutral,False,,,,-2.5056000000000003,-1.2528000000000001,2.352688885848305,0.5,-9.942885551101576e-05
1609,OFF-FA-10004838,"Super Bands, 12/Pack",Stable Loss Cluster,Correct,Intensify Action,Correct — Accelerated,Role-Aligned,0.3894139349444981,False,True,True,Not Opportunity Candidate,No Opportunity Action,No positive opportunity signal,Neutral,False,,,,-2.604,-0.651,1.3214666878086396,0.5,-0.00010333362857227212
1610,FUR-FU-10004415,"Stacking Tray, Side-Loading, Legal, Smoke",Stable Loss Cluster,Correct,Reroute Action,Exit / Restructure,Role-Aligned,0.3878142578997475,False,True,False,Not Opportunity Candidate,No Opportunity Action,No positive opportunity signal,Neutral,False,,,,-2.8672000000000004,-0.7168000000000001,5.813106095448124,0.25,-0.00011377810285807168
1611,OFF-BI-10004094,GBC Standard Plastic Binding Systems Combs,Risk-Oriented Profit Cluster,Contain,Reroute Action,Reroute to Correct,Role-Aligned,-0.17756913087813564,False,False,False,Not Opportunity Candidate,No Opportunity Action,No positive opportunity signal,Neutral,False,,,,-2.9205000000000005,-0.5841000000000001,12.17222752650772,0.6,-0.00011589318826625221
1612,OFF-BI-10004209,"Fellowes Twister Kit, Gray/Clear, 3/pkg",Extreme Volatility Tail,Contain,Reroute Action,Reroute to Correct,Role-Aligned,-0.16963923494623162,False,True,True,Not Opportunity Candidate,No Opportunity Action,No positive opportunity signal,Neutral,False,,,,-3.216000000000002,-0.3216000000000002,22.66768706900737,0.5,-0.00012761941224593982
1613,OFF-ST-10000736,Carina Double Wide Media Storage Towers in Natural & Black,Extreme Volatility Tail,Contain,Reroute Action,Reroute to Correct,Role-Aligned,-0.1670489805927446,False,True,True,Not Opportunity Candidate,No Opportunity Action,No positive opportunity signal,Neutral,False,,,,-3.239199999999995,-0.2699333333333329,22.66768706900737,0.3333333333333333,-0.00012854004979696748
1614,OFF-FA-10004395,Plymouth Boxed Rubber Bands by Plymouth,Stable Loss Cluster,Correct,Intensify Action,Correct — Accelerated,Role-Aligned,0.38920972085367883,False,True,True,Not Opportunity Candidate,No Opportunity Action,No positive opportunity signal,Neutral,False,,,,-3.2969999999999997,-0.6594,2.252301042291335,0.4,-0.00013083370714392516
1615,OFF-SU-10002189,Acme Rosewood Handle Letter Opener,Stable Loss Cluster,Correct,Intensify Action,Correct — Accelerated,Role-Aligned,0.376929322709732,False,True,True,Not Opportunity Candidate,No Opportunity Action,No positive opportunity signal,Neutral,False,,,,-3.4936000000000003,-1.1645333333333334,1.5923874976175239,0.3333333333333333,-0.0001386353167358256
1616,OFF-AP-10000124,Acco 6 Outlet Guardian Basic Surge Suppressor,Stable Loss Cluster,Correct,Reroute Action,Exit / Restructure,Role-Aligned,0.36074130414542666,False,True,False,Not Opportunity Candidate,No Opportunity Action,No positive opportunity signal,Neutral,False,,,,-3.6608,-1.8304,7.566618508473237,0.5,-0.00014527025632771648
1617,OFF-FA-10000254,Sterling Rubber Bands by Alliance,Stable Loss Cluster,Correct,Intensify Action,Correct — Accelerated,Role-Aligned,0.3594382237563897,False,True,True,Not Opportunity Candidate,No Opportunity Action,No positive opportunity signal,Neutral,False,,,,-3.768,-1.884,1.2465923888347301,0.5,-0.00014952423673591448
1618,OFF-SU-10001935,Staple remover,Stable Loss Cluster,Correct,Reroute Action,Exit / Restructure,Role-Aligned,0.3896943241326864,False,False,True,Not Opportunity Candidate,No Opportunity Action,No positive opportunity signal,Neutral,False,,,,-3.8368,-0.6394666666666667,0.8965865228829797,0.6666666666666666,-0.00015225440326654903
1619,OFF-BI-10000216,"Mead 1st Gear 2"" Zipper Binder, Asst. Colors",Stable Loss Cluster,Correct,Reroute Action,Exit / Restructure,Role-Aligned,0.3737088989124478,False,False,False,Not Opportunity Candidate,No Opportunity Action,No positive opportunity signal,Neutral,False,,,,-3.891,-1.297,7.245138170755502,0.6666666666666666,-0.00015440520306248494
1620,OFF-SU-10002301,Serrated Blade or Curved Handle Hand Letter Openers,Stable Loss Cluster,Correct,Intensify Action,Correct — Accelerated,Role-Aligned,0.35523967929395145,False,True,True,Not Opportunity Candidate,No Opportunity Action,No positive opportunity signal,Neutral,False,,,,-4.1133999999999995,-2.0566999999999998,1.2975704400292996,0.5,-0.0001632306251033733
1621,OFF-BI-10002071,Fellowes Black Plastic Comb Bindings,Risk-Oriented Profit Cluster,Contain,Reroute Action,Reroute to Correct,Role-Aligned,-0.17091803376209563,False,False,True,Not Opportunity Candidate,No Opportunity Action,No positive opportunity signal,Neutral,False,,,,-4.415600000000001,-0.49062222222222235,10.299792955693714,0.4444444444444444,-0.0001752227228585733
1622,OFF-AP-10002203,Eureka Disposable Bags for Sanitaire Vibra Groomer I Upright Vac,Stable Loss Cluster,Correct,Reroute Action,Exit / Restructure,Role-Aligned,0.2966667020307643,False,False,True,Not Opportunity Candidate,No Opportunity Action,No positive opportunity signal,Neutral,False,,,,-4.466,-4.466,0.0,1.0,-0.0001772227285728753
1623,OFF-BI-10004141,Insertable Tab Indexes For Data Binders,Stable Loss Cluster,Correct,Reroute Action,Exit / Restructure,Role-Aligned,0.3817384024738496,False,False,True,Not Opportunity Candidate,No Opportunity Action,No positive opportunity signal,Neutral,False,,,,-4.8336,-0.9667199999999999,2.5047449615885022,0.8,-0.00019181007183830047
1624,FUR-FU-10002505,Eldon 100 Class Desk Accessories,Stable Loss Cluster,Correct,Reroute Action,Exit / Restructure,Role-Aligned,0.3757461775803825,False,True,False,Not Opportunity Candidate,No Opportunity Action,No positive opportunity signal,Neutral,False,,,,-4.8528,-1.2132,3.840796419951887,0.5,-0.00019257197877708222
1626,OFF-BI-10004022,Acco Suede Grain Vinyl Round Ring Binder,Stable Loss Cluster,Correct,Reroute Action,Exit / Restructure,Role-Aligned,0.3903717962752455,False,False,False,Not Opportunity Candidate,No Opportunity Action,No positive opportunity signal,Neutral,False,,,,-4.8928,-0.6116,3.685880504499099,0.625,-0.00019415928489954418
1627,OFF-BI-10000201,"Avery Triangle Shaped Sheet Lifters, Black, 2/Pack",Stable Loss Cluster,Correct,Reroute Action,Exit / Restructure,Role-Aligned,0.38530534192682553,False,False,False,Not Opportunity Candidate,No Opportunity Action,No positive opportunity signal,Neutral,False,,,,-4.919999999999999,-0.8199999999999998,3.354899051273075,0.8333333333333334,-0.00019523865306281824
1628,OFF-BI-10002049,UniKeep View Case Binders,Stable Loss Cluster,Correct,Reroute Action,Exit / Restructure,Role-Aligned,0.37861100954016086,False,False,False,Not Opportunity Candidate,No Opportunity Action,No positive opportunity signal,Neutral,False,,,,-5.4768,-1.09536,3.768121792750528,0.6,-0.00021733395428748844
1629,OFF-FA-10000053,Revere Boxed Rubber Bands by Revere,Stable Loss Cluster,Correct,Intensify Action,Correct — Accelerated,Role-Aligned,0.38211328119771065,False,True,True,Not Opportunity Candidate,No Opportunity Action,No positive opportunity signal,Neutral,False,,,,-5.707800000000001,-0.9513000000000001,1.038527887030728,0.5,-0.00022650064714470615
1630,OFF-BI-10000494,Acco Economy Flexible Poly Round Ring Binder,Stable Loss Cluster,Correct,Reroute Action,Exit / Restructure,Role-Aligned,0.3703417975340593,False,False,True,Not Opportunity Candidate,No Opportunity Action,No positive opportunity signal,Neutral,False,,,,-5.742,-1.4355,1.1036715766701322,0.75,-0.00022785779387941109
1631,FUR-FU-10001967,Telescoping Adjustable Floor Lamp,Stable Loss Cluster,Correct,Reroute Action,Exit / Restructure,Role-Aligned,0.3809414812956289,False,True,False,Not Opportunity Candidate,No Opportunity Action,No positive opportunity signal,Neutral,False,,,,-5.997000000000001,-0.9995000000000002,6.655727620597557,0.3333333333333333,-0.00023797687041010596
1633,OFF-SU-10001225,Staple remover,Stable Loss Cluster,Correct,Intensify Action,Correct — Accelerated,Role-Aligned,0.38600550452392,False,True,True,Not Opportunity Candidate,No Opportunity Action,No positive opportunity signal,Neutral,False,,,,-6.3296,-0.7912,1.2759887484169323,0.5,-0.00025117532081837693
1634,OFF-ST-10002957,Sterilite Show Offs Storage Containers,Stable Loss Cluster,Correct,No Escalation,Correct,Role-Aligned,0.37443337271083027,False,True,True,Not Opportunity Candidate,No Opportunity Action,No positive opportunity signal,Neutral,False,,,,-6.336,-1.2672,1.1411717887847124,0.4,-0.00025142928979797084
1635,TEC-PH-10001527,Plantronics MX500i Earset,Stable Loss Cluster,Correct,Reroute Action,Exit / Restructure,Role-Aligned,0.3828655392261366,False,True,False,Not Opportunity Candidate,No Opportunity Action,No positive opportunity signal,Neutral,False,,,,-6.442499999999999,-0.9203571428571428,6.161258063983115,0.2857142857142857,-0.00025565549234902573
1636,OFF-ST-10000321,Akro Stacking Bins,Stable Loss Cluster,Correct,Intensify Action,Correct — Accelerated,Role-Aligned,0.3771076048525107,False,True,True,Not Opportunity Candidate,No Opportunity Action,No positive opportunity signal,Neutral,False,,,,-6.943199999999999,-1.1571999999999998,1.4338364961662808,0.5,-0.00027552459673694304
1637,OFF-BI-10002609,Avery Hidden Tab Dividers for Binding Systems,Stable Loss Cluster,Correct,Reroute Action,Exit / Restructure,Role-Aligned,0.3808154103518068,False,False,False,Not Opportunity Candidate,No Opportunity Action,No positive opportunity signal,Neutral,False,,,,-7.032800000000001,-1.0046857142857144,2.5127909125724623,0.7142857142857143,-0.0002790801624512578
1639,OFF-ST-10004180,Safco Commercial Shelving,Stable Loss Cluster,Correct,Reroute Action,Exit / Restructure,Role-Aligned,0.3690576798820269,False,True,False,Not Opportunity Candidate,No Opportunity Action,No positive opportunity signal,Neutral,False,,,,-7.4416,-1.48832,5.519519464570792,0.4,-0.0002953024310228188
1640,FUR-FU-10001756,"Eldon Expressions Desk Accessory, Wood Photo Frame, Mahogany",Risk-Oriented Profit Cluster,Contain,Reroute Action,Reroute to Correct,Role-Aligned,-0.22632460576739077,False,True,False,Not Opportunity Candidate,No Opportunity Action,No positive opportunity signal,Neutral,False,,,,-7.616000000000003,-1.2693333333333339,13.111319694587513,0.3333333333333333,-0.000302223085716753
1641,OFF-ST-10002486,Eldon Shelf Savers Cubes and Bins,Stable Loss Cluster,Correct,Reassess Classification,Reassess Classification,Role-Aligned,0.381907851546827,False,True,False,Not Opportunity Candidate,No Opportunity Action,No positive opportunity signal,Neutral,False,,,,-7.677999999999999,-0.9597499999999999,3.1947576909390425,0.25,-0.0003046834102065688
1642,OFF-SU-10000432,Acco Side-Punched Conventional Columnar Pads,Stable Loss Cluster,Correct,Reroute Action,Exit / Restructure,Role-Aligned,0.3577881009689664,False,False,True,Not Opportunity Candidate,No Opportunity Action,No positive opportunity signal,Neutral,False,,,,-7.8075,-1.951875,0.48659358806539815,1.0,-0.0003098223137780394
1644,OFF-BI-10001116,"Wilson Jones 1"" Hanging DublLock Ring Binders",Stable Loss Cluster,Correct,Reroute Action,Exit / Restructure,Role-Aligned,0.38444569784928173,False,False,False,Not Opportunity Candidate,No Opportunity Action,No positive opportunity signal,Neutral,False,,,,-8.5536,-0.8553599999999999,6.8389066664860865,0.6,-0.00033942954122726063
1645,OFF-BI-10004330,"GBC Velobind Prepunched Cover Sets, Regency Series",Extreme Volatility Tail,Contain,Reroute Action,Reroute to Correct,Role-Aligned,-0.2197287858146667,False,True,True,Not Opportunity Candidate,No Opportunity Action,No positive opportunity signal,Neutral,False,,,,-9.245000000000005,-1.3207142857142864,22.66768706900737,0.42857142857142855,-0.0003668661275540154
1647,FUR-BO-10004409,"Safco Value Mate Series Steel Bookcases, Baked Enamel Finish on Steel, Gray",Extreme Volatility Tail,Contain,Reroute Action,Reroute to Correct,Role-Aligned,-0.23654801159456207,False,True,True,Not Opportunity Candidate,No Opportunity Action,No positive opportunity signal,Neutral,False,,,,-9.937199999999992,-1.6561999999999986,22.66768706900737,0.5,-0.0003943344600032187
1648,TEC-PH-10000307,Shocksock Galaxy S4 Armband,Stable Loss Cluster,Correct,Reroute Action,Exit / Restructure,Role-Aligned,0.3236035130578723,False,False,True,Not Opportunity Candidate,No Opportunity Action,No positive opportunity signal,Neutral,False,,,,-10.074,-3.358,1.031516708123857,0.6666666666666666,-0.0003997630469420389
1649,OFF-BI-10001757,Pressboard Hanging Data Binders for Unburst Sheets,Stable Loss Cluster,Correct,Reroute Action,Exit / Restructure,Role-Aligned,0.38060063825357104,False,True,False,Not Opportunity Candidate,No Opportunity Action,No positive opportunity signal,Neutral,False,,,,-10.135200000000001,-1.0135200000000002,5.842200762102741,0.5,-0.0004021916253094057
1651,OFF-AP-10004868,Hoover Commercial Soft Guard Upright Vacuum And Disposable Filtration Bags,Stable Loss Cluster,Correct,Reroute Action,Exit / Restructure,Role-Aligned,0.3419596855903795,False,True,False,Not Opportunity Candidate,No Opportunity Action,No positive opportunity signal,Neutral,False,,,,-10.4118,-2.60295,5.2427463433478625,0.25,-0.00041316784714622994
1653,FUR-FU-10001546,Dana Swing-Arm Lamps,Stable Loss Cluster,Correct,Reroute Action,Exit / Restructure,Role-Aligned,0.36629398251960665,False,True,False,Not Opportunity Candidate,No Opportunity Action,No positive opportunity signal,Neutral,False,,,,-11.214,-1.602,3.2435614530059187,0.42857142857142855,-0.0004450012714322041
1655,OFF-BI-10000343,"Pressboard Covers with Storage Hooks, 9 1/2"" x 11"", Light Blue",Stable Loss Cluster,Correct,Reroute Action,Exit / Restructure,Role-Aligned,0.3811679806542954,False,True,False,Not Opportunity Candidate,No Opportunity Action,No positive opportunity signal,Neutral,False,,,,-11.882200000000003,-0.9901833333333335,6.581468070714172,0.5,-0.00047151722020793085
1656,TEC-PH-10004774,Gear Head AU3700S Headset,Stable Loss Cluster,Correct,Intensify Action,Correct — Accelerated,Role-Aligned,0.3083944255320972,False,True,True,Not Opportunity Candidate,No Opportunity Action,No positive opportunity signal,Neutral,False,,,,-11.950800000000001,-3.9836000000000005,2.3566247560545137,0.3333333333333333,-0.000474239450207953
1657,TEC-PH-10002583,iOttie HLCRIO102 Car Mount,Stable Loss Cluster,Correct,Reroute Action,Exit / Restructure,Role-Aligned,0.3469228173333254,False,False,False,Not Opportunity Candidate,No Opportunity Action,No positive opportunity signal,Neutral,False,,,,-11.994,-2.3988,2.827758481606859,0.6,-0.00047595374082021186
1658,TEC-AC-10001314,Case Logic 2.4GHz Wireless Keyboard,Risk-Oriented Profit Cluster,Contain,Reroute Action,Reroute to Correct,Role-Aligned,-0.24271557171376631,False,True,True,Not Opportunity Candidate,No Opportunity Action,No positive opportunity signal,Neutral,False,,,,-11.997600000000006,-1.4997000000000007,11.353458661531135,0.375,-0.00047609659837123366
1659,FUR-TA-10001520,"Lesro Sheffield Collection Coffee Table, End Table, Center Table, Corner Table",Risk-Oriented Profit Cluster,Contain,Reroute Action,Reroute to Correct,Role-Aligned,-0.2319289832136772,False,False,False,Not Opportunity Candidate,No Opportunity Action,No positive opportunity signal,Neutral,False,,,,-12.132900000000006,-1.3481000000000007,18.93607595607639,0.7777777777777778,-0.0004814656613304612
1661,OFF-BI-10001679,GBC Instant Index System for Binding Systems,Stable Loss Cluster,Correct,Reroute Action,Exit / Restructure,Role-Aligned,0.34479315610049627,False,False,False,Not Opportunity Candidate,No Opportunity Action,No positive opportunity signal,Neutral,False,,,,-12.432,-2.4864,3.8988774805232116,0.6,-0.0004933347428611702
1662,OFF-BI-10002194,Cardinal Hold-It CD Pocket,Stable Loss Cluster,Correct,Reroute Action,Exit / Restructure,Role-Aligned,0.32957920633446364,False,True,False,Not Opportunity Candidate,No Opportunity Action,No positive opportunity signal,Neutral,False,,,,-12.4488,-3.1122,2.6767166836768697,0.5,-0.0004940014114326041
1663,FUR-BO-10002206,"Bush Saratoga Collection 5-Shelf Bookcase, Hanover Cherry, *Special Order",Stable Loss Cluster,Correct,Reroute Action,Exit / Restructure,Role-Aligned,0.09677514280054098,False,False,True,Not Opportunity Candidate,No Opportunity Action,No positive opportunity signal,Neutral,False,,,,-12.6882,-12.6882,0.0,1.0,-0.0005035014385755388
1664,OFF-ST-10000563,Fellowes Bankers Box Stor/Drawer Steel Plus,Risk-Oriented Profit Cluster,Contain,Reroute Action,Reroute to Correct,Role-Aligned,-0.21185710580025272,False,False,False,Not Opportunity Candidate,No Opportunity Action,No positive opportunity signal,Neutral,False,,,,-12.792,-1.066,12.24402902789766,0.5,-0.0005076204979633276
1665,OFF-SU-10004498,Martin-Yale Premier Letter Opener,Stable Loss Cluster,Correct,Intensify Action,Correct — Accelerated,Role-Aligned,0.3605079166130618,False,True,True,Not Opportunity Candidate,No Opportunity Action,No positive opportunity signal,Neutral,False,,,,-12.879999999999999,-1.8399999999999999,2.1977963829246647,0.42857142857142855,-0.0005111125714327438
1666,OFF-BI-10002414,GBC ProClick Spines for 32-Hole Punch,Stable Loss Cluster,Correct,Reroute Action,Exit / Restructure,Role-Aligned,0.3406612243295872,False,False,False,Not Opportunity Candidate,No Opportunity Action,No positive opportunity signal,Neutral,False,,,,-13.2818,-2.6563600000000003,3.917243720233572,0.6,-0.0005270570614328739
1667,OFF-BI-10000285,XtraLife ClearVue Slant-D Ring Binders by Cardinal,Stable Loss Cluster,Correct,Reroute Action,Exit / Restructure,Role-Aligned,0.340436588829686,False,False,False,Not Opportunity Candidate,No Opportunity Action,No positive opportunity signal,Neutral,False,,,,-13.328,-2.6656,4.735141941989889,0.6,-0.0005288904000043175
1669,OFF-BI-10004140,Avery Non-Stick Binders,Stable Loss Cluster,Correct,Reroute Action,Exit / Restructure,Role-Aligned,0.38005038226380317,False,True,False,Not Opportunity Candidate,No Opportunity Action,No positive opportunity signal,Neutral,False,,,,-13.469999999999999,-1.036153846153846,3.5084210569636167,0.46153846153846156,-0.0005345253367390573
1670,OFF-BI-10001525,"Acco Pressboard Covers with Storage Hooks, 14 7/8"" x 11"", Executive Red",Stable Loss Cluster,Correct,Reroute Action,Exit / Restructure,Role-Aligned,0.3629800618940357,False,False,False,Not Opportunity Candidate,No Opportunity Action,No positive opportunity signal,Neutral,False,,,,-13.906500000000001,-1.7383125000000001,2.5308800089731878,0.75,-0.0005518468148004232
1671,OFF-BI-10003694,"Avery 3 1/2"" Diskette Storage Pages, 10/Pack",Stable Loss Cluster,Correct,Reroute Action,Exit / Restructure,Role-Aligned,0.34686447045023416,False,True,False,Not Opportunity Candidate,No Opportunity Action,No positive opportunity signal,Neutral,False,,,,-14.407200000000003,-2.4012000000000007,5.804886897207567,0.5,-0.0005717159191883407
1673,TEC-PH-10000169,ARKON Windshield Dashboard Air Vent Car Mount Holder,Stable Loss Cluster,Correct,Intensify Action,Correct — Accelerated,Role-Aligned,0.31046330876170636,False,True,True,Not Opportunity Candidate,No Opportunity Action,No positive opportunity signal,Neutral,False,,,,-15.594000000000001,-3.8985000000000003,1.4613736841458778,0.5,-0.0006188112918417862
1674,OFF-BI-10002827,Avery Durable Poly Binders,Stable Loss Cluster,Correct,Reroute Action,Exit / Restructure,Role-Aligned,0.3420532837153383,False,False,False,Not Opportunity Candidate,No Opportunity Action,No positive opportunity signal,Neutral,False,,,,-15.5946,-2.5991,4.435223352340131,0.6666666666666666,-0.0006188351014336231
1675,OFF-BI-10002813,Avery Reinforcements for Hole-Punch Pages,Stable Loss Cluster,Correct,Reroute Action,Exit / Restructure,Role-Aligned,0.35620179508492417,False,False,True,Not Opportunity Candidate,No Opportunity Action,No positive opportunity signal,Neutral,False,,,,-16.137,-2.017125,1.4764529734089176,0.75,-0.0006403589724542071
1676,FUR-FU-10002553,"Electrix Incandescent Magnifying Lamp, Black",Stable Loss Cluster,Correct,Reroute Action,Exit / Restructure,Role-Aligned,0.20476428336178865,False,True,False,Not Opportunity Candidate,No Opportunity Action,No positive opportunity signal,Neutral,False,,,,-16.4925,-8.24625,2.652655226732107,0.5,-0.0006544661556175874
1678,FUR-TA-10003837,Anderson Hickey Conga Table Tops & Accessories,Stable Loss Cluster,Correct,Reroute Action,Exit / Restructure,Role-Aligned,0.19234125950361883,False,False,True,Not Opportunity Candidate,No Opportunity Action,No positive opportunity signal,Neutral,False,,,,-17.514499999999998,-8.757249999999999,0.8485756088681264,1.0,-0.0006950218270464899
1679,OFF-ST-10002583,Fellowes Neat Ideas Storage Cubes,Stable Loss Cluster,Correct,Reroute Action,Exit / Restructure,Role-Aligned,0.34207030155623985,False,True,False,Not Opportunity Candidate,No Opportunity Action,No positive opportunity signal,Neutral,False,,,,-18.1888,-2.5984000000000003,2.783659485689516,0.42857142857142855,-0.0007217798400058921
1680,TEC-PH-10002844,Speck Products Candyshell Flip Case,Stable Loss Cluster,Correct,Intensify Action,Correct — Accelerated,Role-Aligned,0.2946561656842464,False,True,True,Not Opportunity Candidate,No Opportunity Action,No positive opportunity signal,Neutral,False,,,,-18.1948,-4.5487,1.9056677921561487,0.5,-0.0007220179359242614
1681,OFF-BI-10004781,GBC Wire Binding Strips,Stable Loss Cluster,Correct,Reroute Action,Exit / Restructure,Role-Aligned,0.3157305736327652,False,False,False,Not Opportunity Candidate,No Opportunity Action,No positive opportunity signal,Neutral,False,,,,-18.409200000000002,-3.6818400000000002,6.438855119458335,0.6,-0.0007305258967406574
1683,TEC-MA-10003230,Okidata C610n Printer,Stable Loss Cluster,Correct,Reroute Action,Exit / Restructure,Role-Aligned,-0.06809856209444191,False,False,True,Not Opportunity Candidate,No Opportunity Action,No positive opportunity signal,Neutral,False,,,,-19.47,-19.47,0.0,1.0,-0.0007726212551083479
1684,TEC-AC-10004396,Logitech Keyboard K120,Stable Loss Cluster,Correct,Reroute Action,Exit / Restructure,Role-Aligned,0.24639113776717286,False,False,True,Not Opportunity Candidate,No Opportunity Action,No positive opportunity signal,Neutral,False,,,,-19.602,-6.534,0.24066903850704616,1.0,-0.0007778593653124723
1685,OFF-BI-10001982,Wilson Jones Custom Binder Spines & Labels,Stable Loss Cluster,Correct,Reroute Action,Exit / Restructure,Role-Aligned,0.33684686630807453,False,False,True,Not Opportunity Candidate,No Opportunity Action,No positive opportunity signal,Neutral,False,,,,-19.6928,-2.8132571428571427,0.9273196437289638,0.8571428571428571,-0.0007814625502104609
1686,OFF-BI-10003196,Accohide Poly Flexible Ring Binders,Stable Loss Cluster,Correct,Reroute Action,Exit / Restructure,Role-Aligned,0.3450034479916375,False,False,True,Not Opportunity Candidate,No Opportunity Action,No positive opportunity signal,Neutral,False,,,,-19.822000000000003,-2.4777500000000003,1.443587755233724,0.625,-0.0007865895489860131
1689,OFF-ST-10003641,Space Solutions Industrial Galvanized Steel Shelving.,Stable Loss Cluster,Correct,Reroute Action,Exit / Restructure,Role-Aligned,0.23921122965344907,False,True,False,Not Opportunity Candidate,No Opportunity Action,No positive opportunity signal,Neutral,False,,,,-20.488,-6.8293333333333335,2.654684853309795,0.3333333333333333,-0.0008130181959250042
1690,TEC-MA-10000752,Texas Instrument TI-15 Fraction Calculator,Stable Loss Cluster,Correct,Intensify Action,Correct — Accelerated,Role-Aligned,0.1558197573687154,False,True,True,Not Opportunity Candidate,No Opportunity Action,No positive opportunity signal,Neutral,False,,,,-20.519,-10.2595,1.8855366107332912,0.5,-0.0008142483581699122
1691,TEC-PH-10000148,Cyber Acoustics AC-202b Speech Recognition Stereo Headset,Stable Loss Cluster,Correct,Intensify Action,Correct — Accelerated,Role-Aligned,0.3054469354879397,False,False,True,Not Opportunity Candidate,No Opportunity Action,No positive opportunity signal,Neutral,False,,,,-20.5242,-4.10484,1.0575074314732882,0.6,-0.0008144547079658323
1693,TEC-MA-10004086,Plantronics Single Ear Headset,Stable Loss Cluster,Correct,Reroute Action,Exit / Restructure,Role-Aligned,-0.1282687852822509,False,False,True,Not Opportunity Candidate,No Opportunity Action,No positive opportunity signal,Neutral,False,,,,-21.945,-21.945,0.0,1.0,-0.0008708358214356804
1694,OFF-SU-10003567,Stiletto Hand Letter Openers,Stable Loss Cluster,Correct,Reroute Action,Exit / Restructure,Role-Aligned,0.27162616470412065,False,False,True,Not Opportunity Candidate,No Opportunity Action,No positive opportunity signal,Neutral,False,,,,-21.983999999999998,-5.4959999999999996,1.1462206167010804,0.75,-0.0008723834449050806
1697,OFF-BI-10004465,Avery Durable Slant Ring Binders,Stable Loss Cluster,Correct,Reroute Action,Exit / Restructure,Role-Aligned,0.28971369846239525,False,False,True,Not Opportunity Candidate,No Opportunity Action,No positive opportunity signal,Neutral,False,,,,-23.76,-4.752000000000001,1.2854775619790448,0.8,-0.0009428598367423908
1698,OFF-BI-10004099,GBC VeloBinder Strips,Stable Loss Cluster,Correct,Reroute Action,Exit / Restructure,Role-Aligned,0.26054025691679095,False,False,True,Not Opportunity Candidate,No Opportunity Action,No positive opportunity signal,Neutral,False,,,,-23.808,-5.952,1.5001404608247224,0.75,-0.000944764604089345
1699,TEC-PH-10001448,Anker Astro 15000mAh USB Portable Charger,Stable Loss Cluster,Correct,Reroute Action,Exit / Restructure,Role-Aligned,0.2885700995538076,False,True,False,Not Opportunity Candidate,No Opportunity Action,No positive opportunity signal,Neutral,False,,,,-23.9952,-4.79904,3.222588186354935,0.4,-0.0009521931967424669
1701,OFF-ST-10000642,"Tennsco Lockers, Gray",Stable Loss Cluster,Correct,Intensify Action,Correct — Accelerated,Role-Aligned,0.29813023634830216,False,True,True,Not Opportunity Candidate,No Opportunity Action,No positive opportunity signal,Neutral,False,,,,-26.434800000000003,-4.4058,2.049725021588287,0.5,-0.0010490029971514205
1703,OFF-BI-10003676,"GBC Standard Recycled Report Covers, Clear Plastic Sheets",Stable Loss Cluster,Correct,Reroute Action,Exit / Restructure,Role-Aligned,0.3502048295072059,False,False,False,Not Opportunity Candidate,No Opportunity Action,No positive opportunity signal,Neutral,False,,,,-27.1656,-2.2638000000000003,6.256730581159663,0.5833333333333334,-0.0010780030800088
1704,OFF-ST-10001469,Fellowes Bankers Box Recycled Super Stor/Drawer,Stable Loss Cluster,Correct,Reroute Action,Exit / Restructure,Role-Aligned,0.30025503534087367,False,True,False,Not Opportunity Candidate,No Opportunity Action,No positive opportunity signal,Neutral,False,,,,-30.228800000000003,-4.3184000000000005,4.335082089606983,0.42857142857142855,-0.0011995589828669353
1705,TEC-PH-10004833,Macally Suction Cup Mount,Stable Loss Cluster,Correct,Reroute Action,Exit / Restructure,Role-Aligned,0.21640327097842038,False,False,True,Not Opportunity Candidate,No Opportunity Action,No positive opportunity signal,Neutral,False,,,,-31.07,-7.7675,0.7449354459609875,0.75,-0.0012329400306223097
1706,TEC-PH-10000562,Samsung Convoy 3,Stable Loss Cluster,Correct,Reroute Action,Exit / Restructure,Role-Aligned,0.027478494649215503,False,True,False,Not Opportunity Candidate,No Opportunity Action,No positive opportunity signal,Neutral,False,,,,-31.077199999999998,-15.538599999999999,6.957635935156788,0.5,-0.0012332257457243528
1707,TEC-PH-10003187,Anker Astro Mini 3000mAh Ultra-Compact Portable Charger,Stable Loss Cluster,Correct,Reroute Action,Exit / Restructure,Role-Aligned,0.21084816148411153,False,False,True,Not Opportunity Candidate,No Opportunity Action,No positive opportunity signal,Neutral,False,,,,-31.984,-7.996,0.7914227300744198,0.75,-0.001269209975520565
1708,TEC-AC-10002550,"Memorex 25GB 6X Branded Blu-Ray Recordable Disc, 30/Pack",Stable Loss Cluster,Correct,Intensify Action,Correct — Accelerated,Role-Aligned,0.2091129494921803,False,True,True,Not Opportunity Candidate,No Opportunity Action,No positive opportunity signal,Neutral,False,,,,-32.2695,-8.067375,2.1843981972155824,0.5,-0.0012805393729696372
1709,FUR-CH-10003968,Novimex Turbo Task Chair,Stable Loss Cluster,Correct,Reroute Action,Exit / Restructure,Role-Aligned,0.2729438318139304,False,True,False,Not Opportunity Candidate,No Opportunity Action,No positive opportunity signal,Neutral,False,,,,-32.6508,-5.4418,3.745349218752623,0.5,-0.0012956703685820053
1710,OFF-ST-10002485,Rogers Deluxe File Chest,Stable Loss Cluster,Correct,Intensify Action,Correct — Accelerated,Role-Aligned,0.2997043866317004,False,True,True,Not Opportunity Candidate,No Opportunity Action,No positive opportunity signal,Neutral,False,,,,-34.72839999999999,-4.341049999999999,1.2142721202114708,0.5,-0.0013781150485826783
1711,FUR-CH-10001545,Hon Comfortask Task/Swivel Chairs,Stable Loss Cluster,Correct,Reroute Action,Exit / Restructure,Role-Aligned,0.25745435509996706,False,True,False,Not Opportunity Candidate,No Opportunity Action,No positive opportunity signal,Neutral,False,,,,-36.4736,-6.078933333333333,4.913232379443756,0.5,-0.0014473692147056927
1712,OFF-ST-10002756,"Tennsco Stur-D-Stor Boltless Shelving, 5 Shelves, 24"" Deep, Sand",Stable Loss Cluster,Correct,Reassess Classification,Reassess Classification,Role-Aligned,0.2783579363407688,False,True,False,Not Opportunity Candidate,No Opportunity Action,No positive opportunity signal,Neutral,False,,,,-36.5337,-5.2191,5.815250058796367,0.14285714285714285,-0.001449754142154692
1713,OFF-AP-10004136,Kensington 6 Outlet SmartSocket Surge Protector,Stable Loss Cluster,Correct,Reroute Action,Exit / Restructure,Role-Aligned,-0.04308233596908628,False,True,False,Not Opportunity Candidate,No Opportunity Action,No positive opportunity signal,Neutral,False,,,,-36.882000000000005,-18.441000000000003,3.720131665852644,0.5,-0.0014635756102160293
1714,TEC-PH-10004897,Mediabridge Sport Armband iPhone 5s,Stable Loss Cluster,Correct,Intensify Action,Correct — Accelerated,Role-Aligned,0.26992785364271576,False,False,True,Not Opportunity Candidate,No Opportunity Action,No positive opportunity signal,Neutral,False,,,,-38.961,-5.565857142857142,1.148661723095276,0.5714285714285714,-0.0015460758459309883
1715,FUR-TA-10001866,Bevis Round Conference Room Tables and Bases,Stable Loss Cluster,Correct,Intensify Action,Correct — Accelerated,Role-Aligned,-0.0742225536988901,False,True,True,Not Opportunity Candidate,No Opportunity Action,No positive opportunity signal,Neutral,False,,,,-39.4438,-19.7219,1.6501470429660767,0.5,-0.001565234630829104
1716,OFF-BI-10000773,Insertable Tab Post Binder Dividers,Stable Loss Cluster,Correct,Reroute Action,Exit / Restructure,Role-Aligned,0.2845992294914315,False,False,True,Not Opportunity Candidate,No Opportunity Action,No positive opportunity signal,Neutral,False,,,,-39.699,-4.962375,1.3884891364043705,0.75,-0.001575361643890411
1717,FUR-FU-10003247,36X48 HARDFLOOR CHAIRMAT,Stable Loss Cluster,Correct,Reroute Action,Exit / Restructure,Role-Aligned,0.24117476434414356,False,True,False,Not Opportunity Candidate,No Opportunity Action,No positive opportunity signal,Neutral,False,,,,-40.4914,-6.748566666666666,2.5105191924108037,0.5,-0.001606806178176382
1719,FUR-CH-10002372,Office Star - Ergonomically Designed Knee Chair,Stable Loss Cluster,Correct,Reroute Action,Exit / Restructure,Role-Aligned,0.2589926753033718,False,False,False,Not Opportunity Candidate,No Opportunity Action,No positive opportunity signal,Neutral,False,,,,-42.10959999999999,-6.015657142857142,3.304183556526253,0.5714285714285714,-0.0016710206473605795
1720,FUR-FU-10004597,Eldon Cleatmat Chair Mats for Medium Pile Carpets,Stable Loss Cluster,Correct,Reroute Action,Exit / Restructure,Role-Aligned,0.14887890940099033,False,True,False,Not Opportunity Candidate,No Opportunity Action,No positive opportunity signal,Neutral,False,,,,-42.18,-10.545,3.223146065062074,0.5,-0.0016738143061361128
1721,OFF-ST-10002182,"Iris 3-Drawer Stacking Bin, Black",Stable Loss Cluster,Correct,Reroute Action,Exit / Restructure,Role-Aligned,0.05312357051455422,False,False,True,Not Opportunity Candidate,No Opportunity Action,No positive opportunity signal,Neutral,False,,,,-43.4512,-14.483733333333333,1.2195019376402636,0.6666666666666666,-0.0017242588947079531
1723,OFF-ST-10003994,"Belkin 19"" Center-Weighted Shelf, Gray",Stable Loss Cluster,Correct,Intensify Action,Correct — Accelerated,Role-Aligned,0.11846559658969782,False,True,True,Not Opportunity Candidate,No Opportunity Action,No positive opportunity signal,Neutral,False,,,,-47.184,-11.796,2.3728802866494685,0.5,-0.001872386302056101
1724,TEC-AC-10004227,SanDisk Ultra 16 GB MicroSDHC Class 10 Memory Card,Stable Loss Cluster,Correct,Reroute Action,Exit / Restructure,Role-Aligned,0.23651176016947928,False,False,True,Not Opportunity Candidate,No Opportunity Action,No positive opportunity signal,Neutral,False,,,,-48.5826,-6.940371428571429,1.0163031268379585,0.7142857142857143,-0.0019278864606279828
1725,OFF-ST-10002301,Tennsco Commercial Shelving,Stable Loss Cluster,Correct,Intensify Action,Correct — Accelerated,Role-Aligned,0.27392600434596576,False,False,True,Not Opportunity Candidate,No Opportunity Action,No positive opportunity signal,Neutral,False,,,,-48.6126,-5.4014,1.2194152980508626,0.5555555555555556,-0.0019290769402198291
1726,FUR-FU-10004622,Eldon Advantage Foldable Chair Mats for Low Pile Carpets,Stable Loss Cluster,Correct,Reroute Action,Exit / Restructure,Role-Aligned,0.009940394040049629,False,True,False,Not Opportunity Candidate,No Opportunity Action,No positive opportunity signal,Neutral,False,,,,-48.78,-16.26,4.702713748160076,0.3333333333333333,-0.0019357198163423325
1727,FUR-CH-10002126,Hon Deluxe Fabric Upholstered Stacking Chairs,Stable Loss Cluster,Correct,Reroute Action,Exit / Restructure,Role-Aligned,0.10866818247063235,False,False,True,Not Opportunity Candidate,No Opportunity Action,No positive opportunity signal,Neutral,False,,,,-48.796,-12.199,1.767005568685511,0.75,-0.0019363547387913171
1728,TEC-PH-10000141,Clearsounds A400,Stable Loss Cluster,Correct,Reroute Action,Exit / Restructure,Role-Aligned,0.009514137644133313,False,False,True,Not Opportunity Candidate,No Opportunity Action,No positive opportunity signal,Neutral,False,,,,-48.8326,-16.277533333333334,1.7055077825432214,0.6666666666666666,-0.00193780712389337
1730,OFF-ST-10003479,"Eldon Base for stackable storage shelf, platinum",Stable Loss Cluster,Correct,Intensify Action,Correct — Accelerated,Role-Aligned,0.22266687833883672,False,True,True,Not Opportunity Candidate,No Opportunity Action,No positive opportunity signal,Neutral,False,,,,-52.569,-7.509857142857143,2.259181311596174,0.42857142857142855,-0.0020860773887925394
1732,TEC-PH-10004188,OtterBox Commuter Series Case - Samsung Galaxy S4,Stable Loss Cluster,Correct,Reroute Action,Exit / Restructure,Role-Aligned,0.06501985167815065,False,False,True,Not Opportunity Candidate,No Opportunity Action,No positive opportunity signal,Neutral,False,,,,-55.9776,-13.9944,1.0081859071994104,0.75,-0.0022213396800181335
1734,FUR-BO-10001798,Bush Somerset Collection Bookcase,Stable Loss Cluster,Correct,Reroute Action,Exit / Restructure,Role-Aligned,0.06293030392744677,False,True,False,Not Opportunity Candidate,No Opportunity Action,No positive opportunity signal,Neutral,False,,,,-56.3214,-14.08035,3.8606130749795673,0.5,-0.0022349825761406937
1735,OFF-SU-10000157,Compact Automatic Electric Letter Opener,Stable Loss Cluster,Correct,Reroute Action,Exit / Restructure,Role-Aligned,0.23120636144268575,False,True,False,Not Opportunity Candidate,No Opportunity Action,No positive opportunity signal,Neutral,False,,,,-57.26880000000001,-7.158600000000002,3.9840423843036157,0.25,-0.0022725779216512055
1736,OFF-ST-10000934,"Contico 72""H Heavy-Duty Storage System",Stable Loss Cluster,Correct,No Escalation,Correct,Role-Aligned,0.1262840789239198,False,True,True,Not Opportunity Candidate,No Opportunity Action,No positive opportunity signal,Neutral,False,,,,-57.372,-11.4744,1.362322149124423,0.4,-0.0022766731714471567
1737,TEC-AC-10004855,V7 USB Numeric Keypad,Stable Loss Cluster,Correct,Reroute Action,Exit / Restructure,Role-Aligned,0.047967975094744916,False,False,True,Not Opportunity Candidate,No Opportunity Action,No positive opportunity signal,Neutral,False,,,,-58.7832,-14.6958,0.9526768526868076,0.75,-0.0023326733314476137
1738,TEC-PH-10003800,i.Sound Portable Power - 8000 mAh,Stable Loss Cluster,Correct,Intensify Action,Correct — Accelerated,Role-Aligned,0.11924890349519728,False,False,True,Not Opportunity Candidate,No Opportunity Action,No positive opportunity signal,Neutral,False,,,,-58.8189,-11.76378,0.9541345349370538,0.6,-0.002334090002161911
1739,OFF-ST-10001713,"Gould Plastics 9-Pocket Panel Bin, 18-3/8w x 5-1/4d x 20-1/2h, Black",Stable Loss Cluster,Correct,Intensify Action,Correct — Accelerated,Role-Aligned,0.14759041573272616,False,True,True,Not Opportunity Candidate,No Opportunity Action,No positive opportunity signal,Neutral,False,,,,-63.587999999999994,-10.597999999999999,2.1218367851065376,0.5,-0.0025233405428777412
1741,FUR-BO-10003034,"O'Sullivan Elevations Bookcase, Cherry Finish",Stable Loss Cluster,Correct,Intensify Action,Correct — Accelerated,Role-Aligned,0.07407528793390626,False,False,True,Not Opportunity Candidate,No Opportunity Action,No positive opportunity signal,Neutral,False,,,,-68.1096,-13.62192,1.3525666285321252,0.6,-0.002702769626960839
1742,OFF-BI-10003166,GBC Plasticlear Binding Covers,Stable Loss Cluster,Correct,Reroute Action,Exit / Restructure,Role-Aligned,0.16761312111352591,False,False,True,Not Opportunity Candidate,No Opportunity Action,No positive opportunity signal,Neutral,False,,,,-68.4208,-9.7744,0.6368437077883051,1.0,-0.0027151188685935928
1743,OFF-ST-10001128,"Carina Mini System Audio Rack, Model AR050B",Stable Loss Cluster,Correct,Reroute Action,Exit / Restructure,Role-Aligned,0.12644129135891555,False,True,False,Not Opportunity Candidate,No Opportunity Action,No positive opportunity signal,Neutral,False,,,,-68.8076,-11.467933333333333,3.9665883763185037,0.3333333333333333,-0.0027304681187977995
1744,OFF-BI-10000474,Avery Recycled Flexi-View Covers for Binding Systems,Stable Loss Cluster,Correct,Reroute Action,Exit / Restructure,Role-Aligned,0.16362122186203576,False,False,False,Not Opportunity Candidate,No Opportunity Action,No positive opportunity signal,Neutral,False,,,,-69.5702,-9.9386,2.6543444584136324,0.7142857142857143,-0.0027607301100225365
1745,FUR-BO-10002213,"Sauder Forest Hills Library, Woodland Oak Finish",Stable Loss Cluster,Correct,Reroute Action,Exit / Restructure,Role-Aligned,-0.02318361771485523,False,False,False,Not Opportunity Candidate,No Opportunity Action,No positive opportunity signal,Neutral,False,,,,-70.49,-17.6225,2.937173083279256,0.75,-0.0027972302143085487
1749,OFF-AP-10002867,Fellowes Command Center 5-outlet power strip,Stable Loss Cluster,Correct,Reroute Action,Exit / Restructure,Role-Aligned,-0.0689251429382341,False,True,False,Not Opportunity Candidate,No Opportunity Action,No positive opportunity signal,Neutral,False,,,,-78.016,-19.504,5.46419133768717,0.25,-0.0030958818612497625
1750,OFF-ST-10001370,Sensible Storage WireTech Storage Systems,Stable Loss Cluster,Correct,Reroute Action,Exit / Restructure,Role-Aligned,0.16796928021239516,False,True,False,Not Opportunity Candidate,No Opportunity Action,No positive opportunity signal,Neutral,False,,,,-78.078,-9.75975,4.179817352710461,0.375,-0.0030983421857395783
1751,FUR-BO-10003159,"Sauder Camden County Collection Libraries, Planked Cherry Finish",Stable Loss Cluster,Correct,Reroute Action,Exit / Restructure,Role-Aligned,0.13369691149950766,False,False,False,Not Opportunity Candidate,No Opportunity Action,No positive opportunity signal,Neutral,False,,,,-78.18639999999999,-11.169485714285713,3.05350944136578,0.7142857142857143,-0.00310264378533145
1754,FUR-BO-10001337,O'Sullivan Living Dimensions 2-Shelf Bookcases,Stable Loss Cluster,Correct,Reroute Action,Exit / Restructure,Role-Aligned,0.21406453341451445,False,False,False,Not Opportunity Candidate,No Opportunity Action,No positive opportunity signal,Neutral,False,,,,-78.637,-7.8637,3.08366036842937,0.7,-0.003120524788800984
1755,FUR-CH-10001146,"Global Task Chair, Black",Stable Loss Cluster,Correct,Reroute Action,Exit / Restructure,Role-Aligned,0.014286264382293168,False,False,True,Not Opportunity Candidate,No Opportunity Action,No positive opportunity signal,Neutral,False,,,,-80.4062,-16.08124,0.5112613255280308,1.0,-0.003190731338597475
1757,OFF-BI-10002133,"Wilson Jones Elliptical Ring 3 1/2"" Capacity Binders, 800 sheets",Stable Loss Cluster,Correct,Reroute Action,Exit / Restructure,Role-Aligned,0.15551586735261536,False,False,False,Not Opportunity Candidate,No Opportunity Action,No positive opportunity signal,Neutral,False,,,,-82.17599999999999,-10.271999999999998,6.733549661575562,0.625,-0.0032609616979858034
1758,OFF-BI-10001575,GBC Linen Binding Covers,Stable Loss Cluster,Correct,Reroute Action,Exit / Restructure,Role-Aligned,0.07133914326627903,False,False,True,Not Opportunity Candidate,No Opportunity Action,No positive opportunity signal,Neutral,False,,,,-82.4068,-13.734466666666668,2.277752518076941,0.6666666666666666,-0.0032701204543124094
1759,TEC-PH-10003555,Motorola HK250 Universal Bluetooth Headset,Stable Loss Cluster,Correct,Reroute Action,Exit / Restructure,Role-Aligned,0.15807610697270083,False,False,True,Not Opportunity Candidate,No Opportunity Action,No positive opportunity signal,Neutral,False,,,,-91.5002,-10.16668888888889,1.077593964740538,0.6666666666666666,-0.0036309706916622937
1761,OFF-BI-10001098,Acco D-Ring Binder w/DublLock,Stable Loss Cluster,Correct,Reroute Action,Exit / Restructure,Role-Aligned,0.12745047633682646,False,False,True,Not Opportunity Candidate,No Opportunity Action,No positive opportunity signal,Neutral,False,,,,-102.8378,-11.426422222222222,1.8308412595910015,0.7777777777777778,-0.004080876739012905
1763,OFF-ST-10002790,Safco Industrial Shelving,Stable Loss Cluster,Correct,Intensify Action,Correct — Accelerated,Role-Aligned,-0.10105725768058847,False,False,True,Not Opportunity Candidate,No Opportunity Action,No positive opportunity signal,Neutral,False,,,,-104.1285,-20.8257,1.3168153066590405,0.6,-0.004132095139319445
1764,FUR-TA-10004152,"Barricks 18"" x 48"" Non-Folding Utility Table with Bottom Storage Shelf",Stable Loss Cluster,Correct,Reroute Action,Exit / Restructure,Role-Aligned,-0.10447784370181055,False,False,True,Not Opportunity Candidate,No Opportunity Action,No positive opportunity signal,Neutral,False,,,,-104.832,-20.9664,1.2343459915087387,0.8,-0.004160011885748245
1765,OFF-ST-10002554,Tennsco Industrial Shelving,Stable Loss Cluster,Correct,Intensify Action,Correct — Accelerated,Role-Aligned,0.11193884941724508,False,False,True,Not Opportunity Candidate,No Opportunity Action,No positive opportunity signal,Neutral,False,,,,-108.5802,-12.064466666666668,1.4696873047459538,0.5555555555555556,-0.004308750405953541
1766,OFF-ST-10002344,"Carina 42""Hx23 3/4""W Media Storage Unit",Stable Loss Cluster,Correct,Intensify Action,Correct — Accelerated,Role-Aligned,0.07055794333155788,False,True,True,Not Opportunity Candidate,No Opportunity Action,No positive opportunity signal,Neutral,False,,,,-110.1328,-13.7666,1.781105265859303,0.5,-0.004370361693096901
1769,OFF-AP-10001947,Acco 6 Outlet Guardian Premium Plus Surge Suppressor,Stable Loss Cluster,Correct,Intensify Action,Correct — Accelerated,Role-Aligned,-0.05572902287910574,False,True,True,Not Opportunity Candidate,No Opportunity Action,No positive opportunity signal,Neutral,False,,,,-113.7672,-18.9612,2.3467208435619193,0.5,-0.004514584327383792
1771,FUR-TA-10004607,Hon 2111 Invitation Series Straight Table,Stable Loss Cluster,Correct,Reroute Action,Exit / Restructure,Role-Aligned,0.00477461106922445,False,False,False,Not Opportunity Candidate,No Opportunity Action,No positive opportunity signal,Neutral,False,,,,-115.30739999999999,-16.472485714285714,3.713344304751273,0.8571428571428571,-0.004575703549629189
1776,FUR-FU-10000723,"Deflect-o EconoMat Studded, No Bevel Mat for Low Pile Carpeting",Stable Loss Cluster,Correct,Reroute Action,Exit / Restructure,Role-Aligned,0.06704578511881763,False,True,False,Not Opportunity Candidate,No Opportunity Action,No positive opportunity signal,Neutral,False,,,,-125.1996,-13.911066666666667,2.962367759744507,0.4444444444444444,-0.004968252290244639
1781,FUR-FU-10000193,Tenex Chairmats For Use with Hard Floors,Stable Loss Cluster,Correct,Reroute Action,Exit / Restructure,Role-Aligned,-0.12117801823991649,False,False,True,Not Opportunity Candidate,No Opportunity Action,No positive opportunity signal,Neutral,False,,,,-129.92,-21.653333333333332,1.7386585960717678,0.6666666666666666,-0.005155570285756372
1782,FUR-CH-10001482,Office Star - Mesh Screen back chair with Vinyl seat,Stable Loss Cluster,Correct,Reroute Action,Exit / Restructure,Role-Aligned,-0.049656779403113534,False,False,False,Not Opportunity Candidate,No Opportunity Action,No positive opportunity signal,Neutral,False,,,,-130.98000000000002,-18.711428571428574,3.031186577774146,0.5714285714285714,-0.005197633898001614
1783,FUR-CH-10003833,Novimex Fabric Task Chair,Stable Loss Cluster,Correct,Reroute Action,Exit / Restructure,Role-Aligned,0.05108845284228958,False,False,True,Not Opportunity Candidate,No Opportunity Action,No positive opportunity signal,Neutral,False,,,,-131.107,-14.567444444444444,1.7660537761449808,0.8888888888888888,-0.00520267359494043
1787,FUR-TA-10001676,Hon 61000 Series Interactive Training Tables,Stable Loss Cluster,Correct,Reroute Action,Exit / Restructure,Role-Aligned,0.004386094919117087,False,False,True,Not Opportunity Candidate,No Opportunity Action,No positive opportunity signal,Neutral,False,,,,-148.3962,-16.488466666666667,0.9300217396259556,1.0,-0.005888754920252153
1796,OFF-ST-10001522,"Gould Plastics 18-Pocket Panel Bin, 34w x 5-1/4d x 20-1/2h",Stable Loss Cluster,Correct,Intensify Action,Correct — Accelerated,Role-Aligned,-0.01520030543590062,False,False,True,Not Opportunity Candidate,No Opportunity Action,No positive opportunity signal,Neutral,False,,,,-172.9412,-17.29412,1.5410906000072573,0.6,-0.00686276563964786
1800,OFF-ST-10004804,"Belkin 19"" Vented Equipment Shelf, Black",Stable Loss Cluster,Correct,Intensify Action,Correct — Accelerated,Role-Aligned,-0.03154715718195424,False,False,True,Not Opportunity Candidate,No Opportunity Action,No positive opportunity signal,Neutral,False,,,,-179.6652,-17.96652,1.1227506013462862,0.6,-0.007129591798833711
1805,FUR-CH-10000513,High-Back Leather Manager's Chair,Stable Loss Cluster,Correct,Reroute Action,Exit / Restructure,Role-Aligned,-0.12848434460033795,False,False,False,Not Opportunity Candidate,No Opportunity Action,No positive opportunity signal,Neutral,False,,,,-197.58480000000003,-21.95386666666667,4.067919041172496,0.6666666666666666,-0.007840689068635436
1811,FUR-CH-10003396,Global Deluxe Steno Chair,Stable Loss Cluster,Correct,Reroute Action,Exit / Restructure,Role-Aligned,-0.1206443063343072,False,False,True,Not Opportunity Candidate,No Opportunity Action,No positive opportunity signal,Neutral,False,,,,-216.31380000000001,-21.63138,0.8356043693844232,0.8,-0.008583905477825175
1814,FUR-TA-10001039,KI Adjustable-Height Table,Stable Loss Cluster,Correct,Reroute Action,Exit / Restructure,Role-Aligned,-0.09452572193818508,False,False,False,Not Opportunity Candidate,No Opportunity Action,No positive opportunity signal,Neutral,False,,,,-226.1274,-20.557036363636364,4.228721353571931,0.5454545454545454,-0.008973335161909986
1819,TEC-MA-10003337,Okidata B401 Printer,Loss Tail,Correct,Reassess Classification,Reassess Classification,Role-Aligned,0.41887871464038,False,False,True,Not Opportunity Candidate,No Opportunity Action,No positive opportunity signal,Neutral,False,,,,-251.9874,-251.9874,0.0,1.0,-0.009999528570081628
1820,TEC-MA-10003353,Xerox WorkCentre 6505DN Laser Multifunction Printer,Loss Tail,Correct,Reassess Classification,Reassess Classification,Role-Aligned,0.41886943196720977,False,False,True,Not Opportunity Candidate,No Opportunity Action,No positive opportunity signal,Neutral,False,,,,-251.9958,-251.9958,0.0,1.0,-0.009999861904367345
1824,TEC-MA-10001856,Okidata C610n Printer,Loss Tail,Correct,Reroute Action,Exit / Restructure,Role-Aligned,0.3961222413637337,False,False,True,Not Opportunity Candidate,No Opportunity Action,No positive opportunity signal,Neutral,False,,,,-272.58,-272.58,0.0,1.0,-0.01081669757151687
1829,TEC-MA-10000904,"Brother MFC-9340CDW LED All-In-One Printer, Copier Scanner",Loss Tail,Correct,Reroute Action,Exit / Restructure,Role-Aligned,0.344612687942518,False,False,True,Not Opportunity Candidate,No Opportunity Action,No positive opportunity signal,Neutral,False,,,,-319.1916,-319.1916,0.0,1.0,-0.012666369522960541
1837,TEC-PH-10002645,LG G2,Loss Tail,Correct,Reroute Action,Exit / Restructure,Role-Aligned,0.2829482215971894,False,False,True,Not Opportunity Candidate,No Opportunity Action,No positive opportunity signal,Neutral,False,,,,-374.9925,-374.9925,0.0,1.0,-0.014880697278182699
1853,TEC-MA-10002073,"3D Systems Cube Printer, 2nd Generation, White",Loss Tail,Correct,Intensify Action,Correct — Accelerated,Role-Aligned,0.4387582222823604,False,True,False,Not Opportunity Candidate,No Opportunity Action,No positive opportunity signal,Neutral,False,,,,-467.9964,-233.9982,2.040543806465183,0.5,-0.018571338775253642
1859,TEC-MA-10001681,Lexmark MarkNet N8150 Wireless Print Server,Loss Tail,Correct,Reroute Action,Exit / Restructure,Role-Aligned,0.4175071996794889,False,False,True,Not Opportunity Candidate,No Opportunity Action,No positive opportunity signal,Neutral,False,,,,-506.457,-253.2285,0.47093340006022616,1.0,-0.020097557421592634
1879,FUR-TA-10004256,Bretford “Just In Time” Height-Adjustable Multi-Task Work Tables,Loss Tail,Correct,Reroute Action,Exit / Restructure,Role-Aligned,0.43096707577622034,False,True,True,Not Opportunity Candidate,No Opportunity Action,No positive opportunity signal,Neutral,False,,,,-964.1940000000001,-241.04850000000002,1.1330964285549043,0.75,-0.03826177598602663
1884,FUR-TA-10004289,BoxOffice By Design Rectangular and Half-Moon Meeting Room Tables,Loss Tail,Correct,Reroute Action,Exit / Restructure,Role-Aligned,0.27430649490782655,False,False,True,Not Opportunity Candidate,No Opportunity Action,No positive opportunity signal,Neutral,False,,,,-1148.4375,-382.8125,0.5348705831598324,1.0,-0.045573046875372024
1885,FUR-TA-10001950,Balt Solid Wood Round Tables,Loss Tail,Correct,No Escalation,Correct,Role-Aligned,0.3655286226201488,False,True,False,Not Opportunity Candidate,No Opportunity Action,No positive opportunity signal,Neutral,False,,,,-1201.0581,-300.264525,1.8717661289293568,0.5,-0.04766117188906254
1888,OFF-BI-10004995,GBC DocuBind P400 Electric Binding System,Loss Tail,Correct,Reassess Classification,Reassess Classification,Role-Aligned,0.3514242914131782,False,True,False,Not Opportunity Candidate,No Opportunity Action,No positive opportunity signal,Neutral,False,,,,-1878.1662000000006,-313.0277000000001,7.506435185482369,0.5,-0.0745306177065268
1889,FUR-TA-10001889,Bush Advantage Collection Racetrack Conference Table,Loss Tail,Correct,Reroute Action,Exit / Restructure,Role-Aligned,0.39196436155274056,False,False,False,Not Opportunity Candidate,No Opportunity Action,No positive opportunity signal,Neutral,False,,,,-1934.3976,-276.3425142857143,1.689358837257065,0.8571428571428571,-0.07676202884389194
