product_id,product_name,total_sales,total_profit,profit_margin,category,sub_category,mean_order_profit,pct_orders_loss
TEC-CO-10004722,Canon imageCLASS 2200 Advanced Copier,61599.824,25199.928,0.40909090909090906,Technology,Copiers,5039.9856,0.0
OFF-BI-10003527,Fellowes PB500 Electric Punch Plastic Comb Binding Machine with Manual Bind,27453.384,7753.039,0.28240740740740744,Office Supplies,Binders,775.3039,0.2
TEC-CO-10001449,Hewlett Packard LaserJet 3310 Copier,18839.686,6983.8836,0.37070063694267513,Technology,Copiers,872.98545,0.0
TEC-CO-10003763,Canon PC1060 Personal Laser Copier,11619.834,4570.9347,0.3933734939759036,Technology,Copiers,1142.733675,0.0
TEC-MA-10001127,"HP Designjet T520 Inkjet Large Format Printer - 24"" Color",18374.895,4094.9766,0.22285714285714284,Technology,Machines,1364.9922,0.3333333333333333
TEC-MA-10003979,Ativa V4110MDD Micro-Cut Shredder,7699.89,3772.9461,0.49,Technology,Machines,1886.47305,0.0
TEC-MA-10001047,"3D Systems Cube Printer, 2nd Generation, Magenta",14299.89,3717.9714000000004,0.26,Technology,Machines,1858.9857000000002,0.0
TEC-AC-10002049,Plantronics Savi W720 Multi-Device Wireless Headset System,9367.289999999999,3696.2819999999997,0.3945945945945946,Technology,Accessories,528.0402857142857,0.0
OFF-BI-10001120,Ibico EPK-21 Electric Binding System,15875.916000000001,3345.2823,0.2107142857142857,Office Supplies,Binders,1115.0941,0.3333333333333333
TEC-MA-10000045,Zebra ZM400 Thermal Label Printer,6965.700000000001,3343.536,0.48,Technology,Machines,1671.768,0.0
OFF-AP-10002945,Honeywell Enviracaire Portable HEPA Air Cleaner for 17' x 22' Room,11304.44,3247.02,0.28723404255319146,Office Supplies,Appliances,405.8775,0.0
TEC-CO-10002095,Hewlett Packard 610 Color Digital Copier / Printer,8899.822,3124.9375,0.35112359550561795,Technology,Copiers,446.41964285714283,0.0
TEC-AC-10003033,Plantronics CS510 - Over-the-Head monaural Wireless Headset System,10822.36,3085.0325,0.2850609756097561,Technology,Accessories,308.50325,0.0
TEC-CO-10001046,Canon Imageclass D680 Copier / Fax,8959.872,2799.96,0.3125,Technology,Copiers,559.992,0.0
OFF-BI-10003925,Fellowes PB300 Plastic Comb Binding Machine,8070.191999999999,2518.0551,0.3120192307692308,Office Supplies,Binders,419.67585,0.16666666666666666
OFF-BI-10004600,Ibico Ibimaster 300 Manual Binding System,7985.383000000001,2318.337,0.29032258064516125,Office Supplies,Binders,289.792125,0.125
TEC-AC-10003870,Logitech Z-906 Speaker sys - home theater - 5.1-CH,5609.83,2243.9320000000002,0.4,Technology,Accessories,560.9830000000001,0.0
OFF-BI-10001359,GBC DocuBind TL300 Electric Binding System,19823.479,2233.5051000000003,0.11266968325791857,Office Supplies,Binders,203.04591818181822,0.36363636363636365
TEC-AC-10001838,Razer Tiamat Over Ear 7.1 Surround Sound PC Gaming Headset,5119.744000000001,2155.8922000000002,0.42109375,Technology,Accessories,307.98460000000006,0.0
TEC-CO-10001766,Canon PC940 Copier,5669.874,2092.4535,0.36904761904761907,Technology,Copiers,697.4845,0.0
TEC-CO-10004115,Sharp AL-1530CS Digital Copier,6399.872,2064.9587,0.32265625000000003,Technology,Copiers,516.239675,0.0
OFF-ST-10001490,"Hot File 7-Pocket, Floor Stand",8138.232,2016.7109999999998,0.24780701754385961,Office Supplies,Storage,155.13161538461537,0.0
TEC-MA-10002927,Canon imageCLASS MF7460 Monochrome Digital Laser Multifunction Copier,3991.98,1995.99,0.5,Technology,Machines,1995.99,0.0
TEC-CO-10002313,Canon PC1080F Personal Copier,5999.9,1973.9670999999998,0.329,Technology,Copiers,493.49177499999996,0.0
OFF-ST-10003208,Adjustable Depth Letter/Legal Cart,7730.196,1932.549,0.25,Office Supplies,Storage,175.68627272727272,0.0
FUR-CH-10000454,"Hon Deluxe Fabric Upholstered Stacking Chairs, Rounded Back",10637.528,1927.442,0.1811926605504587,Furniture,Chairs,160.62016666666668,0.0
TEC-PH-10001459,Samsung Galaxy Mega 6.3,13943.668,1822.7566000000002,0.13072289156626507,Technology,Phones,303.7927666666667,0.0
TEC-CO-10003236,Canon Image Class D660 Copier,3959.9339999999997,1691.9718,0.4272727272727273,Technology,Copiers,845.9859,0.0
TEC-MA-10003673,Hewlett-Packard Desktjet 6988DT Refurbished Printer,3404.5,1668.205,0.49,Technology,Machines,1668.205,0.0
OFF-AP-10000275,"Sanyo Counter Height Refrigerator with Crisper, 3.6 Cubic Foot, Stainless Steel/Black",5906.52,1653.8256000000001,0.28,Office Supplies,Appliances,551.2752,0.0
TEC-CO-10001571,Sharp 1540cs Digital Laser Copier,4399.92,1649.97,0.375,Technology,Copiers,235.71,0.0
TEC-AC-10003832,Logitech P710e Mobile Speakerphone,10196.604,1645.3611,0.16136363636363638,Technology,Accessories,182.8179,0.3333333333333333
OFF-ST-10002615,"Dual Level, Single-Width Filing Carts",6574.544,1640.5348,0.24952830188679245,Office Supplies,Storage,182.28164444444442,0.0
TEC-PH-10002885,Apple iPhone 5,12996.6,1611.5784,0.124,Technology,Phones,268.5964,0.3333333333333333
OFF-BI-10003091,GBC DocuBind TL200 Manual Binding Machine,4322.814,1592.4978,0.3683937823834197,Office Supplies,Binders,265.41630000000004,0.16666666666666666
OFF-ST-10000078,Tennsco 6- and 18-Compartment Lockers,10925.003999999999,1575.1098,0.1441747572815534,Office Supplies,Storage,143.1918,0.2727272727272727
FUR-CH-10004063,Global Deluxe High-Back Manager's Chair,8665.194,1558.591,0.17986798679867988,Furniture,Chairs,194.823875,0.375
FUR-CH-10002320,Hon Pagoda Stacking Chairs,6483.796,1540.7040000000002,0.23762376237623764,Furniture,Chairs,385.17600000000004,0.0
OFF-LA-10003930,"Dot Matrix Printer Tape Reel Labels, White, 5000/Box",3322.878,1517.9064,0.45680473372781066,Office Supplies,Labels,189.7383,0.0
OFF-AP-10003057,Honeywell Enviracaire Portable HEPA Air Cleaner for 16' x 20' Room,3855.1800000000003,1503.5202,0.38999999999999996,Office Supplies,Appliances,501.17339999999996,0.0
TEC-CO-10001943,Canon PC-428 Personal Copier,4119.794,1469.9265,0.3567961165048544,Technology,Copiers,244.98775,0.0
TEC-MA-10000010,Hewlett-Packard Deskjet 3050a All-in-One Color Inkjet Printer,3040.0,1459.2,0.48000000000000004,Technology,Machines,1459.2,0.0
TEC-AC-10004145,Logitech diNovo Edge Keyboard,7399.704,1432.4427,0.1935810810810811,Technology,Accessories,286.48854,0.0
FUR-CH-10004086,Hon 4070 Series Pagoda Armless Upholstered Stacking Chairs,8430.997,1388.6348,0.1647058823529412,Furniture,Chairs,173.57935,0.25
OFF-ST-10001526,Iceberg Mobile Mega Data/Printer Cart,5751.773999999999,1388.6082,0.24142259414225942,Office Supplies,Storage,173.576025,0.0
OFF-ST-10000142,Deluxe Rollaway Locking File with Drawer,5572.792,1380.7216,0.24776119402985075,Office Supplies,Storage,276.14432,0.0
TEC-MA-10000488,Bady BDG101FRU Card Printer,9279.884,1327.9834,0.14310344827586208,Technology,Machines,331.99585,0.25
FUR-CH-10001854,Office Star - Professional Matrix Back Chair with 2-to-1 Synchro Tilt and Mesh Fabric Seat,8774.5,1305.6456,0.14880000000000002,Furniture,Chairs,163.2057,0.0
FUR-CH-10002073,Hon Olson Stacker Chairs,5427.99,1292.1264,0.2380487804878049,Furniture,Chairs,323.0316,0.0
OFF-PA-10000994,Xerox 1915,2789.0099999999998,1262.394,0.45263157894736844,Office Supplies,Paper,140.266,0.0
OFF-ST-10001496,Standard Rollaway File with Lock,6594.954,1261.3300000000002,0.19125683060109291,Office Supplies,Storage,126.13300000000001,0.0
FUR-FU-10002937,"GE 48"" Fluorescent Tube, Cool White Energy Saver, 34 Watts, 30/Box",2699.056,1260.221,0.46691176470588236,Furniture,Furnishings,157.527625,0.0
OFF-ST-10003306,Letter Size Cart,4600.092,1252.8822,0.27236024844720497,Office Supplies,Storage,156.610275,0.0
FUR-CH-10002335,Hon GuestStacker Chair,6936.102,1233.0848,0.17777777777777778,Furniture,Chairs,137.00942222222224,0.0
TEC-AC-10004666,Maxell iVDR EX 500GB Cartridge,2755.4,1184.8220000000001,0.43000000000000005,Technology,Accessories,592.4110000000001,0.0
FUR-CH-10004287,SAFCO Arco Folding Chair,11572.78,1179.374,0.10190930787589499,Furniture,Chairs,90.72107692307692,0.23076923076923078
TEC-PH-10000984,Panasonic KX-TG9471B,4978.146000000001,1168.1004,0.23464566929133857,Technology,Phones,166.8714857142857,0.0
TEC-CO-10004202,Brother DCP1000 Digital 3 in 1 Multifunction Machine,4859.838,1154.9615000000001,0.23765432098765435,Technology,Copiers,164.99450000000002,0.0
TEC-PH-10003072,Panasonic KX-TG9541B DECT 6.0 Digital 2-Line Expandable Cordless Phone With Digital Answering System,3059.7960000000003,1147.4235,0.375,Technology,Phones,229.48470000000003,0.0
OFF-ST-10001780,Tennsco 16-Compartment Lockers with Coat Rack,7515.523999999999,1114.3708,0.1482758620689655,Office Supplies,Storage,222.87416,0.0
OFF-ST-10002011,Smead Adjustable Mobile File Trolley with Lockable Top,4778.766,1106.6616,0.23157894736842105,Office Supplies,Storage,368.88719999999995,0.0
TEC-PH-10002624,Samsung Galaxy S4 Mini,6109.87,1104.4765,0.18076923076923077,Technology,Phones,220.8953,0.0
TEC-MA-10002428,Fellowes Powershred HS-440 4-Sheet High Security Shredder,2541.8360000000002,1092.6795000000002,0.42987804878048785,Technology,Machines,364.22650000000004,0.0
OFF-BI-10004318,Ibico EB-19 Dual Function Manual Binding System,3234.913,1086.3772,0.3358288770053476,Office Supplies,Binders,135.79715,0.125
TEC-PH-10001795,ClearOne CHATAttach 160 - speaker phone,6695.892,1053.9830000000002,0.15740740740740744,Technology,Phones,263.49575000000004,0.25
FUR-CH-10003746,Hon 4070 Series Pagoda Round Back Stacking Chairs,5906.032,1052.8144,0.1782608695652174,Furniture,Chairs,150.40205714285713,0.2857142857142857
OFF-BI-10004390,GBC DocuBind 200 Manual Binding Machine,4209.799999999999,1052.45,0.25000000000000006,Office Supplies,Binders,263.1125,0.25
TEC-PH-10004586,Wilson SignalBoost 841262 DB PRO Amplifier Kit,5327.259999999999,1043.855,0.19594594594594597,Technology,Phones,173.97583333333333,0.16666666666666666
TEC-PH-10000730,Samsung Galaxy S4 Active,3999.92,1039.9792,0.26,Technology,Phones,519.9896,0.0
TEC-AC-10004171,Razer Kraken 7.1 Surround Sound Over Ear USB Gaming Headset,2619.738,995.9004,0.3801526717557252,Technology,Accessories,165.9834,0.0
FUR-CH-10004675,"Lifetime Advantage Folding Chairs, 4/Carton",5212.112,972.6368,0.18661087866108786,Furniture,Chairs,138.9481142857143,0.2857142857142857
TEC-PH-10001760,Bose SoundLink Bluetooth Speaker,2865.6000000000004,967.14,0.33749999999999997,Technology,Phones,193.428,0.0
OFF-AP-10001058,Sanyo 2.5 Cubic Foot Mid-Size Office Refrigerators,4476.96,956.9502,0.21375,Office Supplies,Appliances,239.23755,0.0
FUR-CH-10001215,Global Troy Executive Leather Low-Back Tilter,12975.382,951.862,0.07335907335907337,Furniture,Chairs,105.76244444444444,0.1111111111111111
TEC-PH-10003012,Nortel Meridian M3904 Professional Digital phone,4434.912,936.2592,0.21111111111111108,Technology,Phones,93.62592,0.0
FUR-CH-10003379,Global Commerce Series High-Back Swivel/Tilt Chairs,7979.4400000000005,926.1850000000001,0.11607142857142858,Furniture,Chairs,102.90944444444445,0.4444444444444444
TEC-PH-10002496,Cisco SPA301,4180.532,904.742,0.21641791044776118,Technology,Phones,100.52688888888889,0.1111111111111111
TEC-PH-10000895,Polycom VVX 310 VoIP phone,6227.654,899.95,0.1445086705202312,Technology,Phones,112.49375,0.125
TEC-PH-10001494,Polycom CX600 IP Phone VoIP phone,4619.23,896.8505000000001,0.1941558441558442,Technology,Phones,224.21262500000003,0.25
TEC-AC-10004571,Logitech G700s Rechargeable Gaming Mouse,2339.766,889.9110000000001,0.3803418803418804,Technology,Accessories,98.879,0.0
TEC-AC-10000990,Imation Bio 2GB USB Flash Drive Imation Corp,2098.88,881.5296,0.42,Technology,Accessories,293.84319999999997,0.0
TEC-MA-10000984,Okidata MB760 Printer,7834.4,881.37,0.1125,Technology,Machines,440.685,0.0
TEC-PH-10001835,Jawbone JAMBOX Wireless Bluetooth Speaker,2022.272,872.1048000000001,0.43125,Technology,Phones,290.70160000000004,0.0
FUR-CH-10000595,Safco Contoured Stacking Chairs,5697.76,870.16,0.1527196652719665,Furniture,Chairs,108.77,0.0
FUR-CH-10004495,"Global Leather and Oak Executive Chair, Black",6410.874,854.7832000000001,0.13333333333333336,Furniture,Chairs,106.84790000000001,0.25
OFF-PA-10004359,Multicolor Computer Printout Paper,1887.3,851.3820000000001,0.45111111111111113,Office Supplies,Paper,170.27640000000002,0.0
TEC-CO-10000971,Hewlett Packard 310 Color Digital Copier,4199.86,839.972,0.2,Technology,Copiers,139.99533333333332,0.0
TEC-PH-10004977,GE 30524EE4,5291.7300000000005,838.8371999999999,0.1585185185185185,Technology,Phones,93.20413333333333,0.1111111111111111
FUR-CH-10000988,Hon Olson Stacker Stools,5294.456,833.5952,0.1574468085106383,Furniture,Chairs,83.35952,0.1
FUR-CH-10002331,Hon 4700 Series Mobuis Mid-Back Task Chairs with Adjustable Arms,7582.374,832.9932,0.10985915492957747,Furniture,Chairs,138.8322,0.16666666666666666
FUR-CH-10000015,Hon Multipurpose Stacking Arm Chairs,6584.64,814.4159999999999,0.12368421052631577,Furniture,Chairs,135.736,0.3333333333333333
OFF-PA-10001970,Xerox 1908,1712.9879999999998,799.3944,0.46666666666666673,Office Supplies,Paper,114.1992,0.0
FUR-CH-10000785,Global Ergonomic Managers Chair,6008.536,785.4532,0.13072289156626507,Furniture,Chairs,71.40483636363636,0.2727272727272727
TEC-PH-10004165,Mitel MiVoice 5330e IP Phone,7699.72,780.9716,0.10142857142857142,Technology,Phones,86.77462222222222,0.2222222222222222
FUR-BO-10002545,"Atlantic Metals Mobile 3-Shelf Bookcases, Custom Colors",7539.7122,780.3302,0.10349601938386985,Furniture,Bookcases,97.541275,0.375
FUR-CH-10003973,GuestStacker Chair with Chrome Finish Legs,9070.944,773.2608,0.08524590163934427,Furniture,Chairs,96.6576,0.25
TEC-AC-10002001,Logitech Wireless Gaming Headset G930,2879.82,763.1523,0.26499999999999996,Technology,Accessories,127.19205,0.0
OFF-BI-10000545,GBC Ibimaster 500 Manual ProClick Binding System,19024.5,760.9799999999998,0.03999999999999999,Office Supplies,Binders,84.55333333333331,0.6666666666666666
OFF-PA-10000100,Xerox 1945,1696.986,756.2655,0.44565217391304346,Office Supplies,Paper,94.5331875,0.0
TEC-AC-10003174,Plantronics S12 Corded Telephone Headset System,2242.032,754.5300000000001,0.33653846153846156,Technology,Accessories,125.75500000000001,0.0
FUR-CH-10000847,Global Executive Mid-Back Manager's Chair,4626.582,750.7284,0.16226415094339622,Furniture,Chairs,125.1214,0.16666666666666666
OFF-PA-10000418,Xerox 189,1782.4499999999998,746.532,0.41882352941176476,Office Supplies,Paper,124.42200000000001,0.0
TEC-PH-10004539,Wireless Extenders zBoost YX545 SOHO Signal Booster,4044.3860000000004,733.2811999999999,0.18130841121495322,Technology,Phones,104.75445714285713,0.14285714285714285
OFF-PA-10000675,Xerox 1919,1565.818,729.622,0.46596858638743455,Office Supplies,Paper,81.06911111111111,0.0
TEC-AC-10002049,Logitech G19 Programmable Gaming Keyboard,4389.246,729.0612,0.16610169491525423,Technology,Accessories,91.13265,0.125
TEC-AC-10003911,NETGEAR AC1750 Dual Band Gigabit Smart WiFi Router,2623.8360000000002,723.1547999999999,0.27560975609756094,Technology,Accessories,144.63096,0.0
TEC-AC-10001432,Enermax Aurora Lite Keyboard,1641.15,722.106,0.43999999999999995,Technology,Accessories,144.4212,0.0
TEC-AC-10001908,Logitech Wireless Headset h800,2799.72,719.928,0.2571428571428572,Technology,Accessories,119.988,0.0
OFF-AP-10003849,Hoover Shoulder Vac Commercial Portable Vacuum,5009.48,715.6399999999999,0.14285714285714285,Office Supplies,Appliances,119.27333333333331,0.16666666666666666
TEC-PH-10002834,Google Nexus 5,3815.7880000000005,710.9605,0.18632075471698112,Technology,Phones,142.1921,0.2
OFF-PA-10003395,Xerox 1941,1740.51,704.592,0.40481927710843374,Office Supplies,Paper,140.9184,0.0
FUR-CH-10001394,Global Leather Executive Chair,5861.533,701.9799999999999,0.11976047904191614,Furniture,Chairs,100.28285714285713,0.0
TEC-AC-10003095,Logitech G35 7.1-Channel Surround Sound Headset,2157.8340000000003,699.3462,0.32409638554216863,Technology,Accessories,116.5577,0.0
OFF-AP-10003590,Hoover WindTunnel Plus Canister Vacuum,3051.3,697.44,0.22857142857142856,Office Supplies,Appliances,232.48000000000002,0.0
FUR-CH-10000309,Global Comet Stacking Arm Chair,6084.144,697.1415,0.11458333333333331,Furniture,Chairs,139.42829999999998,0.4
OFF-ST-10000585,Economy Rollaway Files,3138.8,693.8399999999999,0.22105263157894733,Office Supplies,Storage,99.11999999999999,0.0
OFF-BI-10003656,Fellowes PB200 Plastic Comb Binding Machine,4181.754,693.5592,0.16585365853658537,Office Supplies,Binders,77.06213333333334,0.3333333333333333
TEC-AC-10000844,Logitech Gaming G510s - Keyboard,2362.7219999999998,676.5204,0.2863309352517986,Technology,Accessories,84.56505,0.0
TEC-PH-10002103,Jabra SPEAK 410,3158.064,654.1704,0.20714285714285716,Technology,Phones,72.6856,0.0
TEC-MA-10004212,Cisco SPA525G2 5-Line IP Phone,1379.92,648.5624,0.47,Technology,Machines,648.5624,0.0
TEC-AC-10004469,Microsoft Sculpt Comfort Mouse,1574.03,634.406,0.40304568527918777,Technology,Accessories,63.440599999999996,0.0
OFF-EN-10000056,Cameo Buff Policy Envelopes,1555.75,632.2568,0.4064,Office Supplies,Envelopes,79.0321,0.0
TEC-AC-10003198,Enermax Acrylux Wireless Keyboard,2450.16,630.468,0.2573170731707317,Technology,Accessories,105.07799999999999,0.0
FUR-FU-10003664,"Electrix Architect's Clamp-On Swing Arm Lamp, Black",2863.8,627.1722,0.21899999999999997,Furniture,Furnishings,156.79305,0.25
TEC-AC-10000892,NETGEAR N750 Dual Band Wi-Fi Gigabit Router,1890.0,622.8,0.3295238095238095,Technology,Accessories,88.97142857142856,0.0
OFF-PA-10001033,Xerox 1893,1434.65,619.3589,0.43171428571428566,Office Supplies,Paper,56.30535454545454,0.0
FUR-TA-10001307,"SAFCO PlanMaster Heigh-Adjustable Drafting Table Base, 43w x 30d x 30-37h, Black",3739.115,608.043,0.16261682242990655,Furniture,Tables,121.6086,0.4
TEC-PH-10003601,"Ativa D5772 2-Line 5.8GHz Digital Expandable Corded/Cordless Phone System with Answering & Caller ID/Call Waiting, Black/Silver",1979.88,593.964,0.3,Technology,Phones,148.491,0.0
TEC-PH-10002114,Xiaomi Mi3,2279.96,592.7896,0.25999999999999995,Technology,Phones,592.7896,0.0
TEC-AC-10004975,Plantronics Audio 995 Wireless Stereo Headset,1913.13,587.1329999999999,0.3068965517241379,Technology,Accessories,146.78324999999998,0.0
OFF-AP-10002118,"1.7 Cubic Foot Compact ""Cube"" Office Refrigerators",2706.08,578.6848,0.21384615384615385,Office Supplies,Appliances,96.44746666666667,0.0
TEC-PH-10001557,Pyle PMP37LED,3590.026,576.8999,0.1606951871657754,Technology,Phones,57.68999,0.0
TEC-PH-10003645,Aastra 57i VoIP phone,3684.708,575.3316,0.15614035087719297,Technology,Phones,82.19022857142856,0.14285714285714285
OFF-PA-10003228,Xerox 1917,1222.75,574.6925,0.47,Office Supplies,Paper,114.9385,0.0
FUR-CH-10000665,"Global Airflow Leather Mesh Back Chair, Black",3955.676,573.7239999999999,0.1450381679389313,Furniture,Chairs,63.7471111111111,0.0
TEC-PH-10001336,Digium D40 VoIP phone,3044.164,571.4257,0.18771186440677964,Technology,Phones,63.49174444444444,0.1111111111111111
OFF-EN-10003296,Tyvek Side-Opening Peel & Seel Expanding Envelopes,1266.72,570.024,0.45,Office Supplies,Envelopes,114.0048,0.0
FUR-FU-10004665,"3M Polarizing Task Lamp with Clamp Arm, Light Gray",2191.68,569.8368,0.26000000000000006,Furniture,Furnishings,142.4592,0.0
OFF-BI-10001718,GBC DocuBind P50 Personal Binding Machine,2264.892,569.422,0.2514124293785311,Office Supplies,Binders,56.9422,0.4
FUR-BO-10004695,O'Sullivan 2-Door Barrister Bookcase in Odessa Pine,4886.46,566.4674,0.11592592592592592,Furniture,Bookcases,80.92391428571429,0.14285714285714285
OFF-AP-10000891,Kensington 7 Outlet MasterPiece HOMEOFFICE Power Control Center,2491.2799999999997,563.816,0.22631578947368425,Office Supplies,Appliances,112.76320000000001,0.2
OFF-BI-10001071,GBC ProClick Punch Binding System,1573.908,562.3842,0.3573170731707317,Office Supplies,Binders,80.3406,0.2857142857142857
OFF-EN-10003001,Ames Color-File Green Diamond Border X-ray Mailers,1360.4759999999999,559.3068000000001,0.4111111111111112,Office Supplies,Envelopes,139.82670000000002,0.0
TEC-AC-10002926,Logitech Wireless Marathon Mouse M705,1409.718,554.889,0.39361702127659576,Technology,Accessories,69.361125,0.0
OFF-AP-10001005,Honeywell Quietcare HEPA Air Cleaner,1761.76,549.7635,0.31205357142857143,Office Supplies,Appliances,91.62725,0.0
TEC-PH-10003691,BlackBerry Q10,3099.354,548.0564999999999,0.17682926829268292,Technology,Phones,91.34274999999998,0.0
OFF-PA-10001289,White Computer Printout Paper by Universal,1279.08,547.6788,0.4281818181818182,Office Supplies,Paper,68.45985,0.0
OFF-PA-10001878,Xerox 1891,1320.57,542.9010000000001,0.4111111111111112,Office Supplies,Paper,77.55728571428573,0.0
FUR-TA-10004619,Hon Non-Folding Utility Tables,3775.647,541.654,0.14345991561181434,Furniture,Tables,108.3308,0.0
TEC-AC-10000736,Logitech G600 MMO Gaming Mouse,1615.798,540.7324,0.3346534653465346,Technology,Accessories,67.59155,0.0
TEC-PH-10001944,Wi-Ex zBoost YX540 Cellular Phone Signal Booster,2481.15,540.015,0.2176470588235294,Technology,Phones,90.0025,0.0
OFF-PA-10000357,Xerox 1888,1231.656,539.2656,0.4378378378378378,Office Supplies,Paper,89.87759999999999,0.0
OFF-ST-10003805,"24 Capacity Maxi Data Binder Racks, Pearl",3537.24,536.9024999999999,0.15178571428571427,Office Supplies,Storage,134.22562499999998,0.0
TEC-AC-10003628,Logitech 910-002974 M325 Wireless Mouse for Web Scrolling,1409.53,536.2212,0.3804255319148936,Technology,Accessories,35.748079999999995,0.0
OFF-PA-10000806,Xerox 1934,1097.208,526.212,0.47959183673469385,Office Supplies,Paper,105.2424,0.0
OFF-LA-10003510,"Avery 4027 File Folder Labels for Dot Matrix Printers, 5000 Labels per Box, White",1233.412,524.5054,0.42524752475247524,Office Supplies,Labels,47.682309090909094,0.0
TEC-PH-10001578,Polycom SoundStation2 EX Conference phone,3968.5099999999998,518.336,0.1306122448979592,Technology,Phones,129.584,0.25
TEC-AC-10003610,Logitech Illuminated - Keyboard,1139.81,515.914,0.45263157894736844,Technology,Accessories,85.98566666666666,0.0
TEC-PH-10001817,Wilson Electronics DB Pro Signal Booster,8878.4,515.52,0.05806451612903226,Technology,Phones,51.552,0.2
TEC-AC-10002567,Logitech G602 Wireless Gaming Mouse,1999.75,515.1356000000001,0.25760000000000005,Technology,Accessories,57.2372888888889,0.0
TEC-AC-10002800,Plantronics Audio 478 Stereo USB Headset,1619.676,514.897,0.31790123456790126,Technology,Accessories,57.210777777777786,0.0
OFF-EN-10002230,Airmail Envelopes,1359.666,514.4909,0.3783950617283951,Office Supplies,Envelopes,85.74848333333334,0.0
FUR-CH-10000155,Global Comet Stacking Armless Chair,3528.79,514.366,0.14576271186440679,Furniture,Chairs,85.72766666666666,0.0
TEC-PH-10001363,Apple iPhone 5S,4901.914000000001,512.991,0.10465116279069765,Technology,Phones,128.24775,0.25
OFF-ST-10001932,Fellowes Staxonsteel Drawer Files,4829.25,509.9688,0.1056,Office Supplies,Storage,72.85268571428571,0.14285714285714285
TEC-MA-10004002,Zebra GX420t Direct Thermal/Thermal Transfer Printer,5787.3550000000005,509.712,0.08807339449541284,Technology,Machines,169.904,0.3333333333333333
TEC-PH-10002310,Plantronics Calisto P620-M USB Wireless Speakerphone System,2508.672,505.6542,0.2015625,Technology,Phones,126.41355,0.0
FUR-CH-10004218,"Global Fabric Manager's Chair, Dark Gray",3150.576,499.851,0.15865384615384615,Furniture,Chairs,55.539,0.1111111111111111
TEC-AC-10002842,WD My Passport Ultra 2TB Portable External Hard Drive,3998.4,499.8,0.125,Technology,Accessories,62.475,0.125
FUR-CH-10002084,Hon Mobius Operator's Chair,2705.7799999999997,499.3394,0.18454545454545457,Furniture,Chairs,99.86788,0.0
TEC-AC-10001606,Logitech Wireless Performance Mouse MX for PC and Mac,1799.8200000000002,497.9502,0.2766666666666666,Technology,Accessories,71.13574285714286,0.0
OFF-PA-10003302,Xerox 1906,1098.6399999999999,497.5776,0.4529032258064517,Office Supplies,Paper,71.08251428571428,0.0
OFF-BI-10003650,GBC DocuBind 300 Electric Binding Machine,6785.142,494.4212000000001,0.07286821705426358,Office Supplies,Binders,61.802650000000014,0.5
FUR-CH-10004853,"Global Manager's Adjustable Task Chair, Storm",2959.208,493.70459999999997,0.16683673469387753,Furniture,Chairs,82.2841,0.16666666666666666
OFF-PA-10004071,"Eaton Premium Continuous-Feed Paper, 25% Cotton, Letter Size, White, 1000 Shts/Box",1098.504,492.6624,0.44848484848484854,Office Supplies,Paper,49.266239999999996,0.0
OFF-BI-10004519,GBC DocuBind P100 Manual Binding Machine,2954.444,489.6410000000001,0.1657303370786517,Office Supplies,Binders,61.20512500000001,0.25
FUR-CH-10002602,DMI Arturo Collection Mission-style Design Wood Chair,4619.987999999999,486.15560000000005,0.10522875816993467,Furniture,Chairs,44.19596363636364,0.2727272727272727
OFF-ST-10004340,"Fellowes Mobile File Cart, Black",2300.66,485.00399999999996,0.2108108108108108,Office Supplies,Storage,48.5004,0.0
TEC-PH-10002200,Aastra 6757i CT Wireless VoIP phone,2929.984,482.5856,0.16470588235294117,Technology,Phones,80.43093333333333,0.16666666666666666
TEC-AC-10002402,Razer Kraken PRO Over Ear PC and Music Headset,2159.73,479.94,0.2222222222222222,Technology,Accessories,59.9925,0.0
TEC-PH-10000441,VTech DS6151,2746.582,478.762,0.1743119266055046,Technology,Phones,59.84525,0.0
OFF-AP-10000938,Avanti 1.7 Cu. Ft. Refrigerator,2221.56,476.6256,0.21454545454545457,Office Supplies,Appliances,119.1564,0.0
TEC-PH-10002447,AT&T CL83451 4-Handset Telephone,1936.306,473.777,0.24468085106382978,Technology,Phones,118.44425,0.0
OFF-ST-10000046,Fellowes Super Stor/Drawer Files,4006.44,473.3415,0.11814516129032258,Office Supplies,Storage,52.5935,0.3333333333333333
TEC-PH-10004094,Motorola L703CM,4211.73,467.97,0.11111111111111113,Technology,Phones,77.995,0.0
OFF-PA-10000474,Easy-staple paper,1105.7279999999998,467.0992,0.4224358974358975,Office Supplies,Paper,38.924933333333335,0.0
TEC-MA-10000864,Cisco 9971 IP Video Phone Charcoal,4268.0,466.4,0.10927835051546392,Technology,Machines,233.2,0.5
TEC-MA-10003183,DYMO CardScan Personal V9 Business Card Scanner,1343.916,463.97100000000006,0.3452380952380953,Technology,Machines,154.657,0.3333333333333333
OFF-PA-10001815,Xerox 1885,960.8,461.184,0.48000000000000004,Office Supplies,Paper,92.2368,0.0
FUR-TA-10003569,Bretford CR8500 Series Meeting Room Furniture,6776.562,461.12700000000007,0.06804733727810652,Furniture,Tables,76.85450000000002,0.3333333333333333
OFF-AP-10002651,Hoover Upright Vacuum With Dirt Cup,6832.907999999999,460.35269999999986,0.06737288135593218,Office Supplies,Appliances,76.72544999999998,0.16666666666666666
OFF-PA-10000482,"Snap-A-Way Black Print Carbonless Ruled Speed Letter, Triplicate",1016.7919999999999,453.7624,0.44626865671641797,Office Supplies,Paper,75.62706666666666,0.0
OFF-BI-10002867,GBC Recycled Regency Composition Covers,1291.248,451.9368,0.35,Office Supplies,Binders,75.3228,0.16666666666666666
FUR-FU-10000965,"Howard Miller 11-1/2"" Diameter Ridgewood Wall Clock",1184.232,448.76160000000004,0.3789473684210527,Furniture,Furnishings,74.79360000000001,0.16666666666666666
OFF-AR-10000380,"Hunt PowerHouse Electric Pencil Sharpener, Blue",1617.9479999999999,448.164,0.27699530516431925,Office Supplies,Art,44.8164,0.0
FUR-TA-10003748,Bevis 36 x 72 Conference Tables,4332.252,448.164,0.10344827586206895,Furniture,Tables,56.0205,0.25
TEC-PH-10002584,Samsung Galaxy S4,6134.702,438.193,0.07142857142857142,Technology,Phones,87.6386,0.2
TEC-PH-10002726,netTALK DUO VoIP Telephone Service,1112.788,430.418,0.3867924528301887,Technology,Phones,61.488285714285716,0.0
FUR-TA-10000617,"Hon Practical Foundations 30 x 60 Training Table, Light Gray/Charcoal",4334.8275,430.06950000000006,0.09921259842519686,Furniture,Tables,71.67825,0.3333333333333333
OFF-ST-10003716,Tennsco Double-Tier Lockers,9630.856,429.7882000000001,0.04462616822429907,Office Supplies,Storage,35.81568333333334,0.5
TEC-AC-10000420,Logitech G500s Laser Gaming Mouse with Adjustable Weight Tuning,1399.8,429.7386,0.30700000000000005,Technology,Accessories,107.43465,0.0
FUR-CH-10001708,Office Star - Contemporary Swivel Chair with Padded Adjustable Arms and Flex Back,3989.734,425.7596,0.10671378091872791,Furniture,Chairs,60.822799999999994,0.14285714285714285
TEC-PH-10004447,Toshiba IPT2010-SD IP Telephone,3613.7400000000002,425.3094,0.11769230769230768,Technology,Phones,53.163675,0.0
OFF-PA-10001497,Xerox 1914,956.304,423.74159999999995,0.443103448275862,Office Supplies,Paper,84.74831999999999,0.0
TEC-PH-10002922,ShoreTel ShorePhone IP 230 VoIP phone,2906.628,422.475,0.14534883720930233,Technology,Phones,105.61875,0.0
OFF-EN-10001453,"Tyvek Interoffice Envelopes, 9 1/2"" x 12 1/2"", 100/Box",939.092,421.9816,0.4493506493506494,Office Supplies,Envelopes,84.39632,0.0
OFF-ST-10003816,Fellowes High-Stak Drawer Files,3946.656,419.3322,0.10625,Office Supplies,Storage,52.416525,0.0
TEC-PH-10000526,Vtech CS6719,2630.126,418.5164,0.15912408759124086,Technology,Phones,59.78805714285714,0.14285714285714285
OFF-AP-10000179,Honeywell Enviracaire Portable HEPA Air Cleaner for up to 10 x 16 Room,1320.166,417.0244,0.31588785046728973,Office Supplies,Appliances,139.00813333333335,0.0
OFF-ST-10000036,"Recycled Data-Pak for Archival Bound Computer Printouts, 12-1/2 x 12-1/2 x 16",1857.252,414.918,0.22340425531914895,Office Supplies,Storage,69.153,0.0
FUR-CH-10004626,Office Star Flex Back Scooter Chair with Aluminum Finish Frame,1947.1770000000001,413.649,0.21243523316062174,Furniture,Chairs,68.9415,0.0
OFF-BI-10003718,GBC Therma-A-Bind 250T Electric Binding System,1180.704,413.2464,0.35000000000000003,Office Supplies,Binders,206.6232,0.0
TEC-PH-10001619,LG G3,1803.1080000000002,411.579,0.22826086956521738,Technology,Phones,102.89475,0.0
TEC-AC-10002473,Maxell 4.7GB DVD-R,1231.692,411.2262,0.3338709677419355,Technology,Accessories,37.3842,0.0
FUR-BO-10002916,"Rush Hierlooms Collection 1"" Thick Stackable Bookcases",2487.759,410.352,0.16494845360824742,Furniture,Bookcases,102.588,0.0
TEC-AC-10004659,Imation Secure+ Hardware Encrypted USB 2.0 Flash Drive; 16GB,1926.9360000000001,408.744,0.21212121212121213,Technology,Accessories,81.7488,0.0
OFF-PA-10000357,"White Dual Perf Computer Printout Paper, 2700 Sheets, 1 Part, Heavyweight, 20 lbs., 14 7/8 x 11",909.9780000000001,408.26039999999995,0.44864864864864856,Office Supplies,Paper,68.04339999999999,0.0
OFF-PA-10001125,Xerox 1988,1102.888,404.289,0.3665730337078652,Office Supplies,Paper,44.921,0.0
OFF-AP-10002684,"Acco 7-Outlet Masterpiece Power Center, Wihtout Fax/Phone Line Protection",3039.5,401.21400000000006,0.132,Office Supplies,Appliances,57.31628571428572,0.2857142857142857
OFF-PA-10003641,Xerox 1909,970.784,400.976,0.41304347826086957,Office Supplies,Paper,44.55288888888889,0.0
TEC-AC-10002253,Imation Bio 8GB USB Flash Drive Imation Corp,2659.84,398.976,0.15,Technology,Accessories,99.744,0.0
TEC-PH-10002660,Nortel Networks T7316 E Nt8 B27,1876.524,397.7415,0.21195652173913043,Technology,Phones,66.29025,0.0
TEC-MA-10002859,Ativa MDM8000 8-Sheet Micro-Cut Shredder,917.8979999999999,393.2563,0.42843137254901964,Technology,Machines,196.62815,0.0
OFF-ST-10000689,"Fellowes Strictly Business Drawer File, Letter/Legal Size",4479.03,388.746,0.08679245283018867,Office Supplies,Storage,55.53514285714285,0.2857142857142857
TEC-PH-10003505,Geemarc AmpliPOWER60,3415.04,384.192,0.1125,Technology,Phones,34.926545454545455,0.09090909090909091
OFF-AP-10000828,Avanti 4.4 Cu. Ft. Refrigerator,3511.012,383.67760000000004,0.10927835051546392,Office Supplies,Appliances,54.81108571428572,0.14285714285714285
OFF-AP-10002311,"Holmes Replacement Filter for HEPA Air Cleaner, Very Large Room, HEPA Filter",1383.0810000000001,381.20739999999995,0.2756218905472636,Office Supplies,Appliances,38.12074,0.2
OFF-PA-10000062,Green Bar Computer Printout Paper,857.376,380.8728,0.4442307692307692,Office Supplies,Paper,76.17456,0.0
OFF-AP-10004487,Kensington 4 Outlet MasterPiece Compact Power Control Center,2488.392,380.5776,0.15294117647058825,Office Supplies,Appliances,54.368228571428574,0.14285714285714285
TEC-AC-10001539,Logitech G430 Surround Sound Gaming Headset with Dolby 7.1 Technology,1247.844,377.5528,0.30256410256410254,Technology,Accessories,94.3882,0.0
TEC-PH-10000673,Plantronics Voyager Pro HD - Bluetooth Headset,1221.812,376.942,0.3085106382978724,Technology,Phones,75.3884,0.0
FUR-FU-10004864,"Howard Miller 14-1/2"" Diameter Chrome Round Wall Clock",1636.864,375.9672,0.2296875,Furniture,Furnishings,53.7096,0.14285714285714285
OFF-PA-10001144,Xerox 1913,865.4879999999999,375.0448,0.43333333333333335,Office Supplies,Paper,75.00896,0.0
OFF-AP-10001394,Harmony Air Purifier,1946.7,374.22,0.19223300970873788,Office Supplies,Appliances,74.84400000000001,0.2
OFF-BI-10002735,GBC Prestige Therm-A-Bind Covers,1073.903,364.7153,0.33961661341853033,Office Supplies,Binders,36.47153,0.1
FUR-BO-10002598,"Hon Metal Bookcases, Putty",1320.228,362.7078,0.2747311827956989,Furniture,Bookcases,72.54156,0.0
TEC-PH-10002352,Avaya IP Phone 1140E VoIP phone,1394.95,362.687,0.26,Technology,Phones,362.687,0.0
FUR-FU-10003192,Luxo Adjustable Task Clamp Lamp,1545.816,362.46720000000005,0.23448275862068968,Furniture,Furnishings,90.61680000000001,0.0
TEC-AC-10000474,Kensington Expert Mouse Optical USB Trackball for PC or Mac,1690.8220000000001,360.962,0.2134831460674157,Technology,Accessories,60.160333333333334,0.0
TEC-MA-10004241,Star Micronics TSP800 TSP847IIU Receipt Printer,1286.85,360.318,0.28,Technology,Machines,180.159,0.0
TEC-AC-10001990,Kensington Orbit Wireless Mobile Trackball for PC and Mac,1703.7160000000001,357.5404,0.20985915492957744,Technology,Accessories,71.50807999999999,0.0
OFF-PA-10000157,Xerox 191,767.232,354.2454,0.46171875000000007,Office Supplies,Paper,35.42454,0.0
FUR-TA-10003392,Global Adaptabilities Conference Tables,3540.348,354.0348,0.1,Furniture,Tables,88.5087,0.5
OFF-PA-10002254,Xerox 1883,881.092,354.0196,0.40179640718562876,Office Supplies,Paper,50.57422857142858,0.0
FUR-FU-10004188,Luxo Professional Combination Clamp-On Lamps,1329.9,345.774,0.26,Furniture,Furnishings,69.1548,0.0
FUR-CH-10004983,Office Star - Mid Back Dual function Ergonomic High Back Chair with 2-Way Adjustable Arms,4185.48,342.8874,0.08192307692307693,Furniture,Chairs,68.57748000000001,0.2
OFF-PA-10002377,Xerox 1916,831.98,342.58,0.4117647058823529,Office Supplies,Paper,48.94,0.0
TEC-AC-10003832,Imation 16GB Mini TravelDrive USB 2.0 Flash Drive,1007.152,342.56419999999997,0.3401315789473684,Technology,Accessories,38.062688888888886,0.0
TEC-PH-10001128,Motorola Droid Maxx,2609.826,341.9772,0.13103448275862067,Technology,Phones,85.4943,0.25
FUR-FU-10002253,"Howard Miller 13"" Diameter Pewter Finish Round Wall Clock",1047.7359999999999,340.5142,0.32500000000000007,Furniture,Furnishings,48.644885714285714,0.0
TEC-PH-10003273,AT&T TR1909W,1738.662,340.173,0.1956521739130435,Technology,Phones,85.04325,0.0
TEC-PH-10002415,Polycom VoiceStation 500 Conference phone,3657.38,339.1925,0.09274193548387097,Technology,Phones,67.8385,0.0
FUR-CH-10001270,Harbour Creations Steel Folding Chair,2389.125,336.375,0.1407942238267148,Furniture,Chairs,42.046875,0.0
TEC-PH-10000455,GE 30522EE2,1159.9,336.371,0.29,Technology,Phones,112.12366666666667,0.0
OFF-PA-10003039,Xerox 1960,879.832,334.584,0.38028169014084506,Office Supplies,Paper,55.764,0.0
OFF-BI-10000632,Satellite Sectional Post Binders,1219.821,329.0478,0.26975088967971533,Office Supplies,Binders,29.913436363636364,0.36363636363636365
OFF-BI-10000977,Ibico Plastic Spiral Binding Combs,1100.48,328.928,0.29889502762430936,Office Supplies,Binders,25.302153846153846,0.38461538461538464
OFF-PA-10003892,Xerox 1943,743.432,328.6752,0.4421052631578948,Office Supplies,Paper,82.1688,0.0
TEC-PH-10002033,Konftel 250 Conference phone - Charcoal black,2221.596,324.69480000000004,0.14615384615384616,Technology,Phones,81.17370000000001,0.0
TEC-PH-10004536,Avaya 5420 Digital phone,1538.886,323.976,0.2105263157894737,Technology,Phones,107.992,0.0
OFF-PA-10003129,Tops White Computer Printout Paper,684.74,321.8278,0.47000000000000003,Office Supplies,Paper,80.45695,0.0
TEC-AC-10001465,SanDisk Cruzer 64 GB USB Flash Drive,1184.032,319.616,0.26993865030674846,Technology,Accessories,35.51288888888889,0.0
FUR-FU-10000308,Deflect-o Glass Clear Studded Chair Mats,1579.372,318.3616,0.2015748031496063,Furniture,Furnishings,45.480228571428576,0.0
TEC-PH-10000369,HTC One Mini,2041.038,317.4948,0.15555555555555556,Technology,Phones,79.3737,0.0
TEC-PH-10003484,Ooma Telo VoIP Home Phone System,2015.8400000000001,314.975,0.15625,Technology,Phones,62.995000000000005,0.0
FUR-FU-10004306,Electrix Halogen Magnifier Lamp,2759.06,314.766,0.11408450704225354,Furniture,Furnishings,52.461000000000006,0.16666666666666666
OFF-PA-10001954,Xerox 1964,721.744,314.73519999999996,0.43607594936708854,Office Supplies,Paper,78.68379999999999,0.0
TEC-PH-10002563,Adtran 1202752G1,1990.6419999999998,312.4552,0.1569620253164557,Technology,Phones,62.49104,0.0
FUR-TA-10001771,"Bush Cubix Conference Tables, Fully Assembled",3603.288,311.82300000000004,0.08653846153846155,Furniture,Tables,77.95575000000001,0.25
FUR-FU-10001185,"Advantus Employee of the Month Certificate Frame, 11 x 13-1/2",822.738,311.7744,0.37894736842105264,Furniture,Furnishings,62.35488,0.0
OFF-AP-10003779,Kensington 7 Outlet MasterPiece Power Center with Fax/Phone Line Protection,1473.108,311.22,0.21126760563380284,Office Supplies,Appliances,77.805,0.0
FUR-BO-10000362,Sauder Inglewood Library Bookcases,2154.348,311.1836,0.14444444444444446,Furniture,Bookcases,62.236720000000005,0.2
OFF-AR-10002135,Boston Heavy-Duty Trimline Electric Pencil Sharpeners,1166.44,310.89,0.2665289256198347,Office Supplies,Art,62.178,0.0
OFF-EN-10001434,"Strathmore #10 Envelopes, Ultimate White",632.52,309.9348,0.49,Office Supplies,Envelopes,77.4837,0.0
OFF-PA-10001357,Xerox 1886,651.4399999999999,302.728,0.46470588235294125,Office Supplies,Paper,60.5456,0.0
TEC-PH-10001819,Innergie mMini Combo Duo USB Travel Charging Kit,746.8340000000001,302.3328,0.40481927710843374,Technology,Phones,50.3888,0.0
OFF-LA-10002762,Avery 485,639.03,300.3441,0.4700000000000001,Office Supplies,Labels,37.5430125,0.0
TEC-PH-10004345,Cisco SPA 502G IP Phone,2063.14,299.875,0.14534883720930233,Technology,Phones,59.975,0.0
OFF-EN-10003055,"Blue String-Tie & Button Interoffice Envelopes, 10 x 13",783.608,299.85,0.38265306122448983,Office Supplies,Envelopes,42.83571428571429,0.0
FUR-FU-10004091,"Howard Miller 13"" Diameter Goldtone Round Wall Clock",1042.068,294.3138,0.28243243243243243,Furniture,Furnishings,49.0523,0.16666666666666666
OFF-AP-10004540,"Eureka The Boss Lite 10-Amp Upright Vacuum, Blue",1042.08,291.7824,0.28,Office Supplies,Appliances,72.9456,0.0
OFF-AP-10002734,Holmes Harmony HEPA Air Purifier for 17 x 20 Room,675.12,290.3016,0.43,Office Supplies,Appliances,290.3016,0.0
FUR-FU-10000576,Luxo Professional Fluorescent Magnifier Lamp with Clamp-Mount Base,3861.0560000000005,289.5791999999999,0.07499999999999997,Furniture,Furnishings,57.91583999999998,0.2
FUR-FU-10001979,Dana Halogen Swing-Arm Architect Lamp,1114.384,288.4288,0.25882352941176473,Furniture,Furnishings,48.07146666666667,0.0
OFF-ST-10001272,"Mini 13-1/2 Capacity Data Binder Rack, Pearl",1465.7440000000001,287.914,0.1964285714285714,Office Supplies,Storage,57.5828,0.0
TEC-AC-10001109,Logitech Trackman Marble Mouse,773.742,286.70439999999996,0.3705426356589147,Technology,Accessories,31.85604444444444,0.0
OFF-PA-10001736,Xerox 1880,623.744,285.64639999999997,0.4579545454545454,Office Supplies,Paper,57.129279999999994,0.0
TEC-PH-10004389,Nokia Lumia 925,1310.296,284.7374,0.21730769230769229,Technology,Phones,94.91246666666666,0.0
OFF-BI-10001989,Premium Transparent Presentation Covers by GBC,753.182,284.0692,0.37715877437325906,Office Supplies,Binders,28.406920000000003,0.2
FUR-CH-10004477,"Global Push Button Manager's Chair, Indigo",2185.951,283.74739999999997,0.1298050139275766,Furniture,Chairs,31.527488888888886,0.3333333333333333
FUR-CH-10004997,Hon Every-Day Series Multi-Task Chairs,6748.482,281.96999999999997,0.04178272980501392,Furniture,Chairs,28.196999999999996,0.3
OFF-BI-10001543,GBC VeloBinder Manual Binding System,842.166,280.72200000000004,0.33333333333333337,Office Supplies,Binders,35.090250000000005,0.25
TEC-AC-10001772,Memorex Mini Travel Drive 16 GB USB 2.0 Flash Drive,718.6500000000001,280.2735,0.38999999999999996,Technology,Accessories,46.712250000000004,0.0
OFF-PA-10004327,Xerox 1911,603.54,279.736,0.4634920634920635,Office Supplies,Paper,55.947199999999995,0.0
OFF-PA-10004475,Xerox 1940,615.552,279.1968,0.45357142857142857,Office Supplies,Paper,69.7992,0.0
OFF-PA-10002923,Xerox 1942,597.068,278.95799999999997,0.4672131147540983,Office Supplies,Paper,46.492999999999995,0.0
OFF-ST-10002974,"Trav-L-File Heavy-Duty Shuttle II, Black",1193.818,278.848,0.23357664233576644,Office Supplies,Storage,39.83542857142857,0.0
OFF-ST-10003282,"Advantus 10-Drawer Portable Organizer, Chrome Metal Frame, Smoke Drawers",1051.7759999999998,277.2864,0.26363636363636367,Office Supplies,Storage,69.3216,0.0
TEC-PH-10001079,Polycom SoundPoint Pro SE-225 Corded phone,1903.8400000000001,276.0568,0.145,Technology,Phones,69.0142,0.25
TEC-AC-10004353,Hypercom P1300 Pinpad,1108.8,275.31,0.24829545454545457,Technology,Accessories,39.33,0.0
OFF-EN-10002831,"Tyvek  Top-Opening Peel & Seel  Envelopes, Gray",610.98,274.941,0.44999999999999996,Office Supplies,Envelopes,91.64699999999999,0.0
TEC-PH-10004042,ClearOne Communications CHAT 70 OC Speaker Phone,1685.294,273.4628,0.16226415094339622,Technology,Phones,68.3657,0.0
OFF-PA-10004039,Xerox 1882,615.78,273.18240000000003,0.4436363636363637,Office Supplies,Paper,54.636480000000006,0.0
TEC-PH-10004120,AT&T 1080 Phone,1589.084,271.2402,0.1706896551724138,Technology,Phones,90.41340000000001,0.0
TEC-MA-10004552,Star Micronics TSP100 TSP143LAN Receipt Printer,1035.8,269.308,0.26,Technology,Machines,269.308,0.0
FUR-CH-10002965,"Global Leather Highback Executive Chair with Pneumatic Height Adjustment, Black",5989.204,267.3034,0.04463087248322148,Furniture,Chairs,26.73034,0.4
FUR-FU-10001290,Executive Impressions Supervisor Wall Clock,867.2599999999999,266.072,0.3067961165048544,Furniture,Furnishings,66.518,0.0
OFF-BI-10002026,Ibico Recycled Linen-Style Covers,749.952,262.4832,0.35000000000000003,Office Supplies,Binders,65.6208,0.25
OFF-ST-10000675,"File Shuttle II and Handi-File, Black",1125.148,260.953,0.2319277108433735,Office Supplies,Storage,37.278999999999996,0.0
OFF-PA-10002222,"Xerox Color Copier Paper, 11"" x 17"", Ream",593.84,260.83279999999996,0.43923076923076915,Office Supplies,Paper,43.472133333333325,0.0
OFF-BI-10002082,GBC Twin Loop Wire Binding Elements,1041.664,259.584,0.24920127795527158,Office Supplies,Binders,25.9584,0.4
TEC-PH-10003811,Jabra Supreme Plus Driver Edition Headset,2159.82,259.1784,0.12,Technology,Phones,51.83568,0.2
OFF-ST-10001837,"SAFCO Mobile Desk Side File, Wire Frame",1240.04,259.1256,0.20896551724137932,Office Supplies,Storage,32.3907,0.0
OFF-PA-10002319,Xerox 1944,573.648,257.3664,0.4486486486486486,Office Supplies,Paper,42.8944,0.0
FUR-FU-10001215,"Howard Miller 11-1/2"" Diameter Brentwood Wall Clock",681.454,256.1922,0.37594936708860766,Furniture,Furnishings,64.04805,0.25
TEC-AC-10000109,Sony Micro Vault Click 16 GB USB 2.0 Flash Drive,1489.334,255.3144,0.17142857142857143,Technology,Accessories,28.368266666666667,0.0
OFF-PA-10003790,Xerox 1991,575.568,254.8944,0.44285714285714284,Office Supplies,Paper,42.4824,0.0
FUR-CH-10004875,Harbour Creations 67200 Series Stacking Chairs,1501.8980000000001,254.8244,0.1696682464454976,Furniture,Chairs,31.85305,0.125
OFF-ST-10000877,Recycled Steel Personal File for Standard File Folders,1072.626,254.334,0.2371134020618557,Office Supplies,Storage,63.5835,0.0
FUR-CH-10002439,"Iceberg Nesting Folding Chair, 19w x 6d x 43h",1589.406,253.8392,0.15970695970695972,Furniture,Chairs,42.306533333333334,0.0
TEC-PH-10002555,Nortel Meridian M5316 Digital phone,2744.87,253.77100000000002,0.09245283018867925,Technology,Phones,63.442750000000004,0.5
TEC-PH-10000486,Plantronics HL10 Handset Lifter,2227.008,250.5384,0.1125,Technology,Phones,83.5128,0.0
FUR-FU-10003553,"Howard Miller 13-1/2"" Diameter Rosebrook Wall Clock",949.026,247.57199999999997,0.2608695652173913,Furniture,Furnishings,49.514399999999995,0.2
FUR-CH-10003817,"Global Value Steno Chair, Gray",2204.862,245.99699999999999,0.11157024793388429,Furniture,Chairs,24.5997,0.3
OFF-PA-10002581,Xerox 1951,755.912,244.74200000000002,0.3237704918032787,Office Supplies,Paper,40.790333333333336,0.0
FUR-FU-10000277,Deflect-o DuraMat Antistatic Studded Beveled Mat for Medium Pile Carpeting,1685.44,244.3888,0.145,Furniture,Furnishings,48.87776,0.2
OFF-LA-10001474,Avery 477,573.9639999999999,244.24,0.4255319148936171,Office Supplies,Labels,61.06,0.0
OFF-LA-10003923,Alphabetical Labels for Top Tab Filing,518.0,244.2,0.4714285714285714,Office Supplies,Labels,27.133333333333333,0.0
TEC-PH-10001580,Logitech Mobile Speakerphone P710e - speaker phone,1916.716,241.6142,0.12605633802816904,Technology,Phones,48.32284,0.0
OFF-AP-10001271,Eureka The Boss Cordless Rechargeable Stick Vac,948.228,241.1354,0.25430107526881723,Office Supplies,Appliances,40.189233333333334,0.0
OFF-PA-10003656,Xerox 1935,538.152,239.0028,0.4441176470588235,Office Supplies,Paper,59.7507,0.0
OFF-PA-10004353,Southworth 25% Cotton Premium Laser Paper and Envelopes,527.472,236.5632,0.4484848484848485,Office Supplies,Paper,47.31264,0.0
OFF-PA-10001790,Xerox 1910,586.088,236.3568,0.4032786885245902,Office Supplies,Paper,47.27136,0.0
OFF-PA-10002120,Xerox 1889,516.624,236.32799999999997,0.45744680851063824,Office Supplies,Paper,78.776,0.0
OFF-AP-10001391,Kensington 6 Outlet MasterPiece HOMEOFFICE Power Control Center,812.1600000000001,235.52639999999997,0.2899999999999999,Office Supplies,Appliances,117.76319999999998,0.0
OFF-BI-10004492,Tuf-Vin Binders,669.496,234.3236,0.35000000000000003,Office Supplies,Binders,33.4748,0.2857142857142857
FUR-CH-10002647,"Situations Contoured Folding Chairs, 4/Set",3641.2740000000003,234.234,0.06432748538011696,Furniture,Chairs,15.6156,0.4
OFF-ST-10000532,Advantus Rolling Drawer Organizers,1115.92,233.18880000000001,0.20896551724137932,Office Supplies,Storage,38.8648,0.0
FUR-CH-10000749,Office Star - Ergonomic Mid Back Chair with 2-Way Adjustable Arms,2207.956,231.6544,0.10491803278688525,Furniture,Chairs,115.8272,0.5
TEC-PH-10001061,Apple iPhone 5C,1339.866,229.97699999999998,0.17164179104477612,Technology,Phones,57.494249999999994,0.0
FUR-BO-10000711,"Hon Metal Bookcases, Gray",851.76,229.9752,0.27,Furniture,Bookcases,114.9876,0.0
TEC-PH-10001750,Samsung Rugby III,1385.79,229.6452,0.1657142857142857,Technology,Phones,28.70565,0.0
OFF-AP-10002518,Kensington 7 Outlet MasterPiece Power Center,2883.276,229.59420000000003,0.07962962962962965,Office Supplies,Appliances,45.91884,0.2
FUR-CH-10001891,Global Deluxe Office Fabric Chairs,1420.504,229.3922,0.1614864864864865,Furniture,Chairs,38.232033333333334,0.0
TEC-PH-10004434,Cisco IP Phone 7961G VoIP phone - Dark gray,1386.69,228.39600000000002,0.16470588235294117,Technology,Phones,76.132,0.0
TEC-AC-10003399,Memorex Mini Travel Drive 64 GB USB 2.0 Flash Drive,543.6,228.312,0.42,Technology,Accessories,38.052,0.0
OFF-EN-10002504,"Tyvek  Top-Opening Peel & Seel Envelopes, Plain White",570.78,225.0504,0.3942857142857143,Office Supplies,Envelopes,32.15005714285714,0.0
OFF-EN-10004483,"#10 White Business Envelopes,4 1/8 x 9 1/2",488.904,223.14079999999998,0.4564102564102564,Office Supplies,Envelopes,31.87725714285714,0.0
OFF-ST-10002292,"Sauder Facets Collection Locker/File Cabinet, Sky Alder Finish",1706.508,222.588,0.13043478260869565,Office Supplies,Storage,111.294,0.0
TEC-PH-10000215,Plantronics Cordless Phone Headset with In-line Volume - M214C,908.6999999999999,219.8355,0.24192307692307694,Technology,Phones,36.63925,0.0
TEC-MA-10004626,Lexmark 20R1285 X6650 Wireless All-in-One Printer,600.0,218.4,0.364,Technology,Machines,109.2,0.5
TEC-PH-10000011,PureGear Roll-On Screen Protector,571.7139999999999,218.2908,0.38181818181818183,Technology,Phones,43.658159999999995,0.0
OFF-PA-10000176,Xerox 1887,512.1899999999999,216.258,0.4222222222222223,Office Supplies,Paper,27.03225,0.0
OFF-BI-10001597,"Wilson Jones Ledger-Size, Piano-Hinge Binder, 2"", Blue",1217.106,215.5548,0.1771043771043771,Office Supplies,Binders,17.9629,0.4166666666666667
TEC-AC-10003590,"TRENDnet 56K USB 2.0 Phone, Internet and Fax Modem",626.538,212.298,0.33884297520661155,Technology,Accessories,42.4596,0.0
TEC-AC-10001714,Logitech MX Performance Wireless Mouse,789.822,211.8159,0.2681818181818182,Technology,Accessories,30.259414285714286,0.0
TEC-PH-10002275,Mitel 5320 IP Phone VoIP phone,2116.688,211.66879999999998,0.09999999999999998,Technology,Phones,52.917199999999994,0.0
OFF-BI-10000666,Surelock Post Binders,653.984,210.864,0.32242990654205606,Office Supplies,Binders,26.358,0.25
FUR-TA-10001705,Bush Advantage Collection Round Conference Table,3401.6,210.474,0.061875,Furniture,Tables,52.6185,0.5
TEC-PH-10003885,Cisco SPA508G,910.662,207.86849999999998,0.22826086956521738,Technology,Phones,41.573699999999995,0.2
OFF-PA-10001970,Xerox 1881,454.36,207.04080000000002,0.4556756756756757,Office Supplies,Paper,18.82189090909091,0.0
OFF-AP-10001205,Belkin 5 Outlet SurgeMaster Power Centers,1776.048,207.024,0.11656441717791412,Office Supplies,Appliances,20.7024,0.1
FUR-BO-10003404,"Global Adaptabilites Bookcase, Cherry/Storm Gray Finish",3447.84,206.87040000000002,0.060000000000000005,Furniture,Bookcases,103.43520000000001,0.0
OFF-AR-10001953,Boston 1645 Deluxe Heavier-Duty Electric Pencil Sharpener,1073.1119999999999,206.2662,0.19221311475409839,Office Supplies,Art,29.4666,0.0
OFF-ST-10003058,Eldon Mobile Mega Data Cart  Mega Stackable  Add-On Trays,709.5,205.755,0.29,Office Supplies,Storage,34.2925,0.0
OFF-PA-10001019,Xerox 1884,543.456,204.5952,0.3764705882352941,Office Supplies,Paper,25.5744,0.0
FUR-CH-10003761,Global Italian Leather Office Chair,969.252,204.3288,0.21081081081081082,Furniture,Chairs,102.1644,0.5
FUR-FU-10004848,"Howard Miller 13-3/4"" Diameter Brushed Chrome Round Wall Clock",1324.8,201.825,0.15234375,Furniture,Furnishings,22.424999999999997,0.1111111111111111
TEC-PH-10001425,Mophie Juice Pack Helium for iPhone,1583.8020000000001,201.57479999999998,0.12727272727272726,Technology,Phones,33.5958,0.16666666666666666
OFF-AP-10001154,Bionaire Personal Warm Mist Humidifier/Vaporizer,515.79,201.1581,0.39,Office Supplies,Appliances,67.0527,0.0
OFF-ST-10003123,Fellowes Bases and Tops For Staxonsteel/High-Stak Systems,858.8820000000001,201.07160000000002,0.23410852713178296,Office Supplies,Storage,20.10716,0.0
OFF-PA-10004243,Xerox 1939,417.34,200.32319999999999,0.48,Office Supplies,Paper,40.06464,0.0
OFF-PA-10003134,Xerox 1937,499.616,199.84640000000002,0.4,Office Supplies,Paper,49.961600000000004,0.0
OFF-AP-10000576,"Belkin 325VA UPS Surge Protector, 6'",1379.172,199.61700000000002,0.14473684210526316,Office Supplies,Appliances,49.904250000000005,0.0
OFF-ST-10000604,Home/Office Personal File Carts,980.232,198.132,0.2021276595744681,Office Supplies,Storage,28.30457142857143,0.0
FUR-CH-10001146,"Global Value Mid-Back Manager's Chair, Gray",1978.925,197.89249999999998,0.09999999999999999,Furniture,Chairs,19.78925,0.3
OFF-ST-10003442,Eldon Portable Mobile Manager,899.304,197.39440000000002,0.21949685534591198,Office Supplies,Storage,21.932711111111114,0.0
FUR-FU-10001861,"Floodlight Indoor Halogen Bulbs, 1 Bulb per Pack, 60 Watts",434.56,197.104,0.4535714285714286,Furniture,Furnishings,32.85066666666667,0.16666666666666666
OFF-EN-10004773,Staple envelope,433.72,196.72299999999998,0.4535714285714285,Office Supplies,Envelopes,49.180749999999996,0.0
TEC-AC-10000358,Imation Secure Drive + Hardware Encrypted USB flash drive - 16 GB,888.966,196.0284,0.2205128205128205,Technology,Accessories,32.6714,0.0
TEC-PH-10003095,Samsung HM1900 Bluetooth Headset,491.68,195.355,0.39732142857142855,Technology,Phones,27.907857142857143,0.0
OFF-PA-10003823,Xerox 197,501.87600000000003,195.174,0.3888888888888889,Office Supplies,Paper,65.058,0.0
TEC-PH-10003215,Jackery Bar Premium Fast-charging Portable Charger,467.22,192.279,0.4115384615384615,Technology,Phones,48.06975,0.0
FUR-FU-10003535,Howard Miller Distant Time Traveler Alarm Clock,531.948,192.2142,0.36134020618556706,Furniture,Furnishings,32.0357,0.16666666666666666
TEC-MA-10004458,Lexmark X 9575 Professional All-in-One Color Printer,396.0,190.08,0.48000000000000004,Technology,Machines,190.08,0.0
TEC-AC-10003116,Memorex Froggy Flash Drive 8 GB,536.05,189.57,0.3536423841059603,Technology,Accessories,23.69625,0.0
OFF-AP-10001293,Belkin 8 Outlet Surge Protector,1073.676,188.508,0.17557251908396948,Office Supplies,Appliances,26.929714285714287,0.14285714285714285
OFF-PA-10000241,"IBM Multi-Purpose Copy Paper, 8 1/2 x 11"", Case",458.504,185.88,0.4054054054054054,Office Supplies,Paper,30.98,0.0
OFF-ST-10001476,Steel Personal Filing/Posting Tote,937.4639999999999,185.7173,0.19810606060606062,Office Supplies,Storage,37.14346,0.0
OFF-PA-10001977,Xerox 194,443.84,184.1936,0.41500000000000004,Office Supplies,Paper,46.0484,0.0
TEC-AC-10001114,Microsoft Wireless Mobile Mouse 4000,591.852,183.954,0.31081081081081086,Technology,Accessories,45.9885,0.0
FUR-FU-10000629,9-3/4 Diameter Round Wall Clock,455.07,183.13119999999998,0.4024242424242424,Furniture,Furnishings,22.891399999999997,0.0
OFF-PA-10000167,Xerox 1925,489.48400000000004,182.782,0.37341772151898733,Office Supplies,Paper,30.46366666666667,0.0
OFF-BI-10003364,Binding Machine Supplies,667.9929999999999,182.6042,0.27336244541484717,Office Supplies,Binders,20.289355555555556,0.1111111111111111
OFF-ST-10003470,"Tennsco Snap-Together Open Shelving Units, Starter Sets and Add-On Units",6819.312,181.66199999999998,0.02663934426229508,Office Supplies,Storage,30.276999999999997,0.16666666666666666
TEC-AC-10000023,"Maxell 74 Minute CD-R Spindle, 50/Pack",503.28,181.1808,0.36000000000000004,Technology,Accessories,36.23616,0.0
FUR-FU-10000076,24-Hour Round Wall Clock,487.512,180.0198,0.36926229508196723,Furniture,Furnishings,30.0033,0.0
TEC-MA-10000112,Panasonic KX MB2061 Multifunction Printer,2396.4,179.73,0.075,Technology,Machines,179.73,0.0
FUR-FU-10001876,"Computer Room Manger, 14""",636.6080000000001,179.2896,0.2816326530612245,Furniture,Furnishings,25.6128,0.0
OFF-PA-10000659,"TOPS Carbonless Receipt Book, Four 2-3/4 x 7-1/4 Money Receipts per Page",406.464,178.704,0.43965517241379315,Office Supplies,Paper,44.676,0.0
TEC-PH-10004908,Panasonic KX TS3282W Corded phone,1665.804,178.47899999999998,0.10714285714285712,Technology,Phones,25.496999999999996,0.14285714285714285
TEC-PH-10002468,"Plantronics CS 50-USB - headset - Convertible, Monaural",1468.692,178.14690000000002,0.1212962962962963,Technology,Phones,35.629380000000005,0.0
OFF-EN-10000927,Jet-Pak Recycled Peel 'N' Seal Padded Mailers,552.706,177.6555,0.3214285714285714,Office Supplies,Envelopes,44.413875,0.0
TEC-MA-10001031,Socket Bluetooth Cordless Hand Scanner (CHS),506.28,177.198,0.35000000000000003,Technology,Machines,177.198,0.0
OFF-AP-10000576,Belkin 7 Outlet SurgeMaster II,631.6800000000001,176.87040000000002,0.28,Office Supplies,Appliances,58.95680000000001,0.0
TEC-PH-10001530,Plantronics Voyager Pro Legend,1359.534,173.0316,0.12727272727272726,Technology,Phones,57.6772,0.3333333333333333
OFF-PA-10004381,14-7/8 x 11 Blue Bar Computer Printout Paper,422.752,172.94400000000002,0.4090909090909091,Office Supplies,Paper,43.236000000000004,0.0
FUR-FU-10003708,"Tenex Traditional Chairmats for Medium Pile Carpet, Standard Lip, 36"" x 48""",1322.17,172.246,0.13027522935779817,Furniture,Furnishings,28.707666666666668,0.16666666666666666
OFF-PA-10004092,Tops Green Bar Computer Printout Paper,342.58,171.29,0.5,Office Supplies,Paper,57.096666666666664,0.0
TEC-PH-10003589,invisibleSHIELD by ZAGG Smudge-Free Screen Protector,442.554,171.2648,0.3869918699186992,Technology,Phones,24.4664,0.0
FUR-CH-10001797,"Safco Chair Connectors, 6/Carton",881.192,170.8512,0.19388646288209607,Furniture,Chairs,42.7128,0.25
OFF-AP-10002578,"Fellowes Premier Superior Surge Suppressor, 10-Outlet, With Phone and Remote",929.48,169.2632,0.18210526315789474,Office Supplies,Appliances,24.180457142857144,0.14285714285714285
OFF-PA-10001295,Computer Printout Paper with Letter-Trim Perforations,405.95799999999997,169.2124,0.4168224299065421,Office Supplies,Paper,24.1732,0.0
OFF-AP-10001124,Belkin 8 Outlet SurgeMaster II Gold Surge Protector with Phone Protection,647.84,168.4384,0.26,Office Supplies,Appliances,168.4384,0.0
TEC-PH-10002890,AT&T 17929 Lendline Telephone,1339.104,167.388,0.125,Technology,Phones,16.7388,0.1
OFF-AP-10001469,Fellowes 8 Outlet Superior Workstation Surge Protector,759.1220000000001,166.84,0.21978021978021978,Office Supplies,Appliances,33.368,0.0
FUR-FU-10002045,"Executive Impressions 14""",377.91,166.2804,0.43999999999999995,Furniture,Furnishings,41.5701,0.0
OFF-LA-10004544,Avery 505,372.96000000000004,165.76,0.44444444444444436,Office Supplies,Labels,23.68,0.0
TEC-PH-10004614,AT&T 841000 Phone,1614.6,165.6,0.10256410256410256,Technology,Phones,23.657142857142855,0.2857142857142857
OFF-AR-10000937,"Dixon Ticonderoga Core-Lock Colored Pencils, 48-Color Set",431.28999999999996,165.206,0.38305084745762713,Office Supplies,Art,82.603,0.0
OFF-EN-10002500,Globe Weis Peel & Seel First Class Envelopes,375.73199999999997,164.862,0.4387755102040817,Office Supplies,Envelopes,23.551714285714286,0.0
TEC-PH-10001468,Panasonic Business Telephones KX-T7736,546.06,163.818,0.30000000000000004,Technology,Phones,163.818,0.0
TEC-PH-10003171,Plantronics Encore H101 Dual Earpieces Headset,746.17,163.618,0.21927710843373494,Technology,Phones,23.374,0.0
OFF-BI-10003876,"Green Canvas Binder for 8-1/2"" x 14"" Sheets",569.24,162.64000000000001,0.28571428571428575,Office Supplies,Binders,32.528000000000006,0.2
TEC-PH-10002549,Polycom SoundPoint IP 450 VoIP phone,3839.62,162.61920000000003,0.0423529411764706,Technology,Phones,27.103200000000005,0.3333333333333333
OFF-AP-10000240,Belkin F9G930V10-GRY 9 Outlet Surge,770.112,162.57920000000001,0.21111111111111114,Office Supplies,Appliances,32.515840000000004,0.2
TEC-PH-10002170,ClearSounds CSC500 Amplified Spirit Phone Corded phone,1119.84,162.3768,0.14500000000000002,Technology,Phones,27.0628,0.16666666666666666
FUR-FU-10002878,"Seth Thomas 14"" Day/Date Wall Clock",467.072,162.0512,0.3469512195121951,Furniture,Furnishings,27.008533333333332,0.0
OFF-LA-10001074,Round Specialty Laser Printer Labels,421.008,162.0129,0.3848214285714286,Office Supplies,Labels,27.00215,0.0
TEC-AC-10001013,Logitech ClearChat Comfort/USB Headset H390,533.078,160.2163,0.30054945054945054,Technology,Accessories,26.702716666666664,0.0
OFF-PA-10000483,Xerox 19,415.132,159.547,0.3843283582089552,Office Supplies,Paper,39.88675,0.0
OFF-BI-10001765,Wilson Jones Heavy-Duty Casebound Ring Binders with Metal Hinges,554.24,157.95839999999998,0.285,Office Supplies,Binders,26.326399999999996,0.3333333333333333
TEC-PH-10002538,Grandstream GXP1160 VoIP phone,803.692,157.7056,0.19622641509433963,Technology,Phones,26.284266666666667,0.16666666666666666
OFF-PA-10004530,Personal Creations Ink Jet Cards and Labels,321.44,157.50560000000002,0.49000000000000005,Office Supplies,Paper,39.376400000000004,0.0
TEC-AC-10004568,Maxell LTO Ultrium - 800 GB,1086.012,156.4641,0.14407216494845362,Technology,Accessories,19.5580125,0.375
OFF-PA-10003441,Xerox 226,334.368,155.7792,0.4658914728682171,Office Supplies,Paper,14.161745454545455,0.0
OFF-AR-10002987,Prismacolor Color Pencil Set,436.48,155.54559999999998,0.3563636363636363,Office Supplies,Art,22.220799999999997,0.0
FUR-CH-10003199,Office Star - Contemporary Task Swivel Chair,1842.268,155.372,0.08433734939759037,Furniture,Chairs,25.895333333333337,0.3333333333333333
TEC-PH-10001305,Panasonic KX TS208W Corded phone,1283.538,154.8084,0.12061068702290077,Technology,Phones,25.8014,0.16666666666666666
OFF-PA-10000595,Xerox 1929,351.736,154.39839999999998,0.43896103896103894,Office Supplies,Paper,38.599599999999995,0.0
TEC-PH-10002680,Samsung Galaxy Note 3,2155.902,153.993,0.07142857142857142,Technology,Phones,51.330999999999996,0.3333333333333333
OFF-AR-10004010,Hunt Boston Vacuum Mount KS Pencil Sharpener,671.808,153.95600000000002,0.22916666666666669,Office Supplies,Art,30.791200000000003,0.0
OFF-ST-10000060,Fellowes Bankers Box Staxonsteel Drawer File/Stacking System,2612.196,153.3528,0.05870646766169155,Office Supplies,Storage,19.1691,0.375
TEC-MA-10002981,I.R.I.S IRISCard Anywhere 5 Card Scanner,350.973,152.0883,0.43333333333333335,Technology,Machines,152.0883,0.0
OFF-ST-10003692,Recycled Steel Personal File for Hanging File Folders,1053.032,151.65949999999998,0.14402173913043478,Office Supplies,Storage,25.27658333333333,0.0
FUR-CH-10003606,SAFCO Folding Chair Trolley,705.32,151.3232,0.21454545454545454,Furniture,Chairs,50.44106666666667,0.3333333333333333
OFF-EN-10001335,"White Business Envelopes with Contemporary Seam, Recycled White Business Envelopes",336.952,150.97199999999998,0.448051948051948,Office Supplies,Envelopes,25.161999999999995,0.0
FUR-FU-10004017,"Tenex Contemporary Contur Chairmats for Low and Medium Pile Carpet, Computer, 39"" x 49""",1010.7819999999999,150.542,0.14893617021276598,Furniture,Furnishings,37.6355,0.0
TEC-AC-10001284,Enermax Briskie RF Wireless Keyboard and Mouse Combo,469.402,150.3748,0.32035398230088497,Technology,Accessories,30.074959999999997,0.0
OFF-AR-10003373,"Boston School Pro Electric Pencil Sharpener, 1670",873.636,149.9432,0.17163120567375886,Office Supplies,Art,21.420457142857142,0.0
OFF-EN-10004206,Multimedia Mailers,325.86,149.8956,0.45999999999999996,Office Supplies,Envelopes,149.8956,0.0
OFF-ST-10000777,"Companion Letter/Legal File, Black",611.712,149.5296,0.24444444444444444,Office Supplies,Storage,29.90592,0.0
TEC-AC-10002647,"Logitech Wireless Boombox Speaker - portable - wireless, wired",383.04,148.96,0.3888888888888889,Technology,Accessories,74.48,0.0
FUR-FU-10001488,"Tenex 46"" x 60"" Computer Anti-Static Chairmat, Rectangular Shaped",2267.9719999999998,148.372,0.06542056074766356,Furniture,Furnishings,21.196,0.0
FUR-FU-10003930,Howard Miller 12-3/4 Diameter Accuwave DS  Wall Clock,786.9,147.9372,0.188,Furniture,Furnishings,73.9686,0.5
FUR-BO-10001519,O'Sullivan 3-Shelf Heavy-Duty Bookcases,1119.195,147.0942,0.13142857142857145,Furniture,Bookcases,29.41884,0.2
OFF-BI-10001670,Vinyl Sectional Post Binders,901.03,147.02999999999997,0.1631799163179916,Office Supplies,Binders,13.366363636363634,0.45454545454545453
OFF-AP-10002457,"Eureka The Boss Plus 12-Amp Hard Box Upright Vacuum, Red",1674.4,146.51000000000002,0.08750000000000001,Office Supplies,Appliances,24.418333333333337,0.16666666666666666
TEC-PH-10000576,AT&T 1080 Corded phone,1945.258,145.2094,0.07464788732394366,Technology,Phones,20.7442,0.14285714285714285
FUR-FU-10004018,Tensor Computer Mounted Lamp,536.04,144.7308,0.27,Furniture,Furnishings,18.09135,0.0
TEC-PH-10004241,Nokia Lumia 1020,1439.968,143.9968,0.1,Technology,Phones,143.9968,0.0
TEC-AC-10001267,Imation 32GB Pocket Pro USB 3.0 Flash Drive - 32 GB - Black - 1 P ...,467.22,143.76,0.30769230769230765,Technology,Accessories,28.752,0.0
OFF-AP-10003842,Euro-Pro Shark Turbo Vacuum,693.952,143.7472,0.20714285714285713,Office Supplies,Appliances,23.957866666666664,0.0
TEC-PH-10002483,Motorola Moto X,1631.952,142.79579999999999,0.0875,Technology,Phones,71.39789999999999,0.0
OFF-PA-10003127,Easy-staple paper,327.112,141.92440000000002,0.4338709677419355,Office Supplies,Paper,23.65406666666667,0.0
OFF-PA-10003625,Xerox 1979,328.38800000000003,140.959,0.4292452830188679,Office Supplies,Paper,46.986333333333334,0.0
OFF-AR-10003903,Sanford 52201 APSCO Electric Pencil Sharpener,565.386,140.9368,0.2492753623188406,Office Supplies,Art,35.2342,0.0
TEC-MA-10003246,Hewlett-Packard Deskjet D4360 Printer,447.968,139.99,0.3125,Technology,Machines,139.99,0.0
TEC-MA-10003626,Hewlett-Packard Deskjet 6540 Color Inkjet Printer,1396.21,139.621,0.1,Technology,Machines,69.8105,0.5
FUR-CH-10003846,Hon Valutask Swivel Chairs,1242.054,139.3524,0.1121951219512195,Furniture,Chairs,34.8381,0.25
OFF-EN-10000483,"White Envelopes, White Envelopes with Clear Poly Window",320.25,139.07999999999998,0.4342857142857142,Office Supplies,Envelopes,27.815999999999995,0.0
OFF-PA-10001363,Xerox 1933,294.72,138.5184,0.47000000000000003,Office Supplies,Paper,27.703680000000002,0.0
OFF-BI-10004593,Ibico Laser Imprintable Binding System Covers,1100.4,138.336,0.12571428571428572,Office Supplies,Binders,17.292,0.375
FUR-FU-10001588,"Deflect-o SuperTray Unbreakable Stackable Tray, Letter, Black",437.70000000000005,138.3132,0.31599999999999995,Furniture,Furnishings,34.5783,0.25
OFF-PA-10000565,Easy-staple paper,279.9,137.151,0.4900000000000001,Office Supplies,Paper,68.5755,0.0
FUR-FU-10003268,Eldon Radial Chair Mat for Low to Medium Pile Carpets,775.612,135.932,0.17525773195876287,Furniture,Furnishings,22.65533333333333,0.0
FUR-BO-10004015,"Bush Andora Bookcase, Maple/Graphite Gray Finish",3317.7235,135.58870000000002,0.04086799276672695,Furniture,Bookcases,15.065411111111112,0.1111111111111111
OFF-AR-10002067,Newell 334,531.712,135.30880000000002,0.25447761194029855,Office Supplies,Art,22.55146666666667,0.0
TEC-PH-10001809,Panasonic KX T7736-B Digital phone,1259.58,134.95499999999998,0.10714285714285714,Technology,Phones,26.990999999999996,0.2
TEC-PH-10002398,AT&T 1070 Corded Phone,1070.304,133.788,0.125,Technology,Phones,44.596000000000004,0.0
TEC-PH-10002262,LG Electronics Tone+ HBS-730 Bluetooth Headset,904.5519999999999,133.30239999999998,0.14736842105263157,Technology,Phones,33.325599999999994,0.25
TEC-AC-10004001,Logitech Wireless Headset H600 Over-The-Head Design,386.90999999999997,133.269,0.3444444444444445,Technology,Accessories,66.6345,0.0
OFF-LA-10003498,Avery 475,266.4,133.2,0.5,Office Supplies,Labels,33.3,0.0
FUR-FU-10004960,"Seth Thomas 12"" Clock w/ Goldtone Case",390.66,132.8244,0.33999999999999997,Furniture,Furnishings,44.2748,0.0
TEC-PH-10002597,Xblue XB-1670-86 X16 Small Office Telephone - Titanium,604.752,132.2895,0.21875000000000003,Technology,Phones,66.14475,0.0
TEC-AC-10000158,Sony 64GB Class 10 Micro SDHC R40 Memory Card,899.75,132.0833,0.1468,Technology,Accessories,14.675922222222223,0.0
TEC-PH-10001615,AT&T CL82213,481.234,131.3247,0.2728915662650603,Technology,Phones,26.264940000000003,0.0
OFF-EN-10003286,Staple envelope,284.832,131.238,0.46075581395348836,Office Supplies,Envelopes,18.748285714285714,0.0
TEC-PH-10004922,RCA Visys Integrated PBX 8-Line Router,1085.238,130.63049999999998,0.12037037037037035,Technology,Phones,26.126099999999997,0.0
OFF-AP-10003287,Tripp Lite TLP810NET Broadband Surge for Modem/Fax,937.848,130.4832,0.13913043478260873,Office Supplies,Appliances,21.747200000000003,0.16666666666666666
TEC-MA-10001570,Cisco Desktop Collaboration Experience DX650 IP Video Phone,385.8,130.2075,0.3375,Technology,Machines,130.2075,0.0
TEC-AC-10004864,Memorex Micro Travel Drive 32 GB,379.70399999999995,129.9756,0.3423076923076923,Technology,Accessories,25.995119999999996,0.0
OFF-SU-10002573,"Acme 10"" Easy Grip Assistive Scissors",448.76800000000003,129.722,0.2890625,Office Supplies,Supplies,16.21525,0.0
TEC-PH-10001254,Jabra BIZ 2300 Duo QD Duo Corded Headset,1727.064,129.5298,0.075,Technology,Phones,32.38245,0.0
OFF-PA-10000380,"REDIFORM Incoming/Outgoing Call Register, 11"" X 8 1/2"", 100 Messages",281.892,127.602,0.45266272189349116,Office Supplies,Paper,15.95025,0.0
TEC-AC-10000710,Maxell DVD-RAM Discs,296.64,127.5552,0.43,Technology,Accessories,42.5184,0.0
TEC-PH-10003437,Blue Parrot B250XT Professional Grade Wireless Bluetooth Headset with,1229.836,127.483,0.10365853658536586,Technology,Phones,31.87075,0.25
OFF-ST-10000943,Eldon ProFile File 'N Store Portable File Tub Letter/Legal Size Black,614.058,127.446,0.20754716981132076,Office Supplies,Storage,18.20657142857143,0.0
FUR-FU-10004460,"Howard Miller 12"" Round Wall Clock",479.33799999999997,127.2996,0.2655737704918033,Furniture,Furnishings,63.6498,0.0
TEC-AC-10004114,KeyTronic 6101 Series - Keyboard - Black,360.712,127.06899999999999,0.35227272727272724,Technology,Accessories,63.534499999999994,0.0
OFF-AR-10002240,Panasonic KP-150 Electric Pencil Sharpener,573.648,126.8064,0.22105263157894736,Office Supplies,Art,31.7016,0.0
OFF-LA-10001158,"Avery Address/Shipping Labels for Typewriters, 4"" x 2""",277.38,126.684,0.45671641791044776,Office Supplies,Labels,18.097714285714286,0.0
FUR-FU-10001473,DAX Wood Document Frame,477.80400000000003,126.316,0.26436781609195403,Furniture,Furnishings,14.035111111111112,0.1111111111111111
TEC-AC-10002006,Memorex Micro Travel Drive 16 GB,556.452,126.1611,0.2267241379310345,Technology,Accessories,21.02685,0.0
TEC-PH-10001051,HTC One,1119.888,125.98740000000001,0.11250000000000002,Technology,Phones,31.496850000000002,0.0
OFF-BI-10000069,"GBC Prepunched Paper, 19-Hole, for Binding Systems, 24-lb",433.789,125.7838,0.28996539792387543,Office Supplies,Binders,17.969114285714287,0.42857142857142855
FUR-CH-10004754,"Global Stack Chair with Arms, Black",803.464,125.0166,0.15559701492537312,Furniture,Chairs,17.859514285714287,0.2857142857142857
FUR-FU-10000747,Tenex B1-RE Series Chair Mats for Low Pile Carpets,1002.3639999999999,124.6058,0.1243119266055046,Furniture,Furnishings,17.80082857142857,0.14285714285714285
OFF-ST-10001321,"Decoflex Hanging Personal Folder File, Blue",518.112,124.131,0.23958333333333334,Office Supplies,Storage,13.792333333333334,0.0
FUR-FU-10004845,"Deflect-o EconoMat Nonstudded, No Bevel Mat",702.44,123.96,0.1764705882352941,Furniture,Furnishings,41.32,0.0
FUR-FU-10000758,DAX Natural Wood-Tone Poster Frame,513.712,123.9264,0.24123711340206186,Furniture,Furnishings,24.78528,0.2
OFF-PA-10001509,"Recycled Desk Saver Line ""While You Were Out"" Book, 5 1/2"" X 4""",268.5,123.51,0.46,Office Supplies,Paper,24.702,0.0
OFF-AR-10001955,Newell 319,511.872,123.00800000000001,0.24031007751937986,Office Supplies,Art,15.376000000000001,0.0
TEC-PH-10002564,OtterBox Defender Series Case - Samsung Galaxy S4,689.77,122.959,0.1782608695652174,Technology,Phones,15.369875,0.0
OFF-AP-10002350,Belkin F9H710-06 7 Outlet SurgeMaster Surge Protector,516.216,122.8368,0.23795620437956203,Office Supplies,Appliances,15.3546,0.0
TEC-PH-10002807,Motorla HX550 Universal Bluetooth Headset,419.23,122.60499999999999,0.29245283018867924,Technology,Phones,30.651249999999997,0.0
TEC-PH-10004006,Panasonic KX - TS880B Telephone,453.41999999999996,122.4234,0.27,Technology,Phones,40.8078,0.0
TEC-AC-10004859,"Maxell Pro 80 Minute CD-R, 10/Pack",374.072,122.36,0.32710280373831774,Technology,Accessories,30.59,0.0
OFF-PA-10002499,Xerox 1890,244.7,122.35,0.5,Office Supplies,Paper,61.175,0.0
TEC-AC-10004901,Kensington SlimBlade Notebook Wireless Mouse with Nano Receiver,549.89,120.9758,0.22000000000000003,Technology,Accessories,30.24395,0.0
FUR-FU-10004973,Flat Face Poster Frame,678.24,120.9528,0.17833333333333332,Furniture,Furnishings,10.0794,0.4166666666666667
OFF-ST-10002276,Safco Steel Mobile File Cart,683.552,120.872,0.17682926829268292,Office Supplies,Storage,24.1744,0.0
OFF-PA-10002986,Xerox 1898,280.56,120.7744,0.43047619047619046,Office Supplies,Paper,10.97949090909091,0.0
TEC-MA-10000029,"Epson WorkForce WF-2530 All-in-One Printer, Copier Scanner",279.96,120.3828,0.43000000000000005,Technology,Machines,60.1914,0.0
TEC-AC-10000865,WD My Passport Ultra 500GB Portable External Hard Drive,708.0,120.36,0.17,Technology,Accessories,30.09,0.0
OFF-AR-10001044,"BOSTON Ranger #55 Pencil Sharpener, Black",618.562,120.3337,0.1945378151260504,Office Supplies,Art,13.37041111111111,0.0
TEC-AC-10004595,First Data TMFD35 PIN Pad,571.2,119.952,0.21,Technology,Accessories,59.976,0.0
OFF-FA-10004854,"Vinyl Coated Wire Paper Clips in Organizer Box, 800/Box",296.18399999999997,119.7364,0.40426356589147294,Office Supplies,Fasteners,14.96705,0.0
OFF-AR-10004602,Boston KS Multi-Size Manual Pencil Sharpener,533.368,119.548,0.22413793103448273,Office Supplies,Art,17.078285714285716,0.0
OFF-LA-10001297,Avery 473,248.4,119.232,0.48,Office Supplies,Labels,19.872,0.0
OFF-ST-10002370,"Sortfiler Multipurpose Personal File Organizer, Black",483.414,118.9284,0.24601769911504426,Office Supplies,Storage,19.8214,0.0
OFF-ST-10001590,"Tenex Personal Project File with Scoop Front Design, Black",517.6320000000001,118.624,0.22916666666666663,Office Supplies,Storage,11.8624,0.0
TEC-MA-10004255,Konica Minolta magicolor 1690MF Multifunction Printer,319.92,118.3704,0.37,Technology,Machines,118.3704,0.0
OFF-AR-10003582,"Boston Electric Pencil Sharpener, Model 1818, Charcoal Black",523.59,118.22999999999999,0.2258064516129032,Office Supplies,Art,14.778749999999999,0.0
OFF-EN-10001532,Brown Kraft Recycled Envelopes,244.512,117.16199999999999,0.47916666666666663,Office Supplies,Envelopes,23.432399999999998,0.0
FUR-CH-10004886,Bevis Steel Folding Chairs,1775.075,117.059,0.06594594594594594,Furniture,Chairs,19.509833333333333,0.16666666666666666
FUR-FU-10003347,Coloredge Poster Frame,298.2,116.298,0.39,Furniture,Furnishings,19.383,0.0
TEC-MA-10003176,Okidata B400 Printer,1029.6,115.83,0.1125,Technology,Machines,57.915,0.0
FUR-CH-10000553,"Metal Folding Chairs, Beige, 4/Carton",685.588,115.7354,0.16881188118811882,Furniture,Chairs,23.14708,0.2
TEC-PH-10001300,"iKross Bluetooth Portable Keyboard + Cell Phone Stand Holder + Brush for Apple iPhone 5S 5C 5, 4S 4",477.66,115.64399999999999,0.2421052631578947,Technology,Phones,23.1288,0.0
OFF-EN-10004386,"Recycled Interoffice Envelopes with String and Button Closure, 10 x 13",259.092,115.152,0.4444444444444445,Office Supplies,Envelopes,23.0304,0.0
OFF-AR-10004042,"BOSTON Model 1800 Electric Pencil Sharpeners, Putty/Woodgrain",496.248,113.274,0.2282608695652174,Office Supplies,Art,18.879,0.0
OFF-PA-10002137,"Southworth 100% Résumé Paper, 24lb.",262.964,113.199,0.43047337278106507,Office Supplies,Paper,16.171285714285712,0.0
TEC-AC-10001266,Memorex Micro Travel Drive 8 GB,299.0,113.1,0.3782608695652174,Technology,Accessories,14.1375,0.0
OFF-ST-10001328,"Personal Filing Tote with Lid, Black/Gray",459.096,112.9128,0.24594594594594596,Office Supplies,Storage,14.1141,0.0
OFF-BI-10001721,Trimflex Flexible Post Binders,346.356,112.8864,0.3259259259259259,Office Supplies,Binders,28.2216,0.25
TEC-PH-10002115,Plantronics 81402,844.672,112.18299999999999,0.1328125,Technology,Phones,28.045749999999998,0.25
OFF-PA-10004082,"Adams Telephone Message Book w/Frequently-Called Numbers Space, 400 Messages per Book",223.44,111.72,0.5,Office Supplies,Paper,15.959999999999999,0.0
TEC-MA-10001972,Okidata C331dn Printer,3210.8,111.68,0.034782608695652174,Technology,Machines,22.336000000000002,0.2
OFF-AR-10004022,Panasonic KP-380BK Classic Electric Pencil Sharpener,705.208,111.538,0.15816326530612246,Office Supplies,Art,18.589666666666666,0.0
OFF-AR-10002671,"Hunt BOSTON Model 1606 High-Volume Electric Pencil Sharpener, Beige",1113.024,111.3024,0.10000000000000002,Office Supplies,Art,111.3024,0.0
OFF-BI-10000962,"Acco Flexible ACCOHIDE Square Ring Data Binder, Dark Blue, 11 1/2"" X 14"" 7/8""",410.004,111.2868,0.2714285714285714,Office Supplies,Binders,11.12868,0.3
OFF-AP-10004532,Kensington 6 Outlet Guardian Standard Surge Protector,409.6,110.592,0.26999999999999996,Office Supplies,Appliances,18.432,0.0
OFF-AP-10002892,Belkin F5C206VTEL 6 Outlet Surge,464.196,110.304,0.2376237623762376,Office Supplies,Appliances,15.757714285714286,0.0
OFF-AR-10000538,"Boston Model 1800 Electric Pencil Sharpener, Gray",405.36,109.785,0.2708333333333333,Office Supplies,Art,36.595,0.0
TEC-PH-10002075,AT&T EL51110 DECT,377.97,109.6113,0.29,Technology,Phones,109.6113,0.0
OFF-AR-10001915,Peel-Off China Markers,287.97,109.4286,0.37999999999999995,Office Supplies,Art,15.632657142857143,0.0
TEC-AC-10004518,Memorex Mini Travel Drive 32 GB USB 2.0 Flash Drive,280.0,109.19999999999999,0.38999999999999996,Technology,Accessories,54.599999999999994,0.0
OFF-AR-10004260,Boston 1799 Powerhouse Electric Pencil Sharpener,389.70000000000005,109.116,0.27999999999999997,Office Supplies,Art,36.372,0.0
OFF-PA-10001776,"Wirebound Message Books, Four 2 3/4"" x 5"" Forms per Page, 600 Sets per Book",246.582,109.01520000000001,0.4421052631578948,Office Supplies,Paper,12.1128,0.0
OFF-PA-10002421,Embossed Ink Jet Note Cards,284.382,108.336,0.38095238095238093,Office Supplies,Paper,27.084,0.0
FUR-FU-10001591,Advantus Panel Wall Certificate Holder - 8.5x11,270.84,108.092,0.39909909909909913,Furniture,Furnishings,18.015333333333334,0.0
TEC-AC-10000057,Microsoft Natural Ergonomic Keyboard 4000,557.814,107.6641,0.19301075268817205,Technology,Accessories,21.53282,0.0
OFF-PA-10001685,Easy-staple paper,257.556,107.58539999999999,0.41771653543307086,Office Supplies,Paper,21.51708,0.0
OFF-EN-10003134,Staple envelope,247.61599999999999,107.456,0.4339622641509434,Office Supplies,Envelopes,15.350857142857143,0.0
FUR-FU-10004748,"Howard Miller 16"" Diameter Gallery Wall Clock",575.46,107.41919999999999,0.18666666666666665,Furniture,Furnishings,26.854799999999997,0.25
OFF-BI-10004230,GBC Recycled Grain Textured Covers,466.29,107.07400000000003,0.22962962962962968,Office Supplies,Binders,21.414800000000007,0.4
OFF-BI-10002854,"Performers Binder/Pad Holder, Black",611.054,106.514,0.1743119266055046,Office Supplies,Binders,13.31425,0.375
FUR-BO-10003894,"Safco Value Mate Steel Bookcase, Baked Enamel Finish on Steel, Black",802.074,106.47,0.13274336283185842,Furniture,Bookcases,35.49,0.0
OFF-BI-10000315,Poly Designer Cover & Back,451.962,106.34400000000001,0.23529411764705885,Office Supplies,Binders,15.192000000000002,0.42857142857142855
OFF-PA-10003673,Strathmore Photo Mount Cards,245.436,106.3104,0.4331491712707182,Office Supplies,Paper,11.812266666666666,0.0
TEC-AC-10000682,Kensington K72356US Mouse-in-a-Box USB Desktop Mouse,321.846,106.176,0.32989690721649484,Technology,Accessories,17.696,0.0
FUR-FU-10004071,Luxo Professional Magnifying Clamp-On Fluorescent Lamps,1268.922,106.09020000000001,0.08360655737704918,Furniture,Furnishings,26.522550000000003,0.25
OFF-AP-10002495,"Acco Smartsocket Table Surge Protector, 6 Color-Coded Adapter Outlets",452.96500000000003,105.485,0.2328767123287671,Office Supplies,Appliances,35.16166666666667,0.0
OFF-BI-10002852,Ibico Standard Transparent Covers,390.576,104.81280000000001,0.2683544303797468,Office Supplies,Binders,10.481280000000002,0.4
OFF-PA-10002713,"Adams Phone Message Book, 200 Message Capacity, 8 1/16” x 11”",227.04,104.4384,0.46,Office Supplies,Paper,13.0548,0.0
OFF-SU-10000898,"Acme Hot Forged Carbon Steel Scissors with Nickel-Plated Handles, 3 7/8"" Cut, 8""L",458.7,103.416,0.22545454545454546,Office Supplies,Supplies,14.773714285714286,0.0
TEC-PH-10004531,OtterBox Commuter Series Case - iPhone 5 & 5s,285.87,102.91319999999999,0.35999999999999993,Technology,Phones,25.728299999999997,0.0
OFF-FA-10002280,Advantus Plastic Paper Clips,225.0,102.80000000000001,0.45688888888888896,Office Supplies,Fasteners,10.280000000000001,0.0
OFF-LA-10004545,Avery 50,235.564,102.746,0.43617021276595747,Office Supplies,Labels,20.5492,0.0
TEC-AC-10002399,SanDisk Cruzer 32 GB USB Flash Drive,361.38,102.708,0.28421052631578947,Technology,Accessories,17.118,0.0
OFF-BI-10004828,GBC Poly Designer Binding Covers,256.122,102.4488,0.4,Office Supplies,Binders,17.0748,0.16666666666666666
TEC-PH-10001530,Cisco Unified IP Phone 7945G VoIP phone,6751.602,102.29699999999997,0.015151515151515147,Technology,Phones,17.049499999999995,0.16666666666666666
FUR-FU-10003039,"Howard Miller 11-1/2"" Diameter Grantwood Wall Clock",500.308,101.7868,0.20344827586206896,Furniture,Furnishings,16.964466666666667,0.16666666666666666
OFF-AP-10000159,Belkin F9M820V08 8 Outlet Surge,558.74,101.003,0.18076923076923077,Office Supplies,Appliances,33.66766666666667,0.0
FUR-TA-10002855,Bevis Round Conference Table Top & Single Column Base,2297.5380000000005,100.97460000000001,0.04394904458598726,Furniture,Tables,20.194920000000003,0.6
OFF-BI-10004001,GBC Recycled VeloBinder Covers,487.34400000000005,100.87679999999999,0.20699300699300696,Office Supplies,Binders,12.609599999999999,0.375
OFF-AP-10002765,Fellowes Advanced Computer Series Surge Protectors,386.754,100.662,0.2602739726027397,Office Supplies,Appliances,16.777,0.0
FUR-TA-10000688,"Chromcraft Bull-Nose Wood Round Conference Table Top, Wood Base",3354.89,100.211,0.02987012987012987,Furniture,Tables,16.701833333333333,0.5
TEC-PH-10001918,Nortel Business Series Terminal T7208 Digital phone,1000.7280000000001,100.0728,0.09999999999999999,Technology,Phones,33.3576,0.0
FUR-FU-10003623,"DataProducts Ampli Magnifier Task Lamp, Black,",508.72800000000007,99.5808,0.1957446808510638,Furniture,Furnishings,19.916159999999998,0.0
TEC-AC-10003289,Anker Ultra-Slim Mini Bluetooth 3.0 Wireless Keyboard,499.75,99.5502,0.19920000000000002,Technology,Accessories,19.910040000000002,0.0
FUR-FU-10002501,Nu-Dell Executive Frame,409.536,98.97120000000001,0.2416666666666667,Furniture,Furnishings,16.4952,0.16666666666666666
OFF-BI-10002225,"Square Ring Data Binders, Rigid 75 Pt. Covers, 11"" x 14-7/8""",334.368,98.2464,0.2938271604938271,Office Supplies,Binders,14.0352,0.14285714285714285
OFF-PA-10004156,Xerox 188,213.192,97.524,0.4574468085106383,Office Supplies,Paper,12.1905,0.0
FUR-FU-10002813,"DAX Contemporary Wood Frame with Silver Metal Mat, Desktop, 11 x 14 Size",291.45599999999996,97.152,0.33333333333333337,Furniture,Furnishings,19.4304,0.0
OFF-PA-10004100,Xerox 216,238.464,96.9408,0.40652173913043477,Office Supplies,Paper,12.1176,0.0
FUR-TA-10004147,Hon 4060 Series Tables,1231.56,96.2856,0.07818181818181819,Furniture,Tables,24.0714,0.25
OFF-PA-10000575,"Wirebound Message Books, Four 2 3/4 x 5 White Forms per Page",218.094,95.2656,0.4368098159509203,Office Supplies,Paper,13.60937142857143,0.0
TEC-PH-10001552,I Need's 3d Hello Kitty Hybrid Silicone Case Cover for HTC One X 4g with 3d Hello Kitty Stylus Pen Green/pink,542.984,95.2016,0.17533039647577092,Technology,Phones,9.52016,0.1
TEC-PH-10004093,Panasonic Kx-TS550,846.216,95.1993,0.11249999999999999,Technology,Phones,13.5999,0.2857142857142857
FUR-FU-10000397,Luxo Economy Swing Arm Lamp,338.98,94.9144,0.27999999999999997,Furniture,Furnishings,18.98288,0.0
FUR-FU-10000521,"Seth Thomas 14"" Putty-Colored Wall Clock",357.948,94.7682,0.2647540983606557,Furniture,Furnishings,23.69205,0.0
TEC-PH-10003963,GE 2-Jack Phone Line Splitter,1771.5140000000001,94.75540000000001,0.053488372093023255,Technology,Phones,31.585133333333335,0.3333333333333333
OFF-ST-10002406,Pizazz Global Quick File,353.29200000000003,94.6104,0.2677966101694915,Office Supplies,Storage,15.7684,0.0
OFF-PA-10004911,"Rediform S.O.S. 1-Up Phone Message Bk, 4-1/4x3-1/16 Bk, 1 Form/Pg, 40 Messages/Bk, 3/Pk",196.98000000000002,94.5504,0.4799999999999999,Office Supplies,Paper,18.91008,0.0
FUR-FU-10000087,"Executive Impressions 14"" Two-Color Numerals Wall Clock",308.99199999999996,94.51520000000001,0.30588235294117655,Furniture,Furnishings,15.752533333333334,0.0
OFF-AR-10000588,Newell 345,476.16,94.4384,0.19833333333333333,Office Supplies,Art,10.493155555555555,0.0
OFF-PA-10000501,Petty Cash Envelope,231.856,94.36,0.4069767441860465,Office Supplies,Paper,31.453333333333333,0.0
OFF-PA-10004665,Advantus Motivational Note Cards,227.94,94.32,0.41379310344827586,Office Supplies,Paper,18.863999999999997,0.0
OFF-PA-10002558,Xerox 1938,268.24,93.884,0.35,Office Supplies,Paper,93.884,0.0
FUR-FU-10004090,"Executive Impressions 14"" Contract Wall Clock",346.788,93.58829999999999,0.26987179487179486,Furniture,Furnishings,13.369757142857141,0.0
OFF-AR-10001615,Newell 34,460.288,93.24799999999999,0.20258620689655168,Office Supplies,Art,13.321142857142856,0.0
OFF-ST-10000464,"Multi-Use Personal File Cart and Caster Set, Three Stacking Bins",368.456,93.15679999999999,0.2528301886792452,Office Supplies,Storage,18.631359999999997,0.0
OFF-PA-10003465,Xerox 1912,201.082,92.5736,0.46037735849056605,Office Supplies,Paper,23.1434,0.0
OFF-AR-10004648,Boston 19500 Mighty Mite Electric Pencil Sharpener,342.55,92.4885,0.27,Office Supplies,Art,23.122125,0.0
OFF-AR-10001897,Model L Table or Wall-Mount Pencil Sharpener,402.976,92.1088,0.22857142857142856,Office Supplies,Art,18.42176,0.0
OFF-PA-10001281,Computer Printout Paper with Letter-Trim Fine Perforations,191.6,91.968,0.48000000000000004,Office Supplies,Paper,91.968,0.0
TEC-AC-10001956,Microsoft Arc Touch Mouse,359.70000000000005,91.124,0.2533333333333333,Technology,Accessories,45.562,0.0
FUR-FU-10002759,12-1/2 Diameter Round Wall Clock,551.448,91.10879999999999,0.16521739130434782,Furniture,Furnishings,11.388599999999999,0.375
TEC-AC-10000171,"Verbatim 25 GB 6x Blu-ray Single Layer Recordable Disc, 25/Pack",248.29199999999997,91.0404,0.36666666666666675,Technology,Accessories,18.208080000000002,0.0
TEC-PH-10003174,RCA ViSYS 25825 Wireless digital phone,727.944,90.993,0.125,Technology,Phones,45.4965,0.0
OFF-AP-10002472,3M Office Air Cleaner,259.8,90.93,0.35000000000000003,Office Supplies,Appliances,45.465,0.0
OFF-BI-10003007,"Premium Transparent Presentation Covers, No Pattern/Clear, 8 1/2"" x 11""",698.04,90.74519999999998,0.12999999999999998,Office Supplies,Binders,12.963599999999998,0.2857142857142857
OFF-ST-10004507,Advantus Rolling Storage Box,428.75,90.7235,0.2116,Office Supplies,Storage,9.07235,0.0
OFF-ST-10003638,Mobile Personal File Cube,449.664,90.6354,0.2015625,Office Supplies,Storage,18.12708,0.0
OFF-PA-10001972,Xerox 214,215.136,90.46079999999999,0.42048192771084336,Office Supplies,Paper,10.0512,0.0
OFF-BI-10002498,Clear Mylar Reinforcing Strips,377.538,90.27269999999999,0.23910891089108907,Office Supplies,Binders,12.896099999999999,0.42857142857142855
OFF-BI-10004308,Avery Legal 4-Ring Binder,258.054,90.214,0.34959349593495936,Office Supplies,Binders,22.5535,0.25
OFF-PA-10003797,Xerox 209,187.92000000000002,90.2016,0.48,Office Supplies,Paper,18.04032,0.0
FUR-BO-10002213,DMI Eclipse Executive Suite Bookcases,11046.609,90.17640000000003,0.008163265306122451,Furniture,Bookcases,15.029400000000004,0.6666666666666666
TEC-AC-10001874,Logitech Wireless Anywhere Mouse MX for PC and Mac,551.908,89.985,0.16304347826086957,Technology,Accessories,29.995,0.0
OFF-AP-10002191,Belkin 8 Outlet SurgeMaster II Gold Surge Protector,737.754,89.97,0.12195121951219512,Office Supplies,Appliances,17.994,0.2
TEC-PH-10000586,AT&T SB67148 SynJ,475.128,89.74640000000001,0.1888888888888889,Technology,Phones,29.91546666666667,0.0
OFF-PA-10000740,Xerox 1982,237.536,89.5328,0.3769230769230769,Office Supplies,Paper,29.844266666666666,0.0
OFF-EN-10001539,Staple envelope,196.056,88.8476,0.4531746031746032,Office Supplies,Envelopes,12.692514285714285,0.0
OFF-PA-10000019,Xerox 1931,209.952,88.6464,0.4222222222222222,Office Supplies,Paper,11.0808,0.0
FUR-FU-10004270,"Executive Impressions 13"" Clairmont Wall Clock",315.372,88.458,0.28048780487804875,Furniture,Furnishings,11.05725,0.25
TEC-AC-10004761,Maxell 4.7GB DVD+RW 3/Pack,264.438,88.41149999999999,0.33433734939759036,Technology,Accessories,22.102874999999997,0.0
FUR-FU-10000023,Eldon Wave Desk Accessories,236.778,88.35,0.3731343283582089,Furniture,Furnishings,9.816666666666666,0.2222222222222222
TEC-PH-10000193,Jensen SMPS-640 - speaker phone,496.584,88.28160000000001,0.1777777777777778,Technology,Phones,22.070400000000003,0.0
OFF-BI-10001510,Deluxe Heavy-Duty Vinyl Round Ring Binder,504.24,88.242,0.17500000000000002,Office Supplies,Binders,12.606,0.2857142857142857
OFF-EN-10003040,Quality Park Security Envelopes,240.764,88.19290000000001,0.36630434782608695,Office Supplies,Envelopes,22.048225000000002,0.0
FUR-FU-10000672,"Executive Impressions 10"" Spectator Wall Clock",258.72,87.9648,0.33999999999999997,Furniture,Furnishings,17.592959999999998,0.0
OFF-PA-10003724,"Wirebound Message Book, 4 per Page",184.62,87.6945,0.47500000000000003,Office Supplies,Paper,12.527785714285715,0.0
OFF-AP-10004785,"Holmes Replacement Filter for HEPA Air Cleaner, Medium Room",203.94,87.6942,0.43,Office Supplies,Appliances,21.92355,0.0
TEC-PH-10004912,Cisco SPA112 2 Port Phone Adapter,516.53,87.37049999999999,0.16914893617021276,Technology,Phones,29.123499999999996,0.0
OFF-BI-10002026,Avery Arch Ring Binders,1318.87,87.15000000000003,0.06607929515418505,Office Supplies,Binders,8.715000000000003,0.4
OFF-AP-10002998,Holmes 99% HEPA Air Purifier,333.564,86.8566,0.2603896103896104,Office Supplies,Appliances,21.71415,0.0
OFF-EN-10000461,"#10- 4 1/8"" x 9 1/2"" Recycled Envelopes",211.508,86.4386,0.40867768595041315,Office Supplies,Envelopes,10.804825,0.0
OFF-SU-10001218,Fiskars Softgrip Scissors,307.44,86.0832,0.28,Office Supplies,Supplies,12.297600000000001,0.0
OFF-PA-10000249,Easy-staple paper,196.48,85.8372,0.436875,Office Supplies,Paper,14.306199999999999,0.0
OFF-ST-10000615,"SimpliFile Personal File, Black Granite, 15w x 6-15/16d x 11-1/4h",347.31,85.806,0.24705882352941175,Office Supplies,Storage,10.72575,0.0
OFF-PA-10002005,Xerox 225,196.99200000000002,85.79520000000001,0.4355263157894737,Office Supplies,Paper,9.532800000000002,0.0
OFF-FA-10003495,Staples,192.128,85.728,0.4462025316455696,Office Supplies,Fasteners,12.246857142857142,0.0
OFF-BI-10002794,"Avery Trapezoid Ring Binder, 3"" Capacity, Black, 1040 sheets",545.034,85.2384,0.15639097744360902,Office Supplies,Binders,12.176914285714286,0.5714285714285714
OFF-BI-10001460,Plastic Binding Combs,269.66999999999996,84.9915,0.31516853932584277,Office Supplies,Binders,16.9983,0.2
FUR-FU-10004053,DAX Two-Tone Silver Metal Document Frame,234.784,84.8056,0.36120689655172417,Furniture,Furnishings,14.134266666666667,0.16666666666666666
TEC-AC-10003063,Micro Innovations USB RF Wireless Keyboard with Mouse,440.0,84.5,0.19204545454545455,Technology,Accessories,14.083333333333334,0.0
TEC-PH-10000560,Samsung Galaxy S III - 16GB - pebble blue (T-Mobile),7139.796,83.99760000000003,0.011764705882352946,Technology,Phones,13.999600000000006,0.3333333333333333
TEC-PH-10004896,Nokia Lumia 521 (T-Mobile),515.828,83.972,0.1627906976744186,Technology,Phones,16.7944,0.2
TEC-PH-10004667,Cisco 8x8 Inc. 6753i IP Business Phone System,2645.804,83.69379999999998,0.03163265306122448,Technology,Phones,13.948966666666664,0.16666666666666666
OFF-AP-10002670,Belkin 8-Outlet Premiere SurgeMaster II Surge Protectors,277.92,83.376,0.3,Office Supplies,Appliances,41.688,0.0
OFF-PA-10002764,Easy-staple paper,170.10000000000002,83.349,0.48999999999999994,Office Supplies,Paper,27.783,0.0
OFF-EN-10003862,Laser & Ink Jet Business Envelopes,198.462,83.226,0.41935483870967744,Office Supplies,Envelopes,16.6452,0.0
OFF-PA-10002245,Xerox 1895,191.36,82.82300000000001,0.4328125,Office Supplies,Paper,11.831857142857144,0.0
OFF-PA-10003172,Xerox 1996,176.256,81.9072,0.4647058823529412,Office Supplies,Paper,10.2384,0.0
FUR-FU-10001986,"Dana Fluorescent Magnifying Lamp, White, 36""",581.172,81.568,0.14035087719298245,Furniture,Furnishings,20.392,0.25
OFF-AP-10001492,"Acco Six-Outlet Power Strip, 4' Cord Length",343.076,81.5452,0.23768844221105526,Office Supplies,Appliances,9.060577777777777,0.0
FUR-FU-10003577,Nu-Dell Leatherette Frames,246.64800000000002,81.4512,0.33023255813953484,Furniture,Furnishings,27.1504,0.0
OFF-LA-10002312,Avery 490,177.6,81.4,0.45833333333333337,Office Supplies,Labels,16.28,0.0
OFF-EN-10003567,"Inter-Office Recycled Envelopes, Brown Kraft, Button-String,10"" x 13"" , 100/Box",197.82,81.326,0.4111111111111111,Office Supplies,Envelopes,27.108666666666664,0.0
FUR-CH-10004698,"Padded Folding Chairs, Black, 4/Carton",1830.1480000000001,80.97999999999999,0.04424778761061946,Furniture,Chairs,10.122499999999999,0.5
OFF-PA-10001950,Southworth 25% Cotton Antique Laid Paper & Envelopes,200.16,80.898,0.4041666666666667,Office Supplies,Paper,16.1796,0.0
OFF-AP-10001242,APC 7 Outlet Network SurgeArrest Surge Protector,1207.2,80.47999999999998,0.06666666666666664,Office Supplies,Appliances,10.059999999999997,0.25
OFF-PA-10003022,Standard Line “While You Were Out” Hardbound Telephone Message Book,211.00799999999998,80.4468,0.38125000000000003,Office Supplies,Paper,40.2234,0.0
TEC-PH-10001198,Avaya 4621SW VoIP phone,709.92,79.866,0.1125,Technology,Phones,19.9665,0.0
OFF-PA-10001725,Xerox 1892,178.296,79.458,0.4456521739130435,Office Supplies,Paper,39.729,0.0
TEC-PH-10000923,"Belkin SportFit Armband For iPhone 5s/5c, Fuchsia",239.84,79.29709999999999,0.33062499999999995,Technology,Phones,15.859419999999997,0.0
OFF-PA-10004101,Xerox 1894,169.776,78.79679999999999,0.4641221374045801,Office Supplies,Paper,15.759359999999997,0.0
TEC-AC-10003023,Logitech G105 Gaming Keyboard,759.936,78.36840000000001,0.10312500000000001,Technology,Accessories,15.673680000000001,0.6
FUR-FU-10002671,Electrix 20W Halogen Replacement Bulb for Zoom-In Desk Lamp,168.84,78.256,0.4634920634920635,Furniture,Furnishings,15.6512,0.0
OFF-ST-10000025,Fellowes Stor/Drawer Steel Plus Storage Drawers,3397.308,78.25259999999999,0.023033707865168535,Office Supplies,Storage,9.781574999999998,0.25
OFF-ST-10001325,Sterilite Officeware Hinged File Box,345.84000000000003,78.076,0.2257575757575757,Office Supplies,Storage,7.097818181818181,0.0
OFF-AR-10002445,SANFORD Major Accent Highlighters,209.56799999999998,77.88,0.37162162162162166,Office Supplies,Art,11.125714285714285,0.0
OFF-PA-10003848,Xerox 1997,178.848,77.76,0.43478260869565216,Office Supplies,Paper,9.72,0.0
OFF-PA-10004996,"Speediset Carbonless Redi-Letter 7"" x 8 1/2""",181.456,77.6343,0.4278409090909091,Office Supplies,Paper,15.52686,0.0
OFF-EN-10002592,"Peel & Seel Recycled Catalog Envelopes, Brown",176.01600000000002,77.586,0.44078947368421045,Office Supplies,Envelopes,19.3965,0.0
OFF-ST-10000876,Eldon Simplefile Box Office,345.832,77.128,0.22302158273381295,Office Supplies,Storage,9.641,0.0
FUR-CH-10002774,"Global Deluxe Stacking Chair, Gray",764.7,76.9798,0.10066666666666665,Furniture,Chairs,10.997114285714286,0.14285714285714285
OFF-BI-10004236,"XtraLife ClearVue Slant-D Ring Binder, White, 3""",386.084,76.9232,0.19923954372623573,Office Supplies,Binders,7.69232,0.3
TEC-PH-10001644,"BlueLounge Milo Smartphone Stand, White/Metallic",335.88800000000003,76.7744,0.22857142857142854,Technology,Phones,25.591466666666665,0.0
OFF-PA-10001870,Xerox 202,171.072,76.7232,0.4484848484848485,Office Supplies,Paper,9.5904,0.0
OFF-AR-10003752,Deluxe Chalkboard Eraser Cleaner,182.49,76.461,0.41898734177215186,Office Supplies,Art,15.2922,0.0
TEC-PH-10002310,Panasonic KX T7731-B Digital phone,659.934,75.9924,0.11515151515151516,Technology,Phones,25.3308,0.3333333333333333
OFF-PA-10000919,Xerox 1918,155.04,75.9696,0.49000000000000005,Office Supplies,Paper,75.9696,0.0
OFF-PA-10003651,Xerox 1968,165.664,75.35040000000001,0.45483870967741946,Office Supplies,Paper,15.07008,0.0
FUR-FU-10001085,3M Polarizing Light Filter Sleeves,216.34,75.346,0.34827586206896555,Furniture,Furnishings,18.8365,0.25
TEC-PH-10001700,Panasonic KX-TG6844B Expandable Digital Cordless Telephone,1135.028,75.2286,0.06627906976744186,Technology,Phones,10.746942857142857,0.14285714285714285
OFF-LA-10004093,Avery 486,168.13,75.1468,0.4469565217391304,Office Supplies,Labels,8.349644444444444,0.0
OFF-AP-10000026,Tripp Lite Isotel 6 Outlet Surge Protector with Fax/Modem Protection,1243.788,74.99310000000001,0.06029411764705883,Office Supplies,Appliances,12.498850000000003,0.16666666666666666
FUR-FU-10001889,Ultra Door Pull Handle,265.104,74.7972,0.2821428571428572,Furniture,Furnishings,12.4662,0.0
OFF-LA-10000414,Avery 503,155.25,74.52,0.48,Office Supplies,Labels,18.63,0.0
OFF-PA-10002160,Xerox 1978,174.556,74.33080000000001,0.42582781456953644,Office Supplies,Paper,9.291350000000001,0.0
FUR-FU-10002445,"DAX Two-Tone Rosewood/Black Document Frame, Desktop, 5 x 7",216.144,73.944,0.34210526315789475,Furniture,Furnishings,9.243,0.125
OFF-EN-10004459,Security-Tint Envelopes,163.49599999999998,73.8788,0.4518691588785047,Office Supplies,Envelopes,8.208755555555555,0.0
OFF-BI-10001078,"Acco PRESSTEX Data Binder with Storage Hooks, Dark Blue, 14 7/8"" X 11""",175.388,73.8674,0.42116564417177915,Office Supplies,Binders,10.552485714285714,0.0
FUR-BO-10003441,"Bush Westfield Collection Bookcases, Fully Assembled",1473.2982000000002,73.71539999999999,0.05003427004797805,Furniture,Bookcases,12.285899999999998,0.3333333333333333
OFF-LA-10002043,Avery 489,159.39,73.278,0.45974025974025984,Office Supplies,Labels,14.655600000000002,0.0
FUR-CH-10002758,"Hon Deluxe Fabric Upholstered Stacking Chairs, Squared Back",1268.696,73.194,0.057692307692307696,Furniture,Chairs,36.597,0.0
FUR-FU-10003374,Electrix Fluorescent Magnifier Lamps & Weighted Base,463.79600000000005,73.0232,0.15744680851063828,Furniture,Furnishings,36.5116,0.0
OFF-PA-10001457,White GlueTop Scratch Pads,186.49599999999998,72.7936,0.39032258064516134,Office Supplies,Paper,36.3968,0.0
OFF-PA-10002377,"Adams Telephone Message Book W/Dividers/Space For Phone Numbers, 5 1/4""X8 1/2"", 200/Messages",172.672,72.704,0.42105263157894735,Office Supplies,Paper,10.386285714285714,0.0
TEC-AC-10002331,"Maxell 74 Minute CDR, 10/Pack",232.764,72.5676,0.31176470588235294,Technology,Accessories,14.51352,0.0
FUR-FU-10004017,"Executive Impressions 13"" Chairman Wall Clock",253.8,72.333,0.285,Furniture,Furnishings,24.111,0.0
OFF-SU-10002537,Acme Box Cutter Scissors,306.9,72.2238,0.23533333333333334,Office Supplies,Supplies,12.0373,0.0
FUR-FU-10004006,"Deflect-o DuraMat Lighweight, Studded, Beveled Mat for Low Pile Carpeting",673.87,72.07849999999999,0.10696202531645568,Furniture,Furnishings,12.013083333333332,0.3333333333333333
OFF-AR-10000658,Newell 324,263.34000000000003,72.072,0.27368421052631575,Office Supplies,Art,10.296000000000001,0.0
OFF-BI-10001294,Fellowes Binding Cases,271.44,71.955,0.2650862068965517,Office Supplies,Binders,14.391,0.2
FUR-FU-10004351,Staple-based wall hangings,202.59199999999998,71.68639999999999,0.3538461538461538,Furniture,Furnishings,11.947733333333332,0.16666666666666666
OFF-PA-10002689,Weyerhaeuser First Choice Laser/Copy Paper (20Lb. and 88 Bright),155.52,71.28,0.4583333333333333,Office Supplies,Paper,14.256,0.0
FUR-FU-10003799,"Seth Thomas 13 1/2"" Wall Clock",316.48400000000004,71.12,0.2247191011235955,Furniture,Furnishings,14.224,0.2
OFF-PA-10001804,Xerox 195,164.328,70.54079999999999,0.42926829268292677,Office Supplies,Paper,8.817599999999999,0.0
OFF-AR-10001725,Boston Home & Office Model 2000 Electric Pencil Sharpeners,297.99,70.477,0.2365079365079365,Office Supplies,Art,11.746166666666667,0.0
OFF-PA-10002968,Xerox 1973,169.01600000000002,70.3472,0.4162162162162162,Office Supplies,Paper,35.1736,0.0
TEC-AC-10004814,Logitech Illuminated Ultrathin Keyboard with Backlighting,170.97,70.0977,0.41000000000000003,Technology,Accessories,70.0977,0.0
OFF-AR-10002956,Boston 16801 Nautilus Battery Pencil Sharpener,444.60200000000003,69.9918,0.1574257425742574,Office Supplies,Art,11.6653,0.0
TEC-PH-10000439,GE DSL Phone Line Filter,495.87600000000003,69.9825,0.1411290322580645,Technology,Phones,17.495625,0.0
OFF-PA-10000061,Xerox 205,150.336,69.4656,0.4620689655172413,Office Supplies,Paper,17.3664,0.0
FUR-FU-10004245,"Career Cubicle Clock, 8 1/4"", Black",194.68800000000002,68.952,0.35416666666666663,Furniture,Furnishings,22.983999999999998,0.0
OFF-PA-10004735,Xerox 1905,146.448,68.94720000000001,0.47079646017699117,Office Supplies,Paper,13.789440000000003,0.0
OFF-LA-10001569,Avery 499,176.292,68.72399999999999,0.38983050847457623,Office Supplies,Labels,6.247636363636363,0.0
TEC-PH-10002085,Clarity 53712,752.2860000000001,68.6296,0.09122807017543859,Technology,Phones,17.1574,0.0
FUR-FU-10004093,Hand-Finished Solid Wood Document Frame,260.14799999999997,68.46000000000001,0.26315789473684215,Furniture,Furnishings,22.820000000000004,0.0
OFF-PA-10002262,Xerox 192,142.56,68.4288,0.48,Office Supplies,Paper,11.4048,0.0
OFF-PA-10001934,Xerox 1993,147.744,68.4288,0.4631578947368421,Office Supplies,Paper,8.5536,0.0
OFF-AR-10003478,"Avery Hi-Liter EverBold Pen Style Fluorescent Highlighters, 4/Pack",219.78,68.376,0.3111111111111111,Office Supplies,Art,11.396,0.0
OFF-AR-10004456,Panasonic KP-4ABK Battery-Operated Pencil Sharpener,234.24,67.92960000000001,0.29000000000000004,Office Supplies,Art,16.982400000000002,0.0
OFF-SU-10000381,Acme Forged Steel Scissors with Black Enamel Handles,279.3,67.7768,0.24266666666666664,Office Supplies,Supplies,8.4721,0.0
OFF-AP-10000696,Holmes Odor Grabber,357.616,67.774,0.18951612903225806,Office Supplies,Appliances,8.47175,0.25
OFF-ST-10002214,X-Rack File for Hanging Folders,318.378,67.74,0.2127659574468085,Office Supplies,Storage,7.526666666666666,0.0
OFF-ST-10000107,Fellowes Super Stor/Drawer,477.3,67.71,0.14186046511627906,Office Supplies,Storage,16.9275,0.25
OFF-PA-10001712,Xerox 1948,149.85000000000002,67.4325,0.44999999999999996,Office Supplies,Paper,22.477500000000003,0.0
OFF-PA-10004888,Xerox 217,151.632,67.392,0.4444444444444444,Office Supplies,Paper,8.424,0.0
OFF-AP-10000692,Fellowes Mighty 8 Compact Surge Protector,344.59000000000003,67.2964,0.1952941176470588,Office Supplies,Appliances,11.216066666666668,0.0
TEC-MA-10001016,Canon PC170 Desktop Personal Copier,575.82,67.179,0.11666666666666665,Technology,Machines,33.5895,0.0
TEC-AC-10004633,"Verbatim 25 GB 6x Blu-ray Single Layer Recordable Disc, 3/Pack",184.536,67.104,0.36363636363636365,Technology,Accessories,11.184,0.0
OFF-PA-10002666,Southworth 25% Cotton Linen-Finish Paper & Envelopes,166.704,67.044,0.4021739130434782,Office Supplies,Paper,16.761,0.0
TEC-AC-10003447,Micropad Numeric Keypads,291.854,66.9665,0.22945205479452055,Technology,Accessories,16.741625,0.0
OFF-BI-10003910,DXL Angle-View Binders with Locking Rings by Samsill,215.109,66.69149999999999,0.31003584229390674,Office Supplies,Binders,6.669149999999999,0.2
TEC-AC-10003280,Belkin F8E887 USB Wired Ergonomic Keyboard,563.812,66.27789999999999,0.11755319148936168,Technology,Accessories,8.284737499999999,0.0
OFF-PA-10001184,Xerox 1903,138.736,65.54079999999999,0.4724137931034482,Office Supplies,Paper,10.923466666666664,0.0
FUR-FU-10001934,Magnifier Swing Arm Lamp,251.76,65.4576,0.26,Furniture,Furnishings,13.09152,0.0
OFF-PA-10003591,Southworth 100% Cotton The Best Paper,151.536,65.43599999999999,0.43181818181818177,Office Supplies,Paper,21.811999999999998,0.0
OFF-EN-10001099,Staple envelope,160.392,65.3304,0.4073170731707317,Office Supplies,Envelopes,13.06608,0.0
OFF-PA-10000726,"Black Print Carbonless Snap-Off Rapid Letter, 8 1/2"" x 7""",160.336,65.1365,0.40624999999999994,Office Supplies,Paper,16.284125,0.0
OFF-PA-10000143,Astroparche Fine Business Paper,144.672,65.0496,0.44963503649635034,Office Supplies,Paper,10.8416,0.0
OFF-EN-10001219,"#10- 4 1/8"" x 9 1/2"" Security-Tint Envelopes",146.688,64.86359999999999,0.44218749999999996,Office Supplies,Envelopes,8.107949999999999,0.0
TEC-PH-10002923,"Logitech B530 USB Headset - headset - Full size, Binaural",739.8,64.7325,0.08750000000000001,Technology,Phones,6.47325,0.1
TEC-AC-10003038,Kingston Digital DataTraveler 16GB USB 2.0,477.93,64.7085,0.13539325842696628,Technology,Accessories,4.977576923076923,0.3076923076923077
TEC-MA-10000423,Texas Instruments TI-34 Scientific Calculator,204.507,64.6506,0.3161290322580645,Technology,Machines,21.5502,0.3333333333333333
OFF-PA-10001667,Great White Multi-Use Recycled Paper (20Lb. and 84 Bright),169.832,64.584,0.3802816901408451,Office Supplies,Paper,8.073,0.0
OFF-LA-10000240,Self-Adhesive Address Labels for Typewriters by Universal,153.51,64.4011,0.4195238095238095,Office Supplies,Labels,9.200157142857142,0.0
OFF-BI-10001628,"Acco Data Flex Cable Posts For Top & Bottom Load Binders, 6"" Capacity",287.868,64.1445,0.22282608695652173,Office Supplies,Binders,6.4144499999999995,0.2
FUR-CH-10003061,"Global Leather Task Chair, Black",1448.839,63.8929,0.044099378881987575,Furniture,Chairs,7.9866125,0.625
OFF-PA-10004983,Xerox 23,141.264,63.7632,0.4513761467889908,Office Supplies,Paper,10.6272,0.0
OFF-ST-10000760,Eldon Fold 'N Roll Cart System,301.968,63.7488,0.2111111111111111,Office Supplies,Storage,12.74976,0.0
OFF-EN-10002986,"#10-4 1/8"" x 9 1/2"" Premium Diagonal Seam Envelopes",176.288,63.747,0.36160714285714285,Office Supplies,Envelopes,31.8735,0.0
OFF-AR-10002952,Stanley Contemporary Battery Pencil Sharpeners,293.7,63.012,0.21454545454545457,Office Supplies,Art,15.753,0.0
OFF-PA-10001639,Xerox 203,143.856,62.985600000000005,0.4378378378378379,Office Supplies,Paper,10.4976,0.0
TEC-AC-10001998,Logitech LS21 Speaker System - PC Multimedia - 2.1-CH - Wired,207.896,62.7686,0.30192307692307696,Technology,Accessories,10.461433333333334,0.0
OFF-ST-10003455,"Tenex File Box, Personal Filing Tote with Lid, Black",338.118,62.6604,0.1853211009174312,Office Supplies,Storage,8.951485714285715,0.0
OFF-AP-10004336,"Conquest 14 Commercial Heavy-Duty Upright Vacuum, Collection System, Accessory Kit",546.816,61.5168,0.1125,Office Supplies,Appliances,15.3792,0.25
OFF-PA-10000743,Xerox 1977,130.928,61.455999999999996,0.4693877551020408,Office Supplies,Paper,10.242666666666667,0.0
FUR-FU-10001095,DAX Black Cherry Wood-Tone Poster Frame,455.456,61.4336,0.13488372093023254,Furniture,Furnishings,7.6792,0.25
OFF-EN-10001990,Staple envelope,130.64,61.400800000000004,0.4700000000000001,Office Supplies,Envelopes,10.233466666666667,0.0
FUR-FU-10002157,Artistic Insta-Plaque,156.8,61.152,0.38999999999999996,Furniture,Furnishings,20.384,0.0
OFF-PA-10001838,"Adams Telephone Message Book W/Dividers/Space For Phone Numbers, 5 1/4""X8 1/2"", 300/Messages",132.888,60.916799999999995,0.4584070796460176,Office Supplies,Paper,6.091679999999999,0.0
OFF-PA-10001800,Xerox 220,145.15200000000002,60.912,0.4196428571428571,Office Supplies,Paper,7.614,0.0
OFF-PA-10004285,Xerox 1959,133.6,60.6544,0.454,Office Supplies,Paper,10.109066666666667,0.0
OFF-PA-10004451,Xerox 222,134.784,60.6528,0.45,Office Supplies,Paper,8.664685714285714,0.0
OFF-PA-10000300,Xerox 1936,155.844,60.5394,0.38846153846153847,Office Supplies,Paper,20.1798,0.0
FUR-FU-10004864,Eldon 500 Class Desk Accessories,197.948,60.4707,0.3054878048780488,Furniture,Furnishings,10.07845,0.0
OFF-AP-10004859,Acco 6 Outlet Guardian Premium Surge Suppressor,432.432,60.42399999999999,0.1397306397306397,Office Supplies,Appliances,7.552999999999999,0.125
OFF-PA-10002893,"Wirebound Service Call Books, 5 1/2"" x 4""",125.84,60.4032,0.48,Office Supplies,Paper,12.080639999999999,0.0
TEC-MA-10003173,Hewlett-Packard 300S Scientific Calculator,131.1,60.306,0.46,Technology,Machines,30.153,0.0
OFF-FA-10000624,OIC Binder Clips,128.164,60.144,0.46927374301675984,Office Supplies,Fasteners,8.592,0.0
TEC-PH-10001299,Polycom CX300 Desktop Phone USB VoIP phone,1679.8880000000001,59.995999999999995,0.035714285714285705,Technology,Phones,11.999199999999998,0.2
OFF-BI-10000320,GBC Plastic Binding Combs,172.692,59.778000000000006,0.34615384615384615,Office Supplies,Binders,5.9778,0.2
OFF-AR-10004344,Bulldog Vacuum Base Pencil Sharpener,330.924,59.5903,0.18007246376811595,Office Supplies,Art,9.931716666666667,0.0
OFF-PA-10004041,"It's Hot Message Books with Stickers, 2 3/4"" x 5""",161.32,59.57,0.36926605504587157,Office Supplies,Paper,9.928333333333333,0.0
OFF-ST-10000136,Letter Size File,341.41999999999996,59.55,0.1744186046511628,Office Supplies,Storage,29.775,0.0
OFF-ST-10004946,Desktop 3-Pocket Hot File,259.68,59.510000000000005,0.22916666666666669,Office Supplies,Storage,29.755000000000003,0.0
OFF-PA-10000312,Xerox 1955,182.72,59.384,0.325,Office Supplies,Paper,29.692,0.0
OFF-PA-10002036,Xerox 1930,138.672,59.3568,0.4280373831775701,Office Supplies,Paper,11.87136,0.0
OFF-AR-10002818,Panasonic KP-310 Heavy-Duty Electric Pencil Sharpener,197.82,59.346000000000004,0.30000000000000004,Office Supplies,Art,29.673000000000002,0.0
OFF-FA-10000621,"OIC Colored Binder Clips, Assorted Sizes",139.62,59.284800000000004,0.4246153846153846,Office Supplies,Fasteners,8.469257142857144,0.0
FUR-FU-10003464,"Seth Thomas 8 1/2"" Cubicle Clock",210.912,59.217600000000004,0.28076923076923077,Furniture,Furnishings,14.804400000000001,0.0
OFF-PA-10002250,Things To Do Today Pad,138.53199999999998,59.1696,0.4271186440677967,Office Supplies,Paper,8.4528,0.0
OFF-BI-10001191,Canvas Sectional Post Binders,422.63599999999997,59.0672,0.13975903614457832,Office Supplies,Binders,9.844533333333333,0.3333333333333333
OFF-ST-10002444,Recycled Eldon Regeneration Jumbo File,235.77599999999998,58.944,0.25000000000000006,Office Supplies,Storage,9.824,0.0
OFF-BI-10004632,GBC Binding covers,137.26999999999998,58.9225,0.429245283018868,Office Supplies,Binders,19.640833333333333,0.0
OFF-AR-10003179,Dixon Ticonderoga Core-Lock Colored Pencils,229.572,58.668400000000005,0.2555555555555556,Office Supplies,Art,8.381200000000002,0.0
OFF-BI-10004728,Wilson Jones Turn Tabs Binder Tool for Ring Binders,212.08,58.5148,0.2759090909090909,Office Supplies,Binders,4.501138461538462,0.3076923076923077
TEC-PH-10001433,Cisco Small Business SPA 502G VoIP phone,882.102,58.4649,0.06627906976744186,Technology,Phones,14.616225,0.25
TEC-AC-10002305,KeyTronic E03601U1 - Keyboard - Beige,324.0,58.32,0.18,Technology,Accessories,9.72,0.0
OFF-AP-10000358,Fellowes Basic Home/Office Series Surge Protectors,436.12800000000004,58.28020000000001,0.13363095238095238,Office Supplies,Appliances,6.4755777777777785,0.1111111111111111
FUR-FU-10000771,"Eldon 200 Class Desk Accessories, Smoke",138.16,58.0272,0.42000000000000004,Furniture,Furnishings,14.5068,0.0
OFF-ST-10000344,"Neat Ideas Personal Hanging Folder Files, Black",276.658,58.0176,0.20970873786407768,Office Supplies,Storage,8.288228571428572,0.0
TEC-AC-10002345,HP Standard 104 key PS/2 Keyboard,275.5,58.0,0.21052631578947367,Technology,Accessories,9.666666666666666,0.0
OFF-PA-10004438,Xerox 1907,122.8,57.716,0.47000000000000003,Office Supplies,Paper,19.238666666666667,0.0
OFF-BI-10004965,Ibico Covers for Plastic or Wire Binding Elements,184.0,57.5,0.3125,Office Supplies,Binders,8.214285714285714,0.2857142857142857
TEC-AC-10000991,Sony Micro Vault Click 8 GB USB 2.0 Flash Drive,582.6759999999999,57.3278,0.09838709677419356,Technology,Accessories,14.33195,0.25
OFF-AP-10004708,Fellowes Superior 10 Outlet Split Surge Protector,867.768,57.09,0.06578947368421052,Office Supplies,Appliances,6.343333333333334,0.2222222222222222
OFF-PA-10004621,Xerox 212,141.264,57.024,0.40366972477064217,Office Supplies,Paper,8.146285714285714,0.0
OFF-BI-10000829,Avery Non-Stick Binders,141.884,57.022999999999996,0.4018987341772152,Office Supplies,Binders,8.146142857142857,0.0
OFF-PA-10001569,Xerox 232,120.52799999999999,56.505599999999994,0.46881720430107526,Office Supplies,Paper,14.126399999999999,0.0
FUR-FU-10003975,Eldon Advantage Chair Mats for Low to Medium Pile Carpets,563.03,56.303000000000004,0.10000000000000002,Furniture,Furnishings,11.2606,0.0
OFF-PA-10001534,Xerox 230,127.008,56.2464,0.4428571428571429,Office Supplies,Paper,11.24928,0.0
OFF-ST-10001172,"Tennsco Lockers, Sand",407.012,56.2264,0.13814432989690723,Office Supplies,Storage,11.24528,0.0
FUR-FU-10000246,Aluminum Document Frame,244.4,56.211999999999996,0.22999999999999998,Furniture,Furnishings,11.2424,0.0
OFF-PA-10002870,"Ampad Phone Message Book, Recycled, 400 Message Capacity, 5 ¾” x 11”",124.8,56.16,0.44999999999999996,Office Supplies,Paper,11.232,0.0
FUR-FU-10002597,"C-Line Magnetic Cubicle Keepers, Clear Polypropylene",136.344,56.1184,0.41159420289855075,Furniture,Furnishings,8.016914285714286,0.0
FUR-FU-10002088,Nu-Dell Float Frame 11 x 14 1/2,170.62,56.0352,0.32842105263157895,Furniture,Furnishings,8.005028571428571,0.14285714285714285
TEC-MA-10002790,NeatDesk Desktop Scanner & Digital Filing System,479.988,55.9986,0.11666666666666667,Technology,Machines,55.9986,0.0
OFF-PA-10004040,Universal Premium White Copier/Laser Paper (20Lb. and 87 Bright),129.168,55.9728,0.4333333333333333,Office Supplies,Paper,11.19456,0.0
FUR-FU-10003691,"Eldon Image Series Desk Accessories, Ebony",180.31,55.822,0.3095890410958904,Furniture,Furnishings,11.1644,0.2
OFF-BI-10003460,Acco 3-Hole Punch,137.53199999999998,55.538399999999996,0.40382165605095544,Office Supplies,Binders,6.170933333333333,0.2222222222222222
OFF-AP-10001563,Belkin Premiere Surge Master II 8-outlet surge protector,952.168,55.3812,0.058163265306122446,Office Supplies,Appliances,7.9116,0.2857142857142857
OFF-AP-10003099,"Eureka Hand Vacuum, Bagless",197.72,55.3616,0.28,Office Supplies,Appliances,55.3616,0.0
OFF-AR-10001683,Lumber Crayons,171.39,55.357,0.32298850574712645,Office Supplies,Art,9.226166666666666,0.0
OFF-PA-10000246,Riverleaf Stik-Withit Designer Note Cubes,136.816,55.33,0.40441176470588236,Office Supplies,Paper,11.065999999999999,0.0
OFF-ST-10004258,Portable Personal File Box,224.66400000000002,55.3113,0.24619565217391304,Office Supplies,Storage,9.21855,0.0
OFF-BI-10003982,Wilson Jones Century Plastic Molded Ring Binders,583.637,55.2482,0.09466192170818506,Office Supplies,Binders,5.52482,0.4
OFF-BI-10002215,"Wilson Jones Hanging View Binder, White, 1""",143.42,55.238,0.38514851485148516,Office Supplies,Binders,7.8911428571428575,0.0
FUR-FU-10003976,"DAX Executive Solid Wood Document Frame, Desktop or Hang, Mahogany, 5 x 7",196.24800000000002,55.1004,0.28076923076923077,Furniture,Furnishings,11.02008,0.0
OFF-LA-10002945,"Permanent Self-Adhesive File Folder Labels for Typewriters, 1 1/8 x 3 1/2, White",153.72,55.062000000000005,0.35819672131147545,Office Supplies,Labels,9.177000000000001,0.0
TEC-PH-10000702,"Square Credit Card Reader, 4 1/2"" x 4 1/2"" x 1"", White",197.802,54.8451,0.2772727272727273,Technology,Phones,10.96902,0.0
FUR-TA-10001086,"SAFCO PlanMaster Boards, 60w x 37-1/2d, White Melamine",2979.004,54.71640000000002,0.01836734693877552,Furniture,Tables,10.943280000000005,0.4
OFF-LA-10004484,Avery 476,137.11599999999999,54.5986,0.39819277108433737,Office Supplies,Labels,5.45986,0.0
FUR-CH-10002961,"Leather Task Chair, Black",1437.484,54.588,0.0379746835443038,Furniture,Chairs,9.098,0.16666666666666666
OFF-PA-10001593,Xerox 1947,136.344,54.119,0.3969298245614035,Office Supplies,Paper,10.8238,0.0
OFF-PA-10000174,"Message Book, Wirebound, Four 5 1/2"" X 4"" Forms/Pg., 200 Dupl. Sets/Book",152.144,54.0728,0.3554054054054054,Office Supplies,Paper,9.012133333333333,0.0
OFF-AR-10003514,4009 Highlighters by Sanford,171.14,53.8096,0.31441860465116284,Office Supplies,Art,6.7262,0.0
OFF-PA-10001471,Strathmore Photo Frame Cards,116.96000000000001,53.8016,0.45999999999999996,Office Supplies,Paper,13.4504,0.0
TEC-AC-10001383,Logitech Wireless Touch Keyboard K400,364.854,53.7285,0.14726027397260275,Technology,Accessories,17.909499999999998,0.3333333333333333
OFF-AP-10001962,Black & Decker Filter for Double Action Dustbuster Cordless Vac BLDV7210,229.88600000000002,53.696,0.2335766423357664,Office Supplies,Appliances,8.949333333333334,0.0
OFF-AR-10001860,BIC Liqua Brite Liner,173.5,53.576800000000006,0.3088,Office Supplies,Art,8.929466666666668,0.0
OFF-ST-10001031,Adjustable Personal File Tote,270.24800000000005,53.3984,0.1975903614457831,Office Supplies,Storage,10.679680000000001,0.0
TEC-AC-10003499,Memorex Mini Travel Drive 8 GB USB 2.0 Flash Drive,194.54399999999998,53.26800000000001,0.2738095238095239,Technology,Accessories,10.6536,0.0
OFF-PA-10001166,Xerox 2,137.376,53.135999999999996,0.38679245283018865,Office Supplies,Paper,5.904,0.0
OFF-AP-10003217,Eureka Sanitaire  Commercial Upright,1524.5320000000002,53.02719999999999,0.03478260869565217,Office Supplies,Appliances,17.67573333333333,0.3333333333333333
OFF-LA-10003766,Self-Adhesive Removable Labels,110.25,52.92,0.48000000000000004,Office Supplies,Labels,7.5600000000000005,0.0
OFF-PA-10003363,Xerox 204,110.16,52.8768,0.48000000000000004,Office Supplies,Paper,13.2192,0.0
FUR-FU-10000794,"Eldon Stackable Tray, Side-Load, Legal, Smoke",155.38,52.8292,0.34,Furniture,Furnishings,10.56584,0.0
TEC-AC-10004708,Sony 32GB Class 10 Micro SDHC R40 Memory Card,251.4,52.794,0.21,Technology,Accessories,13.1985,0.0
TEC-AC-10004420,Cherry 142-key Programmable Keyboard,479.72,52.7692,0.10999999999999999,Technology,Accessories,52.7692,0.0
OFF-ST-10001228,"Fellowes Personal Hanging Folder Files, Navy",284.716,52.6456,0.1849056603773585,Office Supplies,Storage,13.1614,0.0
OFF-PA-10000349,Easy-staple paper,118.524,52.539,0.4432773109243698,Office Supplies,Paper,5.837666666666667,0.0
FUR-FU-10000010,"DAX Value U-Channel Document Frames, Easel Back",175.938,52.4832,0.2983050847457627,Furniture,Furnishings,5.24832,0.1
FUR-FU-10000719,"DAX Cubicle Frames, 8-1/2 x 11",145.69,52.4484,0.36,Furniture,Furnishings,13.1121,0.0
OFF-BI-10004233,"GBC Pre-Punched Binding Paper, Plastic, White, 8-1/2"" x 11""",310.206,52.447199999999995,0.1690721649484536,Office Supplies,Binders,6.555899999999999,0.25
TEC-AC-10000303,Logitech M510 Wireless Mouse,239.94,52.3869,0.21833333333333332,Technology,Accessories,17.4623,0.0
OFF-EN-10001141,"Manila Recycled Extra-Heavyweight Clasp Envelopes, 6"" x 9""",125.172,52.3746,0.41842105263157897,Office Supplies,Envelopes,13.09365,0.0
TEC-PH-10004700,PowerGen Dual USB Car Charger,127.872,52.3476,0.409375,Technology,Phones,13.0869,0.0
OFF-PA-10002479,Xerox 4200 Series MultiUse Premium Copy Paper (20Lb. and 84 Bright),139.392,52.272,0.375,Office Supplies,Paper,6.534,0.0
OFF-EN-10002312,#10 Self-Seal White Envelopes,108.68200000000002,52.123,0.4795918367346938,Office Supplies,Envelopes,13.03075,0.0
OFF-ST-10003996,"Letter/Legal File Tote with Clear Snap-On Lid, Black Granite",218.416,52.0344,0.23823529411764705,Office Supplies,Storage,13.0086,0.0
OFF-PA-10003883,"Message Book, Phone, Wirebound Standard Line Memo, 2 3/4"" X 5""",119.21,52.007,0.43626373626373627,Office Supplies,Paper,10.401399999999999,0.0
OFF-LA-10002475,Avery 519,121.346,51.6086,0.42530120481927713,Office Supplies,Labels,8.601433333333334,0.0
OFF-LA-10001934,Avery 516,109.64999999999999,51.5355,0.47000000000000003,Office Supplies,Labels,12.883875,0.0
OFF-ST-10002205,File Shuttle I and Handi-File,262.668,51.42059999999999,0.19576271186440675,Office Supplies,Storage,17.140199999999997,0.0
OFF-FA-10003112,Staples,146.754,51.285000000000004,0.34946236559139787,Office Supplies,Fasteners,7.326428571428572,0.0
FUR-FU-10000305,"Tenex V2T-RE Standard Weight Series Chair Mat, 45"" x 53"", Lip 25"" x 12""",468.468,51.105599999999995,0.10909090909090907,Furniture,Furnishings,17.0352,0.3333333333333333
OFF-ST-10004186,"Stur-D-Stor Shelving, Vertical 5-Shelf: 72""H x 36""W x 18 1/2""D",2552.54,51.050799999999995,0.019999999999999997,Office Supplies,Storage,10.210159999999998,0.0
OFF-ST-10000649,Hanging Personal Folder File,251.2,51.025,0.203125,Office Supplies,Storage,10.205,0.0
OFF-PA-10000289,Xerox 213,111.456,50.8032,0.45581395348837206,Office Supplies,Paper,8.4672,0.0
OFF-BI-10004970,"ACCOHIDE 3-Ring Binder, Blue, 1""",147.028,50.7164,0.34494382022471914,Office Supplies,Binders,3.9012615384615383,0.07692307692307693
OFF-AP-10003884,"Fellowes Smart Surge Ten-Outlet Protector, Platinum",180.66,50.5848,0.28,Office Supplies,Appliances,50.5848,0.0
OFF-AP-10001366,Staple holder,186.66000000000003,50.3982,0.26999999999999996,Office Supplies,Appliances,12.59955,0.0
TEC-PH-10004531,AT&T CL2909,755.9399999999999,50.395999999999994,0.06666666666666667,Technology,Phones,16.798666666666666,0.3333333333333333
TEC-AC-10002335,Logitech Media Keyboard K200,503.856,50.3856,0.09999999999999999,Technology,Accessories,12.5964,0.5
TEC-PH-10002350,Apple EarPods with Remote and Mic,251.91,50.382,0.19999999999999998,Technology,Phones,12.5955,0.0
OFF-ST-10000885,Fellowes Desktop Hanging File Manager,201.45000000000002,50.362500000000004,0.25,Office Supplies,Storage,12.590625000000001,0.0
OFF-PA-10002464,HP Office Recycled Paper (20Lb. and 87 Bright),106.352,50.3438,0.4733695652173913,Office Supplies,Paper,12.58595,0.0
FUR-FU-10001940,Staple-based wall hangings,219.696,50.3072,0.2289855072463768,Furniture,Furnishings,5.0307200000000005,0.4
OFF-BI-10000174,"Wilson Jones Clip & Carry Folder Binder Tool for Ring Binders, Clear",191.98,50.228,0.26163141993957706,Office Supplies,Binders,5.5808888888888895,0.2222222222222222
OFF-BI-10004826,JM Magazine Binder,204.72400000000002,50.190400000000004,0.24516129032258063,Office Supplies,Binders,8.365066666666667,0.16666666666666666
FUR-FU-10001473,"Eldon Executive Woodline II Desk Accessories, Mahogany",361.87199999999996,50.008700000000005,0.13819444444444448,Furniture,Furnishings,10.001740000000002,0.2
OFF-SU-10004884,Acme Galleria Hot Forged Steel Scissors with Colored Handles,195.052,49.8641,0.2556451612903226,Office Supplies,Supplies,16.621366666666667,0.0
OFF-AR-10001468,"Sanford Prismacolor Professional Thick Lead Art Pencils, 36-Color Set",209.664,49.7952,0.23750000000000002,Office Supplies,Art,16.5984,0.0
OFF-AR-10003727,Berol Giant Pencil Sharpener,254.85000000000002,49.7807,0.19533333333333333,Office Supplies,Art,12.445175,0.0
TEC-MA-10003674,Hewlett-Packard Deskjet 5550 Printer,597.132,49.761,0.08333333333333334,Technology,Machines,49.761,0.0
OFF-BI-10001524,GBC Premium Transparent Covers with Diagonal Lined Pattern,780.4559999999999,49.512800000000006,0.06344086021505378,Office Supplies,Binders,3.536628571428572,0.35714285714285715
OFF-PA-10000587,"Array Parchment Paper, Assorted Colors",106.288,49.504000000000005,0.46575342465753433,Office Supplies,Paper,12.376000000000001,0.0
FUR-FU-10000221,"Master Caster Door Stop, Brown",176.784,49.3776,0.2793103448275862,Furniture,Furnishings,5.4864,0.1111111111111111
OFF-BI-10001922,Storex Dura Pro Binders,153.252,49.361399999999996,0.3220930232558139,Office Supplies,Binders,9.87228,0.2
OFF-LA-10001641,Avery 518,106.47,49.14,0.46153846153846156,Office Supplies,Labels,6.1425,0.0
FUR-CH-10000422,Global Highback Leather Tilter in Burgundy,2647.809,49.13459999999999,0.01855670103092783,Furniture,Chairs,5.459399999999999,0.5555555555555556
OFF-PA-10002606,Xerox 1928,124.608,49.104,0.3940677966101695,Office Supplies,Paper,12.276,0.0
OFF-PA-10004569,"Wirebound Message Books, Two 4 1/4"" x 5"" Forms per Page",109.584,49.084500000000006,0.4479166666666667,Office Supplies,Paper,8.180750000000002,0.0
OFF-ST-10000129,Fellowes Recycled Storage Drawers,1287.9479999999999,48.8532,0.03793103448275863,Office Supplies,Storage,16.2844,0.3333333333333333
OFF-LA-10001613,Avery File Folder Labels,113.472,48.8448,0.4304568527918782,Office Supplies,Labels,3.7572923076923077,0.0
FUR-FU-10001037,"DAX Charcoal/Nickel-Tone Document Frame, 5 x 7",168.744,48.822,0.28932584269662925,Furniture,Furnishings,6.974571428571429,0.14285714285714285
OFF-AP-10001303,"Holmes Cool Mist Humidifier for the Whole House with 8-Gallon Output per Day, Extended Life Filter",147.26,48.754999999999995,0.3310810810810811,Office Supplies,Appliances,12.188749999999999,0.25
OFF-AR-10002656,Sanford Liquid Accent Highlighters,149.632,48.6304,0.325,Office Supplies,Art,9.72608,0.0
FUR-BO-10003660,"Bush Cubix Collection Bookcases, Fully Assembled",729.2339999999999,48.6156,0.06666666666666668,Furniture,Bookcases,16.2052,0.3333333333333333
OFF-PA-10001994,"Ink Jet Note and Greeting Cards, 8-1/2"" x 5-1/2"" Card Size",121.392,48.5568,0.4,Office Supplies,Paper,16.1856,0.0
OFF-BI-10003684,Wilson Jones Legal Size Ring Binders,532.158,48.378,0.09090909090909091,Office Supplies,Binders,5.375333333333334,0.4444444444444444
TEC-MA-10002109,"HP Officejet Pro 8600 e-All-In-One Printer, Copier, Scanner, Fax",449.97,47.9968,0.10666666666666666,Technology,Machines,23.9984,0.0
OFF-AP-10003266,"Holmes Replacement Filter for HEPA Air Cleaner, Large Room",151.062,47.9844,0.3176470588235294,Office Supplies,Appliances,11.9961,0.0
OFF-PA-10000327,Xerox 1971,113.848,47.936,0.42105263157894735,Office Supplies,Paper,7.989333333333334,0.0
OFF-ST-10002352,Iris Project Case,225.036,47.88,0.2127659574468085,Office Supplies,Storage,7.98,0.0
FUR-FU-10001918,C-Line Cubicle Keepers Polyproplyene Holder With Velcro Backings,137.17,47.7257,0.3479310344827587,Furniture,Furnishings,5.9657125,0.125
OFF-PA-10000304,Xerox 1995,121.82400000000001,47.6928,0.3914893617021276,Office Supplies,Paper,7.948799999999999,0.0
OFF-PA-10002246,"Wirebound Four 2-3/4 x 5 Forms per Page, 400 Sets per Book",119.97,47.601,0.3967741935483871,Office Supplies,Paper,7.9334999999999996,0.0
FUR-FU-10004963,"Eldon 400 Class Desk Accessories, Black Carbon",159.25,47.6,0.2989010989010989,Furniture,Furnishings,7.933333333333334,0.16666666666666666
FUR-CH-10002780,Office Star - Task Chair with Contemporary Loop Arms,600.4680000000001,47.3096,0.07878787878787878,Furniture,Chairs,23.6548,0.0
TEC-AC-10001552,Logitech K350 2.4Ghz Wireless Keyboard,1154.664,47.2815,0.040948275862068964,Technology,Accessories,9.4563,0.4
OFF-PA-10000791,"Wirebound Message Books, Four 2 3/4 x 5 Forms per Page, 200 Sets per Book",115.434,47.223,0.4090909090909091,Office Supplies,Paper,7.8705,0.0
OFF-PA-10002615,"Ampad Gold Fibre Wirebound Steno Books, 6"" x 9"", Gregg Ruled",106.72200000000001,47.187,0.4421487603305784,Office Supplies,Paper,5.898375,0.0
OFF-PA-10000210,Xerox Blank Computer Paper,99.9,46.953,0.47000000000000003,Office Supplies,Paper,46.953,0.0
OFF-PA-10004782,Xerox 228,97.2,46.656000000000006,0.48000000000000004,Office Supplies,Paper,11.664000000000001,0.0
OFF-PA-10004255,Xerox 219,97.2,46.656,0.48,Office Supplies,Paper,11.664,0.0
FUR-FU-10001487,"Eldon Expressions Wood and Plastic Desk Accessories, Cherry Wood",160.54000000000002,46.5566,0.29,Furniture,Furnishings,9.31132,0.0
OFF-PA-10002787,Xerox 227,120.528,46.3968,0.38494623655913973,Office Supplies,Paper,5.7996,0.0
FUR-FU-10000293,Eldon Antistatic Chair Mats for Low to Medium Pile Carpets,1431.9440000000002,46.3276,0.032352941176470584,Furniture,Furnishings,11.5819,0.25
OFF-PA-10003072,"Eureka Recycled Copy Paper 8 1/2"" x 11"", Ream",110.16000000000001,46.137600000000006,0.4188235294117647,Office Supplies,Paper,7.689600000000001,0.0
OFF-PA-10000520,Xerox 201,110.16,46.1376,0.4188235294117647,Office Supplies,Paper,9.22752,0.0
OFF-BI-10002072,Cardinal Slant-D Ring Binders,119.922,46.056999999999995,0.38405797101449274,Office Supplies,Binders,9.2114,0.2
TEC-PH-10004100,Griffin GC17055 Auxiliary Audio Cable,395.78,46.0544,0.11636363636363638,Technology,Phones,7.6757333333333335,0.0
TEC-PH-10003357,Grandstream GXP2100 Mainstream Business Phone,596.6220000000001,45.894000000000005,0.07692307692307693,Technology,Phones,11.473500000000001,0.25
TEC-PH-10001536,Spigen Samsung Galaxy S5 Case Wallet,234.462,45.873000000000005,0.19565217391304351,Technology,Phones,9.174600000000002,0.0
OFF-SU-10004261,"Fiskars 8"" Scissors, 2/Pack",217.224,45.8584,0.21111111111111114,Office Supplies,Supplies,11.4646,0.0
OFF-PA-10003845,Xerox 1987,92.48,45.3152,0.48999999999999994,Office Supplies,Paper,11.3288,0.0
OFF-PA-10001745,"Wirebound Message Books, 2 7/8"" x 5"", 3 Forms per Page",108.416,44.985600000000005,0.414935064935065,Office Supplies,Paper,14.995200000000002,0.0
TEC-MA-10003066,Wasp CCD Handheld Bar Code Reader,336.51,44.868,0.13333333333333333,Technology,Machines,44.868,0.0
OFF-PA-10000477,Xerox 1952,97.60799999999999,44.82,0.4591836734693878,Office Supplies,Paper,11.205,0.0
OFF-ST-10001291,"Tenex Personal Self-Stacking Standard File Box, Black/Gray",229.976,44.811499999999995,0.19485294117647056,Office Supplies,Storage,8.962299999999999,0.0
FUR-FU-10001706,Longer-Life Soft White Bulbs,115.19200000000001,44.7216,0.38823529411764707,Furniture,Furnishings,4.472160000000001,0.2
FUR-FU-10002960,"Eldon 200 Class Desk Accessories, Burgundy",135.648,44.588,0.3287037037037037,Furniture,Furnishings,8.9176,0.0
OFF-AR-10004691,Boston 1730 StandUp Electric Pencil Sharpener,171.04,44.4704,0.26,Office Supplies,Art,14.823466666666667,0.0
TEC-PH-10000675,Panasonic KX TS3282B Corded phone,590.328,44.2746,0.075,Technology,Phones,14.7582,0.0
OFF-ST-10003722,Project Tote Personal File,193.61399999999998,44.1945,0.2282608695652174,Office Supplies,Storage,11.048625,0.0
FUR-FU-10003724,Westinghouse Clip-On Gooseneck Lamps,279.558,44.1936,0.15808383233532936,Furniture,Furnishings,4.9104,0.1111111111111111
FUR-CH-10002304,"Global Stack Chair without Arms, Black",901.5060000000001,44.166,0.04899135446685878,Furniture,Chairs,6.309428571428571,0.2857142857142857
OFF-PA-10004610,Xerox 1900,105.28800000000001,44.084,0.4186991869918699,Office Supplies,Paper,6.297714285714286,0.0
OFF-PA-10001892,"Rediform Wirebound ""Phone Memo"" Message Book, 11 x 5-3/4",110.016,43.7772,0.39791666666666664,Office Supplies,Paper,8.75544,0.0
OFF-AR-10000034,"BIC Brite Liner Grip Highlighters, Assorted, 5/Pack",118.72,43.7144,0.3682142857142857,Office Supplies,Art,7.285733333333333,0.0
OFF-AP-10003040,Fellowes 8 Outlet Superior Workstation Surge Protector w/o Phone/Fax/Modem Protection,665.6759999999999,43.706,0.06565656565656566,Office Supplies,Appliances,8.741200000000001,0.2
OFF-PA-10003893,Xerox 1962,109.568,43.656,0.3984375,Office Supplies,Paper,6.236571428571429,0.0
OFF-PA-10001937,Xerox 21,124.416,43.5456,0.35000000000000003,Office Supplies,Paper,6.2208,0.0
OFF-PA-10002586,Xerox 1970,101.592,43.5252,0.4284313725490196,Office Supplies,Paper,7.2542,0.0
OFF-BI-10003476,Avery Metallic Poly Binders,135.80100000000002,43.4334,0.31983122362869193,Office Supplies,Binders,7.2389,0.3333333333333333
OFF-PA-10001526,Xerox 1949,114.54,43.4256,0.3791304347826087,Office Supplies,Paper,5.4282,0.0
OFF-LA-10002034,Avery 478,88.38000000000001,43.3062,0.48999999999999994,Office Supplies,Labels,10.82655,0.0
OFF-FA-10000134,"Advantus Push Pins, Aluminum Head",139.44,43.2264,0.31,Office Supplies,Fasteners,8.64528,0.0
TEC-MA-10002937,"Canon Color ImageCLASS MF8580Cdw Wireless Laser All-In-One Printer, Copier, Scanner",1007.979,43.1991,0.04285714285714286,Technology,Machines,43.1991,0.0
TEC-AC-10000580,Logitech G13 Programmable Gameboard with LCD Display,1039.87,43.194599999999994,0.04153846153846154,Technology,Accessories,10.798649999999999,0.5
OFF-PA-10000659,"Adams Phone Message Book, Professional, 400 Message Capacity, 5 3/6” x 11”",94.928,43.1364,0.4544117647058824,Office Supplies,Paper,14.3788,0.0
OFF-LA-10002195,Avery 481,91.168,43.12,0.4729729729729729,Office Supplies,Labels,8.623999999999999,0.0
TEC-PH-10000149,Cisco SPA525G2 IP Phone - Wireless,426.93,43.092,0.10093457943925233,Technology,Phones,8.6184,0.2
OFF-AR-10002399,"Dixon Prang Watercolor Pencils, 10-Color Set with Brush",110.76,42.8982,0.3873076923076923,Office Supplies,Art,6.1283142857142865,0.0
OFF-AR-10001958,Stanley Bostitch Contemporary Electric Pencil Sharpeners,275.076,42.7896,0.15555555555555553,Office Supplies,Art,6.1128,0.0
FUR-FU-10003142,"Master Big Foot Doorstop, Beige",152.064,42.768,0.28125,Furniture,Furnishings,7.128,0.0
OFF-LA-10000305,Avery 495,97.02,42.588,0.438961038961039,Office Supplies,Labels,10.647,0.0
TEC-AC-10004510,Logitech Desktop MK120 Mouse and keyboard Combo,778.736,42.53600000000001,0.05462184873949581,Technology,Accessories,3.5446666666666675,0.3333333333333333
OFF-LA-10002787,Avery 480,89.25,42.45,0.47563025210084037,Office Supplies,Labels,7.075,0.0
TEC-AC-10004209,Memorex Froggy Flash Drive 4 GB,136.276,42.4214,0.31129032258064515,Technology,Accessories,8.48428,0.0
OFF-EN-10001028,Staple envelope,100.63199999999999,42.4092,0.42142857142857143,Office Supplies,Envelopes,21.2046,0.0
OFF-AP-10004249,Staple holder,234.61200000000002,42.3738,0.18061224489795918,Office Supplies,Appliances,8.47476,0.2
OFF-BI-10000404,Avery Printable Repositionable Plastic Tabs,115.24000000000001,42.312000000000005,0.36716417910447763,Office Supplies,Binders,7.0520000000000005,0.16666666666666666
FUR-FU-10002456,"Master Caster Door Stop, Large Neon Orange",154.336,42.2968,0.2740566037735849,Furniture,Furnishings,6.0424,0.14285714285714285
FUR-FU-10000409,"GE 4 Foot Flourescent Tube, 40 Watt",98.868,42.2436,0.4272727272727273,Furniture,Furnishings,14.0812,0.0
OFF-BI-10001900,"DXL Angle-View Binders with Locking Rings, Black",124.592,42.0498,0.33749999999999997,Office Supplies,Binders,10.51245,0.0
TEC-AC-10003614,"Verbatim 25 GB 6x Blu-ray Single Layer Recordable Disc, 10/Pack",150.67000000000002,41.9558,0.2784615384615385,Technology,Accessories,8.391160000000001,0.0
FUR-FU-10003731,"Eldon Expressions Wood and Plastic Desk Accessories, Oak",149.7,41.916,0.28,Furniture,Furnishings,8.383199999999999,0.0
FUR-FU-10003878,"Linden 10"" Round Wall Clock, Black",253.648,41.8672,0.1650602409638554,Furniture,Furnishings,6.977866666666666,0.16666666666666666
TEC-PH-10003988,"LF Elite 3D Dazzle Designer Hard Case Cover, Lf Stylus Pen and Wiper For Apple Iphone 5c Mini Lite",261.6,41.856,0.16,Technology,Phones,5.232,0.125
OFF-LA-10000407,Avery White Multi-Purpose Labels,95.616,41.832,0.4375,Office Supplies,Labels,10.458,0.0
OFF-AP-10003860,Fellowes Advanced 8 Outlet Surge Suppressor with Phone/Fax Protection,244.288,41.64,0.17045454545454544,Office Supplies,Appliances,13.88,0.0
OFF-BI-10001617,GBC Wire Binding Combs,184.052,41.5668,0.2258426966292135,Office Supplies,Binders,5.938114285714286,0.2857142857142857
TEC-AC-10002550,Maxell 4.7GB DVD-RW 3/Pack,146.55599999999998,41.418,0.28260869565217395,Technology,Accessories,10.3545,0.0
OFF-AP-10002082,Holmes HEPA Air Purifier,239.58,41.382000000000005,0.17272727272727273,Office Supplies,Appliances,6.897000000000001,0.16666666666666666
OFF-LA-10003148,Avery 51,95.75999999999999,41.328,0.4315789473684211,Office Supplies,Labels,8.265600000000001,0.0
OFF-PA-10003177,Xerox 1999,98.49600000000001,41.2128,0.4184210526315789,Office Supplies,Paper,5.887542857142857,0.0
OFF-BI-10003707,Aluminum Screw Posts,354.03200000000004,41.202,0.11637931034482757,Office Supplies,Binders,3.7456363636363634,0.5454545454545454
FUR-CH-10003981,Global Commerce Series Low-Back Swivel/Tilt Chairs,4420.0560000000005,41.116800000000005,0.009302325581395349,Furniture,Chairs,5.8738285714285725,0.8571428571428571
OFF-PA-10003309,Xerox 211,104.976,40.9536,0.3901234567901235,Office Supplies,Paper,10.2384,0.0
OFF-PA-10002709,Xerox 1956,89.7,40.9032,0.45599999999999996,Office Supplies,Paper,20.4516,0.0
OFF-PA-10004675,"Telephone Message Books with Fax/Mobile Section, 5 1/2"" x 3 3/16""",99.06,40.767,0.4115384615384616,Office Supplies,Paper,6.7945,0.0
OFF-PA-10002751,Xerox 1920,89.7,40.365,0.45,Office Supplies,Paper,10.09125,0.0
OFF-PA-10003022,Xerox 1992,86.112,40.364999999999995,0.46874999999999994,Office Supplies,Paper,10.091249999999999,0.0
OFF-PA-10003001,Xerox 1986,85.50399999999999,40.3472,0.47187500000000004,Office Supplies,Paper,10.0868,0.0
TEC-PH-10004959,Classic Ivory Antique Telephone ZL1810,341.666,40.196,0.11764705882352941,Technology,Phones,20.098,0.0
OFF-BI-10000088,GBC Imprintable Covers,241.56,39.967200000000005,0.16545454545454547,Office Supplies,Binders,4.995900000000001,0.375
OFF-BI-10002437,Recycled Premium Regency Composition Covers,110.01599999999999,39.880799999999994,0.3625,Office Supplies,Binders,13.293599999999998,0.0
OFF-LA-10003223,Avery 508,87.39800000000001,39.8201,0.4556179775280898,Office Supplies,Labels,6.636683333333333,0.0
FUR-FU-10002379,Eldon Econocleat Chair Mats for Low Pile Carpets,331.76,39.8112,0.12,Furniture,Furnishings,19.9056,0.0
FUR-FU-10002396,"DAX Copper Panel Document Frame, 5 x 7 Size",171.088,39.7528,0.2323529411764706,Furniture,Furnishings,7.95056,0.2
OFF-PA-10003349,Xerox 1957,95.904,39.7224,0.41418918918918923,Office Supplies,Paper,6.6204,0.0
OFF-LA-10000121,Avery 48,90.72,39.69,0.4375,Office Supplies,Labels,13.229999999999999,0.0
OFF-PA-10001260,"TOPS Money Receipt Book, Consecutively Numbered in Red,",88.11,39.6495,0.45000000000000007,Office Supplies,Paper,19.82475,0.0
OFF-ST-10001580,Super Decoflex Portable Personal File,179.76,39.547200000000004,0.22000000000000003,Office Supplies,Storage,7.909440000000001,0.0
OFF-EN-10002600,"Redi-Strip #10 Envelopes, 4 1/8 x 9 1/2",93.22,39.53,0.42405063291139244,Office Supplies,Envelopes,5.647142857142858,0.0
OFF-PA-10004971,Xerox 196,92.48,39.4196,0.42625,Office Supplies,Paper,4.92745,0.0
OFF-BI-10003984,Lock-Up Easel 'Spel-Binder',704.691,39.371399999999994,0.05587044534412954,Office Supplies,Binders,5.624485714285713,0.5714285714285714
OFF-AR-10004062,Staples in misc. colors,157.20000000000002,39.300000000000004,0.25,Office Supplies,Art,13.100000000000001,0.0
OFF-PA-10002947,Xerox 1923,94.856,39.2784,0.4140845070422535,Office Supplies,Paper,7.8556799999999996,0.0
FUR-FU-10000732,Eldon 200 Class Desk Accessories,133.136,39.187200000000004,0.2943396226415095,Furniture,Furnishings,5.598171428571429,0.0
OFF-PA-10002365,Xerox 1967,89.424,38.879999999999995,0.4347826086956521,Office Supplies,Paper,7.775999999999999,0.0
OFF-AR-10003045,Prang Colored Pencils,90.55199999999999,38.808,0.4285714285714286,Office Supplies,Art,5.544,0.0
OFF-BI-10003963,Cardinal Holdit Data Disk Pockets,100.464,38.7296,0.38550724637681155,Office Supplies,Binders,12.909866666666666,0.0
FUR-FU-10002554,"Westinghouse Floor Lamp with Metal Mesh Shade, Black",167.92999999999998,38.6239,0.23,Furniture,Furnishings,9.655975,0.0
OFF-PA-10000029,Xerox 224,95.904,38.620799999999996,0.4027027027027027,Office Supplies,Paper,6.436799999999999,0.0
OFF-PA-10002195,"RSVP Cards & Envelopes, Blank White, 8-1/2"" X 11"", 24 Cards/25 Envelopes/Set",89.408,38.2524,0.4278409090909091,Office Supplies,Paper,6.3754,0.0
OFF-PA-10001461,HP Office Paper (20Lb. and 87 Bright),86.84,38.2096,0.44,Office Supplies,Paper,19.1048,0.0
FUR-FU-10001057,Tensor Track Tree Floor Lamp,299.85,38.1809,0.12733333333333333,Furniture,Furnishings,9.545225,0.0
OFF-PA-10001801,Xerox 193,77.74000000000001,38.0926,0.48999999999999994,Office Supplies,Paper,12.697533333333332,0.0
TEC-AC-10002323,SanDisk Ultra 32 GB MicroSDHC Class 10 Memory Card,884.0,38.012,0.043000000000000003,Technology,Accessories,3.455636363636364,0.5454545454545454
TEC-AC-10001767,SanDisk Ultra 64 GB MicroSDHC Class 10 Memory Card,927.768,37.9905,0.040948275862068964,Technology,Accessories,6.3317499999999995,0.5
OFF-PA-10003256,Avery Personal Creations Heavyweight Cards,103.85999999999999,37.8512,0.36444444444444446,Office Supplies,Paper,12.617066666666666,0.0
OFF-BI-10001196,"Avery Flip-Chart Easel Binder, Black",239.466,37.8222,0.15794392523364487,Office Supplies,Binders,9.45555,0.5
OFF-BI-10003981,"Avery Durable Plastic 1"" Binders",116.224,37.5004,0.32265625,Office Supplies,Binders,5.3572,0.2857142857142857
OFF-AP-10000252,Harmony HEPA Quiet Air Purifiers,128.7,37.44,0.2909090909090909,Office Supplies,Appliances,9.36,0.0
TEC-AC-10003237,Memorex Micro Travel Drive 4 GB,103.88,37.418,0.36020408163265305,Technology,Accessories,12.472666666666667,0.0
FUR-FU-10002268,Ultra Door Push Plate,149.264,37.4142,0.2506578947368421,Furniture,Furnishings,5.344885714285715,0.0
OFF-ST-10001228,Personal File Boxes with Fold-Down Carry Handle,177.61200000000002,37.392,0.21052631578947367,Office Supplies,Storage,7.478400000000001,0.0
OFF-SU-10004782,"Elite 5"" Scissors",179.14,37.18,0.20754716981132076,Office Supplies,Supplies,5.311428571428571,0.0
OFF-PA-10000069,"TOPS 4 x 6 Fluorescent Color Memo Sheets, 500 Sheets per Pack",102.49199999999999,37.1059,0.36203703703703705,Office Supplies,Paper,12.368633333333333,0.0
OFF-PA-10000223,Xerox 2000,84.24000000000001,37.0656,0.44,Office Supplies,Paper,7.413120000000001,0.0
OFF-BI-10001634,Wilson Jones Active Use Binders,115.024,37.0552,0.3221518987341772,Office Supplies,Binders,6.175866666666667,0.3333333333333333
FUR-FU-10000073,Deflect-O Glasstique Clear Desk Accessories,124.74,37.037,0.2969135802469136,Furniture,Furnishings,12.345666666666666,0.0
OFF-SU-10004231,Acme Tagit Stainless Steel Antibacterial Scissors,196.01999999999998,37.025999999999996,0.18888888888888888,Office Supplies,Supplies,6.170999999999999,0.0
TEC-MA-10002930,Ricoh - Ink Collector Unit for GX3000 Series Printers,465.645,36.916,0.07927927927927927,Technology,Machines,12.305333333333332,0.3333333333333333
TEC-PH-10003875,KLD Oscar II Style Snap-on Ultra Thin Side Flip Synthetic Leather Cover Case for HTC One HTC M7,126.36,36.644400000000005,0.29000000000000004,Technology,Phones,12.214800000000002,0.0
OFF-AR-10000390,Newell Chalk Holder,83.426,36.5918,0.4386138613861386,Office Supplies,Art,5.2274,0.0
OFF-EN-10004955,Fashion Color Clasp Envelopes,77.904,36.5175,0.46875,Office Supplies,Envelopes,12.1725,0.0
TEC-PH-10002817,RCA ViSYS 25425RE1 Corded phone,323.976,36.4473,0.11249999999999999,Technology,Phones,36.4473,0.0
OFF-PA-10004734,Southworth Structures Collection,72.8,36.4,0.5,Office Supplies,Paper,18.2,0.0
OFF-PA-10000466,"Memo Book, 100 Message Capacity, 5 3/8” x 11”",76.836,36.396,0.4736842105263158,Office Supplies,Paper,12.132,0.0
FUR-FU-10001935,3M Hangers With Command Adhesive,108.03999999999999,36.001,0.33321917808219176,Furniture,Furnishings,4.500125,0.125
OFF-LA-10003720,Avery 487,84.87,35.9775,0.4239130434782608,Office Supplies,Labels,5.139642857142857,0.0
OFF-EN-10003448,"Peel & Seel Recycled Catalog Envelopes, Brown",88.008,35.898,0.4078947368421053,Office Supplies,Envelopes,17.949,0.0
OFF-ST-10004634,"Personal Folder Holder, Ebony",145.73000000000002,35.872,0.2461538461538461,Office Supplies,Storage,5.978666666666666,0.0
OFF-FA-10000585,OIC Bulk Pack Metal Binder Clips,92.136,35.598,0.38636363636363635,Office Supplies,Fasteners,4.44975,0.0
FUR-FU-10003424,Nu-Dell Oak Frame,151.656,35.4576,0.23380281690140844,Furniture,Furnishings,11.8192,0.0
OFF-LA-10004689,Avery 512,84.388,35.3736,0.4191780821917808,Office Supplies,Labels,7.074720000000001,0.0
OFF-BI-10000050,"Angle-D Binders with Locking Rings, Label Holders",197.82999999999998,35.331999999999994,0.17859778597785977,Office Supplies,Binders,3.5331999999999995,0.3
OFF-AP-10000027,Hoover Commercial SteamVac,168.392,35.308,0.20967741935483872,Office Supplies,Appliances,8.827,0.25
OFF-BI-10001758,Wilson Jones 14 Line Acrylic Coated Pressboard Data Binders,100.392,35.297399999999996,0.35159574468085103,Office Supplies,Binders,8.824349999999999,0.25
OFF-PA-10000788,Xerox 210,95.904,35.2512,0.36756756756756753,Office Supplies,Paper,5.8751999999999995,0.0
OFF-PA-10001293,Xerox 1946,79.05600000000001,35.2512,0.4459016393442622,Office Supplies,Paper,11.750399999999999,0.0
TEC-AC-10004803,Sony Micro Vault Click 4 GB USB 2.0 Flash Drive,250.92000000000002,35.1288,0.13999999999999999,Technology,Accessories,11.7096,0.0
TEC-MA-10000597,Lexmark S315 Color Inkjet Printer,299.97,34.996500000000005,0.11666666666666667,Technology,Machines,17.498250000000002,0.5
OFF-PA-10000295,Xerox 229,85.536,34.992000000000004,0.4090909090909091,Office Supplies,Paper,11.664000000000001,0.0
OFF-BI-10000605,"Acco Pressboard Covers with Storage Hooks, 9 1/2"" x 11"", Executive Red",91.44,34.8996,0.38166666666666665,Office Supplies,Binders,3.8777333333333335,0.0
OFF-AR-10001446,Newell 309,196.35000000000002,34.65,0.1764705882352941,Office Supplies,Art,6.93,0.0
OFF-LA-10001771,Avery 513,93.624,34.4616,0.3680851063829787,Office Supplies,Labels,6.89232,0.0
OFF-AR-10004078,Newell 312,234.768,34.456,0.14676616915422888,Office Supplies,Art,3.1323636363636367,0.0
OFF-LA-10003190,Avery 474,78.336,34.272,0.4375,Office Supplies,Labels,3.808,0.0
OFF-SU-10000946,Staple remover,153.216,34.2342,0.22343749999999998,Office Supplies,Supplies,8.55855,0.0
OFF-EN-10002621,Staple envelope,78.24,34.23,0.4375,Office Supplies,Envelopes,6.845999999999999,0.0
OFF-AR-10003602,"Quartet Omega Colored Chalk, 12/Pack",80.592,34.164,0.4239130434782609,Office Supplies,Art,4.880571428571429,0.0
OFF-AR-10001761,Avery Hi-Liter Smear-Safe Highlighters,123.80799999999999,34.105599999999995,0.27547169811320754,Office Supplies,Art,5.684266666666666,0.0
FUR-TA-10004767,Safco Drafting Table,638.8199999999999,34.0704,0.05333333333333334,Furniture,Tables,8.5176,0.5
TEC-AC-10002942,WD My Passport Ultra 1TB Portable External Hard Drive,1007.4,33.81,0.03356164383561644,Technology,Accessories,5.635000000000001,0.8333333333333334
OFF-AR-10004999,Newell 315,145.912,33.787,0.2315573770491803,Office Supplies,Art,5.631166666666666,0.0
OFF-PA-10000552,Xerox 200,84.24000000000001,33.696,0.3999999999999999,Office Supplies,Paper,6.739199999999999,0.0
OFF-PA-10000213,Xerox 198,75.696,33.4656,0.4421052631578948,Office Supplies,Paper,11.1552,0.0
OFF-FA-10002780,Staples,92.976,33.4356,0.3596153846153846,Office Supplies,Fasteners,6.68712,0.0
FUR-FU-10004848,DAX Solid Wood Frames,113.332,33.3157,0.2939655172413793,Furniture,Furnishings,11.105233333333333,0.0
OFF-PA-10004609,Xerox 221,80.352,33.1776,0.41290322580645156,Office Supplies,Paper,8.2944,0.0
OFF-SU-10004664,Acme Softgrip Scissors,166.056,33.1298,0.19950980392156864,Office Supplies,Supplies,8.28245,0.0
TEC-AC-10000927,Anker Ultrathin Bluetooth Wireless Keyboard Aluminum Cover with Stand,491.836,32.989000000000004,0.06707317073170732,Technology,Accessories,8.247250000000001,0.25
OFF-AR-10003156,50 Colored Long Pencils,138.176,32.9184,0.23823529411764707,Office Supplies,Art,6.583679999999999,0.0
OFF-PA-10001560,"Adams Telephone Message Books, 5 1/4” x 11”",80.936,32.918,0.4067164179104477,Office Supplies,Paper,6.5836,0.0
OFF-PA-10001952,Xerox 1902,82.22399999999999,32.8896,0.4000000000000001,Office Supplies,Paper,16.4448,0.0
OFF-AR-10004757,Crayola Colored Pencils,120.704,32.8,0.2717391304347826,Office Supplies,Art,2.9818181818181815,0.0
OFF-PA-10002195,Xerox 1966,79.056,32.7888,0.4147540983606558,Office Supplies,Paper,5.4648,0.0
FUR-FU-10001731,Acrylic Self-Standing Desk Frames,93.98400000000001,32.7342,0.3482954545454545,Furniture,Furnishings,4.091775,0.0
OFF-PA-10003936,Xerox 1994,76.464,32.6592,0.4271186440677966,Office Supplies,Paper,8.1648,0.0
OFF-LA-10004853,Avery 483,83.664,32.5692,0.3892857142857143,Office Supplies,Labels,5.4282,0.0
TEC-AC-10002018,AmazonBasics 3-Button USB Wired Mouse,88.074,32.2938,0.36666666666666664,Technology,Accessories,6.45876,0.0
OFF-LA-10001982,Smead Alpha-Z Color-Coded Name Labels First Letter Starter Set,71.25,32.25,0.45263157894736844,Office Supplies,Labels,6.45,0.0
OFF-PA-10003270,Xerox 1954,84.48,32.208,0.38125,Office Supplies,Paper,8.052,0.0
OFF-PA-10004355,Xerox 231,79.05600000000001,31.8816,0.4032786885245901,Office Supplies,Paper,6.37632,0.0
OFF-PA-10000807,"TOPS ""Important Message"" Pads, Canary, 4-1/4 x 5-1/2, 50 Sheets per Pad",70.19200000000001,31.629199999999997,0.4506097560975609,Office Supplies,Paper,10.543066666666666,0.0
FUR-FU-10003096,"Master Giant Foot Doorstop, Safety Yellow",83.49,31.5744,0.37818181818181823,Furniture,Furnishings,10.5248,0.0
OFF-LA-10004559,Avery 49,66.816,31.564799999999998,0.4724137931034482,Office Supplies,Labels,5.2608,0.0
OFF-LA-10000248,Avery 52,68.634,31.4757,0.4586021505376344,Office Supplies,Labels,5.24595,0.0
OFF-PA-10001001,"Snap-A-Way Black Print Carbonless Speed Message, No Reply Area, Duplicate",93.248,31.4712,0.33749999999999997,Office Supplies,Paper,31.4712,0.0
OFF-EN-10003160,Pastel Pink Envelopes,65.52,31.449600000000004,0.4800000000000001,Office Supplies,Envelopes,10.483200000000002,0.0
OFF-BI-10001107,"GBC White Gloss Covers, Plain Front",269.328,31.421600000000005,0.1166666666666667,Office Supplies,Binders,4.4888,0.5714285714285714
OFF-PA-10003016,"Adams ""While You Were Out"" Message Pads",72.848,31.4,0.43103448275862066,Office Supplies,Paper,6.279999999999999,0.0
OFF-ST-10000918,Crate-A-Files,176.58,31.392,0.17777777777777776,Office Supplies,Storage,4.484571428571429,0.0
OFF-PA-10000477,Xerox 22,75.168,31.3632,0.4172413793103448,Office Supplies,Paper,10.4544,0.0
OFF-PA-10002749,"Wirebound Message Books, 5-1/2 x 4 Forms, 2 or 4 Forms per Page",72.25200000000001,31.3092,0.4333333333333333,Office Supplies,Paper,10.4364,0.0
OFF-BI-10004654,VariCap6 Expandable Binder,122.83,31.14,0.2535211267605634,Office Supplies,Binders,10.38,0.3333333333333333
OFF-AR-10004441,BIC Brite Liner Highlighters,86.112,30.8844,0.35865384615384616,Office Supplies,Art,4.412057142857143,0.0
OFF-BI-10000136,Avery Non-Stick Heavy Duty View Round Locking Ring Binders,68.172,30.8568,0.45263157894736844,Office Supplies,Binders,10.2856,0.0
OFF-BI-10002412,Wilson Jones “Snap” Scratch Pad Binder Tool for Ring Binders,100.92,30.739999999999995,0.30459770114942525,Office Supplies,Binders,6.147999999999999,0.2
OFF-PA-10000533,Southworth Parchment Paper & Envelopes,83.712,30.738,0.3671875,Office Supplies,Paper,5.123,0.0
OFF-AR-10001374,"BIC Brite Liner Highlighters, Chisel Tip",123.12,30.5856,0.24842105263157893,Office Supplies,Art,5.0976,0.0
FUR-FU-10003095,"Linden 12"" Wall Clock With Oak Frame",101.94,30.582,0.3,Furniture,Furnishings,30.582,0.0
OFF-ST-10002562,Staple magnet,219.49200000000002,30.391199999999998,0.13846153846153844,Office Supplies,Storage,4.3416,0.0
OFF-PA-10000232,Xerox 1975,69.98400000000001,30.3264,0.4333333333333333,Office Supplies,Paper,6.06528,0.0
OFF-AR-10003504,Newell 347,127.544,30.302400000000002,0.2375838926174497,Office Supplies,Art,4.328914285714286,0.0
OFF-EN-10001509,Poly String Tie Envelopes,68.136,30.293999999999997,0.44461077844311375,Office Supplies,Envelopes,2.7539999999999996,0.0
OFF-FA-10000992,"Acco Clips to Go Binder Clips, 24 Clips in Two Sizes",66.03,30.2815,0.4586021505376344,Office Supplies,Fasteners,6.0563,0.0
OFF-PA-10000528,Xerox 1981,70.752,30.096,0.4253731343283582,Office Supplies,Paper,7.524,0.0
OFF-ST-10001558,Acco Perma 4000 Stacking Storage Drawers,457.96799999999996,30.043999999999997,0.06560283687943262,Office Supplies,Storage,2.731272727272727,0.45454545454545453
TEC-AC-10001590,Dell Slim USB Multimedia Keyboard,125.0,30.0,0.24,Technology,Accessories,15.0,0.0
OFF-PA-10002659,Avoid Verbal Orders Carbonless Minifold Book,68.276,29.9468,0.4386138613861386,Office Supplies,Paper,5.98936,0.0
OFF-PA-10004733,Things To Do Today Spiral Book,82.368,29.8584,0.36250000000000004,Office Supplies,Paper,9.9528,0.0
OFF-AR-10001419,Newell 325,128.03,29.736,0.23225806451612904,Office Supplies,Art,4.956,0.0
OFF-BI-10001249,Avery Heavy-Duty EZD View Binder with Locking Rings,170.984,29.7308,0.17388059701492536,Office Supplies,Binders,2.97308,0.4
OFF-PA-10002259,"Geographics Note Cards, Blank, White, 8 1/2"" x 11""",76.092,29.541600000000003,0.3882352941176471,Office Supplies,Paper,9.8472,0.0
TEC-PH-10002185,QVS USB Car Charger 2-Port 2.1Amp for iPod/iPhone/iPad/iPad 2/iPad 3,79.23,29.5375,0.37280701754385964,Technology,Phones,5.907500000000001,0.0
FUR-FU-10001475,"Contract Clock, 14"", Brown",334.096,29.4532,0.0881578947368421,Furniture,Furnishings,5.890639999999999,0.4
OFF-LA-10003537,Avery 515,62.650000000000006,29.445500000000003,0.47,Office Supplies,Labels,14.722750000000001,0.0
OFF-BI-10002706,Avery Premier Heavy-Duty Binder with Round Locking Rings,191.35199999999998,29.416800000000002,0.15373134328358212,Office Supplies,Binders,4.2024,0.2857142857142857
TEC-AC-10000397,"Perixx PERIBOARD-512B, Ergonomic Split Keyboard",419.88,29.391599999999997,0.06999999999999999,Technology,Accessories,9.797199999999998,0.0
OFF-PA-10001609,Tops Wirebound Message Log Books,73.696,29.281,0.39732142857142855,Office Supplies,Paper,4.880166666666667,0.0
OFF-EN-10004007,Park Ridge Embossed Executive Business Envelopes,62.28,29.2716,0.47,Office Supplies,Envelopes,29.2716,0.0
OFF-BI-10002309,Avery Heavy-Duty EZD  Binder With Locking Rings,110.48400000000001,29.239199999999997,0.2646464646464646,Office Supplies,Binders,4.8732,0.16666666666666666
TEC-AC-10000290,Sabrent 4-Port USB 2.0 Hub,96.418,29.197,0.3028169014084507,Technology,Accessories,7.29925,0.0
OFF-EN-10000781,"#10- 4 1/8"" x 9 1/2"" Recycled Envelopes",75.164,28.842,0.3837209302325581,Office Supplies,Envelopes,14.421,0.0
OFF-AP-10003971,Belkin 6 Outlet Metallic Surge Strip,262.449,28.7496,0.10954356846473029,Office Supplies,Appliances,3.1944,0.1111111111111111
OFF-PA-10001166,Xerox 1932,85.056,28.7064,0.33749999999999997,Office Supplies,Paper,28.7064,0.0
FUR-FU-10004091,"Eldon 200 Class Desk Accessories, Black",75.36,28.6368,0.38,Furniture,Furnishings,14.3184,0.0
OFF-PA-10000673,"Post-it “Important Message” Note Pad, Neon Colors, 50 Sheets/Pad",62.608000000000004,28.537599999999998,0.455813953488372,Office Supplies,Paper,14.268799999999999,0.0
OFF-AR-10003338,"Eberhard Faber 3 1/2"" Golf Pencils",139.872,28.272000000000002,0.20212765957446807,Office Supplies,Art,4.038857142857143,0.0
FUR-FU-10000222,"Seth Thomas 16"" Steel Case Clock",441.72799999999995,28.257600000000004,0.06397058823529413,Furniture,Furnishings,5.6515200000000005,0.2
FUR-FU-10004270,"Eldon Image Series Desk Accessories, Burgundy",111.18799999999999,28.2568,0.25413533834586466,Furniture,Furnishings,3.5321,0.125
OFF-LA-10003121,Avery 506,66.08,28.166600000000003,0.4262500000000001,Office Supplies,Labels,9.388866666666667,0.0
OFF-FA-10002975,Staples,77.112,28.1232,0.3647058823529412,Office Supplies,Fasteners,7.0308,0.0
OFF-PA-10001846,Xerox 1899,69.36,28.090799999999998,0.40499999999999997,Office Supplies,Paper,5.61816,0.0
FUR-FU-10002885,Magna Visual Magnetic Picture Hangers,84.83200000000001,28.0524,0.33068181818181813,Furniture,Furnishings,4.6754,0.0
OFF-PA-10002105,Xerox 223,58.32,27.9936,0.48,Office Supplies,Paper,9.3312,0.0
OFF-AR-10000817,Manco Dry-Lighter Erasable Highlighter,88.16,27.968,0.31724137931034485,Office Supplies,Art,3.9954285714285716,0.0
OFF-PA-10001215,Xerox 1963,77.088,27.72,0.3595890410958904,Office Supplies,Paper,9.24,0.0
FUR-FU-10004666,DAX Clear Channel Poster Frame,119.556,27.701999999999998,0.23170731707317072,Furniture,Furnishings,9.234,0.3333333333333333
FUR-FU-10003798,"Ultra Door Kickplate, 8""H x 34""W",158.24,27.692,0.175,Furniture,Furnishings,13.846,0.0
OFF-LA-10003077,Avery 500,58.48,27.4856,0.47000000000000003,Office Supplies,Labels,13.7428,0.0
OFF-SU-10000952,Fiskars Home & Office Scissors,97.68,27.3504,0.27999999999999997,Office Supplies,Supplies,9.1168,0.0
TEC-PH-10000213,Seidio BD2-HK3IPH5-BK DILEX Case and Holster Combo for Apple iPhone 5/5s - Black,272.888,27.288800000000002,0.10000000000000002,Technology,Phones,9.096266666666667,0.0
FUR-BO-10001619,O'Sullivan Cherrywood Estates Traditional Bookcase,424.90000000000003,27.193599999999996,0.06399999999999999,Furniture,Bookcases,13.596799999999998,0.0
OFF-PA-10002230,Xerox 1897,67.72800000000001,27.0912,0.39999999999999997,Office Supplies,Paper,6.7728,0.0
OFF-BI-10002432,Wilson Jones Standard D-Ring Binders,96.646,26.9192,0.27853403141361255,Office Supplies,Binders,3.3649,0.375
OFF-PA-10001947,Xerox 1974,57.408,26.910000000000004,0.46875000000000006,Office Supplies,Paper,6.727500000000001,0.0
OFF-AR-10004685,"Binney & Smith Crayola Metallic Colored Pencils, 8-Color Set",88.896,26.854,0.3020833333333333,Office Supplies,Art,3.8362857142857143,0.0
OFF-AR-10003056,Newell 341,96.728,26.835600000000003,0.2774336283185841,Office Supplies,Art,3.833657142857143,0.0
OFF-AR-10000716,DIXON Ticonderoga Erasable Checking Pencils,94.86,26.784,0.2823529411764706,Office Supplies,Art,3.826285714285714,0.0
FUR-FU-10000320,OIC Stacking Trays,82.832,26.720000000000002,0.32258064516129037,Furniture,Furnishings,4.453333333333334,0.16666666666666666
OFF-AR-10003631,Staples in misc. colors,123.904,26.619999999999997,0.21484374999999997,Office Supplies,Art,6.654999999999999,0.0
OFF-EN-10003072,Peel & Seel Envelopes,62.856,26.5392,0.4222222222222222,Office Supplies,Envelopes,6.6348,0.0
OFF-BI-10001036,Cardinal EasyOpen D-Ring Binders,209.30599999999998,26.506000000000004,0.12663755458515286,Office Supplies,Binders,3.3132500000000005,0.25
OFF-SU-10002503,Acme Preferred Stainless Steel Scissors,90.88,26.355200000000004,0.29000000000000004,Office Supplies,Supplies,6.588800000000001,0.0
OFF-AR-10003696,Panasonic KP-350BK Electric Pencil Sharpener with Auto Stop,124.488,26.2808,0.2111111111111111,Office Supplies,Art,8.760266666666666,0.0
OFF-SU-10001664,Acme Office Executive Series Stainless Steel Trimmers,159.402,26.2242,0.16451612903225807,Office Supplies,Supplies,3.7463142857142855,0.0
FUR-FU-10000260,"6"" Cubicle Wall Clock, Black",124.586,26.211599999999997,0.21038961038961038,Furniture,Furnishings,6.552899999999999,0.25
FUR-FU-10003849,"DAX Metal Frame, Desktop, Stepped-Edge",161.92,26.1096,0.16125,Furniture,Furnishings,5.22192,0.4
FUR-CH-10002317,Global Enterprise Series Seating Low-Back Swivel/Tilt Chairs,207.184,25.898,0.125,Furniture,Chairs,25.898,0.0
OFF-PA-10000551,Array Memo Cubes,54.908,25.8482,0.470754716981132,Office Supplies,Paper,8.616066666666667,0.0
OFF-EN-10002973,Ampad #10 Peel & Seel Holiday Envelopes,53.760000000000005,25.8048,0.48,Office Supplies,Envelopes,8.6016,0.0
FUR-FU-10004586,G.E. Longer-Life Indoor Recessed Floodlight Bulbs,81.00800000000001,25.763199999999998,0.31803278688524583,Furniture,Furnishings,4.293866666666666,0.3333333333333333
OFF-PA-10004519,Spiral Phone Message Books with Labels by Adams,60.032000000000004,25.759999999999998,0.42910447761194026,Office Supplies,Paper,6.4399999999999995,0.0
OFF-PA-10003971,Xerox 1965,56.212,25.714,0.45744680851063824,Office Supplies,Paper,6.4285,0.0
OFF-FA-10000936,Acco Hot Clips Clips to Go,67.116,25.4975,0.3799019607843137,Office Supplies,Fasteners,4.249583333333333,0.0
OFF-BI-10003291,Wilson Jones Leather-Like Binders with DublLock Round Rings,238.329,25.491600000000005,0.10695970695970698,Office Supplies,Binders,2.1243000000000003,0.3333333333333333
OFF-AP-10002222,Staple holder,107.508,25.229699999999998,0.23467741935483868,Office Supplies,Appliances,6.307424999999999,0.0
FUR-FU-10004020,Advantus Panel Wall Acrylic Frame,87.52,25.162,0.2875,Furniture,Furnishings,5.0324,0.2
OFF-EN-10003068,#6 3/4 Gummed Flap White Envelopes,71.28,24.948,0.35,Office Supplies,Envelopes,6.237,0.0
OFF-FA-10002988,Ideal Clamps,58.692,24.8637,0.4236301369863014,Office Supplies,Fasteners,3.1079625,0.0
TEC-AC-10001553,"Memorex 25GB 6X Branded Blu-Ray Recordable Disc, 15/Pack",373.78000000000003,24.805400000000002,0.06636363636363636,Technology,Accessories,4.961080000000001,0.0
OFF-PA-10000682,Xerox 1924,60.112,24.7384,0.4115384615384615,Office Supplies,Paper,6.1846,0.0
TEC-AC-10001635,KeyTronic KT400U2 - Keyboard - Black,148.03199999999998,24.672,0.16666666666666669,Technology,Accessories,8.224,0.0
OFF-AR-10003759,"Crayola Anti Dust Chalk, 12/Pack",59.696,24.661,0.413109756097561,Office Supplies,Art,3.523,0.0
OFF-LA-10000134,Avery 511,56.672,24.64,0.4347826086956522,Office Supplies,Labels,4.1066666666666665,0.0
OFF-BI-10002557,Presstex Flexible Ring Binders,92.82,24.57,0.2647058823529412,Office Supplies,Binders,3.07125,0.375
TEC-MA-10003329,"Vtech AT&T CL2940 Corded Speakerphone, Black",71.976,24.2919,0.33749999999999997,Technology,Machines,24.2919,0.0
FUR-BO-10000330,"Sauder Camden County Barrister Bookcase, Planked Cherry Finish",1064.624,24.196,0.022727272727272728,Furniture,Bookcases,8.065333333333333,0.6666666666666666
FUR-BO-10002824,Bush Mission Pointe Library,748.8607999999999,24.156800000000004,0.03225806451612904,Furniture,Bookcases,8.052266666666668,0.3333333333333333
OFF-ST-10000991,Space Solutions HD Industrial Steel Shelving.,3035.208,24.143700000000003,0.007954545454545455,Office Supplies,Storage,3.0179625000000003,0.125
OFF-PA-10000350,"Message Book, Standard Line ""While You Were Out"", 5 1/2"" X 4"", 200 Sets/Book",51.36,24.139200000000002,0.47000000000000003,Office Supplies,Paper,12.069600000000001,0.0
OFF-EN-10004030,Convenience Packs of Business Envelopes,58.644,24.109199999999998,0.4111111111111111,Office Supplies,Envelopes,4.018199999999999,0.0
OFF-PA-10000556,Xerox 208,54.432,24.105600000000003,0.4428571428571429,Office Supplies,Paper,12.052800000000001,0.0
OFF-SU-10004737,Acme Design Stainless Steel Bent Scissors,88.92,24.0084,0.27,Office Supplies,Supplies,8.0028,0.0
OFF-EN-10001415,Staple envelope,54.684,23.994,0.4387755102040817,Office Supplies,Envelopes,4.7988,0.0
OFF-LA-10000262,Avery 494,56.376,23.959799999999998,0.425,Office Supplies,Labels,3.9932999999999996,0.0
OFF-BI-10003314,Tuff Stuff Recycled Round Ring Binders,80.494,23.955399999999997,0.29760479041916166,Office Supplies,Binders,2.661711111111111,0.2222222222222222
OFF-PA-10000809,Xerox 206,60.912000000000006,23.846400000000003,0.39148936170212767,Office Supplies,Paper,4.76928,0.0
OFF-FA-10000735,Staples,54.312,23.798000000000002,0.43817204301075274,Office Supplies,Fasteners,4.759600000000001,0.0
OFF-BI-10004040,Wilson Jones Impact Binders,134.68,23.724400000000003,0.17615384615384616,Office Supplies,Binders,2.636044444444445,0.4444444444444444
OFF-AR-10001166,Staples in misc. colors,60.64,23.6496,0.39,Office Supplies,Art,7.8831999999999995,0.0
OFF-AR-10004269,Newell 31,94.99,23.6236,0.24869565217391307,Office Supplies,Art,4.72472,0.0
FUR-FU-10004952,"C-Line Cubicle Keepers Polyproplyene Holder w/Velcro Back, 8-1/2x11, 25/Bx",514.556,23.53819999999999,0.045744680851063806,Furniture,Furnishings,5.884549999999997,0.25
OFF-LA-10004345,Avery 493,55.974000000000004,23.4207,0.4184210526315789,Office Supplies,Labels,5.855175,0.0
FUR-FU-10000755,Eldon Expressions Mahogany Wood Desk Collection,93.6,23.4,0.25,Furniture,Furnishings,11.7,0.0
OFF-LA-10000443,Avery 501,66.42,23.3946,0.3522222222222222,Office Supplies,Labels,2.924325,0.0
FUR-FU-10004671,"Executive Impressions 12"" Wall Clock",176.70000000000002,23.3244,0.13199999999999998,Furniture,Furnishings,3.8874,0.3333333333333333
OFF-AR-10003829,Newell 35,93.152,23.288,0.25,Office Supplies,Art,2.5875555555555554,0.0
OFF-ST-10004950,"Tenex Personal Filing Tote With Secure Closure Lid, Black/Frost",279.18,23.265,0.08333333333333333,Office Supplies,Storage,4.6530000000000005,0.0
TEC-AC-10002167,Imation 8gb Micro Traveldrive Usb 2.0 Flash Drive,357.0,23.25,0.06512605042016807,Technology,Accessories,2.90625,0.375
TEC-PH-10002293,Anker 36W 4-Port USB Wall Charger Travel Power Adapter for iPhone 5s 5c 5,339.83,23.1884,0.06823529411764706,Technology,Phones,3.8647333333333336,0.3333333333333333
OFF-LA-10000452,Avery 488,51.03,23.183999999999997,0.45432098765432094,Office Supplies,Labels,3.8639999999999994,0.0
OFF-PA-10000605,Xerox 1950,49.708,23.177799999999998,0.4662790697674418,Office Supplies,Paper,7.725933333333333,0.0
OFF-EN-10003798,"Recycled Interoffice Envelopes with Re-Use-A-Seal Closure, 10 x 13",68.28,23.0445,0.33749999999999997,Office Supplies,Envelopes,11.52225,0.0
OFF-AP-10003281,Acco 6 Outlet Guardian Standard Surge Suppressor,149.916,22.971,0.1532258064516129,Office Supplies,Appliances,4.5942,0.2
OFF-LA-10000081,Avery 496,50.25,22.95,0.45671641791044776,Office Supplies,Labels,5.7375,0.0
OFF-BI-10001031,Pressboard Data Binders by Wilson Jones,99.324,22.9086,0.2306451612903226,Office Supplies,Binders,2.863575,0.25
OFF-BI-10003355,Cardinal Holdit Business Card Pockets,87.648,22.908,0.2613636363636364,Office Supplies,Binders,2.8635,0.125
FUR-FU-10002191,G.E. Halogen Desk Lamp Bulbs,62.82,22.8944,0.36444444444444446,Furniture,Furnishings,4.57888,0.2
OFF-LA-10001175,Avery 514,47.808,22.8384,0.47771084337349395,Office Supplies,Labels,5.7096,0.0
OFF-EN-10004147,Wausau Papers Astrobrights Colored Envelopes,50.232,22.7838,0.45357142857142857,Office Supplies,Envelopes,7.5946,0.0
OFF-PA-10001583,"1/4 Fold Party Design Invitations & White Envelopes, 24 8-1/2"" X 11"" Cards, 25 Env./Pack",49.980000000000004,22.7115,0.45441176470588235,Office Supplies,Paper,11.35575,0.0
OFF-PA-10003657,Xerox 1927,65.056,22.683999999999997,0.34868421052631576,Office Supplies,Paper,4.5367999999999995,0.0
TEC-PH-10004830,Pyle PRT45 Retro Home Telephone,201.568,22.6764,0.1125,Technology,Phones,22.6764,0.0
OFF-AR-10001988,Bulldog Table or Wall-Mount Pencil Sharpener,77.87,22.582299999999996,0.2899999999999999,Office Supplies,Art,7.527433333333332,0.0
OFF-PA-10001763,Xerox 1896,49.95,22.4775,0.44999999999999996,Office Supplies,Paper,11.23875,0.0
OFF-PA-10001307,"Important Message Pads, 50 4-1/4 x 5-1/2 Forms per Pad",54.6,22.47,0.4115384615384615,Office Supplies,Paper,5.6175,0.0
OFF-LA-10004409,Avery 492,53.568,22.464,0.41935483870967744,Office Supplies,Labels,4.4928,0.0
OFF-AR-10003158,Fluorescent Highlighters by Dixon,90.744,22.4472,0.24736842105263157,Office Supplies,Art,4.48944,0.0
TEC-AC-10003657,Lenovo 17-Key USB Numeric Keypad,367.092,22.4334,0.06111111111111111,Technology,Accessories,4.48668,0.0
OFF-LA-10002271,Smead Alpha-Z Color-Coded Second Alphabetical Labels and Starter Set,48.048,22.4224,0.4666666666666666,Office Supplies,Labels,4.48448,0.0
OFF-AR-10002280,Staples in misc. colors,54.348,22.3215,0.41071428571428575,Office Supplies,Art,11.16075,0.0
OFF-PA-10003953,Xerox 218,49.248000000000005,22.2912,0.4526315789473684,Office Supplies,Paper,4.45824,0.0
OFF-AR-10002375,Newell 351,82.65599999999999,22.1072,0.26746031746031745,Office Supplies,Art,3.1581714285714284,0.0
FUR-FU-10004712,"Westinghouse Mesh Shade Clip-On Gooseneck Lamp, Black",84.84,22.0584,0.25999999999999995,Furniture,Furnishings,11.0292,0.0
OFF-LA-10001317,Avery 520,46.62,22.05,0.472972972972973,Office Supplies,Labels,4.41,0.0
OFF-PA-10000007,"Telephone Message Books with Fax/Mobile Section, 4 1/4"" x 6""",51.120000000000005,21.96,0.4295774647887324,Office Supplies,Paper,7.32,0.0
OFF-BI-10003305,Avery Hanging File Binders,105.846,21.8868,0.20677966101694917,Office Supplies,Binders,3.6478,0.16666666666666666
OFF-BI-10004139,Fellowes Presentation Covers for Comb Binding Machines,133.86,21.825000000000003,0.16304347826086957,Office Supplies,Binders,10.912500000000001,0.5
OFF-PA-10001246,Xerox 215,45.36,21.7728,0.48,Office Supplies,Paper,10.8864,0.0
FUR-FU-10001867,"Eldon Expressions Punched Metal & Wood Desk Accessories, Pewter & Cherry",121.296,21.7056,0.17894736842105263,Furniture,Furnishings,7.2352,0.0
OFF-BI-10002824,Recycled Easel Ring Binders,308.844,21.634000000000004,0.07004830917874398,Office Supplies,Binders,2.403777777777778,0.4444444444444444
OFF-PA-10003063,EcoTones Memo Sheets,52.8,21.6,0.4090909090909091,Office Supplies,Paper,7.2,0.0
TEC-AC-10002637,Logitech VX Revolution Cordless Laser Mouse for Notebooks (Black),3743.7920000000004,21.598799999999997,0.005769230769230768,Technology,Accessories,4.31976,0.4
OFF-LA-10004425,Staple-on labels,53.754000000000005,21.5883,0.4016129032258064,Office Supplies,Labels,4.31766,0.0
OFF-FA-10001843,Staples,50.388,21.5878,0.42843137254901964,Office Supplies,Fasteners,5.39695,0.0
OFF-BI-10001636,Ibico Plastic and Wire Spiral Binding Combs,208.221,21.5808,0.10364372469635627,Office Supplies,Binders,2.397866666666667,0.3333333333333333
OFF-ST-10003327,Akro-Mils 12-Gallon Tote,113.202,21.548099999999998,0.19035087719298244,Office Supplies,Storage,5.3870249999999995,0.0
FUR-FU-10002685,"Executive Impressions 13-1/2"" Indoor/Outdoor Wall Clock",56.099999999999994,21.317999999999998,0.38,Furniture,Furnishings,10.658999999999999,0.0
OFF-SU-10001165,Acme Elite Stainless Steel Scissors,95.076,21.0168,0.2210526315789474,Office Supplies,Supplies,4.20336,0.0
OFF-ST-10000798,2300 Heavy-Duty Transfer File Systems by Perma,344.724,20.9832,0.06086956521739131,Office Supplies,Storage,5.2458,0.5
TEC-AC-10002076,Microsoft Natural Keyboard Elite,1497.0,20.957999999999995,0.013999999999999997,Technology,Accessories,5.239499999999999,0.75
OFF-AP-10003622,"Bravo II Megaboss 12-Amp Hard Body Upright, Replacement Belts, 2 Belts per Pack",87.75,20.8325,0.2374074074074074,Office Supplies,Appliances,4.1665,0.0
OFF-PA-10003036,"Black Print Carbonless 8 1/2"" x 8 1/4"" Rapid Memo Book",64.06400000000001,20.8208,0.32499999999999996,Office Supplies,Paper,5.2052,0.0
FUR-FU-10001196,DAX Cubicle Frames - 8x10,125.786,20.772,0.16513761467889906,Furniture,Furnishings,4.1544,0.2
OFF-AR-10001149,"Sanford Colorific Colored Pencils, 12/Box",73.152,20.736,0.28346456692913385,Office Supplies,Art,4.1472,0.0
OFF-AR-10003560,Zebra Zazzle Fluorescent Highlighters,100.928,20.672,0.20481927710843376,Office Supplies,Art,3.4453333333333336,0.0
FUR-FU-10003832,"Eldon Expressions Punched Metal & Wood Desk Accessories, Black & Cherry",155.708,20.636,0.1325301204819277,Furniture,Furnishings,4.1272,0.2
OFF-PA-10004947,Easy-staple paper,48.792,20.544,0.42105263157894735,Office Supplies,Paper,6.848,0.0
OFF-FA-10002763,Advantus Map Pennant Flags and Round Head Tacks,87.69,20.54,0.23423423423423423,Office Supplies,Fasteners,3.4233333333333333,0.0
OFF-SU-10001574,Acme Value Line Scissors,76.64999999999999,20.44,0.2666666666666667,Office Supplies,Supplies,2.044,0.0
OFF-PA-10000697,"TOPS Voice Message Log Book, Flash Format",49.504,20.372799999999998,0.4115384615384615,Office Supplies,Paper,6.790933333333332,0.0
OFF-SU-10004661,Acme Titanium Bonded Scissors,102.0,20.23,0.19833333333333333,Office Supplies,Supplies,4.046,0.0
OFF-FA-10000304,Advantus Push Pins,54.936,20.2086,0.3678571428571429,Office Supplies,Fasteners,2.886942857142857,0.0
OFF-FA-10001561,Stockwell Push Pins,69.76,20.0996,0.28812499999999996,Office Supplies,Fasteners,2.51245,0.0
OFF-AR-10001221,"Dixon Ticonderoga Erasable Colored Pencil Set, 12-Color",75.348,20.0928,0.26666666666666666,Office Supplies,Art,10.0464,0.0
OFF-FA-10004248,Advantus T-Pin Paper Clips,64.042,20.0244,0.31267605633802814,Office Supplies,Fasteners,4.00488,0.0
OFF-FA-10002815,Staples,50.616,20.0244,0.3956140350877193,Office Supplies,Fasteners,6.6748,0.0
OFF-FA-10002983,Advantus SlideClip Paper Clips,46.376000000000005,19.778,0.42647058823529405,Office Supplies,Fasteners,6.592666666666666,0.0
OFF-AR-10000255,Newell 328,75.92,19.7392,0.26,Office Supplies,Art,6.579733333333333,0.0
OFF-BI-10000822,"Acco PRESSTEX Data Binder with Storage Hooks, Light Blue, 9 1/2"" X 11""",67.25,19.6908,0.2928,Office Supplies,Binders,3.93816,0.2
OFF-PA-10000130,Xerox 199,57.352,19.688000000000002,0.3432835820895523,Office Supplies,Paper,4.922000000000001,0.0
OFF-AR-10002053,"Premium Writing Pencils, Soft, #2 by Central Association for the Blind",81.652,19.4296,0.23795620437956205,Office Supplies,Art,2.775657142857143,0.0
OFF-BI-10002976,ACCOHIDE Binder by Acco,65.25399999999999,19.287100000000002,0.29556962025316463,Office Supplies,Binders,4.821775000000001,0.25
OFF-AR-10000411,Boston 16701 Slimline Battery Pencil Sharpener,86.076,19.128,0.22222222222222224,Office Supplies,Art,9.564,0.0
OFF-EN-10003845,Colored Envelopes,50.922,19.040399999999998,0.3739130434782609,Office Supplies,Envelopes,3.8080799999999995,0.0
OFF-LA-10001045,Permanent Self-Adhesive File Folder Labels for Typewriters by Universal,44.370000000000005,19.000799999999998,0.428235294117647,Office Supplies,Labels,3.1668,0.0
OFF-BI-10004738,Flexible Leather- Look Classic Collection Ring Binder,142.05,18.940000000000005,0.13333333333333336,Office Supplies,Binders,3.1566666666666676,0.5
OFF-LA-10001404,Avery 517,44.28,18.8559,0.4258333333333333,Office Supplies,Labels,4.713975,0.0
OFF-AR-10003732,Newell 333,86.736,18.848399999999998,0.21730769230769229,Office Supplies,Art,1.713490909090909,0.0
OFF-PA-10004239,Xerox 1953,47.08,18.832,0.4,Office Supplies,Paper,4.708,0.0
OFF-AR-10001868,Prang Dustless Chalk Sticks,38.976,18.816,0.48275862068965514,Office Supplies,Art,2.352,0.0
OFF-PA-10004000,"While You Were Out Pads, 50 per Pad, 4 x 5 1/4, Green Cycle",50.138000000000005,18.7781,0.37452830188679237,Office Supplies,Paper,4.694525,0.0
OFF-LA-10004178,Avery 491,45.43,18.6676,0.4109090909090909,Office Supplies,Labels,6.222533333333334,0.0
OFF-BI-10002353,GBC VeloBind Cover Sets,342.768,18.52799999999999,0.054054054054054036,Office Supplies,Binders,1.6843636363636356,0.5454545454545454
FUR-FU-10001617,"Executive Impressions 8-1/2"" Career Panel/Partition Cubicle Clock",66.56,18.512,0.278125,Furniture,Furnishings,9.256,0.0
OFF-BI-10003712,"Acco Pressboard Covers with Storage Hooks, 14 7/8"" x 11"", Light Blue",131.097,18.4125,0.1404494382022472,Office Supplies,Binders,1.6738636363636366,0.5454545454545454
OFF-BI-10000948,"GBC Laser Imprintable Binding System Covers, Desert Sand",146.981,18.408299999999997,0.12524271844660192,Office Supplies,Binders,3.0680499999999995,0.3333333333333333
OFF-AR-10003469,Nontoxic Chalk,42.944,18.233600000000003,0.4245901639344263,Office Supplies,Art,2.2792000000000003,0.0
OFF-BI-10002949,Prestige Round Ring Binders,85.728,18.0576,0.21063829787234045,Office Supplies,Binders,2.2572,0.375
OFF-FA-10001332,"Acco Banker's Clasps, 5 3/4""-Long",40.896,18.0,0.4401408450704225,Office Supplies,Fasteners,3.6,0.0
TEC-PH-10002070,Griffin GC36547 PowerJolt SE Lightning Charger,175.422,17.992,0.10256410256410257,Technology,Phones,5.997333333333334,0.3333333333333333
OFF-AR-10001940,"Sanford Colorific Eraseable Coloring Pencils, 12 Count",45.919999999999995,17.876,0.38928571428571435,Office Supplies,Art,4.469,0.0
TEC-PH-10003442,Samsung Replacement EH64AVFWE Premium Headset,104.5,17.875,0.17105263157894737,Technology,Phones,3.575,0.0
OFF-AR-10000122,Newell 314,118.296,17.856,0.1509433962264151,Office Supplies,Art,2.550857142857143,0.0
OFF-AR-10004587,"Boston 1827 Commercial Additional Cutter, Drive Gear & Gear Rack for 1606",59.489999999999995,17.847,0.30000000000000004,Office Supplies,Art,8.9235,0.0
OFF-AP-10000326,Belkin 7 Outlet SurgeMaster Surge Protector with Phone Protection,157.92,17.766,0.1125,Office Supplies,Appliances,17.766,0.0
OFF-AR-10000614,Barrel Sharpener,67.83,17.6358,0.26,Office Supplies,Art,4.40895,0.0
TEC-AC-10002558,Imation Swivel Flash Drive USB flash drive - 8 GB,54.57599999999999,17.6235,0.3229166666666667,Technology,Accessories,8.81175,0.0
OFF-AP-10004036,Bionaire 99.97% HEPA Air Cleaner,199.728,17.52,0.08771929824561403,Office Supplies,Appliances,4.38,0.25
TEC-PH-10001924,iHome FM Clock Radio with Lightning Dock,699.9,17.4975,0.024999999999999998,Technology,Phones,3.4995,0.2
OFF-PA-10004965,Xerox 1921,55.944,17.4825,0.3125,Office Supplies,Paper,5.827500000000001,0.0
TEC-PH-10004071,PayAnywhere Card Reader,199.8,17.4825,0.08750000000000001,Technology,Phones,3.4965,0.0
FUR-FU-10001602,"Eldon Delta Triangular Chair Mat, 52"" x 58"", Clear",546.192,17.447799999999997,0.03194444444444444,Furniture,Furnishings,2.9079666666666664,0.5
OFF-PA-10001204,Xerox 1972,46.464,17.424,0.375,Office Supplies,Paper,3.4848,0.0
FUR-FU-10003829,Stackable Trays,65.29599999999999,17.1248,0.2622641509433963,Furniture,Furnishings,2.4464,0.0
FUR-FU-10001847,Eldon Image Series Black Desk Accessories,48.852,17.0568,0.34915254237288135,Furniture,Furnishings,3.4113599999999997,0.0
OFF-AR-10003405,"Dixon My First Ticonderoga Pencil, #2",95.94,17.023500000000002,0.17743902439024392,Office Supplies,Art,4.2558750000000005,0.0
OFF-ST-10001505,"Perma STOR-ALL Hanging File Box, 13 1/8""W x 12 1/4""D x 10 1/2""H",180.596,16.8038,0.09304635761589403,Office Supplies,Storage,2.100475,0.25
OFF-EN-10001137,"#10 Gummed Flap White Envelopes, 100/Box",41.3,16.7678,0.4060000000000001,Office Supplies,Envelopes,4.19195,0.0
OFF-BI-10004654,Avery Binding System Hidden Tab Executive Style Index Sets,91.743,16.733,0.18238993710691825,Office Supplies,Binders,2.091625,0.375
OFF-BI-10004187,3-ring staple pack,42.111999999999995,16.6944,0.3964285714285715,Office Supplies,Binders,2.7824000000000004,0.0
OFF-PA-10001826,Xerox 207,40.176,16.5888,0.41290322580645156,Office Supplies,Paper,8.2944,0.0
OFF-ST-10004950,Acco Perma 3000 Stacking Storage Drawers,373.444,16.5742,0.044382022471910115,Office Supplies,Storage,2.762366666666667,0.6666666666666666
OFF-PA-10002960,Xerox 1926,34.86,16.3842,0.47000000000000003,Office Supplies,Paper,16.3842,0.0
OFF-PA-10004470,"Adams Write n' Stick Phone Message Book, 11"" X 5 1/4"", 200 Messages",40.896,16.3584,0.39999999999999997,Office Supplies,Paper,5.4528,0.0
OFF-PA-10003729,Xerox 1998,46.656,16.3296,0.35,Office Supplies,Paper,8.1648,0.0
OFF-AR-10000914,Boston 16765 Mini Stand Up Battery Pencil Sharpener,102.608,16.324,0.1590909090909091,Office Supplies,Art,4.081,0.0
OFF-BI-10000138,Acco Translucent Poly Ring Binders,91.728,16.2864,0.17755102040816328,Office Supplies,Binders,2.0358,0.25
TEC-AC-10004992,Kingston Digital DataTraveler 64GB USB 2.0,202.68,16.2144,0.08,Technology,Accessories,8.1072,0.0
TEC-AC-10000521,"Verbatim Slim CD and DVD Storage Cases, 50/Pack",80.78,16.156000000000002,0.20000000000000004,Technology,Accessories,4.039000000000001,0.0
TEC-AC-10002600,Belkin QODE FastFit Bluetooth Keyboard,495.6,16.107,0.032499999999999994,Technology,Accessories,8.0535,0.5
FUR-FU-10002508,Document Clip Frames,45.036,16.0128,0.3555555555555555,Furniture,Furnishings,8.0064,0.0
TEC-PH-10001949,Cisco SPA 501G IP Phone,213.48,16.011,0.075,Technology,Phones,16.011,0.0
OFF-AR-10000475,"Hunt BOSTON Vista Battery-Operated Pencil Sharpener, Black",83.952,15.857600000000001,0.1888888888888889,Office Supplies,Art,3.9644000000000004,0.0
TEC-AC-10001142,First Data FD10 PIN Pad,1722.2,15.800000000000004,0.009174311926605507,Technology,Accessories,3.160000000000001,0.4
OFF-AR-10003651,Newell 350,62.32,15.744,0.25263157894736843,Office Supplies,Art,2.624,0.0
OFF-PA-10001622,"Ampad Poly Cover Wirebound Steno Book, 6"" x 9"" Assorted Colors, Gregg Ruled",38.136,15.663,0.4107142857142857,Office Supplies,Paper,3.91575,0.0
OFF-AR-10001662,Rogers Handheld Barrel Pencil Sharpener,75.62400000000001,15.618,0.20652173913043476,Office Supplies,Art,2.2311428571428573,0.0
OFF-AR-10003251,Prang Drawing Pencil Set,43.924,15.568,0.35443037974683544,Office Supplies,Art,2.2239999999999998,0.0
OFF-BI-10002897,"Black Avery Memo-Size 3-Ring Binder, 5 1/2"" x 8 1/2""",45.507999999999996,15.5608,0.3419354838709678,Office Supplies,Binders,3.8902,0.25
OFF-PA-10002552,Xerox 1958,32.400000000000006,15.552,0.4799999999999999,Office Supplies,Paper,7.776,0.0
OFF-BI-10004352,Wilson Jones DublLock D-Ring Binders,35.775,15.525,0.4339622641509434,Office Supplies,Binders,7.7625,0.5
OFF-AR-10003394,Newell 332,67.032,15.523200000000001,0.23157894736842108,Office Supplies,Art,3.1046400000000003,0.0
OFF-PA-10002741,Xerox 1980,34.24,15.408,0.44999999999999996,Office Supplies,Paper,7.704,0.0
FUR-FU-10001424,Dax Clear Box Frame,96.03,15.364799999999999,0.15999999999999998,Furniture,Furnishings,2.5608,0.3333333333333333
FUR-TA-10001691,"Barricks Non-Folding Utility Table with Steel Legs, Laminate Tops",136.464,15.3522,0.1125,Furniture,Tables,15.3522,0.0
OFF-LA-10003663,Avery 498,35.257999999999996,15.3459,0.43524590163934435,Office Supplies,Labels,5.1153,0.0
OFF-FA-10000611,Binder Clips by OIC,36.112,15.3328,0.4245901639344262,Office Supplies,Fasteners,2.1904,0.0
OFF-BI-10004506,Wilson Jones data.warehouse D-Ring Binders with DublLock,66.663,15.307799999999999,0.22962962962962963,Office Supplies,Binders,3.0615599999999996,0.4
FUR-FU-10003274,Regeneration Desk Collection,35.904,15.206399999999999,0.4235294117647058,Furniture,Furnishings,3.0412799999999995,0.0
OFF-BI-10004410,"C-Line Peel & Stick Add-On Filing Pockets, 8-3/4 x 5-1/8, 10/Pack",85.995,15.0969,0.17555555555555555,Office Supplies,Binders,3.774225,0.5
OFF-PA-10001752,Hammermill CopyPlus Copy Paper (20Lb. and 84 Bright),32.868,15.0894,0.45909090909090905,Office Supplies,Paper,5.0298,0.0
OFF-BI-10003655,Durable Pressboard Binders,37.239999999999995,15.085999999999999,0.40510204081632656,Office Supplies,Binders,7.542999999999999,0.0
OFF-BI-10002003,Ibico Presentation Index for Binding Systems,72.038,15.0842,0.20939226519337018,Office Supplies,Binders,2.1548857142857143,0.2857142857142857
FUR-CH-10004540,Global Chrome Stack Chair,815.864,15.083200000000001,0.018487394957983194,Furniture,Chairs,2.513866666666667,0.6666666666666666
FUR-BO-10001811,"Atlantic Metals Mobile 5-Shelf Bookcases, Custom Colors",5492.885,15.049000000000007,0.002739726027397261,Furniture,Bookcases,1.8811250000000008,0.625
OFF-EN-10004846,Letter or Legal Size Expandable Poly String Tie Envelopes,36.708,15.0024,0.40869565217391307,Office Supplies,Envelopes,3.7506,0.0
TEC-PH-10003931,JBL Micro Wireless Portable Bluetooth Speaker,779.87,14.997499999999999,0.01923076923076923,Technology,Phones,2.4995833333333333,0.3333333333333333
TEC-AC-10001542,SanDisk Cruzer 16 GB USB Flash Drive,107.912,14.924,0.1382978723404255,Technology,Accessories,4.974666666666667,0.3333333333333333
FUR-CH-10002017,SAFCO Optional Arm Kit for Workspace Cribbage Stacking Chair,245.08800000000002,14.918400000000002,0.06086956521739131,Furniture,Chairs,2.9836800000000006,0.4
OFF-BI-10001097,Avery Hole Reinforcements,116.501,14.827399999999999,0.12727272727272726,Office Supplies,Binders,1.6474888888888888,0.4444444444444444
OFF-BI-10001890,Avery Poly Binder Pockets,78.044,14.7496,0.1889908256880734,Office Supplies,Binders,1.8437,0.25
OFF-PA-10001243,Xerox 1983,29.900000000000002,14.651,0.48999999999999994,Office Supplies,Paper,7.3255,0.0
OFF-AR-10001954,Newell 331,75.306,14.6211,0.19415584415584416,Office Supplies,Art,3.655275,0.0
OFF-AR-10004511,"Sanford Colorific Scented Colored Pencils, 12/Pack",47.080000000000005,14.5948,0.30999999999999994,Office Supplies,Art,7.2974,0.0
FUR-FU-10002111,"Master Caster Door Stop, Large Brown",59.696,14.56,0.24390243902439027,Furniture,Furnishings,4.8533333333333335,0.3333333333333333
FUR-FU-10000206,"GE General Purpose, Extra Long Life, Showcase & Floodlight Incandescent Bulbs",45.396,14.55,0.32051282051282054,Furniture,Furnishings,2.0785714285714287,0.2857142857142857
OFF-ST-10003221,Staple magnet,53.4,14.418,0.27,Office Supplies,Storage,4.806,0.0
OFF-AR-10000246,Newell 318,61.716,14.4004,0.2333333333333333,Office Supplies,Art,2.88008,0.0
OFF-AR-10000127,Newell 321,65.6,14.3664,0.21900000000000003,Office Supplies,Art,3.5916,0.0
OFF-BI-10003638,GBC Durable Plastic Covers,369.585,14.318999999999999,0.0387434554973822,Office Supplies,Binders,1.7898749999999999,0.375
OFF-ST-10002289,"Safco Wire Cube Shelving System, For Use as 4 or 5 14"" Cubes, Black",406.784,14.301,0.03515625,Office Supplies,Storage,3.57525,0.25
OFF-PA-10003205,"Wirebound Message Forms, Four 2 3/4 x 5 Forms per Page, Pink Paper",35.948,14.2975,0.3977272727272727,Office Supplies,Paper,7.14875,0.0
FUR-FU-10002963,"Master Caster Door Stop, Gray",47.752,14.224,0.2978723404255319,Furniture,Furnishings,3.556,0.25
OFF-AR-10001573,American Pencil,48.93,14.189699999999998,0.29,Office Supplies,Art,2.36495,0.0
OFF-AR-10002804,Faber Castell Col-Erase Pencils,37.164,14.0832,0.3789473684210526,Office Supplies,Art,2.81664,0.0
TEC-PH-10000912,Anker 24W Portable Micro USB Car Charger,61.544,14.0672,0.22857142857142856,Technology,Phones,7.0336,0.0
OFF-PA-10004948,Xerox 190,29.88,14.0436,0.47000000000000003,Office Supplies,Paper,7.0218,0.0
OFF-LA-10000634,Avery 509,32.364000000000004,14.041799999999999,0.4338709677419354,Office Supplies,Labels,3.5104499999999996,0.0
TEC-PH-10003535,RCA ViSYS 25423RE1 Corded phone,159.984,13.9986,0.0875,Technology,Phones,13.9986,0.0
OFF-BI-10000546,Avery Durable Binders,87.264,13.824,0.15841584158415842,Office Supplies,Binders,1.152,0.4166666666666667
OFF-AR-10000203,Newell 336,68.48,13.781600000000001,0.20125,Office Supplies,Art,3.4454000000000002,0.0
OFF-BI-10002764,Recycled Pressboard Report Cover with Reinforced Top Hinge,69.768,13.759799999999998,0.1972222222222222,Office Supplies,Binders,1.7199749999999998,0.375
OFF-AR-10000940,Newell 343,65.268,13.7592,0.2108108108108108,Office Supplies,Art,1.9656,0.0
FUR-FU-10002107,Eldon Pizzaz Desk Accessories,37.464,13.736799999999999,0.36666666666666664,Furniture,Furnishings,3.4341999999999997,0.0
OFF-PA-10004248,Xerox 1990,36.96,13.728,0.3714285714285714,Office Supplies,Paper,6.864,0.0
OFF-BI-10001072,"GBC Clear Cover, 8-1/2 x 11, unpunched, 25 covers per pack",136.44,13.644000000000002,0.10000000000000002,Office Supplies,Binders,3.4110000000000005,0.5
OFF-BI-10003274,"Avery Durable Slant Ring Binders, No Labels",89.55,13.611600000000001,0.15200000000000002,Office Supplies,Binders,1.5124000000000002,0.4444444444444444
OFF-AR-10001026,"Sanford Uni-Blazer View Highlighters, Chisel Tip, Yellow",30.799999999999997,13.552,0.44,Office Supplies,Art,4.517333333333333,0.0
OFF-PA-10004022,Hammermill Color Copier Paper (28Lb. and 96 Bright),29.97,13.4865,0.45,Office Supplies,Paper,6.74325,0.0
OFF-AR-10000657,"Binney & Smith inkTank Desk Highlighter, Chisel Tip, Yellow, 12/Box",45.15,13.459,0.2980952380952381,Office Supplies,Art,2.6917999999999997,0.0
OFF-SU-10002557,Fiskars Spring-Action Scissors,75.492,13.4208,0.17777777777777776,Office Supplies,Supplies,3.3552,0.0
OFF-PA-10000955,Southworth 25% Cotton Granite Paper & Envelopes,37.932,13.2108,0.3482758620689655,Office Supplies,Paper,4.4036,0.0
OFF-BI-10001759,"Acco Pressboard Covers with Storage Hooks, 14 7/8"" x 11"", Dark Blue",59.817,13.1826,0.22038216560509555,Office Supplies,Binders,2.63652,0.2
OFF-AR-10001246,Newell 317,79.96799999999999,13.1712,0.1647058823529412,Office Supplies,Art,1.8816000000000002,0.0
OFF-AR-10003772,Boston 16750 Black Compact Battery Pencil Sharpener,43.75,13.125,0.3,Office Supplies,Art,6.5625,0.0
FUR-FU-10003026,"Eldon Regeneration Recycled Desk Accessories, Black",39.688,13.116399999999999,0.33048780487804874,Furniture,Furnishings,4.372133333333333,0.0
FUR-FU-10004164,"Eldon 300 Class Desk Accessories, Black",29.7,13.068000000000001,0.44000000000000006,Furniture,Furnishings,6.534000000000001,0.0
OFF-AR-10001547,Newell 311,61.438,13.039,0.21223021582733811,Office Supplies,Art,1.629875,0.0
TEC-PH-10004924,"SKILCRAFT Telephone Shoulder Rest, 2"" x 6.5"" x 2.5"", Black",56.163999999999994,13.006400000000001,0.2315789473684211,Technology,Phones,4.335466666666667,0.0
TEC-PH-10002365,Belkin Grip Candy Sheer Case / Cover for iPhone 5 and 5S,64.972,12.994399999999999,0.2,Technology,Phones,4.331466666666667,0.0
OFF-BI-10004002,Wilson Jones International Size A4 Ring Binders,174.73,12.802000000000008,0.07326732673267332,Office Supplies,Binders,1.828857142857144,0.42857142857142855
OFF-AP-10002287,"Eureka Sanitaire  Multi-Pro Heavy-Duty Upright, Disposable Bags",83.904,12.7604,0.15208333333333335,Office Supplies,Appliances,2.55208,0.0
OFF-PA-10001837,Xerox 1976,36.288,12.700800000000001,0.35000000000000003,Office Supplies,Paper,6.3504000000000005,0.0
OFF-AR-10004752,Blackstonian Pencils,49.128,12.602400000000001,0.2565217391304348,Office Supplies,Art,3.1506000000000003,0.0
OFF-BI-10004528,Cardinal Poly Pocket Divider Pockets for Ring Binders,40.32,12.6,0.3125,Office Supplies,Binders,3.15,0.0
OFF-BI-10003727,Avery Durable Slant Ring Binders With Label Holder,90.70599999999999,12.456400000000002,0.13732718894009222,Office Supplies,Binders,1.3840444444444446,0.5555555555555556
OFF-SU-10004115,Acme Stainless Steel Office Snips,81.424,12.4317,0.1526785714285714,Office Supplies,Supplies,3.107925,0.0
OFF-BI-10003529,Avery Round Ring Poly Binders,36.92,12.2972,0.33307692307692305,Office Supplies,Binders,2.049533333333333,0.3333333333333333
OFF-PA-10004405,Rediform Voice Mail Log Books,29.204,12.1584,0.4163265306122449,Office Supplies,Paper,6.0792,0.0
FUR-CH-10001802,Hon Every-Day Chair Series Swivel Task Chairs,967.84,12.097999999999999,0.012499999999999999,Furniture,Chairs,4.032666666666667,0.3333333333333333
OFF-ST-10001414,Decoflex Hanging Personal Folder File,46.26,12.0276,0.26,Office Supplies,Storage,12.0276,0.0
TEC-AC-10000926,NETGEAR RangeMax WNR1000 Wireless Router,59.976,11.9952,0.2,Technology,Accessories,11.9952,0.0
OFF-AR-10003190,Newell 32,47.232,11.9808,0.25365853658536586,Office Supplies,Art,1.9968000000000001,0.0
OFF-BI-10000145,Zipper Ring Binder Pockets,81.744,11.7312,0.1435114503816794,Office Supplies,Binders,0.9024,0.46153846153846156
OFF-AR-10002766,Prang Drawing Pencil Set,56.156,11.5092,0.20495049504950497,Office Supplies,Art,2.8773,0.0
TEC-AC-10002857,"Verbatim 25 GB 6x Blu-ray Single Layer Recordable Disc, 1/Pack",83.44,11.473,0.1375,Technology,Accessories,3.8243333333333336,0.0
OFF-BI-10000756,Storex DuraTech Recycled Plastic Frosted Binders,94.128,11.448,0.12162162162162163,Office Supplies,Binders,1.431,0.625
OFF-AP-10000595,Disposable Triple-Filter Dust Bags,43.7,11.362,0.26,Office Supplies,Appliances,2.8405,0.0
OFF-AR-10004817,Colorific Watercolor Pencils,51.6,11.3004,0.219,Office Supplies,Art,3.7668,0.0
OFF-PA-10000141,"Ampad Evidence Wirebond Steno Books, 6"" x 9""",27.468,11.2924,0.41111111111111115,Office Supplies,Paper,2.8231,0.0
OFF-LA-10002381,Avery 497,24.023999999999997,11.211200000000002,0.4666666666666668,Office Supplies,Labels,5.605600000000001,0.0
TEC-PH-10000376,Square Credit Card Reader,173.826,11.1888,0.06436781609195402,Technology,Phones,1.5984,0.14285714285714285
OFF-SU-10002522,Acme Kleen Earth Office Shears,44.232,11.1744,0.25263157894736843,Office Supplies,Supplies,2.23488,0.0
OFF-AR-10001427,Newell 330,59.800000000000004,11.1228,0.18599999999999997,Office Supplies,Art,2.7807,0.0
OFF-EN-10001749,Jiffy Padded Mailers with Self-Seal Closure,29.808,10.8054,0.36250000000000004,Office Supplies,Envelopes,10.8054,0.0
OFF-FA-10001229,Staples,29.868000000000002,10.7682,0.36052631578947364,Office Supplies,Fasteners,3.5894,0.0
OFF-AR-10003811,Newell 327,39.78,10.7406,0.27,Office Supplies,Art,2.68515,0.0
OFF-AR-10004165,"Binney & Smith inkTank Erasable Pocket Highlighter, Chisel Tip, Yellow",25.992,10.6704,0.4105263157894737,Office Supplies,Art,3.5568000000000004,0.0
FUR-FU-10003981,Eldon Wave Desk Accessories,29.951999999999998,10.6496,0.35555555555555557,Furniture,Furnishings,2.12992,0.0
OFF-AR-10004930,Turquoise Lead Holder with Pocket Clip,37.52,10.586,0.28214285714285714,Office Supplies,Art,3.5286666666666666,0.0
OFF-PA-10003424,"""While you Were Out"" Message Book, One Form per Page",25.228,10.388,0.4117647058823529,Office Supplies,Paper,3.462666666666667,0.0
TEC-PH-10002824,Jabra SPEAK 410 Multidevice Speakerphone,2018.702,10.299500000000009,0.005102040816326535,Technology,Phones,3.43316666666667,0.3333333333333333
OFF-SU-10004290,"Acme Design Line 8"" Stainless Steel Bent Scissors w/Champagne Handles, 3-1/8"" Cut",45.144,10.1916,0.22575757575757574,Office Supplies,Supplies,3.3971999999999998,0.0
OFF-AP-10004655,"Holmes Visible Mist Ultrasonic Humidifier with 2.3-Gallon Output per Day, Replacement Filter",47.544000000000004,10.188,0.21428571428571427,Office Supplies,Appliances,5.094,0.5
OFF-BI-10003669,3M Organizer Strips,83.16,10.151999999999997,0.12207792207792205,Office Supplies,Binders,1.450285714285714,0.42857142857142855
FUR-FU-10002364,"Eldon Expressions Wood Desk Accessories, Oak",183.024,10.110600000000002,0.05524193548387098,Furniture,Furnishings,0.8425500000000001,0.25
TEC-PH-10003356,"SmartStand Mobile Device Holder, Assorted Colors",75.49199999999999,10.0656,0.13333333333333336,Technology,Phones,3.3552,0.0
OFF-AR-10001177,Newell 349,42.64,10.0368,0.23538461538461536,Office Supplies,Art,3.3455999999999997,0.0
OFF-AR-10002578,Newell 335,34.56,10.0224,0.29,Office Supplies,Art,2.5056,0.0
OFF-BI-10000591,Avery Binder Labels,26.063000000000002,9.880600000000001,0.3791044776119403,Office Supplies,Binders,2.4701500000000003,0.25
OFF-BI-10004182,Economy Binders,29.951999999999998,9.796800000000001,0.3270833333333334,Office Supplies,Binders,2.4492000000000003,0.25
OFF-PA-10001450,Rediform S.O.S. Phone Message Books,19.92,9.7608,0.48999999999999994,Office Supplies,Paper,9.7608,0.0
OFF-FA-10003485,Staples,26.724,9.7464,0.36470588235294116,Office Supplies,Fasteners,4.8732,0.0
OFF-AR-10003481,Newell 348,65.6,9.7088,0.14800000000000002,Office Supplies,Art,1.6181333333333334,0.0
OFF-AR-10003876,"Avery Hi-Liter GlideStik Fluorescent Highlighter, Yellow Ink",26.08,9.6496,0.37,Office Supplies,Art,4.8248,0.0
OFF-AR-10000462,Sanford Pocket Accent Highlighters,22.4,9.632,0.43,Office Supplies,Art,3.2106666666666666,0.0
OFF-FA-10000089,Acco Glide Clips,19.6,9.604,0.48999999999999994,Office Supplies,Fasteners,9.604,0.0
TEC-AC-10001090,Micro Innovations Wireless Classic Keyboard with Mouse,107.964,9.5968,0.08888888888888889,Technology,Accessories,4.7984,0.5
FUR-FU-10002874,Ultra Commercial Grade Dual Valve Door Closer,63.824,9.5736,0.15000000000000002,Furniture,Furnishings,9.5736,0.0
OFF-LA-10000476,"Avery 05222 Permanent Self-Adhesive File Folder Labels for Typewriters, on Rolls, White, 250/Roll",20.65,9.498999999999999,0.45999999999999996,Office Supplies,Labels,4.749499999999999,0.0
OFF-AR-10000634,Newell 320,81.32,9.4588,0.11631578947368422,Office Supplies,Art,1.351257142857143,0.0
OFF-AR-10003183,Avery Fluorescent Highlighter Four-Color Set,65.464,9.352,0.14285714285714288,Office Supplies,Art,1.169,0.0
FUR-FU-10000550,Stacking Trays by OIC,72.708,9.3126,0.12808219178082192,Furniture,Furnishings,1.5521,0.3333333333333333
OFF-AR-10002257,"Eldon Spacemaker Box, Quick-Snap Lid, Clear",50.768,9.2852,0.18289473684210525,Office Supplies,Art,1.5475333333333332,0.0
OFF-AR-10002467,Dixon Ticonderoga Pencils,37.548,9.2678,0.2468253968253968,Office Supplies,Art,3.0892666666666666,0.0
OFF-PA-10003543,Xerox 1985,25.92,9.072,0.3499999999999999,Office Supplies,Paper,4.536,0.0
OFF-BI-10000014,Heavy-Duty E-Z-D Binders,176.742,9.055299999999999,0.05123456790123457,Office Supplies,Binders,1.1319124999999999,0.625
OFF-AR-10001770,Economy #2 Pencils,34.58,8.9908,0.26,Office Supplies,Art,2.2477,0.0
OFF-LA-10004677,Self-Adhesive Address Labels for Typewriters with Dispenser Box,26.568,8.9667,0.33749999999999997,Office Supplies,Labels,4.48335,0.0
OFF-AR-10004582,BIC Brite Liner Grip Highlighters,24.272,8.938,0.3682432432432433,Office Supplies,Art,1.7876,0.0
OFF-FA-10003059,Assorted Color Push Pins,34.39,8.923300000000001,0.25947368421052636,Office Supplies,Fasteners,1.1154125000000001,0.0
FUR-FU-10001852,"Eldon Regeneration Recycled Desk Accessories, Smoke",33.756,8.9088,0.2639175257731959,Furniture,Furnishings,1.7817599999999998,0.0
TEC-AC-10001445,Imation USB 2.0 Swivel Flash Drive USB flash drive - 4 GB - Pink,42.42,8.9082,0.21000000000000002,Technology,Accessories,2.9694000000000003,0.0
FUR-FU-10000448,Tenex Chairmats For Use With Carpeted Floors,175.78,8.789,0.049999999999999996,Furniture,Furnishings,2.19725,0.0
TEC-AC-10003027,Imation 8GB Mini TravelDrive USB 2.0 Flash Drive,350.20399999999995,8.7551,0.025000000000000005,Technology,Accessories,2.918366666666667,0.3333333333333333
OFF-BI-10000279,"Acco Recycled 2"" Capacity Laser Printer Hanging Data Binders",85.255,8.67,0.1016949152542373,Office Supplies,Binders,2.1675,0.5
OFF-LA-10004008,Avery 507,24.192,8.64,0.35714285714285715,Office Supplies,Labels,4.32,0.0
OFF-BI-10001267,"Universal Recycled Hanging Pressboard Report Binders, Letter Size",72.806,8.638000000000002,0.1186440677966102,Office Supplies,Binders,1.7276000000000002,0.6
OFF-AR-10002335,DIXON Oriole Pencils,44.891999999999996,8.6172,0.19195402298850578,Office Supplies,Art,1.4362000000000001,0.0
OFF-AR-10002255,Newell 346,31.104,8.6112,0.27685185185185185,Office Supplies,Art,1.72224,0.0
OFF-PA-10001274,Loose Memo Sheets,18.25,8.5775,0.47000000000000003,Office Supplies,Paper,4.28875,0.0
OFF-AR-10003856,Newell 344,45.592,8.5624,0.1878048780487805,Office Supplies,Art,1.4270666666666667,0.0
TEC-AC-10004877,Imation 30456 USB Flash Drive 8GB,154.56,8.556,0.05535714285714285,Technology,Accessories,1.7111999999999998,0.2
OFF-BI-10001658,GBC Standard Therm-A-Bind Covers,466.004,8.472800000000003,0.018181818181818188,Office Supplies,Binders,0.706066666666667,0.5833333333333334
OFF-AR-10004956,Newell 33,47.988,8.37,0.17441860465116277,Office Supplies,Art,2.7899999999999996,0.0
OFF-PA-10000859,Unpadded Memo Slips,18.308,8.358,0.4565217391304348,Office Supplies,Paper,4.179,0.0
OFF-AR-10001231,"Sanford EarthWrite Recycled Pencils, Medium Soft, #2",29.4,8.232,0.27999999999999997,Office Supplies,Art,2.7439999999999998,0.0
OFF-BI-10002160,Acco Hanging Data Binders,41.91,8.2296,0.19636363636363638,Office Supplies,Binders,1.1756571428571427,0.2857142857142857
OFF-AR-10003217,Newell 316,46.944,8.2152,0.175,Office Supplies,Art,4.1076,0.0
OFF-AR-10001919,"OIC #2 Pencils, Medium Soft",30.832,8.1404,0.2640243902439024,Office Supplies,Art,1.1629142857142856,0.0
OFF-LA-10003714,Avery 510,21.75,8.1,0.37241379310344824,Office Supplies,Labels,2.6999999999999997,0.0
OFF-AR-10001545,Newell 326,36.608,7.8671999999999995,0.21490384615384617,Office Supplies,Art,1.3112,0.0
OFF-BI-10002393,Binder Posts,57.39999999999999,7.8064,0.136,Office Supplies,Binders,1.3010666666666666,0.5
OFF-FA-10003021,Staples,34.592,7.707999999999999,0.22282608695652173,Office Supplies,Fasteners,1.2846666666666666,0.0
FUR-FU-10000175,DAX Wood Document Frame.,159.268,7.6888000000000005,0.048275862068965524,Furniture,Furnishings,1.9222000000000001,0.5
OFF-FA-10002676,Colored Push Pins,24.978,7.602,0.30434782608695654,Office Supplies,Fasteners,1.5204,0.0
OFF-AR-10003770,Newell 340,25.92,7.5168,0.29,Office Supplies,Art,3.7584,0.0
OFF-AR-10003723,Avery Hi-Liter Fluorescent Desk Style Markers,20.279999999999998,7.5036000000000005,0.37000000000000005,Office Supplies,Art,3.7518000000000002,0.0
OFF-AR-10001315,Newell 310,38.72,7.48,0.1931818181818182,Office Supplies,Art,1.0685714285714287,0.0
OFF-AR-10000799,Col-Erase Pencils with Erasers,37.696,7.478400000000001,0.19838709677419358,Office Supplies,Art,3.7392000000000003,0.0
OFF-SU-10004768,Acme Kleencut Forged Steel Scissors,35.587999999999994,7.462,0.20967741935483875,Office Supplies,Supplies,2.4873333333333334,0.0
OFF-BI-10003708,"Acco Four Pocket Poly Ring Binder with Label Holder, Smoke, 1""",122.18,7.449999999999999,0.06097560975609755,Office Supplies,Binders,1.2416666666666665,0.3333333333333333
OFF-ST-10003572,Portfile Personal File Boxes,99.11999999999999,7.434,0.07500000000000001,Office Supplies,Storage,3.717,0.0
TEC-AC-10003709,Maxell 4.7GB DVD-R 5/Pack,19.008,7.3656,0.3875,Technology,Accessories,1.47312,0.0
OFF-LA-10004055,Color-Coded Legal Exhibit Labels,14.73,7.2177,0.49,Office Supplies,Labels,3.60885,0.0
OFF-BI-10000042,"Pressboard Data Binder, Crimson, 12"" X 8 1/2""",33.108000000000004,7.1556,0.21612903225806449,Office Supplies,Binders,2.3851999999999998,0.3333333333333333
OFF-FA-10000490,"OIC Binder Clips, Mini, 1/4"" Capacity, Black",15.623999999999999,7.0804,0.45317460317460323,Office Supplies,Fasteners,1.41608,0.0
OFF-LA-10002368,Avery 479,16.704,6.8382,0.409375,Office Supplies,Labels,2.2794,0.0
FUR-FU-10000820,Tensor Brushed Steel Torchiere Floor Lamp,146.114,6.795999999999999,0.04651162790697674,Furniture,Furnishings,1.6989999999999998,0.5
FUR-FU-10003194,"Eldon Expressions Desk Accessory, Wood Pencil Holder, Oak",108.08,6.755000000000001,0.06250000000000001,Furniture,Furnishings,1.6887500000000002,0.25
OFF-AR-10001118,"Binney & Smith Crayola Metallic Crayons, 16-Color Pack",16.176000000000002,6.739999999999999,0.4166666666666666,Office Supplies,Art,3.3699999999999997,0.0
OFF-AR-10002833,Newell 322,30.576,6.6612,0.21785714285714286,Office Supplies,Art,1.1102,0.0
OFF-AR-10003896,"Stride Job 150 Highlighters, Chisel Tip, Assorted Colors",17.94,6.4584,0.36,Office Supplies,Art,6.4584,0.0
FUR-FU-10001025,"Eldon Imàge Series Desk Accessories, Clear",53.46,6.3666,0.1190909090909091,Furniture,Furnishings,2.1222,0.3333333333333333
OFF-AR-10001227,Newell 338,23.52,6.3504000000000005,0.27,Office Supplies,Art,3.1752000000000002,0.0
OFF-PA-10002001,Xerox 1984,12.96,6.3504,0.48999999999999994,Office Supplies,Paper,6.3504,0.0
TEC-PH-10000004,Belkin iPhone and iPad Lightning Cable,83.944,6.2958,0.075,Technology,Phones,3.1479,0.0
OFF-LA-10000973,Avery 502,17.64,6.174,0.35000000000000003,Office Supplies,Labels,2.0580000000000003,0.0
TEC-PH-10001870,Lunatik TT5L-002 Taktik Strike Impact Protection System for iPhone 5,281.658,6.123,0.021739130434782608,Technology,Phones,2.041,0.3333333333333333
OFF-AR-10001216,Newell 339,26.688000000000002,6.116,0.22916666666666663,Office Supplies,Art,2.0386666666666664,0.0
OFF-AR-10001130,"Quartet Alpha White Chalk, 12/Pack",15.469999999999999,6.0996,0.3942857142857143,Office Supplies,Art,3.0498,0.0
OFF-BI-10001553,SpineVue Locking Slant-D Ring Binders by Cardinal,110.59400000000001,6.0324,0.05454545454545454,Office Supplies,Binders,0.75405,0.375
OFF-ST-10001034,Eldon File Chest Portable File,79.4,5.955,0.075,Office Supplies,Storage,5.955,0.0
OFF-ST-10000352,Acco Perma 2700 Stacking Storage Drawers,208.18,5.948,0.028571428571428574,Office Supplies,Storage,1.487,0.5
OFF-FA-10004076,Translucent Push Pins by OIC,24.552,5.841,0.23790322580645162,Office Supplies,Fasteners,1.947,0.0
OFF-AR-10004027,"Binney & Smith inkTank Erasable Desk Highlighter, Chisel Tip, Yellow, 12/Box",17.64,5.7456,0.3257142857142857,Office Supplies,Art,1.9151999999999998,0.0
OFF-BI-10002799,"SlimView Poly Binder, 3/8""",117.586,5.697999999999997,0.04845814977973566,Office Supplies,Binders,0.8139999999999995,0.5714285714285714
OFF-AR-10003087,Staples in misc. colors,24.92,5.696,0.22857142857142854,Office Supplies,Art,1.8986666666666665,0.0
OFF-PA-10003739,Xerox 1969,11.56,5.6644,0.48999999999999994,Office Supplies,Paper,5.6644,0.0
OFF-PA-10002333,"Universal Ultra Bright White Copier/Laser Paper, 8 1/2"" x 11"", Ream",15.552,5.6376,0.3625,Office Supplies,Paper,5.6376,0.0
OFF-BI-10002012,Wilson Jones Easy Flow II Sheet Lifters,51.480000000000004,5.616,0.10909090909090907,Office Supplies,Binders,0.46799999999999997,0.4166666666666667
TEC-AC-10000487,SanDisk Cruzer 4 GB USB Flash Drive,25.96,5.5165,0.2125,Technology,Accessories,2.75825,0.0
OFF-LA-10004272,Avery 482,11.56,5.4332,0.47000000000000003,Office Supplies,Labels,2.7166,0.0
OFF-BI-10001787,Wilson Jones Four-Pocket Poly Binders,62.13,5.4281999999999995,0.08736842105263157,Office Supplies,Binders,1.3570499999999999,0.5
TEC-AC-10003441,Kingston Digital DataTraveler 32GB USB 2.0,355.95,5.4239999999999995,0.015238095238095236,Technology,Accessories,0.7748571428571428,0.2857142857142857
OFF-BI-10002103,"Cardinal Slant-D Ring Binder, Heavy Gauge Vinyl",179.014,5.387799999999999,0.030097087378640766,Office Supplies,Binders,0.5387799999999998,0.4
OFF-PA-10000308,Xerox 1901,16.896,5.28,0.3125,Office Supplies,Paper,5.28,0.0
TEC-AC-10001101,Sony 16GB Class 10 Micro SDHC R40 Memory Card,190.772,5.155999999999999,0.02702702702702702,Technology,Accessories,1.2889999999999997,0.5
OFF-FA-10000840,OIC Thumb-Tacks,12.996,5.1414,0.3956140350877193,Office Supplies,Fasteners,1.7138,0.0
TEC-AC-10002718,Belkin Standard 104 key USB Keyboard,265.538,5.1065000000000005,0.019230769230769232,Technology,Accessories,0.8510833333333334,0.8333333333333334
OFF-BI-10004876,Wilson Jones Suede Grain Vinyl Binders,16.401999999999997,5.0596000000000005,0.3084745762711865,Office Supplies,Binders,1.6865333333333334,0.3333333333333333
OFF-BI-10001308,GBC Standard Plastic Binding Systems' Combs,108.644,5.023999999999999,0.04624277456647398,Office Supplies,Binders,0.6279999999999999,0.5
OFF-PA-10002109,Wirebound Voice Message Log Book,15.232,4.9504,0.325,Office Supplies,Paper,2.4752,0.0
OFF-AR-10000315,"Dixon Ticonderoga Maple Cedar Pencil, #2",23.332,4.912000000000001,0.2105263157894737,Office Supplies,Art,1.6373333333333335,0.0
OFF-AR-10000896,Newell 329,24.272,4.8544,0.2,Office Supplies,Art,2.4272,0.0
FUR-FU-10004909,Contemporary Wood/Metal Frame,193.92,4.847999999999999,0.024999999999999998,Furniture,Furnishings,1.2119999999999997,0.5
OFF-ST-10000636,Rogers Profile Extra Capacity Storage Tub,518.9399999999999,4.6872,0.00903225806451613,Office Supplies,Storage,0.6696,0.14285714285714285
TEC-AC-10003433,Maxell 4.7GB DVD+R 5/Pack,11.682,4.6035,0.3940677966101695,Technology,Accessories,0.9207000000000001,0.0
OFF-AR-10002704,Boston 1900 Electric Pencil Sharpener,14.98,4.494,0.3,Office Supplies,Art,4.494,0.0
OFF-AR-10001022,SANFORD Liquid Accent Tank-Style Highlighters,14.2,4.401999999999999,0.30999999999999994,Office Supplies,Art,1.4673333333333332,0.0
OFF-BI-10003429,"Cardinal HOLDit! Binder Insert Strips,Extra Strips",136.728,4.367700000000002,0.031944444444444456,Office Supplies,Binders,0.48530000000000023,0.4444444444444444
OFF-PA-10001661,Xerox 1922,11.952,4.3326,0.36250000000000004,Office Supplies,Paper,4.3326,0.0
OFF-BI-10004656,Peel & Stick Add-On Corner Pockets,38.016,4.32,0.11363636363636365,Office Supplies,Binders,0.6171428571428572,0.42857142857142855
OFF-AR-10001473,Newell 313,28.208,4.264,0.15116279069767444,Office Supplies,Art,1.4213333333333333,0.0
TEC-PH-10000347,Cush Cases Heavy Duty Rugged Cover Case for Samsung Galaxy S5 - Purple,65.34,3.9105000000000003,0.05984848484848485,Technology,Phones,0.65175,0.3333333333333333
OFF-AR-10000422,Pencil and Crayon Sharpener,29.346,3.7668,0.12835820895522387,Office Supplies,Art,0.9417,0.0
OFF-AR-10001972,Newell 323,21.168,3.7632000000000003,0.1777777777777778,Office Supplies,Art,1.2544000000000002,0.0
TEC-AC-10002370,Maxell CD-R Discs,15.76,3.7036,0.235,Technology,Accessories,1.2345333333333333,0.0
TEC-PH-10004348,OtterBox Defender Series Case - iPhone 5c,133.128,3.6979999999999995,0.027777777777777776,Technology,Phones,1.8489999999999998,0.5
OFF-ST-10001627,Eldon Jumbo ProFile Portable File Boxes Graphite/Black,36.744,3.6744,0.09999999999999999,Office Supplies,Storage,3.6744,0.0
OFF-BI-10002954,Newell 3-Hole Punched Plastic Slotted Magazine Holders for Binders,51.184,3.6559999999999997,0.07142857142857142,Office Supplies,Binders,0.6093333333333333,0.5
FUR-FU-10003489,Contemporary Borderless Frame,36.162,3.6162,0.1,Furniture,Furnishings,1.8081,0.5
TEC-AC-10003133,Memorex Mini Travel Drive 4 GB USB 2.0 Flash Drive,13.616,3.5742,0.2625,Technology,Accessories,3.5742,0.0
OFF-AR-10000823,Newell 307,19.292,3.5672,0.18490566037735848,Office Supplies,Art,1.1890666666666667,0.0
OFF-AP-10004052,"Hoover Replacement Belts For Soft Guard & Commercial Ltweight Upright Vacs, 2/Pk",56.09,3.475999999999999,0.06197183098591547,Office Supplies,Appliances,0.6951999999999998,0.2
OFF-AR-10004707,Staples in misc. colors,9.92,3.472,0.35,Office Supplies,Art,1.736,0.0
OFF-BI-10001153,Ibico Recycled Grain-Textured Covers,141.614,3.453999999999999,0.024390243902439015,Office Supplies,Binders,0.8634999999999997,0.5
OFF-FA-10001754,Stockwell Gold Paper Clips,8.096,3.404,0.4204545454545454,Office Supplies,Fasteners,1.702,0.0
OFF-LA-10002473,Avery 484,9.216,3.3408,0.36250000000000004,Office Supplies,Labels,3.3408,0.0
OFF-BI-10000301,GBC Instant Report Kit,164.985,3.2349999999999994,0.019607843137254898,Office Supplies,Binders,0.2488461538461538,0.6153846153846154
OFF-AR-10003986,Avery Hi-Liter Pen Style Six-Color Fluorescent Set,7.7,3.157,0.41,Office Supplies,Art,3.157,0.0
FUR-FU-10004587,"GE General Use Halogen Bulbs, 100 Watts, 1 Bulb per Pack",163.332,3.141000000000002,0.019230769230769242,Furniture,Furnishings,1.0470000000000006,0.6666666666666666
OFF-PA-10000048,Xerox 20,6.48,3.1104,0.4799999999999999,Office Supplies,Paper,3.1104,0.0
OFF-AR-10001149,"Avery Hi-Liter Comfort Grip Fluorescent Highlighter, Yellow Ink",7.8,3.042,0.38999999999999996,Office Supplies,Art,1.521,0.0
OFF-AR-10002221,12 Colored Short Pencils,18.2,3.016,0.16571428571428573,Office Supplies,Art,1.0053333333333334,0.0
OFF-AR-10004790,Staples in misc. colors,47.88,2.9925,0.0625,Office Supplies,Art,1.49625,0.0
OFF-AR-10004974,Newell 342,9.84,2.8536,0.29000000000000004,Office Supplies,Art,2.8536,0.0
OFF-LA-10003388,Avery 5,5.76,2.8224,0.49000000000000005,Office Supplies,Labels,2.8224,0.0
OFF-AP-10003278,Belkin 7-Outlet SurgeMaster Home Series,106.172,2.7940000000000005,0.026315789473684216,Office Supplies,Appliances,0.5588000000000001,0.2
OFF-AR-10003477,4009 Highlighters,8.04,2.7336,0.34,Office Supplies,Art,2.7336,0.0
OFF-PA-10003919,Xerox 1989,7.968,2.6892,0.3375,Office Supplies,Paper,2.6892,0.0
OFF-ST-10004835,Plastic Stacking Crates & Casters,35.712,2.6784,0.07499999999999998,Office Supplies,Storage,0.6696,0.0
OFF-ST-10000617,Woodgrain Magazine Files by Perma,69.136,2.6224,0.03793103448275862,Office Supplies,Storage,0.43706666666666666,0.3333333333333333
TEC-PH-10001795,RCA H5401RE1 DECT 6.0 4-Line Cordless Handset With Caller ID/Call Waiting,239.97,2.3997,0.01,Technology,Phones,2.3997,0.0
OFF-EN-10001535,Grip Seal Envelopes,7.072,2.3868,0.3375,Office Supplies,Envelopes,2.3868,0.0
OFF-BI-10003094,Self-Adhesive Ring Binder Labels,22.88,2.3584000000000005,0.10307692307692311,Office Supplies,Binders,0.5896000000000001,0.5
OFF-AR-10000369,Design Ebony Sketching Pencil,13.622,2.3074,0.16938775510204082,Office Supplies,Art,0.7691333333333333,0.0
TEC-PH-10003655,Sannysis Cute Owl Design Soft Skin Case Cover for Samsung Galaxy S4,13.86,2.2967999999999997,0.1657142857142857,Technology,Phones,1.1483999999999999,0.0
OFF-SU-10001212,Kleencut Forged Office Shears by Acme United Corporation,9.568,2.2880000000000003,0.23913043478260873,Office Supplies,Supplies,1.1440000000000001,0.0
OFF-AR-10004272,Newell 308,8.4,2.1,0.25,Office Supplies,Art,1.05,0.0
FUR-FU-10002506,"Tensor ""Hersey Kiss"" Styled Floor Lamp",93.52799999999999,2.0784000000000002,0.022222222222222227,Furniture,Furnishings,0.6928000000000001,0.3333333333333333
TEC-AC-10002217,Imation Clip USB flash drive - 8 GB,443.68,1.879999999999999,0.004237288135593218,Technology,Accessories,0.2685714285714284,0.42857142857142855
OFF-BI-10004716,Wilson Jones Hanging Recycled Pressboard Data Binders,32.647999999999996,1.7807999999999993,0.05454545454545453,Office Supplies,Binders,0.8903999999999996,0.5
OFF-AP-10001626,"Commercial WindTunnel Clean Air Upright Vacuum, Replacement Belts, Filtration Bags",50.57,1.6338000000000008,0.03230769230769232,Office Supplies,Appliances,0.2334000000000001,0.2857142857142857
OFF-AP-10000804,Hoover Portapower Portable Vacuum,61.824000000000005,1.3439999999999994,0.021739130434782598,Office Supplies,Appliances,0.33599999999999985,0.25
OFF-AP-10003914,"Sanitaire Vibra Groomer IR Commercial Upright Vacuum, Replacement Belts",13.0,1.3,0.1,Office Supplies,Appliances,1.3,0.0
TEC-AC-10000387,KeyTronic KT800P2 - Keyboard - Black,75.1,1.2015999999999998,0.015999999999999997,Technology,Accessories,0.40053333333333324,0.6666666666666666
OFF-BI-10004364,Storex Dura Pro Binders,125.334,1.1879999999999988,0.00947867298578198,Office Supplies,Binders,0.09899999999999991,0.5833333333333334
OFF-AR-10003958,Newell 337,10.496,1.1808,0.1125,Office Supplies,Art,0.5904,0.0
OFF-BI-10003350,Acco Expandable Hanging Binders,38.918,1.0208000000000004,0.026229508196721322,Office Supplies,Binders,0.2552000000000001,0.5
TEC-AC-10002134,Rosewill 107 Normal Keys USB Wired Standard Keyboard,105.14399999999999,0.8087999999999997,0.00769230769230769,Technology,Accessories,0.2695999999999999,0.3333333333333333
FUR-FU-10002240,Nu-Dell EZ-Mount Plastic Wall Frames,19.7,0.7879999999999998,0.039999999999999994,Furniture,Furnishings,0.3939999999999999,0.5
OFF-FA-10002701,Alliance Rubber Bands,13.440000000000001,0.5376000000000001,0.04,Office Supplies,Fasteners,0.26880000000000004,0.0
OFF-AP-10002906,Hoover Replacement Belt for Commercial Guardsman Heavy-Duty Upright Vacuum,9.768,0.44399999999999995,0.04545454545454545,Office Supplies,Appliances,0.11099999999999999,0.25
TEC-AC-10002380,Sony 8GB Class 10 Micro SDHC R40 Memory Card,27.192,0.3399,0.012499999999999999,Technology,Accessories,0.3399,0.0
OFF-FA-10003472,Bagged Rubber Bands,25.704,0.3024,0.011764705882352941,Office Supplies,Fasteners,0.06048,0.2
OFF-SU-10003002,Letter Slitter,10.08,0.3024,0.03,Office Supplies,Supplies,0.1512,0.0
FUR-CH-10002024,HON 5400 Series Task Chairs for Big and Tall,21870.576,1.1368683772161603e-13,5.198163858218276e-18,Furniture,Chairs,1.4210854715202004e-14,0.375
OFF-SU-10003505,Premier Electric Letter Opener,2641.6079999999997,0.0,0.0,Office Supplies,Supplies,0.0,0.375
OFF-BI-10002931,"Avery Trapezoid Extra Heavy Duty 4"" Binders",314.54999999999995,0.0,0.0,Office Supplies,Binders,0.0,0.5
OFF-FA-10003467,"Alliance Big Bands Rubber Bands, 12/Pack",29.7,0.0,0.0,Office Supplies,Fasteners,0.0,0.0
OFF-ST-10003324,Belkin OmniView SE Rackmount Kit,248.35999999999999,0.0,0.0,Office Supplies,Storage,0.0,0.0
FUR-CH-10004289,Global Super Steno Chair,2389.902,-2.6645352591003757e-15,-1.1149140253869722e-18,Furniture,Chairs,-3.806478941571965e-16,0.5714285714285714
OFF-BI-10001132,"Acco PRESSTEX Data Binder with Storage Hooks, Dark Blue, 9 1/2"" X 11""",62.946000000000005,-0.16139999999999688,-0.0025641025641025142,Office Supplies,Binders,-0.04034999999999922,0.75
OFF-FA-10004968,Rubber Band Ball,58.344,-0.2992000000000001,-0.005128205128205129,Office Supplies,Fasteners,-0.07480000000000002,0.25
OFF-FA-10001135,"Brites Rubber Bands, 1 1/2 oz. Box",13.068000000000001,-0.5147999999999999,-0.039393939393939384,Office Supplies,Fasteners,-0.17159999999999997,0.3333333333333333
OFF-ST-10004963,Eldon Gobal File Keepers,348.22,-0.6055999999999998,-0.001739130434782608,Office Supplies,Storage,-0.1009333333333333,0.3333333333333333
OFF-BI-10002571,"Avery Framed View Binder, EZD Ring (Locking), Navy, 1 1/2""",99.8,-0.698599999999999,-0.006999999999999991,Office Supplies,Binders,-0.11643333333333317,0.5
OFF-BI-10004967,Round Ring Binders,29.952,-0.9152000000000005,-0.03055555555555557,Office Supplies,Binders,-0.1525333333333334,0.5
FUR-FU-10001379,"Executive Impressions 16-1/2"" Circular Wall Clock",58.784,-1.0687999999999995,-0.018181818181818174,Furniture,Furnishings,-0.5343999999999998,0.5
TEC-AC-10004127,SanDisk Cruzer 8 GB USB Flash Drive,27.168,-1.3584,-0.05,Technology,Accessories,-1.3584,1.0
OFF-SU-10003936,Acme Serrated Blade Letter Opener,13.992,-1.7489999999999999,-0.12499999999999999,Office Supplies,Supplies,-0.8744999999999999,0.5
FUR-FU-10002030,"Executive Impressions 14"" Contract Wall Clock with Quartz Movement",97.812,-1.7783999999999978,-0.01818181818181816,Furniture,Furnishings,-0.8891999999999989,0.5
TEC-MA-10003493,Penpower WorldCard Pro Card Scanner,91.475,-1.8295,-0.02,Technology,Machines,-1.8295,1.0
OFF-BI-10000848,Angle-D Ring Binders,39.384,-1.9691999999999992,-0.04999999999999998,Office Supplies,Binders,-0.3281999999999999,0.6666666666666666
OFF-BI-10000831,Storex Flexible Poly Binders with Double Pockets,10.824,-2.0064,-0.1853658536585366,Office Supplies,Binders,-0.6688000000000001,0.6666666666666666
OFF-BI-10003784,Computer Printout Index Tabs,11.088000000000001,-2.016,-0.1818181818181818,Office Supplies,Binders,-0.504,0.5
TEC-AC-10000199,Kingston Digital DataTraveler 8GB USB 2.0,44.03,-2.0229999999999997,-0.045945945945945935,Technology,Accessories,-0.6743333333333332,0.6666666666666666
TEC-PH-10004875,PNY Rapid USB Car Charger - Black,9.588,-2.0774,-0.21666666666666667,Technology,Phones,-2.0774,1.0
OFF-BI-10002982,Avery Self-Adhesive Photo Pockets for Polaroid Photos,143.01,-2.179199999999998,-0.015238095238095226,Office Supplies,Binders,-0.19810909090909073,0.6363636363636364
OFF-BI-10000309,"GBC Twin Loop Wire Binding Elements, 9/16"" Spine, Black",269.394,-2.2830000000000013,-0.008474576271186446,Office Supplies,Binders,-0.2536666666666668,0.4444444444444444
OFF-AP-10001634,Hoover Commercial Lightweight Upright Vacuum,18.096,-2.5056000000000003,-0.13846153846153847,Office Supplies,Appliances,-1.2528000000000001,0.5
OFF-FA-10004838,"Super Bands, 12/Pack",33.480000000000004,-2.604,-0.07777777777777777,Office Supplies,Fasteners,-0.651,0.5
FUR-FU-10004415,"Stacking Tray, Side-Loading, Legal, Smoke",46.592000000000006,-2.8672000000000004,-0.06153846153846154,Furniture,Furnishings,-0.7168000000000001,0.25
OFF-BI-10004094,GBC Standard Plastic Binding Systems Combs,55.754999999999995,-2.9205000000000005,-0.052380952380952396,Office Supplies,Binders,-0.5841000000000001,0.6
OFF-BI-10004209,"Fellowes Twister Kit, Gray/Clear, 3/pkg",182.508,-3.216000000000002,-0.017621145374449348,Office Supplies,Binders,-0.3216000000000002,0.5
OFF-ST-10000736,Carina Double Wide Media Storage Towers in Natural & Black,3028.652,-3.239199999999995,-0.0010695187165775384,Office Supplies,Storage,-0.2699333333333329,0.3333333333333333
OFF-FA-10004395,Plymouth Boxed Rubber Bands by Plymouth,77.244,-3.2969999999999997,-0.04268292682926829,Office Supplies,Fasteners,-0.6594,0.4
OFF-SU-10002189,Acme Rosewood Handle Letter Opener,43.67,-3.4936000000000003,-0.08,Office Supplies,Supplies,-1.1645333333333334,0.3333333333333333
OFF-AP-10000124,Acco 6 Outlet Guardian Basic Surge Suppressor,38.272,-3.6608,-0.09565217391304348,Office Supplies,Appliances,-1.8304,0.5
OFF-FA-10000254,Sterling Rubber Bands by Alliance,19.782,-3.768,-0.19047619047619047,Office Supplies,Fasteners,-1.884,0.5
OFF-SU-10001935,Staple remover,29.648,-3.8368,-0.12941176470588237,Office Supplies,Supplies,-0.6394666666666667,0.6666666666666666
OFF-BI-10000216,"Mead 1st Gear 2"" Zipper Binder, Asst. Colors",54.474000000000004,-3.891,-0.07142857142857142,Office Supplies,Binders,-1.297,0.6666666666666666
OFF-SU-10002301,Serrated Blade or Curved Handle Hand Letter Openers,23.864,-4.1133999999999995,-0.17236842105263156,Office Supplies,Supplies,-2.0566999999999998,0.5
OFF-BI-10002071,Fellowes Black Plastic Comb Bindings,102.256,-4.415600000000001,-0.043181818181818196,Office Supplies,Binders,-0.49062222222222235,0.4444444444444444
OFF-AP-10002203,Eureka Disposable Bags for Sanitaire Vibra Groomer I Upright Vac,1.624,-4.466,-2.75,Office Supplies,Appliances,-4.466,1.0
OFF-BI-10004141,Insertable Tab Indexes For Data Binders,17.49,-4.8336,-0.27636363636363637,Office Supplies,Binders,-0.9667199999999999,0.8
FUR-FU-10002505,Eldon 100 Class Desk Accessories,36.396,-4.8528,-0.13333333333333333,Furniture,Furnishings,-1.2132,0.5
OFF-ST-10000419,"Rogers Jumbo File, Granite",317.77200000000005,-4.8888,-0.015384615384615382,Office Supplies,Storage,-0.6984,0.14285714285714285
OFF-BI-10004022,Acco Suede Grain Vinyl Round Ring Binder,38.641999999999996,-4.8928,-0.12661870503597125,Office Supplies,Binders,-0.6116,0.625
OFF-BI-10000201,"Avery Triangle Shaped Sheet Lifters, Black, 2/Pack",25.830000000000002,-4.919999999999999,-0.19047619047619044,Office Supplies,Binders,-0.8199999999999998,0.8333333333333334
OFF-BI-10002049,UniKeep View Case Binders,28.851,-5.4768,-0.18983050847457628,Office Supplies,Binders,-1.09536,0.6
OFF-FA-10000053,Revere Boxed Rubber Bands by Revere,48.006,-5.707800000000001,-0.11889763779527561,Office Supplies,Fasteners,-0.9513000000000001,0.5
OFF-BI-10000494,Acco Economy Flexible Poly Round Ring Binder,11.484,-5.742,-0.5,Office Supplies,Binders,-1.4355,0.75
FUR-FU-10001967,Telescoping Adjustable Floor Lamp,143.928,-5.997000000000001,-0.04166666666666667,Furniture,Furnishings,-0.9995000000000002,0.3333333333333333
OFF-ST-10001963,Tennsco Regal Shelving Units,1764.5339999999999,-6.084599999999995,-0.003448275862068963,Office Supplies,Storage,-1.5211499999999987,0.25
OFF-SU-10001225,Staple remover,80.224,-6.3296,-0.07889908256880734,Office Supplies,Supplies,-0.7912,0.5
OFF-ST-10002957,Sterilite Show Offs Storage Containers,78.144,-6.336,-0.08108108108108109,Office Supplies,Storage,-1.2672,0.4
TEC-PH-10001527,Plantronics MX500i Earset,618.48,-6.442499999999999,-0.010416666666666664,Technology,Phones,-0.9203571428571428,0.2857142857142857
OFF-ST-10000321,Akro Stacking Bins,91.524,-6.943199999999999,-0.07586206896551723,Office Supplies,Storage,-1.1571999999999998,0.5
OFF-BI-10002609,Avery Hidden Tab Dividers for Binding Systems,31.588,-7.032800000000001,-0.22264150943396227,Office Supplies,Binders,-1.0046857142857144,0.7142857142857143
OFF-AP-10002403,Acco Smartsocket Color-Coded Six-Outlet AC Adapter Model Surge Protectors,448.902,-7.041599999999995,-0.01568627450980391,Office Supplies,Appliances,-1.7603999999999989,0.25
OFF-ST-10004180,Safco Commercial Shelving,483.704,-7.4416,-0.015384615384615385,Office Supplies,Storage,-1.48832,0.4
FUR-FU-10001756,"Eldon Expressions Desk Accessory, Wood Photo Frame, Mahogany",262.752,-7.616000000000003,-0.028985507246376822,Furniture,Furnishings,-1.2693333333333339,0.3333333333333333
OFF-ST-10002486,Eldon Shelf Savers Cubes and Bins,300.14,-7.677999999999999,-0.02558139534883721,Office Supplies,Storage,-0.9597499999999999,0.25
OFF-SU-10000432,Acco Side-Punched Conventional Columnar Pads,41.64,-7.8075,-0.1875,Office Supplies,Supplies,-1.951875,1.0
FUR-BO-10003966,"Sauder Facets Collection Library, Sky Alder Finish",1427.683,-8.548999999999992,-0.005988023952095803,Furniture,Bookcases,-2.137249999999998,0.25
OFF-BI-10001116,"Wilson Jones 1"" Hanging DublLock Ring Binders",117.744,-8.5536,-0.0726457399103139,Office Supplies,Binders,-0.8553599999999999,0.6
OFF-BI-10004330,"GBC Velobind Prepunched Cover Sets, Regency Series",661.942,-9.245000000000005,-0.01396648044692738,Office Supplies,Binders,-1.3207142857142864,0.42857142857142855
OFF-AP-10001564,Hoover Commercial Lightweight Upright Vacuum with E-Z Empty Dirt Cup,1023.3520000000001,-9.303200000000004,-0.009090909090909094,Office Supplies,Appliances,-3.101066666666668,0.3333333333333333
FUR-BO-10004409,"Safco Value Mate Series Steel Bookcases, Baked Enamel Finish on Steel, Gray",858.858,-9.937199999999992,-0.011570247933884288,Furniture,Bookcases,-1.6561999999999986,0.5
TEC-PH-10000307,Shocksock Galaxy S4 Armband,63.510000000000005,-10.074,-0.1586206896551724,Technology,Phones,-3.358,0.6666666666666666
OFF-BI-10001757,Pressboard Hanging Data Binders for Unburst Sheets,112.66799999999999,-10.135200000000001,-0.08995633187772928,Office Supplies,Binders,-1.0135200000000002,0.5
OFF-FA-10001883,"Alliance Super-Size Bands, Assorted Sizes",197.61200000000002,-10.3474,-0.052362204724409445,Office Supplies,Fasteners,-2.58685,0.25
OFF-AP-10004868,Hoover Commercial Soft Guard Upright Vacuum And Disposable Filtration Bags,91.68599999999999,-10.4118,-0.1135593220338983,Office Supplies,Appliances,-2.60295,0.25
TEC-PH-10004080,Avaya 5410 Digital phone,625.508,-10.878400000000003,-0.01739130434782609,Technology,Phones,-2.7196000000000007,0.5
FUR-FU-10001546,Dana Swing-Arm Lamps,108.936,-11.214,-0.10294117647058823,Furniture,Furnishings,-1.602,0.42857142857142855
OFF-BI-10004817,GBC Personal VeloBind Strips,156.938,-11.261199999999999,-0.0717557251908397,Office Supplies,Binders,-1.608742857142857,0.42857142857142855
OFF-BI-10000343,"Pressboard Covers with Storage Hooks, 9 1/2"" x 11"", Light Blue",102.619,-11.882200000000003,-0.11578947368421055,Office Supplies,Binders,-0.9901833333333335,0.5
TEC-PH-10004774,Gear Head AU3700S Headset,189.654,-11.950800000000001,-0.06301369863013699,Technology,Phones,-3.9836000000000005,0.3333333333333333
TEC-PH-10002583,iOttie HLCRIO102 Car Mount,215.892,-11.994,-0.05555555555555555,Technology,Phones,-2.3988,0.6
TEC-AC-10001314,Case Logic 2.4GHz Wireless Keyboard,1229.754,-11.997600000000006,-0.009756097560975615,Technology,Accessories,-1.4997000000000007,0.375
FUR-TA-10001520,"Lesro Sheffield Collection Coffee Table, End Table, Center Table, Corner Table",2298.114,-12.132900000000006,-0.005279503105590065,Furniture,Tables,-1.3481000000000007,0.7777777777777778
FUR-BO-10002853,O'Sullivan 5-Shelf Heavy-Duty Bookcases,540.804,-12.290999999999997,-0.02272727272727272,Furniture,Bookcases,-3.072749999999999,0.25
OFF-BI-10001679,GBC Instant Index System for Binding Systems,71.92800000000001,-12.432,-0.1728395061728395,Office Supplies,Binders,-2.4864,0.6
OFF-BI-10002194,Cardinal Hold-It CD Pocket,38.304,-12.4488,-0.325,Office Supplies,Binders,-3.1122,0.5
FUR-BO-10002206,"Bush Saratoga Collection 5-Shelf Bookcase, Hanover Cherry, *Special Order",119.833,-12.6882,-0.10588235294117647,Furniture,Bookcases,-12.6882,1.0
OFF-ST-10000563,Fellowes Bankers Box Stor/Drawer Steel Plus,1426.308,-12.792,-0.008968609865470852,Office Supplies,Storage,-1.066,0.5
OFF-SU-10004498,Martin-Yale Premier Letter Opener,236.99200000000002,-12.879999999999999,-0.05434782608695651,Office Supplies,Supplies,-1.8399999999999999,0.42857142857142855
OFF-BI-10002414,GBC ProClick Spines for 32-Hole Punch,66.40899999999999,-13.2818,-0.20000000000000004,Office Supplies,Binders,-2.6563600000000003,0.6
OFF-BI-10000285,XtraLife ClearVue Slant-D Ring Binders by Cardinal,72.912,-13.328,-0.18279569892473116,Office Supplies,Binders,-2.6656,0.6
TEC-PH-10003092,Motorola L804,607.068,-13.337100000000007,-0.021969696969696983,Technology,Phones,-2.222850000000001,0.3333333333333333
OFF-BI-10004140,Avery Non-Stick Binders,75.432,-13.469999999999999,-0.17857142857142855,Office Supplies,Binders,-1.036153846153846,0.46153846153846156
OFF-BI-10001525,"Acco Pressboard Covers with Storage Hooks, 14 7/8"" x 11"", Executive Red",63.627,-13.906500000000001,-0.218562874251497,Office Supplies,Binders,-1.7383125000000001,0.75
OFF-BI-10003694,"Avery 3 1/2"" Diskette Storage Pages, 10/Pack",137.808,-14.407200000000003,-0.10454545454545458,Office Supplies,Binders,-2.4012000000000007,0.5
TEC-PH-10004522,Dexim XPower Skin Super-Thin Power Case for iPhone 5 - Black,467.92,-14.622500000000002,-0.03125000000000001,Technology,Phones,-4.874166666666667,0.3333333333333333
TEC-PH-10000169,ARKON Windshield Dashboard Air Vent Car Mount Holder,216.95999999999998,-15.594000000000001,-0.07187500000000001,Technology,Phones,-3.8985000000000003,0.5
OFF-BI-10002827,Avery Durable Poly Binders,82.95,-15.5946,-0.188,Office Supplies,Binders,-2.5991,0.6666666666666666
OFF-BI-10002813,Avery Reinforcements for Hole-Punch Pages,28.512,-16.137,-0.5659722222222222,Office Supplies,Binders,-2.017125,0.75
FUR-FU-10002553,"Electrix Incandescent Magnifying Lamp, Black",117.28,-16.4925,-0.140625,Furniture,Furnishings,-8.24625,0.5
OFF-AP-10002439,Tripp Lite Isotel 8 Ultra 8 Outlet Metal Surge,823.252,-17.03280000000001,-0.020689655172413807,Office Supplies,Appliances,-5.677600000000003,0.3333333333333333
FUR-TA-10003837,Anderson Hickey Conga Table Tops & Accessories,51.782,-17.514499999999998,-0.338235294117647,Furniture,Tables,-8.757249999999999,1.0
OFF-ST-10002583,Fellowes Neat Ideas Storage Cubes,480.70399999999995,-18.1888,-0.03783783783783784,Office Supplies,Storage,-2.5984000000000003,0.42857142857142855
TEC-PH-10002844,Speck Products Candyshell Flip Case,188.946,-18.1948,-0.0962962962962963,Technology,Phones,-4.5487,0.5
OFF-BI-10004781,GBC Wire Binding Strips,212.65800000000002,-18.409200000000002,-0.08656716417910448,Office Supplies,Binders,-3.6818400000000002,0.6
OFF-BI-10003719,Large Capacity Hanging Post Binders,276.945,-19.461,-0.07027027027027026,Office Supplies,Binders,-3.8922,0.6
TEC-MA-10003230,Okidata C610n Printer,1362.9,-19.47,-0.014285714285714284,Technology,Machines,-19.47,1.0
TEC-AC-10004396,Logitech Keyboard K120,174.24,-19.602,-0.1125,Technology,Accessories,-6.534,1.0
OFF-BI-10001982,Wilson Jones Custom Binder Spines & Labels,41.344,-19.6928,-0.47631578947368414,Office Supplies,Binders,-2.8132571428571427,0.8571428571428571
OFF-BI-10003196,Accohide Poly Flexible Ring Binders,43.758,-19.822000000000003,-0.45299145299145305,Office Supplies,Binders,-2.4777500000000003,0.625
FUR-BO-10004709,"Bush Westfield Collection Bookcases, Medium Cherry Finish",1426.8878,-20.293000000000006,-0.014221861032100777,Furniture,Bookcases,-2.2547777777777784,0.3333333333333333
OFF-AP-10004980,3M Replacement Filter for Office Air Cleaner for 20' x 33' Room,303.36,-20.4768,-0.0675,Office Supplies,Appliances,-5.1192,0.25
OFF-ST-10003641,Space Solutions Industrial Galvanized Steel Shelving.,520.0799999999999,-20.488,-0.0393939393939394,Office Supplies,Storage,-6.8293333333333335,0.3333333333333333
TEC-MA-10000752,Texas Instrument TI-15 Fraction Calculator,41.905,-20.519,-0.489655172413793,Technology,Machines,-10.2595,0.5
TEC-PH-10000148,Cyber Acoustics AC-202b Speech Recognition Stereo Headset,119.508,-20.5242,-0.17173913043478262,Technology,Phones,-4.10484,0.6
FUR-CH-10003535,"Global Armless Task Chair, Royal Blue",1396.442,-20.7332,-0.014847161572052401,Furniture,Chairs,-2.59165,0.5
TEC-MA-10004086,Plantronics Single Ear Headset,29.925,-21.945,-0.7333333333333333,Technology,Machines,-21.945,1.0
OFF-SU-10003567,Stiletto Hand Letter Openers,136.32000000000002,-21.983999999999998,-0.16126760563380277,Office Supplies,Supplies,-5.4959999999999996,0.75
FUR-TA-10004086,KI Adjustable-Height Table,1788.384,-22.35479999999999,-0.012499999999999994,Furniture,Tables,-3.1935428571428557,0.5714285714285714
TEC-MA-10003356,Panasonic KX MC6040 Color Laser Multifunction Printer,1619.82,-22.497500000000002,-0.013888888888888892,Technology,Machines,-11.248750000000001,0.5
OFF-BI-10004465,Avery Durable Slant Ring Binders,51.480000000000004,-23.76,-0.4615384615384615,Office Supplies,Binders,-4.752000000000001,0.8
OFF-BI-10004099,GBC VeloBinder Strips,52.992,-23.808,-0.4492753623188406,Office Supplies,Binders,-5.952,0.75
TEC-PH-10001448,Anker Astro 15000mAh USB Portable Charger,599.88,-23.9952,-0.04,Technology,Phones,-4.79904,0.4
OFF-ST-10004337,"SAFCO Commercial Wire Shelving, 72h",1445.2640000000001,-24.496,-0.016949152542372878,Office Supplies,Storage,-4.8991999999999996,0.2
OFF-ST-10000642,"Tennsco Lockers, Gray",402.81600000000003,-26.434800000000003,-0.065625,Office Supplies,Storage,-4.4058,0.5
FUR-BO-10001608,"Hon Metal Bookcases, Black",1570.0776,-26.972400000000007,-0.017179023508137437,Furniture,Bookcases,-5.3944800000000015,0.4
OFF-BI-10003676,"GBC Standard Recycled Report Covers, Clear Plastic Sheets",258.72,-27.1656,-0.105,Office Supplies,Binders,-2.2638000000000003,0.5833333333333334
OFF-ST-10001469,Fellowes Bankers Box Recycled Super Stor/Drawer,1187.56,-30.228800000000003,-0.02545454545454546,Office Supplies,Storage,-4.3184000000000005,0.42857142857142855
TEC-PH-10004833,Macally Suction Cup Mount,279.63,-31.07,-0.11111111111111112,Technology,Phones,-7.7675,0.75
TEC-PH-10000562,Samsung Convoy 3,688.138,-31.077199999999998,-0.04516129032258064,Technology,Phones,-15.538599999999999,0.5
TEC-PH-10003187,Anker Astro Mini 3000mAh Ultra-Compact Portable Charger,147.926,-31.984,-0.21621621621621626,Technology,Phones,-7.996,0.75
TEC-AC-10002550,"Memorex 25GB 6X Branded Blu-Ray Recordable Disc, 30/Pack",472.86,-32.2695,-0.06824324324324324,Technology,Accessories,-8.067375,0.5
FUR-CH-10003968,Novimex Turbo Task Chair,1341.5220000000002,-32.6508,-0.024338624338624333,Furniture,Chairs,-5.4418,0.5
OFF-ST-10002485,Rogers Deluxe File Chest,443.996,-34.72839999999999,-0.0782178217821782,Office Supplies,Storage,-4.341049999999999,0.5
FUR-CH-10001545,Hon Comfortask Task/Swivel Chairs,1686.904,-36.4736,-0.02162162162162162,Furniture,Chairs,-6.078933333333333,0.5
OFF-ST-10002756,"Tennsco Stur-D-Stor Boltless Shelving, 5 Shelves, 24"" Deep, Sand",4384.044,-36.5337,-0.008333333333333335,Office Supplies,Storage,-5.2191,0.14285714285714285
OFF-AP-10004136,Kensington 6 Outlet SmartSocket Surge Protector,147.528,-36.882000000000005,-0.25000000000000006,Office Supplies,Appliances,-18.441000000000003,0.5
TEC-PH-10004897,Mediabridge Sport Armband iPhone 5s,257.742,-38.961,-0.1511627906976744,Technology,Phones,-5.565857142857142,0.5714285714285714
FUR-TA-10001866,Bevis Round Conference Room Tables and Bases,519.941,-39.4438,-0.07586206896551724,Furniture,Tables,-19.7219,0.5
OFF-BI-10000773,Insertable Tab Post Binder Dividers,66.566,-39.699,-0.5963855421686747,Office Supplies,Binders,-4.962375,0.75
FUR-FU-10003247,36X48 HARDFLOOR CHAIRMAT,369.248,-40.4914,-0.10965909090909091,Furniture,Furnishings,-6.748566666666666,0.5
FUR-FU-10003394,"Tenex ""The Solids"" Textured Chair Mats",1469.1599999999999,-40.57679999999999,-0.027619047619047616,Furniture,Furnishings,-5.796685714285713,0.42857142857142855
FUR-CH-10002372,Office Star - Ergonomically Designed Knee Chair,1311.876,-42.10959999999999,-0.03209876543209876,Furniture,Chairs,-6.015657142857142,0.5714285714285714
FUR-FU-10004597,Eldon Cleatmat Chair Mats for Medium Pile Carpets,344.1,-42.18,-0.12258064516129032,Furniture,Furnishings,-10.545,0.5
OFF-ST-10002182,"Iris 3-Drawer Stacking Bin, Black",284.104,-43.4512,-0.15294117647058825,Office Supplies,Storage,-14.483733333333333,0.6666666666666666
FUR-FU-10002703,"Tenex Traditional Chairmats for Hard Floors, Average Lip, 36"" x 48""",180.46,-46.403999999999996,-0.2571428571428571,Furniture,Furnishings,-23.201999999999998,0.5
OFF-ST-10003994,"Belkin 19"" Center-Weighted Shelf, Gray",849.312,-47.184,-0.05555555555555555,Office Supplies,Storage,-11.796,0.5
TEC-AC-10004227,SanDisk Ultra 16 GB MicroSDHC Class 10 Memory Card,329.946,-48.5826,-0.14724409448818895,Technology,Accessories,-6.940371428571429,0.7142857142857143
OFF-ST-10002301,Tennsco Commercial Shelving,374.256,-48.6126,-0.1298913043478261,Office Supplies,Storage,-5.4014,0.5555555555555556
FUR-FU-10004622,Eldon Advantage Foldable Chair Mats for Low Pile Carpets,379.4,-48.78,-0.1285714285714286,Furniture,Furnishings,-16.26,0.3333333333333333
FUR-CH-10002126,Hon Deluxe Fabric Upholstered Stacking Chairs,2586.1879999999996,-48.796,-0.01886792452830189,Furniture,Chairs,-12.199,0.75
TEC-PH-10000141,Clearsounds A400,488.326,-48.8326,-0.09999999999999999,Technology,Phones,-16.277533333333334,0.6666666666666666
TEC-PH-10000127,iOttie XL Car Mount,223.88799999999998,-50.3748,-0.22500000000000003,Technology,Phones,-25.1874,1.0
OFF-ST-10003479,"Eldon Base for stackable storage shelf, platinum",872.256,-52.569,-0.06026785714285715,Office Supplies,Storage,-7.509857142857143,0.42857142857142855
TEC-MA-10002178,Cisco CP-7937G Unified IP Conference Station Phone,1391.4,-55.656,-0.039999999999999994,Technology,Machines,-27.828,1.0
TEC-PH-10004188,OtterBox Commuter Series Case - Samsung Galaxy S4,384.846,-55.9776,-0.14545454545454545,Technology,Phones,-13.9944,0.75
OFF-ST-10000676,Fellowes Econo/Stor Drawers,581.58,-56.2194,-0.09666666666666666,Office Supplies,Storage,-28.1097,0.5
FUR-BO-10001798,Bush Somerset Collection Bookcase,1263.9569999999999,-56.3214,-0.04455958549222798,Furniture,Bookcases,-14.08035,0.5
OFF-SU-10000157,Compact Automatic Electric Letter Opener,2982.75,-57.26880000000001,-0.019200000000000005,Office Supplies,Supplies,-7.158600000000002,0.25
OFF-ST-10000934,"Contico 72""H Heavy-Duty Storage System",598.308,-57.372,-0.0958904109589041,Office Supplies,Storage,-11.4744,0.4
TEC-AC-10004855,V7 USB Numeric Keypad,461.868,-58.7832,-0.1272727272727273,Technology,Accessories,-14.6958,0.75
TEC-PH-10003800,i.Sound Portable Power - 8000 mAh,413.322,-58.8189,-0.1423076923076923,Technology,Phones,-11.76378,0.6
OFF-ST-10001713,"Gould Plastics 9-Pocket Panel Bin, 18-3/8w x 5-1/4d x 20-1/2h, Black",953.82,-63.587999999999994,-0.06666666666666665,Office Supplies,Storage,-10.597999999999999,0.5
FUR-TA-10004915,"Office Impressions End Table, 20-1/2""H x 24""W x 20""D",5801.816,-66.8272,-0.011518324607329844,Furniture,Tables,-13.365440000000001,0.6
FUR-BO-10003034,"O'Sullivan Elevations Bookcase, Cherry Finish",1912.308,-68.1096,-0.03561643835616438,Furniture,Bookcases,-13.62192,0.6
OFF-BI-10003166,GBC Plasticlear Binding Covers,68.88,-68.4208,-0.9933333333333334,Office Supplies,Binders,-9.7744,1.0
OFF-ST-10001128,"Carina Mini System Audio Rack, Model AR050B",2730.108,-68.8076,-0.025203252032520322,Office Supplies,Storage,-11.467933333333333,0.3333333333333333
OFF-BI-10000474,Avery Recycled Flexi-View Covers for Binding Systems,197.169,-69.5702,-0.35284552845528455,Office Supplies,Binders,-9.9386,0.7142857142857143
FUR-BO-10002213,"Sauder Forest Hills Library, Woodland Oak Finish",1875.034,-70.49,-0.03759398496240601,Furniture,Bookcases,-17.6225,0.75
FUR-BO-10004360,Rush Hierlooms Collection Rich Wood Bookcases,489.37919999999997,-70.8312,-0.14473684210526316,Furniture,Bookcases,-35.4156,0.5
TEC-MA-10002694,Hewlett-Packard Deskjet F4180 All-in-One Color Ink-jet - Printer / copier / scanner,101.994,-71.3958,-0.7,Technology,Machines,-71.3958,1.0
OFF-ST-10001511,Space Solutions Commercial Steel Shelving,1952.43,-74.34749999999998,-0.03807947019867548,Office Supplies,Storage,-10.621071428571426,0.14285714285714285
OFF-AP-10002867,Fellowes Command Center 5-outlet power strip,664.832,-78.016,-0.11734693877551021,Office Supplies,Appliances,-19.504,0.25
OFF-ST-10001370,Sensible Storage WireTech Storage Systems,2484.3,-78.078,-0.03142857142857143,Office Supplies,Storage,-9.75975,0.375
FUR-BO-10003159,"Sauder Camden County Collection Libraries, Planked Cherry Finish",1909.8178,-78.18639999999999,-0.04093919325707405,Furniture,Bookcases,-11.169485714285713,0.7142857142857143
FUR-BO-10004690,O'Sullivan Cherrywood Estates Traditional Barrister Bookcase,1072.344,-78.36359999999999,-0.07307692307692307,Furniture,Bookcases,-39.181799999999996,0.5
FUR-FU-10003919,Eldon Executive Woodline II Cherry Finish Desk Accessories,98.13600000000001,-78.5088,-0.7999999999999998,Furniture,Furnishings,-39.2544,1.0
FUR-BO-10001337,O'Sullivan Living Dimensions 2-Shelf Bookcases,2970.059,-78.637,-0.026476578411405292,Furniture,Bookcases,-7.8637,0.7
FUR-CH-10001146,"Global Task Chair, Black",463.099,-80.4062,-0.17362637362637362,Furniture,Chairs,-16.08124,1.0
FUR-BO-10003433,Sauder Cornerstone Collection Library,322.192,-81.1676,-0.2519230769230769,Furniture,Bookcases,-27.055866666666663,0.6666666666666666
OFF-BI-10002133,"Wilson Jones Elliptical Ring 3 1/2"" Capacity Binders, 800 sheets",834.6,-82.17599999999999,-0.09846153846153845,Office Supplies,Binders,-10.271999999999998,0.625
OFF-BI-10001575,GBC Linen Binding Covers,207.566,-82.4068,-0.3970149253731343,Office Supplies,Binders,-13.734466666666668,0.6666666666666666
TEC-PH-10003555,Motorola HK250 Universal Bluetooth Headset,832.238,-91.5002,-0.10994475138121547,Technology,Phones,-10.16668888888889,0.6666666666666666
FUR-BO-10003450,"Bush Westfield Collection Bookcases, Dark Cherry Finish",649.376,-97.4064,-0.15000000000000002,Furniture,Bookcases,-32.4688,0.3333333333333333
OFF-BI-10001098,Acco D-Ring Binder w/DublLock,235.18,-102.8378,-0.43727272727272726,Office Supplies,Binders,-11.426422222222222,0.7777777777777778
FUR-BO-10003893,Sauder Camden County Collection Library,1368.2620000000002,-103.482,-0.07563025210084033,Furniture,Bookcases,-51.741,0.5
OFF-ST-10002790,Safco Industrial Shelving,827.12,-104.1285,-0.12589285714285714,Office Supplies,Storage,-20.8257,0.6
FUR-TA-10004152,"Barricks 18"" x 48"" Non-Folding Utility Table with Bottom Storage Shelf",1088.64,-104.832,-0.09629629629629628,Furniture,Tables,-20.9664,0.8
OFF-ST-10002554,Tennsco Industrial Shelving,1281.442,-108.5802,-0.08473282442748092,Office Supplies,Storage,-12.064466666666668,0.5555555555555556
OFF-ST-10002344,"Carina 42""Hx23 3/4""W Media Storage Unit",1635.796,-110.1328,-0.06732673267326733,Office Supplies,Storage,-13.7666,0.5
FUR-FU-10003773,Eldon Cleatmat Plus Chair Mats for High Pile Carpets,1304.128,-111.32800000000003,-0.08536585365853662,Furniture,Furnishings,-22.265600000000006,0.4
FUR-BO-10002202,"Atlantic Metals Mobile 2-Shelf Bookcases, Custom Colors",400.0268,-113.2606,-0.28313253012048195,Furniture,Bookcases,-56.6303,1.0
OFF-AP-10001947,Acco 6 Outlet Guardian Premium Plus Surge Suppressor,289.456,-113.7672,-0.3930379746835443,Office Supplies,Appliances,-18.9612,0.5
FUR-CH-10001714,"Global Leather & Oak Executive Chair, Burgundy",1689.968,-114.6764,-0.06785714285714285,Furniture,Chairs,-22.93528,0.8
FUR-TA-10004607,Hon 2111 Invitation Series Straight Table,2040.054,-115.30739999999999,-0.056521739130434775,Furniture,Tables,-16.472485714285714,0.8571428571428571
FUR-BO-10000112,"Bush Birmingham Collection Bookcase, Dark Cherry",825.174,-117.882,-0.14285714285714288,Furniture,Bookcases,-117.882,1.0
TEC-PH-10003580,Cisco IP Phone 7961G-GE VoIP phone,2252.432,-119.119,-0.05288461538461539,Technology,Phones,-29.77975,0.75
OFF-AP-10000055,Belkin F9S820V06 8 Outlet Surge,266.33599999999996,-120.17599999999999,-0.45121951219512196,Office Supplies,Appliances,-30.043999999999997,0.5
OFF-ST-10001418,Carina Media Storage Towers in Natural & Black,1073.248,-121.96000000000001,-0.11363636363636363,Office Supplies,Storage,-24.392000000000003,0.6
FUR-FU-10000723,"Deflect-o EconoMat Studded, No Bevel Mat for Low Pile Carpeting",1115.6399999999999,-125.1996,-0.11222222222222224,Furniture,Furnishings,-13.911066666666667,0.4444444444444444
FUR-BO-10001601,"Sauder Mission Library with Doors, Fruitwood Finish",935.1972,-125.74080000000001,-0.13445378151260506,Furniture,Bookcases,-41.9136,0.6666666666666666
FUR-BO-10002613,"Atlantic Metals Mobile 4-Shelf Bookcases, Custom Colors",5184.081,-126.44100000000003,-0.02439024390243903,Furniture,Bookcases,-21.073500000000006,0.16666666666666666
OFF-ST-10003656,Safco Industrial Wire Shelving,1363.058,-126.7068,-0.09295774647887324,Office Supplies,Storage,-25.34136,0.8
TEC-PH-10002200,Samsung Galaxy Note 2,4507.902,-128.79719999999998,-0.028571428571428567,Technology,Phones,-64.39859999999999,0.5
FUR-FU-10000193,Tenex Chairmats For Use with Hard Floors,467.712,-129.92,-0.27777777777777773,Furniture,Furnishings,-21.653333333333332,0.6666666666666666
FUR-CH-10001482,Office Star - Mesh Screen back chair with Vinyl seat,2200.464,-130.98000000000002,-0.059523809523809534,Furniture,Chairs,-18.711428571428574,0.5714285714285714
FUR-CH-10003833,Novimex Fabric Task Chair,1890.3799999999999,-131.107,-0.06935483870967743,Furniture,Chairs,-14.567444444444444,0.8888888888888888
FUR-BO-10000468,O'Sullivan 2-Shelf Heavy-Duty Bookcases,723.842,-133.1092,-0.18389261744966443,Furniture,Bookcases,-22.184866666666665,0.5
FUR-CH-10003956,Novimex High-Tech Fabric Mesh Task Chair,922.74,-133.4424,-0.14461538461538462,Furniture,Chairs,-33.3606,0.75
FUR-TA-10002622,"Bush Andora Conference Table, Maple/Graphite Gray Finish",1436.232,-143.6232,-0.1,Furniture,Tables,-35.9058,0.75
FUR-TA-10001676,Hon 61000 Series Interactive Training Tables,653.121,-148.3962,-0.22721088435374148,Furniture,Tables,-16.488466666666667,1.0
FUR-CH-10001190,Global Deluxe High-Back Office Chair in Storm,1087.92,-149.589,-0.13749999999999998,Furniture,Chairs,-49.863,1.0
FUR-CH-10002044,"Office Star - Contemporary Task Swivel chair with 2-way adjustable arms, Plum",694.194,-158.48579999999998,-0.2283018867924528,Furniture,Chairs,-79.24289999999999,1.0
FUR-TA-10004534,Bevis 44 x 96 Conference Tables,3253.2200000000003,-164.72000000000003,-0.05063291139240507,Furniture,Tables,-32.944,0.4
TEC-MA-10003589,Cisco 8961 IP Phone Charcoal,224.937,-164.9538,-0.7333333333333333,Technology,Machines,-164.9538,1.0
FUR-CH-10000225,"Global Geo Office Task Chair, Gray",1757.266,-166.009,-0.0944700460829493,Furniture,Chairs,-23.715571428571426,0.8571428571428571
OFF-ST-10001097,Office Impressions Heavy Duty Welded Shelving & Multimedia Storage Drawers,3178.13,-167.27,-0.052631578947368425,Office Supplies,Storage,-33.454,0.2
FUR-BO-10004357,O'Sullivan Living Dimensions 3-Shelf Bookcases,2904.161,-170.83299999999997,-0.05882352941176469,Furniture,Bookcases,-42.70824999999999,0.75
TEC-MA-10004521,Epson Perfection V600 Photo Scanner,206.991,-172.4925,-0.8333333333333333,Technology,Machines,-172.4925,1.0
OFF-ST-10001522,"Gould Plastics 18-Pocket Panel Bin, 34w x 5-1/4d x 20-1/2h",2299.75,-172.9412,-0.0752,Office Supplies,Storage,-17.29412,0.6
FUR-FU-10002298,"Rubbermaid ClusterMat Chairmats, Mat Size- 66"" x 60"", Lip 20"" x 11"" -90 Degree Angle",2064.228,-173.12879999999998,-0.08387096774193548,Furniture,Furnishings,-34.62576,0.6
OFF-AP-10004233,Honeywell Enviracaire Portable Air Cleaner for up to 8 x 10 Room,299.20799999999997,-177.22320000000002,-0.5923076923076924,Office Supplies,Appliances,-88.61160000000001,0.5
FUR-TA-10004175,"Hon 30"" x 60"" Table with Locking Drawer",1296.028,-177.3512,-0.1368421052631579,Furniture,Tables,-59.117066666666666,0.6666666666666666
OFF-ST-10004804,"Belkin 19"" Vented Equipment Shelf, Black",1400.2559999999999,-179.6652,-0.12830882352941178,Office Supplies,Storage,-17.96652,0.6
FUR-TA-10001095,Chromcraft Round Conference Tables,8209.059,-189.97609999999997,-0.02314225053078556,Furniture,Tables,-14.613546153846151,0.5384615384615384
FUR-BO-10001567,"Bush Westfield Collection Bookcases, Dark Cherry Finish, Fully Assembled",90.882,-190.8522,-2.1,Furniture,Bookcases,-190.8522,1.0
FUR-BO-10003546,Hon 4-Shelf Metal Bookcases,1474.308,-191.86200000000002,-0.13013698630136988,Furniture,Bookcases,-47.965500000000006,0.5
FUR-TA-10002903,"Bevis Round Bullnose 29"" High Table Top",4544.925,-192.18540000000002,-0.04228571428571429,Furniture,Tables,-38.43708,0.6
FUR-CH-10000513,High-Back Leather Manager's Chair,4770.633,-197.58480000000003,-0.041416893732970035,Furniture,Chairs,-21.95386666666667,0.6666666666666666
OFF-BI-10002429,"Premier Elliptical Ring Binder, Black",526.6120000000001,-201.51279999999997,-0.3826589595375721,Office Supplies,Binders,-22.390311111111107,0.8888888888888888
FUR-TA-10002774,Laminate Occasional Tables,2096.168,-206.5342,-0.09852941176470588,Furniture,Tables,-68.84473333333334,1.0
FUR-BO-10004218,"Bush Heritage Pine Collection 5-Shelf Bookcase, Albany Pine Finish, *Special Order",3626.0056,-208.6504,-0.05754276827371695,Furniture,Bookcases,-26.0813,0.375
TEC-PH-10002789,LG Exalt,1154.326,-212.14640000000003,-0.1837837837837838,Technology,Phones,-70.71546666666667,0.6666666666666666
FUR-TA-10001857,Balt Solid Wood Rectangular Table,828.0965,-216.2545,-0.2611464968152866,Furniture,Tables,-54.063625,0.75
FUR-CH-10003396,Global Deluxe Steno Chair,1770.54,-216.31380000000001,-0.12217391304347827,Furniture,Chairs,-21.63138,0.8
OFF-ST-10004123,Safco Industrial Wire Shelving System,2511.0480000000002,-218.352,-0.08695652173913043,Office Supplies,Storage,-27.294,0.5
FUR-FU-10002116,"Tenex Carpeted, Granite-Look or Clear Contemporary Contour Shape Chair Mats",763.668,-222.7365,-0.2916666666666667,Furniture,Furnishings,-44.5473,0.4
FUR-TA-10001039,KI Adjustable-Height Table,2764.257,-226.1274,-0.0818040435458787,Furniture,Tables,-20.557036363636364,0.5454545454545454
FUR-CH-10001973,Office Star Flex Back Scooter Chair with White Frame,1775.68,-228.61880000000002,-0.12875,Furniture,Chairs,-32.65982857142858,0.7142857142857143
FUR-TA-10004575,Hon 5100 Series Wood Tables,5965.09,-238.6036,-0.04,Furniture,Tables,-34.08622857142857,0.5714285714285714
OFF-BI-10004224,Catalog Binders with Expanding Posts,1089.936,-242.208,-0.22222222222222224,Office Supplies,Binders,-30.276,0.625
FUR-CH-10004860,Global Low Back Tilter Chair,1746.9540000000002,-246.3912,-0.14104046242774565,Furniture,Chairs,-30.7989,0.875
TEC-MA-10003337,Okidata B401 Printer,179.991,-251.9874,-1.4,Technology,Machines,-251.9874,1.0
TEC-MA-10003353,Xerox WorkCentre 6505DN Laser Multifunction Printer,2519.958,-251.9958,-0.09999999999999999,Technology,Machines,-251.9958,1.0
FUR-FU-10002918,Eldon ClusterMat Chair Mat with Cordless Antistatic Protection,1200.936,-256.5636,-0.21363636363636365,Furniture,Furnishings,-51.31272,0.4
OFF-SU-10000151,High Speed Automatic Electric Letter Opener,17030.311999999998,-262.00480000000005,-0.015384615384615389,Office Supplies,Supplies,-87.33493333333335,0.3333333333333333
FUR-FU-10004904,"Eldon ""L"" Workstation Diamond Chairmat",1002.936,-267.4496,-0.2666666666666666,Furniture,Furnishings,-66.8624,1.0
TEC-MA-10001856,Okidata C610n Printer,649.0,-272.58,-0.42,Technology,Machines,-272.58,1.0
FUR-BO-10003965,O'Sullivan Manor Hill 2-Door Library in Brianna Oak,1646.918,-285.9484,-0.17362637362637362,Furniture,Bookcases,-71.4871,1.0
FUR-BO-10002268,Sauder Barrister Bookcases,754.7336,-294.7672,-0.3905579399141631,Furniture,Bookcases,-98.25573333333334,1.0
FUR-TA-10002645,Hon Rectangular Conference Tables,3481.5150000000003,-295.815,-0.0849673202614379,Furniture,Tables,-73.95375,0.75
OFF-BI-10004632,Ibico Hi-Tech Manual Binding System,5398.323,-304.99,-0.05649717514124294,Office Supplies,Binders,-27.726363636363637,0.45454545454545453
TEC-MA-10000904,"Brother MFC-9340CDW LED All-In-One Printer, Copier Scanner",341.991,-319.1916,-0.9333333333333333,Technology,Machines,-319.1916,1.0
OFF-AP-10000390,Euro Pro Shark Stick Mini Vacuum,170.744,-325.6332,-1.907142857142857,Office Supplies,Appliances,-108.5444,0.6666666666666666
FUR-TA-10003473,Bretford Rectangular Conference Table Tops,12995.2915,-327.23310000000004,-0.025180897250361798,Furniture,Tables,-27.269425000000002,0.4166666666666667
FUR-TA-10003008,"Lesro Round Back Collection Coffee Table, End Table",2847.7799999999997,-328.59,-0.11538461538461539,Furniture,Tables,-41.07375,0.75
OFF-ST-10001809,Fellowes Officeware Wire Shelving,4509.465999999999,-332.371,-0.07370517928286853,Office Supplies,Storage,-30.215545454545452,0.36363636363636365
TEC-PH-10000038,Jawbone MINI JAMBOX Wireless Bluetooth Speaker,2027.304,-339.7104,-0.16756756756756755,Technology,Phones,-67.94208,0.8
FUR-FU-10003601,"Deflect-o RollaMat Studded, Beveled Mat for Medium Pile Carpeting",1623.248,-343.0956,-0.21136363636363636,Furniture,Furnishings,-57.1826,0.6666666666666666
FUR-TA-10003469,Balt Split Level Computer Training Table,1040.625,-357.97499999999997,-0.344,Furniture,Tables,-71.595,1.0
TEC-PH-10002645,LG G2,1499.97,-374.9925,-0.25,Technology,Phones,-374.9925,1.0
FUR-TA-10002530,"Iceberg OfficeWorks 42"" Round Tables",3457.442,-392.54799999999994,-0.11353711790393012,Furniture,Tables,-56.078285714285705,0.5714285714285714
FUR-TA-10003715,Hon 2111 Invitation Series Corner Table,3140.55,-401.9904,-0.128,Furniture,Tables,-100.4976,0.75
FUR-TA-10001932,"Chromcraft 48"" x 96"" Racetrack Double Pedestal Table",5098.1759999999995,-404.00640000000004,-0.07924528301886793,Furniture,Tables,-67.3344,0.6666666666666666
OFF-BI-10000778,GBC VeloBinder Electric Binding Machine,496.018,-411.332,-0.8292682926829269,Office Supplies,Binders,-102.833,1.0
FUR-TA-10004442,Riverside Furniture Stanwyck Manor Table Series,917.9200000000001,-415.9325,-0.45312499999999994,Furniture,Tables,-138.64416666666668,1.0
FUR-BO-10001918,"Sauder Forest Hills Library with Doors, Woodland Oak Finish",1014.174,-418.548,-0.41269841269841273,Furniture,Bookcases,-139.516,1.0
OFF-SU-10000646,Premier Automatic Letter Opener,2836.366,-427.8586,-0.15084745762711865,Office Supplies,Supplies,-85.57172,0.6
TEC-MA-10001148,Okidata MB491 Multifunction Printer,2844.2999999999997,-434.13,-0.15263157894736842,Technology,Machines,-217.065,0.5
FUR-CH-10000863,Novimex Swivel Fabric Task Chair,2913.9139999999998,-445.391,-0.1528497409326425,Furniture,Chairs,-55.673875,0.75
FUR-TA-10002356,Bevis Boat-Shaped Conference Table,2542.467,-445.587,-0.17525773195876287,Furniture,Tables,-74.2645,0.6666666666666666
TEC-MA-10001148,Swingline SM12-08 MicroCut Jam Free Shredder,2359.9410000000003,-447.9888,-0.18983050847457625,Technology,Machines,-149.3296,0.6666666666666666
FUR-TA-10001539,Chromcraft Rectangular Conference Tables,4952.673,-450.243,-0.09090909090909091,Furniture,Tables,-50.027,0.5555555555555556
FUR-TA-10002228,"Bevis Traditional Conference Table Top, Plinth Base",2033.496,-456.7032,-0.2245901639344262,Furniture,Tables,-152.2344,1.0
FUR-CH-10000229,Global Enterprise Series Seating High-Back Swivel/Tilt Chairs,2032.35,-460.666,-0.22666666666666668,Furniture,Chairs,-115.1665,1.0
OFF-BI-10004584,GBC ProClick 150 Presentation Binding System,3222.996,-461.33080000000007,-0.1431372549019608,Office Supplies,Binders,-92.26616000000001,0.6
TEC-MA-10002073,"3D Systems Cube Printer, 2nd Generation, White",2339.982,-467.9964,-0.2,Technology,Machines,-233.9982,0.5
OFF-ST-10002743,SAFCO Boltless Steel Shelving,4704.696,-470.4696,-0.1,Office Supplies,Storage,-47.04696,0.5
FUR-CH-10002880,"Global High-Back Leather Tilter, Burgundy",5436.158,-474.74139999999994,-0.08733031674208143,Furniture,Chairs,-33.91009999999999,0.7142857142857143
FUR-TA-10002607,KI Conference Tables,2140.8779999999997,-479.21639999999996,-0.22384105960264902,Furniture,Tables,-59.902049999999996,0.875
FUR-CH-10003298,"Office Star - Contemporary Task Swivel chair with Loop Arms, Charcoal",3680.538,-491.175,-0.13345195729537368,Furniture,Chairs,-54.575,0.8888888888888888
FUR-CH-10003774,"Global Wood Trimmed Manager's Task Chair, Khaki",4166.884,-503.1194,-0.12074235807860262,Furniture,Chairs,-35.9371,0.8571428571428571
TEC-MA-10001681,Lexmark MarkNet N8150 Wireless Print Server,723.51,-506.457,-0.7,Technology,Machines,-253.2285,1.0
FUR-TA-10002041,"Bevis Round Conference Table Top, X-Base",2671.421,-519.941,-0.1946308724832215,Furniture,Tables,-86.65683333333334,0.8333333333333334
FUR-FU-10003806,"Tenex Chairmat w/ Average Lip, 45"" x 53""",2058.496,-529.76,-0.25735294117647056,Furniture,Furnishings,-132.44,0.5
FUR-FU-10001468,Tenex Antistatic Computer Chair Mats,3317.0119999999997,-530.038,-0.1597938144329897,Furniture,Furnishings,-88.33966666666667,0.8333333333333334
FUR-TA-10000577,Bretford CR4500 Series Slim Rectangular Table,7242.768,-532.7613,-0.07355769230769231,Furniture,Tables,-66.5951625,0.625
FUR-TA-10000849,Bevis Rectangular Conference Tables,1007.262,-586.8396,-0.582608695652174,Furniture,Tables,-146.7099,1.0
FUR-TA-10001768,Hon Racetrack Conference Tables,3963.901,-598.5228,-0.1509933774834437,Furniture,Tables,-99.7538,0.6666666666666666
FUR-TA-10003238,"Chromcraft Bull-Nose Wood 48"" x 96"" Rectangular Conference Tables",4297.644,-611.5878,-0.1423076923076923,Furniture,Tables,-101.93130000000001,0.8333333333333334
FUR-BO-10004467,Bestar Classic Bookcase,1897.8102,-612.9386999999999,-0.32297154899894626,Furniture,Bookcases,-76.61733749999999,0.5
OFF-ST-10002574,"SAFCO Commercial Wire Shelving, Black",4199.456,-635.444,-0.1513157894736842,Office Supplies,Storage,-63.544399999999996,0.7
FUR-BO-10004834,"Riverside Palais Royal Lawyers Bookcase, Royale Cherry Finish",15610.9656,-669.5448000000001,-0.042889390519187366,Furniture,Bookcases,-133.90896000000004,0.4
FUR-TA-10003954,Hon 94000 Series Round Tables,7404.5,-681.2139999999999,-0.092,Furniture,Tables,-136.2428,0.6
FUR-BO-10003272,O'Sullivan Living Dimensions 5-Shelf Bookcases,3420.7704,-755.7515999999999,-0.2209302325581395,Furniture,Bookcases,-125.95859999999999,1.0
FUR-BO-10000780,O'Sullivan Plantations 2-Door Library in Landvery Oak,2946.3668,-767.7436,-0.2605729877216917,Furniture,Bookcases,-153.54872,1.0
TEC-MA-10004679,StarTech.com 10/100 VDSL2 Ethernet Extender Kit,2330.65,-785.762,-0.33714285714285713,Technology,Machines,-196.4405,0.75
FUR-TA-10002533,BPI Conference Tables,2241.8675,-795.9725,-0.3550488599348534,Furniture,Tables,-159.1945,0.8
OFF-ST-10004459,Tennsco Single-Tier Lockers,9158.296,-825.7479999999999,-0.0901639344262295,Office Supplies,Storage,-103.21849999999999,0.375
FUR-TA-10002958,"Bevis Oval Conference Table, Walnut",6942.068,-856.0144,-0.12330827067669173,Furniture,Tables,-107.0018,0.75
OFF-AP-10002534,3.6 Cubic Foot Counter Height Office Refrigerator,2946.2,-872.0751999999999,-0.296,Office Supplies,Appliances,-174.41503999999998,0.6
TEC-MA-10001695,Zebra GK420t Direct Thermal/Thermal Transfer Printer,703.71,-938.28,-1.3333333333333333,Technology,Machines,-938.28,1.0
FUR-TA-10004256,Bretford “Just In Time” Height-Adjustable Multi-Task Work Tables,5634.9,-964.1940000000001,-0.17111111111111113,Furniture,Tables,-241.04850000000002,0.75
FUR-BO-10001972,O'Sullivan 4-Shelf Bookcase in Odessa Pine,2740.197,-975.0988,-0.355849889624724,Furniture,Bookcases,-139.29982857142858,0.7142857142857143
FUR-CH-10003312,Hon 2090 “Pillow Soft” Series Mid Back Swivel/Tilt Chairs,5282.424,-989.0496,-0.1872340425531915,Furniture,Chairs,-164.8416,1.0
TEC-MA-10002210,Epson TM-T88V Direct Thermal Printer - Monochrome - Desktop,1212.705,-1057.23,-0.8717948717948719,Technology,Machines,-528.615,1.0
FUR-TA-10004154,"Riverside Furniture Oval Coffee Table, Oval End Table, End Table with Drawer",4446.175,-1147.4,-0.25806451612903225,Furniture,Tables,-229.48000000000002,0.8
FUR-TA-10004289,BoxOffice By Design Rectangular and Half-Moon Meeting Room Tables,1706.25,-1148.4375,-0.6730769230769231,Furniture,Tables,-382.8125,1.0
FUR-TA-10001950,Balt Solid Wood Round Tables,6518.754,-1201.0581,-0.18424657534246575,Furniture,Tables,-300.264525,0.5
OFF-SU-10002881,Martin Yale Chadless Opener Electric Letter Opener,16656.2,-1299.1836,-0.078,Office Supplies,Supplies,-216.53060000000002,0.5
TEC-MA-10002412,Cisco TelePresence System EX90 Videoconferencing Unit,22638.48,-1811.0784,-0.08,Technology,Machines,-1811.0784,1.0
OFF-BI-10004995,GBC DocuBind P400 Electric Binding System,17965.068,-1878.1662000000006,-0.10454545454545458,Office Supplies,Binders,-313.0277000000001,0.5
FUR-TA-10001889,Bush Advantage Collection Racetrack Conference Table,9544.725,-1934.3976,-0.20266666666666666,Furniture,Tables,-276.3425142857143,0.8571428571428571
FUR-TA-10000198,Chromcraft Bull-Nose Wood Oval Conference Tables & Bases,9917.64,-2876.1156,-0.29000000000000004,Furniture,Tables,-575.22312,0.8
TEC-MA-10004125,Cubify CubeX 3D Printer Triple Head Print,7999.98,-3839.9904,-0.48000000000000004,Technology,Machines,-3839.9904,1.0
TEC-MA-10000822,Lexmark MX611dhe Monochrome Laser Printer,16829.901,-4589.973,-0.2727272727272727,Technology,Machines,-1147.49325,0.75
TEC-MA-10000418,Cubify CubeX 3D Printer Double Head Print,11099.963,-8879.9704,-0.8,Technology,Machines,-2959.9901333333332,0.6666666666666666
